
/src/tmp_re/Warp3D.library:     file format elf32-powerpc-amigaos


Disassembly of section .text:

00000000 <_start-0x816c>:
       0:	80 05 00 00 	lwz     r0,0(r5)
       4:	81 25 00 08 	lwz     r9,8(r5)
       8:	81 64 00 00 	lwz     r11,0(r4)
       c:	7d 40 4a 14 	add     r10,r0,r9
      10:	94 21 ff f0 	stwu    r1,-16(r1)
      14:	7f 8b 50 00 	cmpw    cr7,r11,r10
      18:	93 e1 00 0c 	stw     r31,12(r1)
      1c:	40 9d 00 14 	ble     cr7,30 <_start-0x813c>
      20:	38 60 00 00 	li      r3,0
      24:	83 e1 00 0c 	lwz     r31,12(r1)
      28:	38 21 00 10 	addi    r1,r1,16
      2c:	4e 80 00 20 	blr
      30:	80 e5 00 04 	lwz     r7,4(r5)
      34:	80 c5 00 0c 	lwz     r6,12(r5)
      38:	81 84 00 04 	lwz     r12,4(r4)
      3c:	7d 47 32 14 	add     r10,r7,r6
      40:	7f 8c 50 00 	cmpw    cr7,r12,r10
      44:	41 bd ff dc 	bgt     cr7,20 <_start-0x814c>
      48:	81 44 00 08 	lwz     r10,8(r4)
      4c:	7d 0a 5a 14 	add     r8,r10,r11
      50:	7f 80 40 00 	cmpw    cr7,r0,r8
      54:	41 bd ff cc 	bgt     cr7,20 <_start-0x814c>
      58:	81 04 00 0c 	lwz     r8,12(r4)
      5c:	7c 88 62 14 	add     r4,r8,r12
      60:	7f 87 20 00 	cmpw    cr7,r7,r4
      64:	41 bd ff bc 	bgt     cr7,20 <_start-0x814c>
      68:	7f eb 00 51 	subf.   r31,r11,r0
      6c:	7c 8c 38 50 	subf    r4,r12,r7
      70:	40 81 00 74 	ble     e4 <_start-0x8088>
      74:	2f 84 00 00 	cmpwi   cr7,r4,0
      78:	90 03 00 00 	stw     r0,0(r3)
      7c:	7d 5f 50 50 	subf    r10,r31,r10
      80:	40 9d 00 70 	ble     cr7,f0 <_start-0x807c>
      84:	90 e3 00 04 	stw     r7,4(r3)
      88:	7c e0 3b 78 	mr      r0,r7
      8c:	7d 04 40 50 	subf    r8,r4,r8
      90:	81 63 00 00 	lwz     r11,0(r3)
      94:	80 e5 00 00 	lwz     r7,0(r5)
      98:	7d 6a 5a 14 	add     r11,r10,r11
      9c:	7d 29 3a 14 	add     r9,r9,r7
      a0:	7f 8b 48 00 	cmpw    cr7,r11,r9
      a4:	40 9d 00 0c 	ble     cr7,b0 <_start-0x80bc>
      a8:	7d 4a 4a 14 	add     r10,r10,r9
      ac:	7d 4b 50 50 	subf    r10,r11,r10
      b0:	81 25 00 04 	lwz     r9,4(r5)
      b4:	7c 00 42 14 	add     r0,r0,r8
      b8:	7c c6 4a 14 	add     r6,r6,r9
      bc:	7f 80 30 00 	cmpw    cr7,r0,r6
      c0:	40 9d 00 0c 	ble     cr7,cc <_start-0x80a0>
      c4:	7d 08 32 14 	add     r8,r8,r6
      c8:	7d 00 40 50 	subf    r8,r0,r8
      cc:	91 03 00 0c 	stw     r8,12(r3)
      d0:	91 43 00 08 	stw     r10,8(r3)
      d4:	38 60 00 01 	li      r3,1
      d8:	83 e1 00 0c 	lwz     r31,12(r1)
      dc:	38 21 00 10 	addi    r1,r1,16
      e0:	4e 80 00 20 	blr
      e4:	2f 84 00 00 	cmpwi   cr7,r4,0
      e8:	91 63 00 00 	stw     r11,0(r3)
      ec:	41 9d ff 98 	bgt     cr7,84 <_start-0x80e8>
      f0:	7d 80 63 78 	mr      r0,r12
      f4:	91 83 00 04 	stw     r12,4(r3)
      f8:	4b ff ff 98 	b       90 <_start-0x80dc>
      fc:	94 21 ff f0 	stwu    r1,-16(r1)
     100:	7c 08 02 a6 	mflr    r0
     104:	93 e1 00 0c 	stw     r31,12(r1)
     108:	7c 7f 1b 79 	mr.     r31,r3
     10c:	90 01 00 14 	stw     r0,20(r1)
     110:	93 c1 00 08 	stw     r30,8(r1)
     114:	41 82 00 3c 	beq     150 <_start-0x801c>
     118:	3f c0 00 01 	lis     r30,1
     11c:	7f e4 fb 78 	mr      r4,r31
     120:	81 3e 04 e0 	lwz     r9,1248(r30)
     124:	38 a0 02 c8 	li      r5,712
     128:	80 09 02 90 	lwz     r0,656(r9)
     12c:	7d 23 4b 78 	mr      r3,r9
     130:	7c 09 03 a6 	mtctr   r0
     134:	4e 80 04 21 	bctrl
     138:	81 3e 04 e0 	lwz     r9,1248(r30)
     13c:	7f e4 fb 78 	mr      r4,r31
     140:	80 09 00 ac 	lwz     r0,172(r9)
     144:	7d 23 4b 78 	mr      r3,r9
     148:	7c 09 03 a6 	mtctr   r0
     14c:	4e 80 04 21 	bctrl
     150:	80 01 00 14 	lwz     r0,20(r1)
     154:	83 c1 00 08 	lwz     r30,8(r1)
     158:	7c 08 03 a6 	mtlr    r0
     15c:	83 e1 00 0c 	lwz     r31,12(r1)
     160:	38 21 00 10 	addi    r1,r1,16
     164:	4e 80 00 20 	blr
     168:	94 21 ff e0 	stwu    r1,-32(r1)
     16c:	7c 08 02 a6 	mflr    r0
     170:	90 01 00 24 	stw     r0,36(r1)
     174:	38 00 ff ff 	li      r0,-1
     178:	93 a1 00 14 	stw     r29,20(r1)
     17c:	90 03 00 c4 	stw     r0,196(r3)
     180:	93 e1 00 1c 	stw     r31,28(r1)
     184:	3f e0 00 01 	lis     r31,1
     188:	93 c1 00 18 	stw     r30,24(r1)
     18c:	3b ff 00 00 	addi    r31,r31,0
     190:	7c 7e 1b 78 	mr      r30,r3
     194:	83 bf 00 00 	lwz     r29,0(r31)
     198:	7f c4 f3 78 	mr      r4,r30
     19c:	38 e0 00 00 	li      r7,0
     1a0:	2f 9d ff ff 	cmpwi   cr7,r29,-1
     1a4:	41 9e 00 4c 	beq     cr7,1f0 <_start-0x7f7c>
     1a8:	81 3e 00 c0 	lwz     r9,192(r30)
     1ac:	80 bf 00 04 	lwz     r5,4(r31)
     1b0:	3b ff 00 08 	addi    r31,r31,8
     1b4:	80 09 00 98 	lwz     r0,152(r9)
     1b8:	7d 23 4b 78 	mr      r3,r9
     1bc:	80 de 00 28 	lwz     r6,40(r30)
     1c0:	7c 09 03 a6 	mtctr   r0
     1c4:	4e 80 04 21 	bctrl
     1c8:	2f 83 00 05 	cmpwi   cr7,r3,5
     1cc:	40 9e ff c8 	bne     cr7,194 <_start-0x7fd8>
     1d0:	80 1e 00 c4 	lwz     r0,196(r30)
     1d4:	7f c4 f3 78 	mr      r4,r30
     1d8:	38 e0 00 00 	li      r7,0
     1dc:	7c 1d e8 78 	andc    r29,r0,r29
     1e0:	93 be 00 c4 	stw     r29,196(r30)
     1e4:	83 bf 00 00 	lwz     r29,0(r31)
     1e8:	2f 9d ff ff 	cmpwi   cr7,r29,-1
     1ec:	40 9e ff bc 	bne     cr7,1a8 <_start-0x7fc4>
     1f0:	80 01 00 24 	lwz     r0,36(r1)
     1f4:	83 a1 00 14 	lwz     r29,20(r1)
     1f8:	7c 08 03 a6 	mtlr    r0
     1fc:	83 c1 00 18 	lwz     r30,24(r1)
     200:	83 e1 00 1c 	lwz     r31,28(r1)
     204:	38 21 00 20 	addi    r1,r1,32
     208:	4e 80 00 20 	blr
     20c:	2c 04 00 00 	cmpwi   r4,0
     210:	41 82 00 14 	beq     224 <_start-0x7f48>
     214:	80 04 00 1c 	lwz     r0,28(r4)
     218:	38 60 00 01 	li      r3,1
     21c:	7c a9 00 39 	and.    r9,r5,r0
     220:	4c 82 00 20 	bnelr
     224:	38 60 00 02 	li      r3,2
     228:	4e 80 00 20 	blr
     22c:	94 21 ff e0 	stwu    r1,-32(r1)
     230:	7d 80 00 26 	mfcr    r12
     234:	38 60 ff fe 	li      r3,-2
     238:	7c 08 02 a6 	mflr    r0
     23c:	93 e1 00 1c 	stw     r31,28(r1)
     240:	7c 9f 23 79 	mr.     r31,r4
     244:	93 a1 00 14 	stw     r29,20(r1)
     248:	7c bd 2b 78 	mr      r29,r5
     24c:	93 c1 00 18 	stw     r30,24(r1)
     250:	7c de 33 78 	mr      r30,r6
     254:	90 01 00 24 	stw     r0,36(r1)
     258:	91 81 00 10 	stw     r12,16(r1)
     25c:	41 82 00 b0 	beq     30c <_start-0x7e60>
     260:	80 1f 00 d0 	lwz     r0,208(r31)
     264:	2b 80 00 03 	cmplwi  cr7,r0,3
     268:	41 9d 00 c8 	bgt     cr7,330 <_start-0x7e3c>
     26c:	80 1f 00 c4 	lwz     r0,196(r31)
     270:	7c a9 00 39 	and.    r9,r5,r0
     274:	41 82 01 5c 	beq     3d0 <_start-0x7d9c>
     278:	2f 85 40 00 	cmpwi   cr7,r5,16384
     27c:	41 9e 01 8c 	beq     cr7,408 <_start-0x7d64>
     280:	2b 85 40 00 	cmplwi  cr7,r5,16384
     284:	40 9d 01 1c 	ble     cr7,3a0 <_start-0x7dcc>
     288:	3c 00 00 20 	lis     r0,32
     28c:	7f 85 00 00 	cmpw    cr7,r5,r0
     290:	41 9e 02 d8 	beq     cr7,568 <_start-0x7c04>
     294:	7f 85 00 40 	cmplw   cr7,r5,r0
     298:	40 9d 02 24 	ble     cr7,4bc <_start-0x7cb0>
     29c:	3c 00 01 00 	lis     r0,256
     2a0:	7f 85 00 00 	cmpw    cr7,r5,r0
     2a4:	41 9e 01 64 	beq     cr7,408 <_start-0x7d64>
     2a8:	7f 85 00 40 	cmplw   cr7,r5,r0
     2ac:	41 9d 04 78 	bgt     cr7,724 <_start-0x7a48>
     2b0:	3c 00 00 40 	lis     r0,64
     2b4:	7f 85 00 00 	cmpw    cr7,r5,r0
     2b8:	41 9e 02 f4 	beq     cr7,5ac <_start-0x7bc0>
     2bc:	3c 00 00 80 	lis     r0,128
     2c0:	7f 85 00 00 	cmpw    cr7,r5,r0
     2c4:	40 be 01 0c 	bne     cr7,3d0 <_start-0x7d9c>
     2c8:	81 3f 00 c0 	lwz     r9,192(r31)
     2cc:	7f e4 fb 78 	mr      r4,r31
     2d0:	38 a0 00 19 	li      r5,25
     2d4:	38 c0 00 00 	li      r6,0
     2d8:	38 e0 00 00 	li      r7,0
     2dc:	80 09 00 98 	lwz     r0,152(r9)
     2e0:	7d 23 4b 78 	mr      r3,r9
     2e4:	7c 09 03 a6 	mtctr   r0
     2e8:	4e 80 04 21 	bctrl
     2ec:	2f 9e 00 01 	cmpwi   cr7,r30,1
     2f0:	41 9e 06 f0 	beq     cr7,9e0 <_start-0x778c>
     2f4:	2f 9e 00 02 	cmpwi   cr7,r30,2
     2f8:	40 be 00 d8 	bne     cr7,3d0 <_start-0x7d9c>
     2fc:	80 1f 00 1c 	lwz     r0,28(r31)
     300:	38 60 00 00 	li      r3,0
     304:	54 00 02 4e 	rlwinm  r0,r0,0,9,7
     308:	90 1f 00 1c 	stw     r0,28(r31)
     30c:	80 01 00 24 	lwz     r0,36(r1)
     310:	81 81 00 10 	lwz     r12,16(r1)
     314:	7c 08 03 a6 	mtlr    r0
     318:	83 a1 00 14 	lwz     r29,20(r1)
     31c:	83 c1 00 18 	lwz     r30,24(r1)
     320:	7d 80 81 20 	mtcrf   8,r12
     324:	83 e1 00 1c 	lwz     r31,28(r1)
     328:	38 21 00 20 	addi    r1,r1,32
     32c:	4e 80 00 20 	blr
     330:	2f 85 00 08 	cmpwi   cr7,r5,8
     334:	41 9e 00 9c 	beq     cr7,3d0 <_start-0x7d9c>
     338:	2b 85 00 08 	cmplwi  cr7,r5,8
     33c:	41 9d 00 bc 	bgt     cr7,3f8 <_start-0x7d74>
     340:	2f 85 00 02 	cmpwi   cr7,r5,2
     344:	41 9e 00 c4 	beq     cr7,408 <_start-0x7d64>
     348:	2f 85 00 04 	cmpwi   cr7,r5,4
     34c:	41 9e 00 bc 	beq     cr7,408 <_start-0x7d64>
     350:	2e 1e 00 01 	cmpwi   cr4,r30,1
     354:	41 92 02 00 	beq     cr4,554 <_start-0x7c18>
     358:	80 1f 00 1c 	lwz     r0,28(r31)
     35c:	7f a9 00 39 	and.    r9,r29,r0
     360:	41 82 00 ec 	beq     44c <_start-0x7d20>
     364:	81 3f 00 c0 	lwz     r9,192(r31)
     368:	7f c6 f3 78 	mr      r6,r30
     36c:	7f e4 fb 78 	mr      r4,r31
     370:	7f a5 eb 78 	mr      r5,r29
     374:	80 09 01 64 	lwz     r0,356(r9)
     378:	7d 23 4b 78 	mr      r3,r9
     37c:	7c 09 03 a6 	mtctr   r0
     380:	4e 80 04 21 	bctrl
     384:	2c 03 00 00 	cmpwi   r3,0
     388:	40 a2 ff 84 	bne     30c <_start-0x7e60>
     38c:	41 92 01 a4 	beq     cr4,530 <_start-0x7c3c>
     390:	80 1f 00 1c 	lwz     r0,28(r31)
     394:	7c 1d e8 78 	andc    r29,r0,r29
     398:	93 bf 00 1c 	stw     r29,28(r31)
     39c:	4b ff ff 70 	b       30c <_start-0x7e60>
     3a0:	2f 85 00 40 	cmpwi   cr7,r5,64
     3a4:	41 9e 00 64 	beq     cr7,408 <_start-0x7d64>
     3a8:	2b 85 00 40 	cmplwi  cr7,r5,64
     3ac:	41 9d 00 a8 	bgt     cr7,454 <_start-0x7d18>
     3b0:	2f 85 00 08 	cmpwi   cr7,r5,8
     3b4:	41 9e 00 90 	beq     cr7,444 <_start-0x7d28>
     3b8:	2b 85 00 08 	cmplwi  cr7,r5,8
     3bc:	41 9d 03 50 	bgt     cr7,70c <_start-0x7a60>
     3c0:	2f 85 00 02 	cmpwi   cr7,r5,2
     3c4:	41 9e 00 44 	beq     cr7,408 <_start-0x7d64>
     3c8:	2f 85 00 04 	cmpwi   cr7,r5,4
     3cc:	41 9e 00 3c 	beq     cr7,408 <_start-0x7d64>
     3d0:	38 60 ff ef 	li      r3,-17
     3d4:	80 01 00 24 	lwz     r0,36(r1)
     3d8:	81 81 00 10 	lwz     r12,16(r1)
     3dc:	7c 08 03 a6 	mtlr    r0
     3e0:	83 a1 00 14 	lwz     r29,20(r1)
     3e4:	83 c1 00 18 	lwz     r30,24(r1)
     3e8:	7d 80 81 20 	mtcrf   8,r12
     3ec:	83 e1 00 1c 	lwz     r31,28(r1)
     3f0:	38 21 00 20 	addi    r1,r1,32
     3f4:	4e 80 00 20 	blr
     3f8:	2f 85 00 20 	cmpwi   cr7,r5,32
     3fc:	41 9e 00 0c 	beq     cr7,408 <_start-0x7d64>
     400:	2f 85 00 40 	cmpwi   cr7,r5,64
     404:	40 9e ff 4c 	bne     cr7,350 <_start-0x7e1c>
     408:	2f 9e 00 01 	cmpwi   cr7,r30,1
     40c:	41 9e 01 34 	beq     cr7,540 <_start-0x7c2c>
     410:	80 1f 00 1c 	lwz     r0,28(r31)
     414:	38 60 00 00 	li      r3,0
     418:	81 81 00 10 	lwz     r12,16(r1)
     41c:	7c 1d e8 78 	andc    r29,r0,r29
     420:	80 01 00 24 	lwz     r0,36(r1)
     424:	93 bf 00 1c 	stw     r29,28(r31)
     428:	7d 80 81 20 	mtcrf   8,r12
     42c:	7c 08 03 a6 	mtlr    r0
     430:	83 a1 00 14 	lwz     r29,20(r1)
     434:	83 c1 00 18 	lwz     r30,24(r1)
     438:	83 e1 00 1c 	lwz     r31,28(r1)
     43c:	38 21 00 20 	addi    r1,r1,32
     440:	4e 80 00 20 	blr
     444:	2f 86 00 01 	cmpwi   cr7,r6,1
     448:	41 be ff 88 	beq     cr7,3d0 <_start-0x7d9c>
     44c:	38 60 00 00 	li      r3,0
     450:	4b ff fe bc 	b       30c <_start-0x7e60>
     454:	2f 85 04 00 	cmpwi   cr7,r5,1024
     458:	41 9e 02 2c 	beq     cr7,684 <_start-0x7ae8>
     45c:	2b 85 04 00 	cmplwi  cr7,r5,1024
     460:	41 9d 03 80 	bgt     cr7,7e0 <_start-0x798c>
     464:	2f 85 01 00 	cmpwi   cr7,r5,256
     468:	41 9e 01 8c 	beq     cr7,5f4 <_start-0x7b78>
     46c:	2f 85 02 00 	cmpwi   cr7,r5,512
     470:	40 9e ff 60 	bne     cr7,3d0 <_start-0x7d9c>
     474:	81 3f 00 c0 	lwz     r9,192(r31)
     478:	7f e4 fb 78 	mr      r4,r31
     47c:	38 a0 00 11 	li      r5,17
     480:	38 c0 00 00 	li      r6,0
     484:	38 e0 00 00 	li      r7,0
     488:	80 09 00 98 	lwz     r0,152(r9)
     48c:	7d 23 4b 78 	mr      r3,r9
     490:	7c 09 03 a6 	mtctr   r0
     494:	4e 80 04 21 	bctrl
     498:	2f 9e 00 01 	cmpwi   cr7,r30,1
     49c:	41 9e 05 30 	beq     cr7,9cc <_start-0x77a0>
     4a0:	2f 9e 00 02 	cmpwi   cr7,r30,2
     4a4:	40 9e ff 2c 	bne     cr7,3d0 <_start-0x7d9c>
     4a8:	80 1f 00 1c 	lwz     r0,28(r31)
     4ac:	38 60 00 00 	li      r3,0
     4b0:	54 00 05 ea 	rlwinm  r0,r0,0,23,21
     4b4:	90 1f 00 1c 	stw     r0,28(r31)
     4b8:	4b ff fe 54 	b       30c <_start-0x7e60>
     4bc:	3c 00 00 02 	lis     r0,2
     4c0:	7f 85 00 00 	cmpw    cr7,r5,r0
     4c4:	41 9e 02 04 	beq     cr7,6c8 <_start-0x7aa4>
     4c8:	7f 85 00 40 	cmplw   cr7,r5,r0
     4cc:	41 9d 04 04 	bgt     cr7,8d0 <_start-0x789c>
     4d0:	6c a0 ff ff 	xoris   r0,r5,65535
     4d4:	2f 80 80 00 	cmpwi   cr7,r0,-32768
     4d8:	41 9e 01 64 	beq     cr7,63c <_start-0x7b30>
     4dc:	3c 00 00 01 	lis     r0,1
     4e0:	7f 85 00 00 	cmpw    cr7,r5,r0
     4e4:	40 9e fe ec 	bne     cr7,3d0 <_start-0x7d9c>
     4e8:	81 3f 00 c0 	lwz     r9,192(r31)
     4ec:	7f e4 fb 78 	mr      r4,r31
     4f0:	38 a0 00 53 	li      r5,83
     4f4:	38 c0 00 00 	li      r6,0
     4f8:	38 e0 00 00 	li      r7,0
     4fc:	80 09 00 98 	lwz     r0,152(r9)
     500:	7d 23 4b 78 	mr      r3,r9
     504:	7c 09 03 a6 	mtctr   r0
     508:	4e 80 04 21 	bctrl
     50c:	2f 9e 00 01 	cmpwi   cr7,r30,1
     510:	41 9e 05 70 	beq     cr7,a80 <_start-0x76ec>
     514:	2f 9e 00 02 	cmpwi   cr7,r30,2
     518:	40 9e fe b8 	bne     cr7,3d0 <_start-0x7d9c>
     51c:	80 1f 00 1c 	lwz     r0,28(r31)
     520:	38 60 00 00 	li      r3,0
     524:	54 00 04 1c 	rlwinm  r0,r0,0,16,14
     528:	90 1f 00 1c 	stw     r0,28(r31)
     52c:	4b ff fd e0 	b       30c <_start-0x7e60>
     530:	80 1f 00 1c 	lwz     r0,28(r31)
     534:	7c 1d eb 78 	or      r29,r0,r29
     538:	93 bf 00 1c 	stw     r29,28(r31)
     53c:	4b ff fd d0 	b       30c <_start-0x7e60>
     540:	80 1f 00 1c 	lwz     r0,28(r31)
     544:	38 60 00 00 	li      r3,0
     548:	7c 1d eb 78 	or      r29,r0,r29
     54c:	93 bf 00 1c 	stw     r29,28(r31)
     550:	4b ff fd bc 	b       30c <_start-0x7e60>
     554:	80 1f 00 1c 	lwz     r0,28(r31)
     558:	7f a9 00 39 	and.    r9,r29,r0
     55c:	41 82 fe 08 	beq     364 <_start-0x7e08>
     560:	38 60 00 00 	li      r3,0
     564:	4b ff fd a8 	b       30c <_start-0x7e60>
     568:	81 3f 00 c0 	lwz     r9,192(r31)
     56c:	38 a0 00 8d 	li      r5,141
     570:	38 c0 00 00 	li      r6,0
     574:	38 e0 00 00 	li      r7,0
     578:	80 09 00 98 	lwz     r0,152(r9)
     57c:	7d 23 4b 78 	mr      r3,r9
     580:	7c 09 03 a6 	mtctr   r0
     584:	4e 80 04 21 	bctrl
     588:	2f 9e 00 01 	cmpwi   cr7,r30,1
     58c:	41 9e 04 7c 	beq     cr7,a08 <_start-0x7764>
     590:	2f 9e 00 02 	cmpwi   cr7,r30,2
     594:	40 9e fe 3c 	bne     cr7,3d0 <_start-0x7d9c>
     598:	80 1f 00 1c 	lwz     r0,28(r31)
     59c:	38 60 00 00 	li      r3,0
     5a0:	54 00 02 d2 	rlwinm  r0,r0,0,11,9
     5a4:	90 1f 00 1c 	stw     r0,28(r31)
     5a8:	4b ff fd 64 	b       30c <_start-0x7e60>
     5ac:	81 3f 00 c0 	lwz     r9,192(r31)
     5b0:	7f e4 fb 78 	mr      r4,r31
     5b4:	38 a0 00 33 	li      r5,51
     5b8:	38 c0 00 00 	li      r6,0
     5bc:	38 e0 00 00 	li      r7,0
     5c0:	80 09 00 98 	lwz     r0,152(r9)
     5c4:	7d 23 4b 78 	mr      r3,r9
     5c8:	7c 09 03 a6 	mtctr   r0
     5cc:	4e 80 04 21 	bctrl
     5d0:	2f 9e 00 01 	cmpwi   cr7,r30,1
     5d4:	41 9e 05 24 	beq     cr7,af8 <_start-0x7674>
     5d8:	2f 9e 00 02 	cmpwi   cr7,r30,2
     5dc:	40 9e fd f4 	bne     cr7,3d0 <_start-0x7d9c>
     5e0:	80 1f 00 1c 	lwz     r0,28(r31)
     5e4:	38 60 00 00 	li      r3,0
     5e8:	54 00 02 90 	rlwinm  r0,r0,0,10,8
     5ec:	90 1f 00 1c 	stw     r0,28(r31)
     5f0:	4b ff fd 1c 	b       30c <_start-0x7e60>
     5f4:	81 3f 00 c0 	lwz     r9,192(r31)
     5f8:	7f e4 fb 78 	mr      r4,r31
     5fc:	38 a0 00 0b 	li      r5,11
     600:	38 c0 00 00 	li      r6,0
     604:	38 e0 00 00 	li      r7,0
     608:	80 09 00 98 	lwz     r0,152(r9)
     60c:	7d 23 4b 78 	mr      r3,r9
     610:	7c 09 03 a6 	mtctr   r0
     614:	4e 80 04 21 	bctrl
     618:	2f 9e 00 01 	cmpwi   cr7,r30,1
     61c:	41 9e 04 78 	beq     cr7,a94 <_start-0x76d8>
     620:	2f 9e 00 02 	cmpwi   cr7,r30,2
     624:	40 9e fd ac 	bne     cr7,3d0 <_start-0x7d9c>
     628:	80 1f 00 1c 	lwz     r0,28(r31)
     62c:	38 60 00 00 	li      r3,0
     630:	54 00 06 2c 	rlwinm  r0,r0,0,24,22
     634:	90 1f 00 1c 	stw     r0,28(r31)
     638:	4b ff fc d4 	b       30c <_start-0x7e60>
     63c:	81 3f 00 c0 	lwz     r9,192(r31)
     640:	7f e4 fb 78 	mr      r4,r31
     644:	38 a0 00 52 	li      r5,82
     648:	38 c0 00 00 	li      r6,0
     64c:	38 e0 00 00 	li      r7,0
     650:	80 09 00 98 	lwz     r0,152(r9)
     654:	7d 23 4b 78 	mr      r3,r9
     658:	7c 09 03 a6 	mtctr   r0
     65c:	4e 80 04 21 	bctrl
     660:	2f 9e 00 01 	cmpwi   cr7,r30,1
     664:	41 9e 04 6c 	beq     cr7,ad0 <_start-0x769c>
     668:	2f 9e 00 02 	cmpwi   cr7,r30,2
     66c:	40 9e fd 64 	bne     cr7,3d0 <_start-0x7d9c>
     670:	80 1f 00 1c 	lwz     r0,28(r31)
     674:	38 60 00 00 	li      r3,0
     678:	54 00 04 5e 	rlwinm  r0,r0,0,17,15
     67c:	90 1f 00 1c 	stw     r0,28(r31)
     680:	4b ff fc 8c 	b       30c <_start-0x7e60>
     684:	81 3f 00 c0 	lwz     r9,192(r31)
     688:	38 a0 00 20 	li      r5,32
     68c:	38 c0 00 00 	li      r6,0
     690:	38 e0 00 00 	li      r7,0
     694:	80 09 00 98 	lwz     r0,152(r9)
     698:	7d 23 4b 78 	mr      r3,r9
     69c:	7c 09 03 a6 	mtctr   r0
     6a0:	4e 80 04 21 	bctrl
     6a4:	2f 9e 00 01 	cmpwi   cr7,r30,1
     6a8:	41 9e 04 00 	beq     cr7,aa8 <_start-0x76c4>
     6ac:	2f 9e 00 02 	cmpwi   cr7,r30,2
     6b0:	40 9e fd 20 	bne     cr7,3d0 <_start-0x7d9c>
     6b4:	80 1f 00 1c 	lwz     r0,28(r31)
     6b8:	38 60 00 00 	li      r3,0
     6bc:	54 00 05 a8 	rlwinm  r0,r0,0,22,20
     6c0:	90 1f 00 1c 	stw     r0,28(r31)
     6c4:	4b ff fc 48 	b       30c <_start-0x7e60>
     6c8:	81 3f 00 c0 	lwz     r9,192(r31)
     6cc:	38 a0 00 54 	li      r5,84
     6d0:	38 c0 00 00 	li      r6,0
     6d4:	38 e0 00 00 	li      r7,0
     6d8:	80 09 00 98 	lwz     r0,152(r9)
     6dc:	7d 23 4b 78 	mr      r3,r9
     6e0:	7c 09 03 a6 	mtctr   r0
     6e4:	4e 80 04 21 	bctrl
     6e8:	2f 9e 00 01 	cmpwi   cr7,r30,1
     6ec:	41 9e 03 08 	beq     cr7,9f4 <_start-0x7778>
     6f0:	2f 9e 00 02 	cmpwi   cr7,r30,2
     6f4:	40 9e fc dc 	bne     cr7,3d0 <_start-0x7d9c>
     6f8:	80 1f 00 1c 	lwz     r0,28(r31)
     6fc:	38 60 00 00 	li      r3,0
     700:	54 00 03 da 	rlwinm  r0,r0,0,15,13
     704:	90 1f 00 1c 	stw     r0,28(r31)
     708:	4b ff fc 04 	b       30c <_start-0x7e60>
     70c:	2f 85 00 10 	cmpwi   cr7,r5,16
     710:	41 be fc f8 	beq     cr7,408 <_start-0x7d64>
     714:	2f 85 00 20 	cmpwi   cr7,r5,32
     718:	41 be fc f0 	beq     cr7,408 <_start-0x7d64>
     71c:	38 60 ff ef 	li      r3,-17
     720:	4b ff fc b4 	b       3d4 <_start-0x7d98>
     724:	3c 00 04 00 	lis     r0,1024
     728:	7f 85 00 00 	cmpw    cr7,r5,r0
     72c:	41 9e 00 24 	beq     cr7,750 <_start-0x7a1c>
     730:	3c 00 08 00 	lis     r0,2048
     734:	7f 85 00 00 	cmpw    cr7,r5,r0
     738:	41 9e 00 60 	beq     cr7,798 <_start-0x79d4>
     73c:	3c 00 02 00 	lis     r0,512
     740:	7f 85 00 00 	cmpw    cr7,r5,r0
     744:	41 be fc c4 	beq     cr7,408 <_start-0x7d64>
     748:	38 60 ff ef 	li      r3,-17
     74c:	4b ff fc 88 	b       3d4 <_start-0x7d98>
     750:	81 3f 00 c0 	lwz     r9,192(r31)
     754:	7f e4 fb 78 	mr      r4,r31
     758:	38 a0 00 1c 	li      r5,28
     75c:	38 c0 00 00 	li      r6,0
     760:	38 e0 00 00 	li      r7,0
     764:	80 09 00 98 	lwz     r0,152(r9)
     768:	7d 23 4b 78 	mr      r3,r9
     76c:	7c 09 03 a6 	mtctr   r0
     770:	4e 80 04 21 	bctrl
     774:	2f 9e 00 01 	cmpwi   cr7,r30,1
     778:	41 9e 02 a4 	beq     cr7,a1c <_start-0x7750>
     77c:	2f 9e 00 02 	cmpwi   cr7,r30,2
     780:	40 9e fc 50 	bne     cr7,3d0 <_start-0x7d9c>
     784:	80 1f 00 1c 	lwz     r0,28(r31)
     788:	38 60 00 00 	li      r3,0
     78c:	54 00 01 88 	rlwinm  r0,r0,0,6,4
     790:	90 1f 00 1c 	stw     r0,28(r31)
     794:	4b ff fb 78 	b       30c <_start-0x7e60>
     798:	81 3f 00 c0 	lwz     r9,192(r31)
     79c:	7f e4 fb 78 	mr      r4,r31
     7a0:	38 a0 00 a2 	li      r5,162
     7a4:	38 c0 00 00 	li      r6,0
     7a8:	38 e0 00 00 	li      r7,0
     7ac:	80 09 00 98 	lwz     r0,152(r9)
     7b0:	7d 23 4b 78 	mr      r3,r9
     7b4:	7c 09 03 a6 	mtctr   r0
     7b8:	4e 80 04 21 	bctrl
     7bc:	2f 9e 00 01 	cmpwi   cr7,r30,1
     7c0:	41 9e 03 24 	beq     cr7,ae4 <_start-0x7688>
     7c4:	2f 9e 00 02 	cmpwi   cr7,r30,2
     7c8:	40 9e fc 08 	bne     cr7,3d0 <_start-0x7d9c>
     7cc:	80 1f 00 1c 	lwz     r0,28(r31)
     7d0:	38 60 00 00 	li      r3,0
     7d4:	54 00 01 46 	rlwinm  r0,r0,0,5,3
     7d8:	90 1f 00 1c 	stw     r0,28(r31)
     7dc:	4b ff fb 30 	b       30c <_start-0x7e60>
     7e0:	2f 85 10 00 	cmpwi   cr7,r5,4096
     7e4:	41 9e 00 5c 	beq     cr7,840 <_start-0x792c>
     7e8:	2f 85 20 00 	cmpwi   cr7,r5,8192
     7ec:	41 9e 00 9c 	beq     cr7,888 <_start-0x78e4>
     7f0:	2f 85 08 00 	cmpwi   cr7,r5,2048
     7f4:	40 9e fb dc 	bne     cr7,3d0 <_start-0x7d9c>
     7f8:	81 3f 00 c0 	lwz     r9,192(r31)
     7fc:	7f e4 fb 78 	mr      r4,r31
     800:	38 a0 00 29 	li      r5,41
     804:	38 c0 00 00 	li      r6,0
     808:	38 e0 00 00 	li      r7,0
     80c:	80 09 00 98 	lwz     r0,152(r9)
     810:	7d 23 4b 78 	mr      r3,r9
     814:	7c 09 03 a6 	mtctr   r0
     818:	4e 80 04 21 	bctrl
     81c:	2f 9e 00 01 	cmpwi   cr7,r30,1
     820:	41 9e 02 10 	beq     cr7,a30 <_start-0x773c>
     824:	2f 9e 00 02 	cmpwi   cr7,r30,2
     828:	40 9e fb a8 	bne     cr7,3d0 <_start-0x7d9c>
     82c:	80 1f 00 1c 	lwz     r0,28(r31)
     830:	38 60 00 00 	li      r3,0
     834:	54 00 05 66 	rlwinm  r0,r0,0,21,19
     838:	90 1f 00 1c 	stw     r0,28(r31)
     83c:	4b ff fa d0 	b       30c <_start-0x7e60>
     840:	81 3f 00 c0 	lwz     r9,192(r31)
     844:	7f e4 fb 78 	mr      r4,r31
     848:	38 a0 00 2a 	li      r5,42
     84c:	38 c0 00 00 	li      r6,0
     850:	38 e0 00 00 	li      r7,0
     854:	80 09 00 98 	lwz     r0,152(r9)
     858:	7d 23 4b 78 	mr      r3,r9
     85c:	7c 09 03 a6 	mtctr   r0
     860:	4e 80 04 21 	bctrl
     864:	2f 9e 00 01 	cmpwi   cr7,r30,1
     868:	41 9e 01 dc 	beq     cr7,a44 <_start-0x7728>
     86c:	2f 9e 00 02 	cmpwi   cr7,r30,2
     870:	40 9e fb 60 	bne     cr7,3d0 <_start-0x7d9c>
     874:	80 1f 00 1c 	lwz     r0,28(r31)
     878:	38 60 00 00 	li      r3,0
     87c:	54 00 05 24 	rlwinm  r0,r0,0,20,18
     880:	90 1f 00 1c 	stw     r0,28(r31)
     884:	4b ff fa 88 	b       30c <_start-0x7e60>
     888:	81 3f 00 c0 	lwz     r9,192(r31)
     88c:	7f e4 fb 78 	mr      r4,r31
     890:	38 a0 00 3d 	li      r5,61
     894:	38 c0 00 00 	li      r6,0
     898:	38 e0 00 00 	li      r7,0
     89c:	80 09 00 98 	lwz     r0,152(r9)
     8a0:	7d 23 4b 78 	mr      r3,r9
     8a4:	7c 09 03 a6 	mtctr   r0
     8a8:	4e 80 04 21 	bctrl
     8ac:	2f 9e 00 01 	cmpwi   cr7,r30,1
     8b0:	41 9e 02 0c 	beq     cr7,abc <_start-0x76b0>
     8b4:	2f 9e 00 02 	cmpwi   cr7,r30,2
     8b8:	40 9e fb 18 	bne     cr7,3d0 <_start-0x7d9c>
     8bc:	80 1f 00 1c 	lwz     r0,28(r31)
     8c0:	38 60 00 00 	li      r3,0
     8c4:	54 00 04 e2 	rlwinm  r0,r0,0,19,17
     8c8:	90 1f 00 1c 	stw     r0,28(r31)
     8cc:	4b ff fa 40 	b       30c <_start-0x7e60>
     8d0:	3c 00 00 08 	lis     r0,8
     8d4:	7f 85 00 00 	cmpw    cr7,r5,r0
     8d8:	41 9e 00 64 	beq     cr7,93c <_start-0x7830>
     8dc:	3c 00 00 10 	lis     r0,16
     8e0:	7f 85 00 00 	cmpw    cr7,r5,r0
     8e4:	41 9e 00 a0 	beq     cr7,984 <_start-0x77e8>
     8e8:	3c 00 00 04 	lis     r0,4
     8ec:	7f 85 00 00 	cmpw    cr7,r5,r0
     8f0:	40 9e fa e0 	bne     cr7,3d0 <_start-0x7d9c>
     8f4:	81 3f 00 c0 	lwz     r9,192(r31)
     8f8:	7f e4 fb 78 	mr      r4,r31
     8fc:	38 a0 00 55 	li      r5,85
     900:	38 c0 00 00 	li      r6,0
     904:	38 e0 00 00 	li      r7,0
     908:	80 09 00 98 	lwz     r0,152(r9)
     90c:	7d 23 4b 78 	mr      r3,r9
     910:	7c 09 03 a6 	mtctr   r0
     914:	4e 80 04 21 	bctrl
     918:	2f 9e 00 01 	cmpwi   cr7,r30,1
     91c:	41 9e 01 3c 	beq     cr7,a58 <_start-0x7714>
     920:	2f 9e 00 02 	cmpwi   cr7,r30,2
     924:	40 9e fa ac 	bne     cr7,3d0 <_start-0x7d9c>
     928:	80 1f 00 1c 	lwz     r0,28(r31)
     92c:	38 60 00 00 	li      r3,0
     930:	54 00 03 98 	rlwinm  r0,r0,0,14,12
     934:	90 1f 00 1c 	stw     r0,28(r31)
     938:	4b ff f9 d4 	b       30c <_start-0x7e60>
     93c:	81 3f 00 c0 	lwz     r9,192(r31)
     940:	7f e4 fb 78 	mr      r4,r31
     944:	38 a0 00 5b 	li      r5,91
     948:	38 c0 00 00 	li      r6,0
     94c:	38 e0 00 00 	li      r7,0
     950:	80 09 00 98 	lwz     r0,152(r9)
     954:	7d 23 4b 78 	mr      r3,r9
     958:	7c 09 03 a6 	mtctr   r0
     95c:	4e 80 04 21 	bctrl
     960:	2f 9e 00 01 	cmpwi   cr7,r30,1
     964:	41 9e 01 08 	beq     cr7,a6c <_start-0x7700>
     968:	2f 9e 00 02 	cmpwi   cr7,r30,2
     96c:	40 9e fa 64 	bne     cr7,3d0 <_start-0x7d9c>
     970:	80 1f 00 1c 	lwz     r0,28(r31)
     974:	38 60 00 00 	li      r3,0
     978:	54 00 03 56 	rlwinm  r0,r0,0,13,11
     97c:	90 1f 00 1c 	stw     r0,28(r31)
     980:	4b ff f9 8c 	b       30c <_start-0x7e60>
     984:	81 3f 00 c0 	lwz     r9,192(r31)
     988:	7f e4 fb 78 	mr      r4,r31
     98c:	38 a0 00 79 	li      r5,121
     990:	38 c0 00 00 	li      r6,0
     994:	38 e0 00 00 	li      r7,0
     998:	80 09 00 98 	lwz     r0,152(r9)
     99c:	7d 23 4b 78 	mr      r3,r9
     9a0:	7c 09 03 a6 	mtctr   r0
     9a4:	4e 80 04 21 	bctrl
     9a8:	2f 9e 00 01 	cmpwi   cr7,r30,1
     9ac:	41 9e 01 60 	beq     cr7,b0c <_start-0x7660>
     9b0:	2f 9e 00 02 	cmpwi   cr7,r30,2
     9b4:	40 9e fa 1c 	bne     cr7,3d0 <_start-0x7d9c>
     9b8:	80 1f 00 1c 	lwz     r0,28(r31)
     9bc:	38 60 00 00 	li      r3,0
     9c0:	54 00 03 14 	rlwinm  r0,r0,0,12,10
     9c4:	90 1f 00 1c 	stw     r0,28(r31)
     9c8:	4b ff f9 44 	b       30c <_start-0x7e60>
     9cc:	80 1f 00 1c 	lwz     r0,28(r31)
     9d0:	38 60 00 00 	li      r3,0
     9d4:	60 00 02 00 	ori     r0,r0,512
     9d8:	90 1f 00 1c 	stw     r0,28(r31)
     9dc:	4b ff f9 30 	b       30c <_start-0x7e60>
     9e0:	80 1f 00 1c 	lwz     r0,28(r31)
     9e4:	38 60 00 00 	li      r3,0
     9e8:	64 00 00 80 	oris    r0,r0,128
     9ec:	90 1f 00 1c 	stw     r0,28(r31)
     9f0:	4b ff f9 1c 	b       30c <_start-0x7e60>
     9f4:	80 1f 00 1c 	lwz     r0,28(r31)
     9f8:	38 60 00 00 	li      r3,0
     9fc:	64 00 00 02 	oris    r0,r0,2
     a00:	90 1f 00 1c 	stw     r0,28(r31)
     a04:	4b ff f9 08 	b       30c <_start-0x7e60>
     a08:	80 1f 00 1c 	lwz     r0,28(r31)
     a0c:	38 60 00 00 	li      r3,0
     a10:	64 00 00 20 	oris    r0,r0,32
     a14:	90 1f 00 1c 	stw     r0,28(r31)
     a18:	4b ff f8 f4 	b       30c <_start-0x7e60>
     a1c:	80 1f 00 1c 	lwz     r0,28(r31)
     a20:	38 60 00 00 	li      r3,0
     a24:	64 00 04 00 	oris    r0,r0,1024
     a28:	90 1f 00 1c 	stw     r0,28(r31)
     a2c:	4b ff f8 e0 	b       30c <_start-0x7e60>
     a30:	80 1f 00 1c 	lwz     r0,28(r31)
     a34:	38 60 00 00 	li      r3,0
     a38:	60 00 08 00 	ori     r0,r0,2048
     a3c:	90 1f 00 1c 	stw     r0,28(r31)
     a40:	4b ff f8 cc 	b       30c <_start-0x7e60>
     a44:	80 1f 00 1c 	lwz     r0,28(r31)
     a48:	38 60 00 00 	li      r3,0
     a4c:	60 00 10 00 	ori     r0,r0,4096
     a50:	90 1f 00 1c 	stw     r0,28(r31)
     a54:	4b ff f8 b8 	b       30c <_start-0x7e60>
     a58:	80 1f 00 1c 	lwz     r0,28(r31)
     a5c:	38 60 00 00 	li      r3,0
     a60:	64 00 00 04 	oris    r0,r0,4
     a64:	90 1f 00 1c 	stw     r0,28(r31)
     a68:	4b ff f8 a4 	b       30c <_start-0x7e60>
     a6c:	80 1f 00 1c 	lwz     r0,28(r31)
     a70:	38 60 00 00 	li      r3,0
     a74:	64 00 00 08 	oris    r0,r0,8
     a78:	90 1f 00 1c 	stw     r0,28(r31)
     a7c:	4b ff f8 90 	b       30c <_start-0x7e60>
     a80:	80 1f 00 1c 	lwz     r0,28(r31)
     a84:	38 60 00 00 	li      r3,0
     a88:	64 00 00 01 	oris    r0,r0,1
     a8c:	90 1f 00 1c 	stw     r0,28(r31)
     a90:	4b ff f8 7c 	b       30c <_start-0x7e60>
     a94:	80 1f 00 1c 	lwz     r0,28(r31)
     a98:	38 60 00 00 	li      r3,0
     a9c:	60 00 01 00 	ori     r0,r0,256
     aa0:	90 1f 00 1c 	stw     r0,28(r31)
     aa4:	4b ff f8 68 	b       30c <_start-0x7e60>
     aa8:	80 1f 00 1c 	lwz     r0,28(r31)
     aac:	38 60 00 00 	li      r3,0
     ab0:	60 00 04 00 	ori     r0,r0,1024
     ab4:	90 1f 00 1c 	stw     r0,28(r31)
     ab8:	4b ff f8 54 	b       30c <_start-0x7e60>
     abc:	80 1f 00 1c 	lwz     r0,28(r31)
     ac0:	38 60 00 00 	li      r3,0
     ac4:	60 00 20 00 	ori     r0,r0,8192
     ac8:	90 1f 00 1c 	stw     r0,28(r31)
     acc:	4b ff f8 40 	b       30c <_start-0x7e60>
     ad0:	80 1f 00 1c 	lwz     r0,28(r31)
     ad4:	38 60 00 00 	li      r3,0
     ad8:	60 00 80 00 	ori     r0,r0,32768
     adc:	90 1f 00 1c 	stw     r0,28(r31)
     ae0:	4b ff f8 2c 	b       30c <_start-0x7e60>
     ae4:	80 1f 00 1c 	lwz     r0,28(r31)
     ae8:	38 60 00 00 	li      r3,0
     aec:	64 00 08 00 	oris    r0,r0,2048
     af0:	90 1f 00 1c 	stw     r0,28(r31)
     af4:	4b ff f8 18 	b       30c <_start-0x7e60>
     af8:	80 1f 00 1c 	lwz     r0,28(r31)
     afc:	38 60 00 00 	li      r3,0
     b00:	64 00 00 40 	oris    r0,r0,64
     b04:	90 1f 00 1c 	stw     r0,28(r31)
     b08:	4b ff f8 04 	b       30c <_start-0x7e60>
     b0c:	80 1f 00 1c 	lwz     r0,28(r31)
     b10:	38 60 00 00 	li      r3,0
     b14:	64 00 00 10 	oris    r0,r0,16
     b18:	90 1f 00 1c 	stw     r0,28(r31)
     b1c:	4b ff f7 f0 	b       30c <_start-0x7e60>
     b20:	7c 8b 23 79 	mr.     r11,r4
     b24:	94 21 ff f0 	stwu    r1,-16(r1)
     b28:	7c 08 02 a6 	mflr    r0
     b2c:	90 01 00 14 	stw     r0,20(r1)
     b30:	41 82 00 20 	beq     b50 <_start-0x761c>
     b34:	39 25 ff ff 	addi    r9,r5,-1
     b38:	2b 89 00 09 	cmplwi  cr7,r9,9
     b3c:	41 9d 00 14 	bgt     cr7,b50 <_start-0x761c>
     b40:	2f 86 00 00 	cmpwi   cr7,r6,0
     b44:	41 9e 00 0c 	beq     cr7,b50 <_start-0x761c>
     b48:	2b 86 00 03 	cmplwi  cr7,r6,3
     b4c:	40 9d 00 18 	ble     cr7,b64 <_start-0x7608>
     b50:	80 01 00 14 	lwz     r0,20(r1)
     b54:	38 60 ff fe 	li      r3,-2
     b58:	38 21 00 10 	addi    r1,r1,16
     b5c:	7c 08 03 a6 	mtlr    r0
     b60:	4e 80 00 20 	blr
     b64:	81 2b 00 c0 	lwz     r9,192(r11)
     b68:	80 09 00 e8 	lwz     r0,232(r9)
     b6c:	7d 23 4b 78 	mr      r3,r9
     b70:	7c 09 03 a6 	mtctr   r0
     b74:	4e 80 04 21 	bctrl
     b78:	80 01 00 14 	lwz     r0,20(r1)
     b7c:	38 21 00 10 	addi    r1,r1,16
     b80:	7c 08 03 a6 	mtlr    r0
     b84:	4e 80 00 20 	blr
     b88:	7c 89 23 79 	mr.     r9,r4
     b8c:	94 21 ff f0 	stwu    r1,-16(r1)
     b90:	7c 08 02 a6 	mflr    r0
     b94:	38 60 ff fe 	li      r3,-2
     b98:	90 01 00 14 	stw     r0,20(r1)
     b9c:	41 82 00 28 	beq     bc4 <_start-0x75a8>
     ba0:	80 09 00 d0 	lwz     r0,208(r9)
     ba4:	38 60 ff e2 	li      r3,-30
     ba8:	2b 80 00 04 	cmplwi  cr7,r0,4
     bac:	40 bd 00 18 	ble     cr7,bc4 <_start-0x75a8>
     bb0:	81 29 00 c0 	lwz     r9,192(r9)
     bb4:	80 09 01 6c 	lwz     r0,364(r9)
     bb8:	7d 23 4b 78 	mr      r3,r9
     bbc:	7c 09 03 a6 	mtctr   r0
     bc0:	4e 80 04 21 	bctrl
     bc4:	80 01 00 14 	lwz     r0,20(r1)
     bc8:	38 21 00 10 	addi    r1,r1,16
     bcc:	7c 08 03 a6 	mtlr    r0
     bd0:	4e 80 00 20 	blr
     bd4:	94 21 ff 90 	stwu    r1,-112(r1)
     bd8:	7c 08 02 a6 	mflr    r0
     bdc:	90 01 00 74 	stw     r0,116(r1)
     be0:	38 00 00 02 	li      r0,2
     be4:	38 a1 00 78 	addi    r5,r1,120
     be8:	98 01 00 08 	stb     r0,8(r1)
     bec:	38 00 00 00 	li      r0,0
     bf0:	98 01 00 09 	stb     r0,9(r1)
     bf4:	38 01 00 10 	addi    r0,r1,16
     bf8:	90 01 00 10 	stw     r0,16(r1)
     bfc:	90 a1 00 0c 	stw     r5,12(r1)
     c00:	80 03 01 ac 	lwz     r0,428(r3)
     c04:	7c 09 03 a6 	mtctr   r0
     c08:	4e 80 04 21 	bctrl
     c0c:	80 01 00 74 	lwz     r0,116(r1)
     c10:	38 21 00 70 	addi    r1,r1,112
     c14:	7c 08 03 a6 	mtlr    r0
     c18:	4e 80 00 20 	blr
     c1c:	94 21 ff 90 	stwu    r1,-112(r1)
     c20:	7c 08 02 a6 	mflr    r0
     c24:	90 01 00 74 	stw     r0,116(r1)
     c28:	38 00 00 02 	li      r0,2
     c2c:	38 a1 00 78 	addi    r5,r1,120
     c30:	98 01 00 08 	stb     r0,8(r1)
     c34:	38 00 00 00 	li      r0,0
     c38:	98 01 00 09 	stb     r0,9(r1)
     c3c:	38 01 00 10 	addi    r0,r1,16
     c40:	90 01 00 10 	stw     r0,16(r1)
     c44:	90 a1 00 0c 	stw     r5,12(r1)
     c48:	80 03 00 4c 	lwz     r0,76(r3)
     c4c:	7c 09 03 a6 	mtctr   r0
     c50:	4e 80 04 21 	bctrl
     c54:	80 01 00 74 	lwz     r0,116(r1)
     c58:	38 21 00 70 	addi    r1,r1,112
     c5c:	7c 08 03 a6 	mtlr    r0
     c60:	4e 80 00 20 	blr
     c64:	94 21 ff e0 	stwu    r1,-32(r1)
     c68:	7c 08 02 a6 	mflr    r0
     c6c:	93 e1 00 1c 	stw     r31,28(r1)
     c70:	7c 9f 23 79 	mr.     r31,r4
     c74:	93 a1 00 14 	stw     r29,20(r1)
     c78:	7c 7d 1b 78 	mr      r29,r3
     c7c:	90 01 00 24 	stw     r0,36(r1)
     c80:	93 c1 00 18 	stw     r30,24(r1)
     c84:	41 82 01 00 	beq     d84 <_start-0x73e8>
     c88:	83 df 00 5c 	lwz     r30,92(r31)
     c8c:	80 1e 00 00 	lwz     r0,0(r30)
     c90:	2f 80 00 00 	cmpwi   cr7,r0,0
     c94:	41 9e 00 30 	beq     cr7,cc4 <_start-0x74a8>
     c98:	81 3f 00 c0 	lwz     r9,192(r31)
     c9c:	7f c5 f3 78 	mr      r5,r30
     ca0:	7f e4 fb 78 	mr      r4,r31
     ca4:	80 09 00 8c 	lwz     r0,140(r9)
     ca8:	7d 23 4b 78 	mr      r3,r9
     cac:	7c 09 03 a6 	mtctr   r0
     cb0:	4e 80 04 21 	bctrl
     cb4:	83 de 00 00 	lwz     r30,0(r30)
     cb8:	80 1e 00 00 	lwz     r0,0(r30)
     cbc:	2f 80 00 00 	cmpwi   cr7,r0,0
     cc0:	40 9e ff d8 	bne     cr7,c98 <_start-0x74d4>
     cc4:	83 df 00 50 	lwz     r30,80(r31)
     cc8:	80 1e 00 00 	lwz     r0,0(r30)
     ccc:	2f 80 00 00 	cmpwi   cr7,r0,0
     cd0:	41 9e 00 30 	beq     cr7,d00 <_start-0x746c>
     cd4:	81 3f 00 c0 	lwz     r9,192(r31)
     cd8:	7f c5 f3 78 	mr      r5,r30
     cdc:	7f e4 fb 78 	mr      r4,r31
     ce0:	80 09 00 8c 	lwz     r0,140(r9)
     ce4:	7d 23 4b 78 	mr      r3,r9
     ce8:	7c 09 03 a6 	mtctr   r0
     cec:	4e 80 04 21 	bctrl
     cf0:	83 de 00 00 	lwz     r30,0(r30)
     cf4:	80 1e 00 00 	lwz     r0,0(r30)
     cf8:	2f 80 00 00 	cmpwi   cr7,r0,0
     cfc:	40 9e ff d8 	bne     cr7,cd4 <_start-0x7498>
     d00:	a8 1f 00 44 	lha     r0,68(r31)
     d04:	2f 80 00 00 	cmpwi   cr7,r0,0
     d08:	40 9e 00 98 	bne     cr7,da0 <_start-0x73cc>
     d0c:	a8 1f 00 46 	lha     r0,70(r31)
     d10:	2f 80 00 00 	cmpwi   cr7,r0,0
     d14:	40 9e 00 ac 	bne     cr7,dc0 <_start-0x73ac>
     d18:	81 3f 00 c0 	lwz     r9,192(r31)
     d1c:	7f e4 fb 78 	mr      r4,r31
     d20:	3f c0 00 01 	lis     r30,1
     d24:	80 09 00 70 	lwz     r0,112(r9)
     d28:	7d 23 4b 78 	mr      r3,r9
     d2c:	7c 09 03 a6 	mtctr   r0
     d30:	4e 80 04 21 	bctrl
     d34:	3d 20 00 01 	lis     r9,1
     d38:	7f e4 fb 78 	mr      r4,r31
     d3c:	81 29 04 f8 	lwz     r9,1272(r9)
     d40:	80 09 00 70 	lwz     r0,112(r9)
     d44:	7d 23 4b 78 	mr      r3,r9
     d48:	7c 09 03 a6 	mtctr   r0
     d4c:	4e 80 04 21 	bctrl
     d50:	81 3e 04 e0 	lwz     r9,1248(r30)
     d54:	7f e4 fb 78 	mr      r4,r31
     d58:	38 a0 02 c8 	li      r5,712
     d5c:	80 09 02 90 	lwz     r0,656(r9)
     d60:	7d 23 4b 78 	mr      r3,r9
     d64:	7c 09 03 a6 	mtctr   r0
     d68:	4e 80 04 21 	bctrl
     d6c:	81 3e 04 e0 	lwz     r9,1248(r30)
     d70:	7f e4 fb 78 	mr      r4,r31
     d74:	80 09 00 ac 	lwz     r0,172(r9)
     d78:	7d 23 4b 78 	mr      r3,r9
     d7c:	7c 09 03 a6 	mtctr   r0
     d80:	4e 80 04 21 	bctrl
     d84:	80 01 00 24 	lwz     r0,36(r1)
     d88:	83 a1 00 14 	lwz     r29,20(r1)
     d8c:	7c 08 03 a6 	mtlr    r0
     d90:	83 c1 00 18 	lwz     r30,24(r1)
     d94:	83 e1 00 1c 	lwz     r31,28(r1)
     d98:	38 21 00 20 	addi    r1,r1,32
     d9c:	4e 80 00 20 	blr
     da0:	80 1d 00 d4 	lwz     r0,212(r29)
     da4:	7f a3 eb 78 	mr      r3,r29
     da8:	7f e4 fb 78 	mr      r4,r31
     dac:	7c 09 03 a6 	mtctr   r0
     db0:	4e 80 04 21 	bctrl
     db4:	a8 1f 00 46 	lha     r0,70(r31)
     db8:	2f 80 00 00 	cmpwi   cr7,r0,0
     dbc:	41 9e ff 5c 	beq     cr7,d18 <_start-0x7454>
     dc0:	80 1d 00 f4 	lwz     r0,244(r29)
     dc4:	7f a3 eb 78 	mr      r3,r29
     dc8:	7f e4 fb 78 	mr      r4,r31
     dcc:	7c 09 03 a6 	mtctr   r0
     dd0:	4e 80 04 21 	bctrl
     dd4:	4b ff ff 44 	b       d18 <_start-0x7454>
     dd8:	94 21 ff 90 	stwu    r1,-112(r1)
     ddc:	7c 08 02 a6 	mflr    r0
     de0:	3d 20 00 01 	lis     r9,1
     de4:	39 69 b0 00 	addi    r11,r9,-20480
     de8:	81 09 b0 00 	lwz     r8,-20480(r9)
     dec:	81 4b 00 04 	lwz     r10,4(r11)
     df0:	90 01 00 74 	stw     r0,116(r1)
     df4:	93 a1 00 64 	stw     r29,100(r1)
     df8:	3f a0 00 01 	lis     r29,1
     dfc:	80 0b 00 0c 	lwz     r0,12(r11)
     e00:	81 3d 04 c8 	lwz     r9,1224(r29)
     e04:	81 6b 00 08 	lwz     r11,8(r11)
     e08:	90 01 00 3c 	stw     r0,60(r1)
     e0c:	7d 23 4b 78 	mr      r3,r9
     e10:	80 09 00 68 	lwz     r0,104(r9)
     e14:	93 61 00 5c 	stw     r27,92(r1)
     e18:	7c 9b 23 78 	mr      r27,r4
     e1c:	3c 80 80 20 	lis     r4,-32736
     e20:	93 c1 00 68 	stw     r30,104(r1)
     e24:	7c be 2b 78 	mr      r30,r5
     e28:	7c 09 03 a6 	mtctr   r0
     e2c:	60 84 00 03 	ori     r4,r4,3
     e30:	91 01 00 30 	stw     r8,48(r1)
     e34:	38 a0 00 00 	li      r5,0
     e38:	7f c6 f3 78 	mr      r6,r30
     e3c:	91 41 00 34 	stw     r10,52(r1)
     e40:	91 61 00 38 	stw     r11,56(r1)
     e44:	92 c1 00 48 	stw     r22,72(r1)
     e48:	92 e1 00 4c 	stw     r23,76(r1)
     e4c:	93 01 00 50 	stw     r24,80(r1)
     e50:	93 41 00 58 	stw     r26,88(r1)
     e54:	92 81 00 40 	stw     r20,64(r1)
     e58:	92 a1 00 44 	stw     r21,68(r1)
     e5c:	93 21 00 54 	stw     r25,84(r1)
     e60:	93 81 00 60 	stw     r28,96(r1)
     e64:	93 e1 00 6c 	stw     r31,108(r1)
     e68:	4e 80 04 21 	bctrl
     e6c:	81 3d 04 c8 	lwz     r9,1224(r29)
     e70:	3c 80 80 20 	lis     r4,-32736
     e74:	38 a0 00 00 	li      r5,0
     e78:	60 84 00 05 	ori     r4,r4,5
     e7c:	7f c6 f3 78 	mr      r6,r30
     e80:	80 09 00 68 	lwz     r0,104(r9)
     e84:	7c 7a 1b 78 	mr      r26,r3
     e88:	7d 23 4b 78 	mr      r3,r9
     e8c:	7c 09 03 a6 	mtctr   r0
     e90:	4e 80 04 21 	bctrl
     e94:	81 3d 04 c8 	lwz     r9,1224(r29)
     e98:	3c 80 80 20 	lis     r4,-32736
     e9c:	38 a0 00 00 	li      r5,0
     ea0:	60 84 00 06 	ori     r4,r4,6
     ea4:	7f c6 f3 78 	mr      r6,r30
     ea8:	80 09 00 68 	lwz     r0,104(r9)
     eac:	7c 76 1b 78 	mr      r22,r3
     eb0:	7d 23 4b 78 	mr      r3,r9
     eb4:	7c 09 03 a6 	mtctr   r0
     eb8:	4e 80 04 21 	bctrl
     ebc:	81 3d 04 c8 	lwz     r9,1224(r29)
     ec0:	3c 80 80 20 	lis     r4,-32736
     ec4:	38 a0 00 00 	li      r5,0
     ec8:	60 84 00 07 	ori     r4,r4,7
     ecc:	7f c6 f3 78 	mr      r6,r30
     ed0:	80 09 00 68 	lwz     r0,104(r9)
     ed4:	7c 77 1b 78 	mr      r23,r3
     ed8:	7d 23 4b 78 	mr      r3,r9
     edc:	7c 09 03 a6 	mtctr   r0
     ee0:	4e 80 04 21 	bctrl
     ee4:	81 3d 04 c8 	lwz     r9,1224(r29)
     ee8:	3c 80 80 20 	lis     r4,-32736
     eec:	7f c5 f3 78 	mr      r5,r30
     ef0:	7c 78 1b 78 	mr      r24,r3
     ef4:	60 84 00 02 	ori     r4,r4,2
     ef8:	80 09 00 60 	lwz     r0,96(r9)
     efc:	7d 23 4b 78 	mr      r3,r9
     f00:	7c 09 03 a6 	mtctr   r0
     f04:	4e 80 04 21 	bctrl
     f08:	2c 03 00 00 	cmpwi   r3,0
     f0c:	41 82 08 b4 	beq     17c0 <_start-0x69ac>
     f10:	3c 00 80 00 	lis     r0,-32768
     f14:	83 23 00 04 	lwz     r25,4(r3)
     f18:	3a a0 00 01 	li      r21,1
     f1c:	60 00 00 01 	ori     r0,r0,1
     f20:	3a 80 00 00 	li      r20,0
     f24:	92 a1 00 14 	stw     r21,20(r1)
     f28:	90 01 00 08 	stw     r0,8(r1)
     f2c:	38 00 10 00 	li      r0,4096
     f30:	3f 80 00 01 	lis     r28,1
     f34:	90 01 00 0c 	stw     r0,12(r1)
     f38:	3c 00 80 00 	lis     r0,-32768
     f3c:	38 80 02 c8 	li      r4,712
     f40:	60 00 00 03 	ori     r0,r0,3
     f44:	92 81 00 1c 	stw     r20,28(r1)
     f48:	90 01 00 10 	stw     r0,16(r1)
     f4c:	3c 00 80 00 	lis     r0,-32768
     f50:	60 00 00 06 	ori     r0,r0,6
     f54:	92 a1 00 24 	stw     r21,36(r1)
     f58:	90 01 00 18 	stw     r0,24(r1)
     f5c:	3c 00 80 00 	lis     r0,-32768
     f60:	60 00 00 08 	ori     r0,r0,8
     f64:	92 81 00 28 	stw     r20,40(r1)
     f68:	90 01 00 20 	stw     r0,32(r1)
     f6c:	81 3c 04 e0 	lwz     r9,1248(r28)
     f70:	80 09 03 a8 	lwz     r0,936(r9)
     f74:	7d 23 4b 78 	mr      r3,r9
     f78:	7c 09 03 a6 	mtctr   r0
     f7c:	4e 80 04 21 	bctrl
     f80:	7c 7f 1b 79 	mr.     r31,r3
     f84:	41 82 09 7c 	beq     1900 <_start-0x686c>
     f88:	2f 99 00 08 	cmpwi   cr7,r25,8
     f8c:	7f 5a 07 34 	extsh   r26,r26
     f90:	93 3f 00 08 	stw     r25,8(r31)
     f94:	41 9e 06 7c 	beq     cr7,1610 <_start-0x6b5c>
     f98:	2f 9a 00 00 	cmpwi   cr7,r26,0
     f9c:	40 9e 07 e0 	bne     cr7,177c <_start-0x69f0>
     fa0:	81 3d 04 c8 	lwz     r9,1224(r29)
     fa4:	3c 80 80 20 	lis     r4,-32736
     fa8:	7f c5 f3 78 	mr      r5,r30
     fac:	93 5f 00 c0 	stw     r26,192(r31)
     fb0:	60 84 00 08 	ori     r4,r4,8
     fb4:	80 09 00 60 	lwz     r0,96(r9)
     fb8:	7d 23 4b 78 	mr      r3,r9
     fbc:	92 bf 00 cc 	stw     r21,204(r31)
     fc0:	b3 5f 00 4a 	sth     r26,74(r31)
     fc4:	7c 09 03 a6 	mtctr   r0
     fc8:	4e 80 04 21 	bctrl
     fcc:	2c 03 00 00 	cmpwi   r3,0
     fd0:	41 82 08 a4 	beq     1874 <_start-0x68f8>
     fd4:	83 43 00 04 	lwz     r26,4(r3)
     fd8:	3d 20 00 01 	lis     r9,1
     fdc:	7f 44 d3 78 	mr      r4,r26
     fe0:	81 29 04 f8 	lwz     r9,1272(r9)
     fe4:	80 09 00 58 	lwz     r0,88(r9)
     fe8:	7d 23 4b 78 	mr      r3,r9
     fec:	7c 09 03 a6 	mtctr   r0
     ff0:	4e 80 04 21 	bctrl
     ff4:	3d 20 00 01 	lis     r9,1
     ff8:	80 09 05 08 	lwz     r0,1288(r9)
     ffc:	2f 80 00 00 	cmpwi   cr7,r0,0
    1000:	40 9d 00 40 	ble     cr7,1040 <_start-0x712c>
    1004:	3d 40 00 01 	lis     r10,1
    1008:	7c 09 03 a6 	mtctr   r0
    100c:	39 60 00 00 	li      r11,0
    1010:	81 2a 05 74 	lwz     r9,1396(r10)
    1014:	39 4a 05 74 	addi    r10,r10,1396
    1018:	7f 83 48 00 	cmpw    cr7,r3,r9
    101c:	39 2a 00 1c 	addi    r9,r10,28
    1020:	40 be 00 18 	bne     cr7,1038 <_start-0x7134>
    1024:	48 00 06 58 	b       167c <_start-0x6af0>
    1028:	80 09 00 00 	lwz     r0,0(r9)
    102c:	39 29 00 1c 	addi    r9,r9,28
    1030:	7f 83 00 00 	cmpw    cr7,r3,r0
    1034:	41 9e 06 48 	beq     cr7,167c <_start-0x6af0>
    1038:	39 6b 00 01 	addi    r11,r11,1
    103c:	42 00 ff ec 	bdnz    1028 <_start-0x7144>
    1040:	80 1f 00 c0 	lwz     r0,192(r31)
    1044:	2f 80 00 00 	cmpwi   cr7,r0,0
    1048:	41 9e 06 f8 	beq     cr7,1740 <_start-0x6a2c>
    104c:	81 3d 04 c8 	lwz     r9,1224(r29)
    1050:	3c 80 80 20 	lis     r4,-32736
    1054:	7f c5 f3 78 	mr      r5,r30
    1058:	80 09 00 60 	lwz     r0,96(r9)
    105c:	7d 23 4b 78 	mr      r3,r9
    1060:	7c 09 03 a6 	mtctr   r0
    1064:	4e 80 04 21 	bctrl
    1068:	2c 03 00 00 	cmpwi   r3,0
    106c:	41 82 06 f0 	beq     175c <_start-0x6a10>
    1070:	3d 20 00 01 	lis     r9,1
    1074:	80 03 00 04 	lwz     r0,4(r3)
    1078:	3c 80 80 20 	lis     r4,-32736
    107c:	81 29 04 c8 	lwz     r9,1224(r9)
    1080:	60 84 00 01 	ori     r4,r4,1
    1084:	7f c5 f3 78 	mr      r5,r30
    1088:	90 1f 00 20 	stw     r0,32(r31)
    108c:	80 09 00 60 	lwz     r0,96(r9)
    1090:	7d 23 4b 78 	mr      r3,r9
    1094:	7c 09 03 a6 	mtctr   r0
    1098:	4e 80 04 21 	bctrl
    109c:	2c 03 00 00 	cmpwi   r3,0
    10a0:	41 82 06 bc 	beq     175c <_start-0x6a10>
    10a4:	80 03 00 04 	lwz     r0,4(r3)
    10a8:	3f 20 00 01 	lis     r25,1
    10ac:	7f e4 fb 78 	mr      r4,r31
    10b0:	81 39 04 f8 	lwz     r9,1272(r25)
    10b4:	90 1f 00 2c 	stw     r0,44(r31)
    10b8:	38 00 00 00 	li      r0,0
    10bc:	b0 1f 00 44 	sth     r0,68(r31)
    10c0:	38 00 00 00 	li      r0,0
    10c4:	7d 23 4b 78 	mr      r3,r9
    10c8:	90 1f 00 28 	stw     r0,40(r31)
    10cc:	80 09 00 50 	lwz     r0,80(r9)
    10d0:	7c 09 03 a6 	mtctr   r0
    10d4:	4e 80 04 21 	bctrl
    10d8:	7c 7a 1b 79 	mr.     r26,r3
    10dc:	40 82 06 1c 	bne     16f8 <_start-0x6a74>
    10e0:	81 3c 04 e0 	lwz     r9,1248(r28)
    10e4:	38 9f 00 50 	addi    r4,r31,80
    10e8:	80 1f 00 38 	lwz     r0,56(r31)
    10ec:	81 7f 00 34 	lwz     r11,52(r31)
    10f0:	7d 23 4b 78 	mr      r3,r9
    10f4:	90 1f 00 84 	stw     r0,132(r31)
    10f8:	80 09 02 d4 	lwz     r0,724(r9)
    10fc:	91 7f 00 80 	stw     r11,128(r31)
    1100:	7c 09 03 a6 	mtctr   r0
    1104:	93 5f 00 78 	stw     r26,120(r31)
    1108:	93 5f 00 7c 	stw     r26,124(r31)
    110c:	4e 80 04 21 	bctrl
    1110:	81 3c 04 e0 	lwz     r9,1248(r28)
    1114:	38 9f 00 5c 	addi    r4,r31,92
    1118:	80 09 02 d4 	lwz     r0,724(r9)
    111c:	7d 23 4b 78 	mr      r3,r9
    1120:	7c 09 03 a6 	mtctr   r0
    1124:	4e 80 04 21 	bctrl
    1128:	81 3f 00 c0 	lwz     r9,192(r31)
    112c:	7f e4 fb 78 	mr      r4,r31
    1130:	38 a0 00 6f 	li      r5,111
    1134:	80 df 00 28 	lwz     r6,40(r31)
    1138:	38 e0 00 00 	li      r7,0
    113c:	80 09 00 98 	lwz     r0,152(r9)
    1140:	7d 23 4b 78 	mr      r3,r9
    1144:	7c 09 03 a6 	mtctr   r0
    1148:	4e 80 04 21 	bctrl
    114c:	81 3f 00 c0 	lwz     r9,192(r31)
    1150:	7f e4 fb 78 	mr      r4,r31
    1154:	38 a0 00 70 	li      r5,112
    1158:	90 7f 00 68 	stw     r3,104(r31)
    115c:	38 e0 00 00 	li      r7,0
    1160:	80 09 00 98 	lwz     r0,152(r9)
    1164:	7d 23 4b 78 	mr      r3,r9
    1168:	80 df 00 28 	lwz     r6,40(r31)
    116c:	7c 09 03 a6 	mtctr   r0
    1170:	4e 80 04 21 	bctrl
    1174:	81 3f 00 c0 	lwz     r9,192(r31)
    1178:	7f e4 fb 78 	mr      r4,r31
    117c:	38 a0 00 71 	li      r5,113
    1180:	90 7f 00 6c 	stw     r3,108(r31)
    1184:	38 e0 00 00 	li      r7,0
    1188:	80 09 00 98 	lwz     r0,152(r9)
    118c:	7d 23 4b 78 	mr      r3,r9
    1190:	80 df 00 28 	lwz     r6,40(r31)
    1194:	7c 09 03 a6 	mtctr   r0
    1198:	4e 80 04 21 	bctrl
    119c:	81 3f 00 c0 	lwz     r9,192(r31)
    11a0:	7f e4 fb 78 	mr      r4,r31
    11a4:	38 a0 00 72 	li      r5,114
    11a8:	90 7f 00 70 	stw     r3,112(r31)
    11ac:	38 e0 00 00 	li      r7,0
    11b0:	80 09 00 98 	lwz     r0,152(r9)
    11b4:	7d 23 4b 78 	mr      r3,r9
    11b8:	80 df 00 28 	lwz     r6,40(r31)
    11bc:	7c 09 03 a6 	mtctr   r0
    11c0:	4e 80 04 21 	bctrl
    11c4:	39 20 00 00 	li      r9,0
    11c8:	39 00 3f 80 	li      r8,16256
    11cc:	b3 5f 00 8a 	sth     r26,138(r31)
    11d0:	b1 3f 00 92 	sth     r9,146(r31)
    11d4:	7d 20 4b 78 	mr      r0,r9
    11d8:	7f e4 fb 78 	mr      r4,r31
    11dc:	b1 3f 00 96 	sth     r9,150(r31)
    11e0:	38 a0 00 14 	li      r5,20
    11e4:	38 e0 00 00 	li      r7,0
    11e8:	b1 3f 00 9a 	sth     r9,154(r31)
    11ec:	b1 3f 00 8c 	sth     r9,140(r31)
    11f0:	b1 3f 00 8e 	sth     r9,142(r31)
    11f4:	b1 3f 00 94 	sth     r9,148(r31)
    11f8:	b1 3f 00 98 	sth     r9,152(r31)
    11fc:	b1 3f 00 9c 	sth     r9,156(r31)
    1200:	b1 3f 00 9e 	sth     r9,158(r31)
    1204:	b1 1f 00 90 	sth     r8,144(r31)
    1208:	b1 1f 00 88 	sth     r8,136(r31)
    120c:	81 3f 00 c0 	lwz     r9,192(r31)
    1210:	90 1f 00 a0 	stw     r0,160(r31)
    1214:	80 09 00 98 	lwz     r0,152(r9)
    1218:	90 7f 00 74 	stw     r3,116(r31)
    121c:	7d 23 4b 78 	mr      r3,r9
    1220:	80 df 00 28 	lwz     r6,40(r31)
    1224:	7c 09 03 a6 	mtctr   r0
    1228:	4e 80 04 21 	bctrl
    122c:	2f 83 00 05 	cmpwi   cr7,r3,5
    1230:	41 9e 00 10 	beq     cr7,1240 <_start-0x6f2c>
    1234:	80 1f 00 a0 	lwz     r0,160(r31)
    1238:	60 00 00 02 	ori     r0,r0,2
    123c:	90 1f 00 a0 	stw     r0,160(r31)
    1240:	81 3f 00 c0 	lwz     r9,192(r31)
    1244:	7f e4 fb 78 	mr      r4,r31
    1248:	38 a0 00 15 	li      r5,21
    124c:	80 df 00 28 	lwz     r6,40(r31)
    1250:	38 e0 00 00 	li      r7,0
    1254:	80 09 00 98 	lwz     r0,152(r9)
    1258:	7d 23 4b 78 	mr      r3,r9
    125c:	7c 09 03 a6 	mtctr   r0
    1260:	4e 80 04 21 	bctrl
    1264:	2f 83 00 05 	cmpwi   cr7,r3,5
    1268:	41 9e 00 10 	beq     cr7,1278 <_start-0x6ef4>
    126c:	80 1f 00 a0 	lwz     r0,160(r31)
    1270:	60 00 00 04 	ori     r0,r0,4
    1274:	90 1f 00 a0 	stw     r0,160(r31)
    1278:	81 3f 00 c0 	lwz     r9,192(r31)
    127c:	7f e4 fb 78 	mr      r4,r31
    1280:	38 a0 00 16 	li      r5,22
    1284:	80 df 00 28 	lwz     r6,40(r31)
    1288:	38 e0 00 00 	li      r7,0
    128c:	80 09 00 98 	lwz     r0,152(r9)
    1290:	7d 23 4b 78 	mr      r3,r9
    1294:	7c 09 03 a6 	mtctr   r0
    1298:	4e 80 04 21 	bctrl
    129c:	2f 83 00 05 	cmpwi   cr7,r3,5
    12a0:	41 9e 00 10 	beq     cr7,12b0 <_start-0x6ebc>
    12a4:	80 1f 00 a0 	lwz     r0,160(r31)
    12a8:	60 00 00 08 	ori     r0,r0,8
    12ac:	90 1f 00 a0 	stw     r0,160(r31)
    12b0:	81 3f 00 c0 	lwz     r9,192(r31)
    12b4:	7f e4 fb 78 	mr      r4,r31
    12b8:	38 a0 00 17 	li      r5,23
    12bc:	80 df 00 28 	lwz     r6,40(r31)
    12c0:	38 e0 00 00 	li      r7,0
    12c4:	80 09 00 98 	lwz     r0,152(r9)
    12c8:	7d 23 4b 78 	mr      r3,r9
    12cc:	7c 09 03 a6 	mtctr   r0
    12d0:	4e 80 04 21 	bctrl
    12d4:	2f 83 00 05 	cmpwi   cr7,r3,5
    12d8:	41 9e 00 10 	beq     cr7,12e8 <_start-0x6e84>
    12dc:	80 1f 00 a0 	lwz     r0,160(r31)
    12e0:	60 00 00 10 	ori     r0,r0,16
    12e4:	90 1f 00 a0 	stw     r0,160(r31)
    12e8:	81 39 04 f8 	lwz     r9,1272(r25)
    12ec:	7f e4 fb 78 	mr      r4,r31
    12f0:	80 09 00 6c 	lwz     r0,108(r9)
    12f4:	7d 23 4b 78 	mr      r3,r9
    12f8:	7c 09 03 a6 	mtctr   r0
    12fc:	4e 80 04 21 	bctrl
    1300:	2c 03 00 00 	cmpwi   r3,0
    1304:	40 82 04 48 	bne     174c <_start-0x6a20>
    1308:	81 3f 00 c0 	lwz     r9,192(r31)
    130c:	7f e4 fb 78 	mr      r4,r31
    1310:	80 09 00 6c 	lwz     r0,108(r9)
    1314:	7d 23 4b 78 	mr      r3,r9
    1318:	7c 09 03 a6 	mtctr   r0
    131c:	4e 80 04 21 	bctrl
    1320:	7c 7c 1b 79 	mr.     r28,r3
    1324:	40 82 05 b0 	bne     18d4 <_start-0x6898>
    1328:	81 3f 00 28 	lwz     r9,40(r31)
    132c:	80 1f 00 24 	lwz     r0,36(r31)
    1330:	7d 2b 00 39 	and.    r11,r9,r0
    1334:	41 82 04 ac 	beq     17e0 <_start-0x698c>
    1338:	7e d6 07 34 	extsh   r22,r22
    133c:	38 00 00 02 	li      r0,2
    1340:	2f 96 00 00 	cmpwi   cr7,r22,0
    1344:	90 1f 00 1c 	stw     r0,28(r31)
    1348:	39 20 00 02 	li      r9,2
    134c:	38 00 00 22 	li      r0,34
    1350:	40 9e 03 7c 	bne     cr7,16cc <_start-0x6aa0>
    1354:	7e f7 07 34 	extsh   r23,r23
    1358:	2f 97 00 00 	cmpwi   cr7,r23,0
    135c:	40 9e 03 68 	bne     cr7,16c4 <_start-0x6aa8>
    1360:	7d 20 4b 78 	mr      r0,r9
    1364:	7f 18 07 34 	extsh   r24,r24
    1368:	2f 98 00 00 	cmpwi   cr7,r24,0
    136c:	41 9e 00 0c 	beq     cr7,1378 <_start-0x6df4>
    1370:	60 00 00 40 	ori     r0,r0,64
    1374:	90 1f 00 1c 	stw     r0,28(r31)
    1378:	81 3d 04 c8 	lwz     r9,1224(r29)
    137c:	3c 80 80 20 	lis     r4,-32736
    1380:	7f c6 f3 78 	mr      r6,r30
    1384:	60 84 00 04 	ori     r4,r4,4
    1388:	38 a0 00 00 	li      r5,0
    138c:	80 09 00 68 	lwz     r0,104(r9)
    1390:	7d 23 4b 78 	mr      r3,r9
    1394:	7c 09 03 a6 	mtctr   r0
    1398:	4e 80 04 21 	bctrl
    139c:	2f 83 00 00 	cmpwi   cr7,r3,0
    13a0:	40 9e 04 84 	bne     cr7,1824 <_start-0x6948>
    13a4:	39 40 00 00 	li      r10,0
    13a8:	80 1f 00 1c 	lwz     r0,28(r31)
    13ac:	7f e4 fb 78 	mr      r4,r31
    13b0:	b1 5f 00 b2 	sth     r10,178(r31)
    13b4:	38 a0 00 00 	li      r5,0
    13b8:	3f c0 00 01 	lis     r30,1
    13bc:	b1 5f 00 b6 	sth     r10,182(r31)
    13c0:	60 00 10 00 	ori     r0,r0,4096
    13c4:	3b de 00 00 	addi    r30,r30,0
    13c8:	b1 5f 00 ba 	sth     r10,186(r31)
    13cc:	b1 5f 00 be 	sth     r10,190(r31)
    13d0:	b1 5f 00 b0 	sth     r10,176(r31)
    13d4:	b1 5f 00 b4 	sth     r10,180(r31)
    13d8:	b1 5f 00 b8 	sth     r10,184(r31)
    13dc:	b1 5f 00 bc 	sth     r10,188(r31)
    13e0:	81 3f 00 c0 	lwz     r9,192(r31)
    13e4:	90 1f 00 1c 	stw     r0,28(r31)
    13e8:	38 00 00 03 	li      r0,3
    13ec:	90 1f 00 ac 	stw     r0,172(r31)
    13f0:	7d 23 4b 78 	mr      r3,r9
    13f4:	80 09 01 14 	lwz     r0,276(r9)
    13f8:	7c 09 03 a6 	mtctr   r0
    13fc:	4e 80 04 21 	bctrl
    1400:	81 3f 00 c0 	lwz     r9,192(r31)
    1404:	7f e4 fb 78 	mr      r4,r31
    1408:	38 a1 00 30 	addi    r5,r1,48
    140c:	80 09 01 10 	lwz     r0,272(r9)
    1410:	7d 23 4b 78 	mr      r3,r9
    1414:	7c 09 03 a6 	mtctr   r0
    1418:	4e 80 04 21 	bctrl
    141c:	38 00 ff ff 	li      r0,-1
    1420:	90 1f 00 c4 	stw     r0,196(r31)
    1424:	83 be 00 00 	lwz     r29,0(r30)
    1428:	7f e4 fb 78 	mr      r4,r31
    142c:	38 e0 00 00 	li      r7,0
    1430:	2f 9d ff ff 	cmpwi   cr7,r29,-1
    1434:	41 9e 00 4c 	beq     cr7,1480 <_start-0x6cec>
    1438:	81 3f 00 c0 	lwz     r9,192(r31)
    143c:	80 be 00 04 	lwz     r5,4(r30)
    1440:	3b de 00 08 	addi    r30,r30,8
    1444:	80 09 00 98 	lwz     r0,152(r9)
    1448:	7d 23 4b 78 	mr      r3,r9
    144c:	80 df 00 28 	lwz     r6,40(r31)
    1450:	7c 09 03 a6 	mtctr   r0
    1454:	4e 80 04 21 	bctrl
    1458:	2f 83 00 05 	cmpwi   cr7,r3,5
    145c:	40 9e ff c8 	bne     cr7,1424 <_start-0x6d48>
    1460:	80 1f 00 c4 	lwz     r0,196(r31)
    1464:	7f e4 fb 78 	mr      r4,r31
    1468:	38 e0 00 00 	li      r7,0
    146c:	7c 1d e8 78 	andc    r29,r0,r29
    1470:	93 bf 00 c4 	stw     r29,196(r31)
    1474:	83 be 00 00 	lwz     r29,0(r30)
    1478:	2f 9d ff ff 	cmpwi   cr7,r29,-1
    147c:	40 9e ff bc 	bne     cr7,1438 <_start-0x6d34>
    1480:	81 3f 00 c0 	lwz     r9,192(r31)
    1484:	38 a0 00 01 	li      r5,1
    1488:	38 c0 00 02 	li      r6,2
    148c:	80 09 00 e8 	lwz     r0,232(r9)
    1490:	7d 23 4b 78 	mr      r3,r9
    1494:	7c 09 03 a6 	mtctr   r0
    1498:	4e 80 04 21 	bctrl
    149c:	81 3f 00 c0 	lwz     r9,192(r31)
    14a0:	7f e4 fb 78 	mr      r4,r31
    14a4:	38 a0 00 02 	li      r5,2
    14a8:	38 c0 00 02 	li      r6,2
    14ac:	80 09 00 e8 	lwz     r0,232(r9)
    14b0:	7d 23 4b 78 	mr      r3,r9
    14b4:	7c 09 03 a6 	mtctr   r0
    14b8:	4e 80 04 21 	bctrl
    14bc:	81 3f 00 c0 	lwz     r9,192(r31)
    14c0:	7f e4 fb 78 	mr      r4,r31
    14c4:	38 a0 00 03 	li      r5,3
    14c8:	38 c0 00 02 	li      r6,2
    14cc:	80 09 00 e8 	lwz     r0,232(r9)
    14d0:	7d 23 4b 78 	mr      r3,r9
    14d4:	7c 09 03 a6 	mtctr   r0
    14d8:	4e 80 04 21 	bctrl
    14dc:	81 3f 00 c0 	lwz     r9,192(r31)
    14e0:	7f e4 fb 78 	mr      r4,r31
    14e4:	38 a0 00 04 	li      r5,4
    14e8:	38 c0 00 02 	li      r6,2
    14ec:	80 09 00 e8 	lwz     r0,232(r9)
    14f0:	7d 23 4b 78 	mr      r3,r9
    14f4:	7c 09 03 a6 	mtctr   r0
    14f8:	4e 80 04 21 	bctrl
    14fc:	81 3f 00 c0 	lwz     r9,192(r31)
    1500:	7f e4 fb 78 	mr      r4,r31
    1504:	38 a0 00 05 	li      r5,5
    1508:	38 c0 00 02 	li      r6,2
    150c:	80 09 00 e8 	lwz     r0,232(r9)
    1510:	7d 23 4b 78 	mr      r3,r9
    1514:	7c 09 03 a6 	mtctr   r0
    1518:	4e 80 04 21 	bctrl
    151c:	81 3f 00 c0 	lwz     r9,192(r31)
    1520:	7f e4 fb 78 	mr      r4,r31
    1524:	38 a0 00 06 	li      r5,6
    1528:	38 c0 00 02 	li      r6,2
    152c:	80 09 00 e8 	lwz     r0,232(r9)
    1530:	7d 23 4b 78 	mr      r3,r9
    1534:	7c 09 03 a6 	mtctr   r0
    1538:	4e 80 04 21 	bctrl
    153c:	81 3f 00 c0 	lwz     r9,192(r31)
    1540:	7f e4 fb 78 	mr      r4,r31
    1544:	38 a0 00 07 	li      r5,7
    1548:	38 c0 00 02 	li      r6,2
    154c:	80 09 00 e8 	lwz     r0,232(r9)
    1550:	7d 23 4b 78 	mr      r3,r9
    1554:	7c 09 03 a6 	mtctr   r0
    1558:	4e 80 04 21 	bctrl
    155c:	81 3f 00 c0 	lwz     r9,192(r31)
    1560:	7f e4 fb 78 	mr      r4,r31
    1564:	38 a0 00 08 	li      r5,8
    1568:	38 c0 00 02 	li      r6,2
    156c:	80 09 00 e8 	lwz     r0,232(r9)
    1570:	7d 23 4b 78 	mr      r3,r9
    1574:	7c 09 03 a6 	mtctr   r0
    1578:	4e 80 04 21 	bctrl
    157c:	81 3f 00 c0 	lwz     r9,192(r31)
    1580:	7f e4 fb 78 	mr      r4,r31
    1584:	38 a0 00 09 	li      r5,9
    1588:	38 c0 00 02 	li      r6,2
    158c:	80 09 00 e8 	lwz     r0,232(r9)
    1590:	7d 23 4b 78 	mr      r3,r9
    1594:	7c 09 03 a6 	mtctr   r0
    1598:	4e 80 04 21 	bctrl
    159c:	81 3f 00 c0 	lwz     r9,192(r31)
    15a0:	7f e4 fb 78 	mr      r4,r31
    15a4:	38 a0 00 0a 	li      r5,10
    15a8:	38 c0 00 02 	li      r6,2
    15ac:	80 09 00 e8 	lwz     r0,232(r9)
    15b0:	7d 23 4b 78 	mr      r3,r9
    15b4:	7c 09 03 a6 	mtctr   r0
    15b8:	4e 80 04 21 	bctrl
    15bc:	2f 9b 00 00 	cmpwi   cr7,r27,0
    15c0:	41 9e 00 0c 	beq     cr7,15cc <_start-0x6ba0>
    15c4:	38 00 00 00 	li      r0,0
    15c8:	90 1b 00 00 	stw     r0,0(r27)
    15cc:	80 01 00 74 	lwz     r0,116(r1)
    15d0:	7f e3 fb 78 	mr      r3,r31
    15d4:	82 81 00 40 	lwz     r20,64(r1)
    15d8:	7c 08 03 a6 	mtlr    r0
    15dc:	82 a1 00 44 	lwz     r21,68(r1)
    15e0:	82 c1 00 48 	lwz     r22,72(r1)
    15e4:	82 e1 00 4c 	lwz     r23,76(r1)
    15e8:	83 01 00 50 	lwz     r24,80(r1)
    15ec:	83 21 00 54 	lwz     r25,84(r1)
    15f0:	83 41 00 58 	lwz     r26,88(r1)
    15f4:	83 61 00 5c 	lwz     r27,92(r1)
    15f8:	83 81 00 60 	lwz     r28,96(r1)
    15fc:	83 a1 00 64 	lwz     r29,100(r1)
    1600:	83 c1 00 68 	lwz     r30,104(r1)
    1604:	83 e1 00 6c 	lwz     r31,108(r1)
    1608:	38 21 00 70 	addi    r1,r1,112
    160c:	4e 80 00 20 	blr
    1610:	b3 5f 00 4a 	sth     r26,74(r31)
    1614:	92 9f 00 c0 	stw     r20,192(r31)
    1618:	92 bf 00 cc 	stw     r21,204(r31)
    161c:	3d 20 00 01 	lis     r9,1
    1620:	80 09 05 08 	lwz     r0,1288(r9)
    1624:	2f 80 00 00 	cmpwi   cr7,r0,0
    1628:	40 9d 00 40 	ble     cr7,1668 <_start-0x6b04>
    162c:	3d 40 00 01 	lis     r10,1
    1630:	7c 09 03 a6 	mtctr   r0
    1634:	39 60 00 00 	li      r11,0
    1638:	39 4a 05 74 	addi    r10,r10,1396
    163c:	a9 2a 00 0c 	lha     r9,12(r10)
    1640:	2f 89 00 01 	cmpwi   cr7,r9,1
    1644:	39 2a 00 28 	addi    r9,r10,40
    1648:	40 be 00 18 	bne     cr7,1660 <_start-0x6b0c>
    164c:	48 00 01 44 	b       1790 <_start-0x69dc>
    1650:	a8 09 00 00 	lha     r0,0(r9)
    1654:	39 29 00 1c 	addi    r9,r9,28
    1658:	2f 80 00 01 	cmpwi   cr7,r0,1
    165c:	41 9e 01 34 	beq     cr7,1790 <_start-0x69dc>
    1660:	39 6b 00 01 	addi    r11,r11,1
    1664:	42 00 ff ec 	bdnz    1650 <_start-0x6b1c>
    1668:	2f 9b 00 00 	cmpwi   cr7,r27,0
    166c:	41 9e 01 00 	beq     cr7,176c <_start-0x6a00>
    1670:	38 00 ff fc 	li      r0,-4
    1674:	90 1b 00 00 	stw     r0,0(r27)
    1678:	48 00 00 f4 	b       176c <_start-0x6a00>
    167c:	3d 20 00 01 	lis     r9,1
    1680:	1d 6b 00 1c 	mulli   r11,r11,28
    1684:	90 7f 00 cc 	stw     r3,204(r31)
    1688:	81 29 05 04 	lwz     r9,1284(r9)
    168c:	7d 0a 5a 14 	add     r8,r10,r11
    1690:	2f 89 00 00 	cmpwi   cr7,r9,0
    1694:	80 08 00 14 	lwz     r0,20(r8)
    1698:	90 1f 00 c0 	stw     r0,192(r31)
    169c:	41 9e 00 50 	beq     cr7,16ec <_start-0x6a80>
    16a0:	91 3f 00 d0 	stw     r9,208(r31)
    16a4:	7d 6a 5a 14 	add     r11,r10,r11
    16a8:	3d 20 00 01 	lis     r9,1
    16ac:	81 6b 00 10 	lwz     r11,16(r11)
    16b0:	91 69 04 e4 	stw     r11,1252(r9)
    16b4:	3d 20 00 01 	lis     r9,1
    16b8:	90 09 04 e8 	stw     r0,1256(r9)
    16bc:	80 1f 00 c0 	lwz     r0,192(r31)
    16c0:	4b ff f9 84 	b       1044 <_start-0x7128>
    16c4:	90 1f 00 1c 	stw     r0,28(r31)
    16c8:	4b ff fc 9c 	b       1364 <_start-0x6e08>
    16cc:	7e f7 07 34 	extsh   r23,r23
    16d0:	38 00 00 12 	li      r0,18
    16d4:	2f 97 00 00 	cmpwi   cr7,r23,0
    16d8:	90 1f 00 1c 	stw     r0,28(r31)
    16dc:	39 20 00 12 	li      r9,18
    16e0:	38 00 00 32 	li      r0,50
    16e4:	40 be ff e0 	bne     cr7,16c4 <_start-0x6aa8>
    16e8:	4b ff fc 78 	b       1360 <_start-0x6e0c>
    16ec:	81 28 00 18 	lwz     r9,24(r8)
    16f0:	91 3f 00 d0 	stw     r9,208(r31)
    16f4:	4b ff ff b0 	b       16a4 <_start-0x6ac8>
    16f8:	2f 9b 00 00 	cmpwi   cr7,r27,0
    16fc:	41 9e 00 08 	beq     cr7,1704 <_start-0x6a68>
    1700:	93 5b 00 00 	stw     r26,0(r27)
    1704:	81 3c 04 e0 	lwz     r9,1248(r28)
    1708:	7f e4 fb 78 	mr      r4,r31
    170c:	38 a0 02 c8 	li      r5,712
    1710:	80 09 02 90 	lwz     r0,656(r9)
    1714:	7d 23 4b 78 	mr      r3,r9
    1718:	7c 09 03 a6 	mtctr   r0
    171c:	4e 80 04 21 	bctrl
    1720:	81 3c 04 e0 	lwz     r9,1248(r28)
    1724:	7f e4 fb 78 	mr      r4,r31
    1728:	3b e0 00 00 	li      r31,0
    172c:	80 09 00 ac 	lwz     r0,172(r9)
    1730:	7d 23 4b 78 	mr      r3,r9
    1734:	7c 09 03 a6 	mtctr   r0
    1738:	4e 80 04 21 	bctrl
    173c:	4b ff fe 90 	b       15cc <_start-0x6ba0>
    1740:	2f 99 00 04 	cmpwi   cr7,r25,4
    1744:	40 9e fe d8 	bne     cr7,161c <_start-0x6b50>
    1748:	4b ff ff 20 	b       1668 <_start-0x6b04>
    174c:	2f 9b 00 00 	cmpwi   cr7,r27,0
    1750:	41 be ff b4 	beq     cr7,1704 <_start-0x6a68>
    1754:	90 7b 00 00 	stw     r3,0(r27)
    1758:	4b ff ff ac 	b       1704 <_start-0x6a68>
    175c:	2f 9b 00 00 	cmpwi   cr7,r27,0
    1760:	41 9e 00 0c 	beq     cr7,176c <_start-0x6a00>
    1764:	38 00 ff fe 	li      r0,-2
    1768:	90 1b 00 00 	stw     r0,0(r27)
    176c:	7f e3 fb 78 	mr      r3,r31
    1770:	3b e0 00 00 	li      r31,0
    1774:	4b ff e9 89 	bl      fc <_start-0x8070>
    1778:	4b ff fe 54 	b       15cc <_start-0x6ba0>
    177c:	2f 9b 00 00 	cmpwi   cr7,r27,0
    1780:	41 be ff ec 	beq     cr7,176c <_start-0x6a00>
    1784:	38 00 ff ee 	li      r0,-18
    1788:	90 1b 00 00 	stw     r0,0(r27)
    178c:	4b ff ff e0 	b       176c <_start-0x6a00>
    1790:	1d 6b 00 1c 	mulli   r11,r11,28
    1794:	3d 20 00 01 	lis     r9,1
    1798:	7d 4a 5a 14 	add     r10,r10,r11
    179c:	80 0a 00 14 	lwz     r0,20(r10)
    17a0:	81 6a 00 10 	lwz     r11,16(r10)
    17a4:	2f 80 00 00 	cmpwi   cr7,r0,0
    17a8:	90 1f 00 c0 	stw     r0,192(r31)
    17ac:	91 69 04 e4 	stw     r11,1252(r9)
    17b0:	3d 20 00 01 	lis     r9,1
    17b4:	90 09 04 e8 	stw     r0,1256(r9)
    17b8:	40 9e f8 94 	bne     cr7,104c <_start-0x7120>
    17bc:	4b ff fe ac 	b       1668 <_start-0x6b04>
    17c0:	2f 9b 00 00 	cmpwi   cr7,r27,0
    17c4:	40 9e 00 0c 	bne     cr7,17d0 <_start-0x699c>
    17c8:	3b e0 00 00 	li      r31,0
    17cc:	4b ff fe 00 	b       15cc <_start-0x6ba0>
    17d0:	38 00 ff fe 	li      r0,-2
    17d4:	3b e0 00 00 	li      r31,0
    17d8:	90 1b 00 00 	stw     r0,0(r27)
    17dc:	4b ff fd f0 	b       15cc <_start-0x6ba0>
    17e0:	2f 9b 00 00 	cmpwi   cr7,r27,0
    17e4:	41 9e 00 0c 	beq     cr7,17f0 <_start-0x697c>
    17e8:	38 00 ff ee 	li      r0,-18
    17ec:	90 1b 00 00 	stw     r0,0(r27)
    17f0:	81 3f 00 c0 	lwz     r9,192(r31)
    17f4:	7f e4 fb 78 	mr      r4,r31
    17f8:	80 09 00 70 	lwz     r0,112(r9)
    17fc:	7d 23 4b 78 	mr      r3,r9
    1800:	7c 09 03 a6 	mtctr   r0
    1804:	4e 80 04 21 	bctrl
    1808:	81 39 04 f8 	lwz     r9,1272(r25)
    180c:	7f e4 fb 78 	mr      r4,r31
    1810:	80 09 00 70 	lwz     r0,112(r9)
    1814:	7d 23 4b 78 	mr      r3,r9
    1818:	7c 09 03 a6 	mtctr   r0
    181c:	4e 80 04 21 	bctrl
    1820:	4b ff ff 4c 	b       176c <_start-0x6a00>
    1824:	81 3f 00 c0 	lwz     r9,192(r31)
    1828:	7f e4 fb 78 	mr      r4,r31
    182c:	80 09 00 70 	lwz     r0,112(r9)
    1830:	7d 23 4b 78 	mr      r3,r9
    1834:	7c 09 03 a6 	mtctr   r0
    1838:	4e 80 04 21 	bctrl
    183c:	81 39 04 f8 	lwz     r9,1272(r25)
    1840:	7f e4 fb 78 	mr      r4,r31
    1844:	80 09 00 70 	lwz     r0,112(r9)
    1848:	7d 23 4b 78 	mr      r3,r9
    184c:	7c 09 03 a6 	mtctr   r0
    1850:	4e 80 04 21 	bctrl
    1854:	7f e3 fb 78 	mr      r3,r31
    1858:	4b ff e8 a5 	bl      fc <_start-0x8070>
    185c:	2f 9b 00 00 	cmpwi   cr7,r27,0
    1860:	41 9e ff 68 	beq     cr7,17c8 <_start-0x69a4>
    1864:	38 00 ff fd 	li      r0,-3
    1868:	3b e0 00 00 	li      r31,0
    186c:	90 1b 00 00 	stw     r0,0(r27)
    1870:	4b ff fd 5c 	b       15cc <_start-0x6ba0>
    1874:	3e 80 00 01 	lis     r20,1
    1878:	38 80 00 00 	li      r4,0
    187c:	81 34 04 d0 	lwz     r9,1232(r20)
    1880:	80 09 01 90 	lwz     r0,400(r9)
    1884:	7d 23 4b 78 	mr      r3,r9
    1888:	7c 09 03 a6 	mtctr   r0
    188c:	4e 80 04 21 	bctrl
    1890:	3d 20 00 01 	lis     r9,1
    1894:	81 29 04 b0 	lwz     r9,1200(r9)
    1898:	7c 75 1b 78 	mr      r21,r3
    189c:	38 83 00 2c 	addi    r4,r3,44
    18a0:	80 09 02 4c 	lwz     r0,588(r9)
    18a4:	7d 23 4b 78 	mr      r3,r9
    18a8:	7c 09 03 a6 	mtctr   r0
    18ac:	4e 80 04 21 	bctrl
    18b0:	81 34 04 d0 	lwz     r9,1232(r20)
    18b4:	7e a5 ab 78 	mr      r5,r21
    18b8:	38 80 00 00 	li      r4,0
    18bc:	7c 7a 1b 78 	mr      r26,r3
    18c0:	80 09 01 94 	lwz     r0,404(r9)
    18c4:	7d 23 4b 78 	mr      r3,r9
    18c8:	7c 09 03 a6 	mtctr   r0
    18cc:	4e 80 04 21 	bctrl
    18d0:	4b ff f7 08 	b       fd8 <_start-0x7194>
    18d4:	3d 20 00 01 	lis     r9,1
    18d8:	7f e4 fb 78 	mr      r4,r31
    18dc:	81 29 04 f8 	lwz     r9,1272(r9)
    18e0:	80 09 00 70 	lwz     r0,112(r9)
    18e4:	7d 23 4b 78 	mr      r3,r9
    18e8:	7c 09 03 a6 	mtctr   r0
    18ec:	4e 80 04 21 	bctrl
    18f0:	2f 9b 00 00 	cmpwi   cr7,r27,0
    18f4:	41 be fe 78 	beq     cr7,176c <_start-0x6a00>
    18f8:	93 9b 00 00 	stw     r28,0(r27)
    18fc:	4b ff fe 70 	b       176c <_start-0x6a00>
    1900:	2f 9b 00 00 	cmpwi   cr7,r27,0
    1904:	41 9e fc c8 	beq     cr7,15cc <_start-0x6ba0>
    1908:	38 00 ff fd 	li      r0,-3
    190c:	90 1b 00 00 	stw     r0,0(r27)
    1910:	4b ff fc bc 	b       15cc <_start-0x6ba0>
    1914:	7c 89 23 79 	mr.     r9,r4
    1918:	94 21 ff f0 	stwu    r1,-16(r1)
    191c:	7c 08 02 a6 	mflr    r0
    1920:	90 01 00 14 	stw     r0,20(r1)
    1924:	41 82 00 30 	beq     1954 <_start-0x6818>
    1928:	2f 85 00 00 	cmpwi   cr7,r5,0
    192c:	41 9e 00 28 	beq     cr7,1954 <_start-0x6818>
    1930:	81 29 00 c0 	lwz     r9,192(r9)
    1934:	80 09 00 78 	lwz     r0,120(r9)
    1938:	7d 23 4b 78 	mr      r3,r9
    193c:	7c 09 03 a6 	mtctr   r0
    1940:	4e 80 04 21 	bctrl
    1944:	80 01 00 14 	lwz     r0,20(r1)
    1948:	38 21 00 10 	addi    r1,r1,16
    194c:	7c 08 03 a6 	mtlr    r0
    1950:	4e 80 00 20 	blr
    1954:	80 01 00 14 	lwz     r0,20(r1)
    1958:	38 60 ff fe 	li      r3,-2
    195c:	38 21 00 10 	addi    r1,r1,16
    1960:	7c 08 03 a6 	mtlr    r0
    1964:	4e 80 00 20 	blr
    1968:	7c 89 23 79 	mr.     r9,r4
    196c:	94 21 ff f0 	stwu    r1,-16(r1)
    1970:	7c 08 02 a6 	mflr    r0
    1974:	90 01 00 14 	stw     r0,20(r1)
    1978:	41 82 00 30 	beq     19a8 <_start-0x67c4>
    197c:	2f 85 00 00 	cmpwi   cr7,r5,0
    1980:	41 9e 00 28 	beq     cr7,19a8 <_start-0x67c4>
    1984:	81 29 00 c0 	lwz     r9,192(r9)
    1988:	80 09 00 7c 	lwz     r0,124(r9)
    198c:	7d 23 4b 78 	mr      r3,r9
    1990:	7c 09 03 a6 	mtctr   r0
    1994:	4e 80 04 21 	bctrl
    1998:	80 01 00 14 	lwz     r0,20(r1)
    199c:	38 21 00 10 	addi    r1,r1,16
    19a0:	7c 08 03 a6 	mtlr    r0
    19a4:	4e 80 00 20 	blr
    19a8:	80 01 00 14 	lwz     r0,20(r1)
    19ac:	38 60 ff fe 	li      r3,-2
    19b0:	38 21 00 10 	addi    r1,r1,16
    19b4:	7c 08 03 a6 	mtlr    r0
    19b8:	4e 80 00 20 	blr
    19bc:	2c 04 00 00 	cmpwi   r4,0
    19c0:	94 21 ff e0 	stwu    r1,-32(r1)
    19c4:	7c 08 02 a6 	mflr    r0
    19c8:	90 01 00 24 	stw     r0,36(r1)
    19cc:	41 82 01 28 	beq     1af4 <_start-0x6678>
    19d0:	2f 85 00 00 	cmpwi   cr7,r5,0
    19d4:	41 9e 01 20 	beq     cr7,1af4 <_start-0x6678>
    19d8:	80 04 00 1c 	lwz     r0,28(r4)
    19dc:	74 09 08 00 	andis.  r9,r0,2048
    19e0:	41 82 00 d8 	beq     1ab8 <_start-0x66b4>
    19e4:	a1 45 00 44 	lhz     r10,68(r5)
    19e8:	a1 25 00 46 	lhz     r9,70(r5)
    19ec:	a1 05 00 04 	lhz     r8,4(r5)
    19f0:	55 4a 80 1e 	slwi    r10,r10,16
    19f4:	a0 e5 00 06 	lhz     r7,6(r5)
    19f8:	7d 2a 53 78 	or      r10,r9,r10
    19fc:	55 08 80 1e 	slwi    r8,r8,16
    1a00:	a0 c5 00 00 	lhz     r6,0(r5)
    1a04:	a1 65 00 80 	lhz     r11,128(r5)
    1a08:	7c e7 43 78 	or      r7,r7,r8
    1a0c:	a0 05 00 82 	lhz     r0,130(r5)
    1a10:	54 c6 80 1e 	slwi    r6,r6,16
    1a14:	81 04 02 74 	lwz     r8,628(r4)
    1a18:	55 6b 80 1e 	slwi    r11,r11,16
    1a1c:	91 41 00 10 	stw     r10,16(r1)
    1a20:	7c 0b 5b 78 	or      r11,r0,r11
    1a24:	a0 65 00 02 	lhz     r3,2(r5)
    1a28:	2f 88 00 00 	cmpwi   cr7,r8,0
    1a2c:	90 e1 00 08 	stw     r7,8(r1)
    1a30:	7c 63 33 78 	or      r3,r3,r6
    1a34:	c0 01 00 10 	lfs     f0,16(r1)
    1a38:	90 61 00 0c 	stw     r3,12(r1)
    1a3c:	91 61 00 10 	stw     r11,16(r1)
    1a40:	a1 25 00 40 	lhz     r9,64(r5)
    1a44:	c1 41 00 08 	lfs     f10,8(r1)
    1a48:	c1 61 00 10 	lfs     f11,16(r1)
    1a4c:	55 29 80 1e 	slwi    r9,r9,16
    1a50:	c1 81 00 0c 	lfs     f12,12(r1)
    1a54:	a1 45 00 42 	lhz     r10,66(r5)
    1a58:	ed a0 50 28 	fsubs   f13,f0,f10
    1a5c:	a0 05 00 84 	lhz     r0,132(r5)
    1a60:	7d 49 4b 78 	or      r9,r10,r9
    1a64:	ec 0b 60 28 	fsubs   f0,f11,f12
    1a68:	a1 65 00 86 	lhz     r11,134(r5)
    1a6c:	91 21 00 10 	stw     r9,16(r1)
    1a70:	54 00 80 1e 	slwi    r0,r0,16
    1a74:	7d 60 03 78 	or      r0,r11,r0
    1a78:	ec 0d 00 32 	fmuls   f0,f13,f0
    1a7c:	c1 a1 00 10 	lfs     f13,16(r1)
    1a80:	90 01 00 10 	stw     r0,16(r1)
    1a84:	ed 8d 60 28 	fsubs   f12,f13,f12
    1a88:	c1 61 00 10 	lfs     f11,16(r1)
    1a8c:	ed ab 50 28 	fsubs   f13,f11,f10
    1a90:	ec 0c 03 78 	fmsubs  f0,f12,f13,f0
    1a94:	41 9e 00 48 	beq     cr7,1adc <_start-0x6690>
    1a98:	3d 20 00 01 	lis     r9,1
    1a9c:	c1 a9 b0 10 	lfs     f13,-20464(r9)
    1aa0:	ff 80 68 00 	fcmpu   cr7,f0,f13
    1aa4:	7c 00 00 26 	mfcr    r0
    1aa8:	54 00 f7 fe 	rlwinm  r0,r0,30,31,31
    1aac:	2f 80 00 00 	cmpwi   cr7,r0,0
    1ab0:	38 60 00 00 	li      r3,0
    1ab4:	40 9e 00 18 	bne     cr7,1acc <_start-0x66a0>
    1ab8:	81 24 00 c0 	lwz     r9,192(r4)
    1abc:	80 09 00 80 	lwz     r0,128(r9)
    1ac0:	7d 23 4b 78 	mr      r3,r9
    1ac4:	7c 09 03 a6 	mtctr   r0
    1ac8:	4e 80 04 21 	bctrl
    1acc:	80 01 00 24 	lwz     r0,36(r1)
    1ad0:	38 21 00 20 	addi    r1,r1,32
    1ad4:	7c 08 03 a6 	mtlr    r0
    1ad8:	4e 80 00 20 	blr
    1adc:	3d 20 00 01 	lis     r9,1
    1ae0:	c1 a9 b0 10 	lfs     f13,-20464(r9)
    1ae4:	ff 80 68 00 	fcmpu   cr7,f0,f13
    1ae8:	7c 00 00 26 	mfcr    r0
    1aec:	54 00 ef fe 	rlwinm  r0,r0,29,31,31
    1af0:	4b ff ff bc 	b       1aac <_start-0x66c0>
    1af4:	80 01 00 24 	lwz     r0,36(r1)
    1af8:	38 60 ff fe 	li      r3,-2
    1afc:	38 21 00 20 	addi    r1,r1,32
    1b00:	7c 08 03 a6 	mtlr    r0
    1b04:	4e 80 00 20 	blr
    1b08:	7c 8b 23 79 	mr.     r11,r4
    1b0c:	94 21 ff f0 	stwu    r1,-16(r1)
    1b10:	7c 08 02 a6 	mflr    r0
    1b14:	90 01 00 14 	stw     r0,20(r1)
    1b18:	41 82 00 48 	beq     1b60 <_start-0x660c>
    1b1c:	2f 85 00 00 	cmpwi   cr7,r5,0
    1b20:	41 9e 00 40 	beq     cr7,1b60 <_start-0x660c>
    1b24:	80 05 00 00 	lwz     r0,0(r5)
    1b28:	2f 80 00 02 	cmpwi   cr7,r0,2
    1b2c:	40 9d 00 34 	ble     cr7,1b60 <_start-0x660c>
    1b30:	80 05 00 04 	lwz     r0,4(r5)
    1b34:	2f 80 00 00 	cmpwi   cr7,r0,0
    1b38:	41 9e 00 28 	beq     cr7,1b60 <_start-0x660c>
    1b3c:	81 2b 00 c0 	lwz     r9,192(r11)
    1b40:	80 09 00 e0 	lwz     r0,224(r9)
    1b44:	7d 23 4b 78 	mr      r3,r9
    1b48:	7c 09 03 a6 	mtctr   r0
    1b4c:	4e 80 04 21 	bctrl
    1b50:	80 01 00 14 	lwz     r0,20(r1)
    1b54:	38 21 00 10 	addi    r1,r1,16
    1b58:	7c 08 03 a6 	mtlr    r0
    1b5c:	4e 80 00 20 	blr
    1b60:	80 01 00 14 	lwz     r0,20(r1)
    1b64:	38 60 ff fe 	li      r3,-2
    1b68:	38 21 00 10 	addi    r1,r1,16
    1b6c:	7c 08 03 a6 	mtlr    r0
    1b70:	4e 80 00 20 	blr
    1b74:	7c 8b 23 79 	mr.     r11,r4
    1b78:	94 21 ff f0 	stwu    r1,-16(r1)
    1b7c:	7c 08 02 a6 	mflr    r0
    1b80:	90 01 00 14 	stw     r0,20(r1)
    1b84:	41 82 00 48 	beq     1bcc <_start-0x65a0>
    1b88:	2f 85 00 00 	cmpwi   cr7,r5,0
    1b8c:	41 9e 00 40 	beq     cr7,1bcc <_start-0x65a0>
    1b90:	80 05 00 00 	lwz     r0,0(r5)
    1b94:	2f 80 00 02 	cmpwi   cr7,r0,2
    1b98:	40 9d 00 34 	ble     cr7,1bcc <_start-0x65a0>
    1b9c:	80 05 00 04 	lwz     r0,4(r5)
    1ba0:	2f 80 00 00 	cmpwi   cr7,r0,0
    1ba4:	41 9e 00 28 	beq     cr7,1bcc <_start-0x65a0>
    1ba8:	81 2b 00 c0 	lwz     r9,192(r11)
    1bac:	80 09 00 dc 	lwz     r0,220(r9)
    1bb0:	7d 23 4b 78 	mr      r3,r9
    1bb4:	7c 09 03 a6 	mtctr   r0
    1bb8:	4e 80 04 21 	bctrl
    1bbc:	80 01 00 14 	lwz     r0,20(r1)
    1bc0:	38 21 00 10 	addi    r1,r1,16
    1bc4:	7c 08 03 a6 	mtlr    r0
    1bc8:	4e 80 00 20 	blr
    1bcc:	80 01 00 14 	lwz     r0,20(r1)
    1bd0:	38 60 ff fe 	li      r3,-2
    1bd4:	38 21 00 10 	addi    r1,r1,16
    1bd8:	7c 08 03 a6 	mtlr    r0
    1bdc:	4e 80 00 20 	blr
    1be0:	7c 8b 23 79 	mr.     r11,r4
    1be4:	94 21 ff f0 	stwu    r1,-16(r1)
    1be8:	7c 08 02 a6 	mflr    r0
    1bec:	90 01 00 14 	stw     r0,20(r1)
    1bf0:	41 82 00 48 	beq     1c38 <_start-0x6534>
    1bf4:	2f 85 00 00 	cmpwi   cr7,r5,0
    1bf8:	41 9e 00 40 	beq     cr7,1c38 <_start-0x6534>
    1bfc:	80 05 00 00 	lwz     r0,0(r5)
    1c00:	2f 80 00 01 	cmpwi   cr7,r0,1
    1c04:	40 9d 00 34 	ble     cr7,1c38 <_start-0x6534>
    1c08:	80 05 00 04 	lwz     r0,4(r5)
    1c0c:	2f 80 00 00 	cmpwi   cr7,r0,0
    1c10:	41 9e 00 28 	beq     cr7,1c38 <_start-0x6534>
    1c14:	81 2b 00 c0 	lwz     r9,192(r11)
    1c18:	80 09 01 28 	lwz     r0,296(r9)
    1c1c:	7d 23 4b 78 	mr      r3,r9
    1c20:	7c 09 03 a6 	mtctr   r0
    1c24:	4e 80 04 21 	bctrl
    1c28:	80 01 00 14 	lwz     r0,20(r1)
    1c2c:	38 21 00 10 	addi    r1,r1,16
    1c30:	7c 08 03 a6 	mtlr    r0
    1c34:	4e 80 00 20 	blr
    1c38:	80 01 00 14 	lwz     r0,20(r1)
    1c3c:	38 60 ff fe 	li      r3,-2
    1c40:	38 21 00 10 	addi    r1,r1,16
    1c44:	7c 08 03 a6 	mtlr    r0
    1c48:	4e 80 00 20 	blr
    1c4c:	7c 8b 23 79 	mr.     r11,r4
    1c50:	94 21 ff f0 	stwu    r1,-16(r1)
    1c54:	7c 08 02 a6 	mflr    r0
    1c58:	90 01 00 14 	stw     r0,20(r1)
    1c5c:	41 82 00 48 	beq     1ca4 <_start-0x64c8>
    1c60:	2f 85 00 00 	cmpwi   cr7,r5,0
    1c64:	41 9e 00 40 	beq     cr7,1ca4 <_start-0x64c8>
    1c68:	80 05 00 00 	lwz     r0,0(r5)
    1c6c:	2f 80 00 01 	cmpwi   cr7,r0,1
    1c70:	40 9d 00 34 	ble     cr7,1ca4 <_start-0x64c8>
    1c74:	80 05 00 04 	lwz     r0,4(r5)
    1c78:	2f 80 00 00 	cmpwi   cr7,r0,0
    1c7c:	41 9e 00 28 	beq     cr7,1ca4 <_start-0x64c8>
    1c80:	81 2b 00 c0 	lwz     r9,192(r11)
    1c84:	80 09 01 2c 	lwz     r0,300(r9)
    1c88:	7d 23 4b 78 	mr      r3,r9
    1c8c:	7c 09 03 a6 	mtctr   r0
    1c90:	4e 80 04 21 	bctrl
    1c94:	80 01 00 14 	lwz     r0,20(r1)
    1c98:	38 21 00 10 	addi    r1,r1,16
    1c9c:	7c 08 03 a6 	mtlr    r0
    1ca0:	4e 80 00 20 	blr
    1ca4:	80 01 00 14 	lwz     r0,20(r1)
    1ca8:	38 60 ff fe 	li      r3,-2
    1cac:	38 21 00 10 	addi    r1,r1,16
    1cb0:	7c 08 03 a6 	mtlr    r0
    1cb4:	4e 80 00 20 	blr
    1cb8:	7c 89 23 79 	mr.     r9,r4
    1cbc:	94 21 ff f0 	stwu    r1,-16(r1)
    1cc0:	7c 08 02 a6 	mflr    r0
    1cc4:	38 60 ff fe 	li      r3,-2
    1cc8:	90 01 00 14 	stw     r0,20(r1)
    1ccc:	41 82 00 18 	beq     1ce4 <_start-0x6488>
    1cd0:	81 29 00 c0 	lwz     r9,192(r9)
    1cd4:	80 09 01 40 	lwz     r0,320(r9)
    1cd8:	7d 23 4b 78 	mr      r3,r9
    1cdc:	7c 09 03 a6 	mtctr   r0
    1ce0:	4e 80 04 21 	bctrl
    1ce4:	80 01 00 14 	lwz     r0,20(r1)
    1ce8:	38 21 00 10 	addi    r1,r1,16
    1cec:	7c 08 03 a6 	mtlr    r0
    1cf0:	4e 80 00 20 	blr
    1cf4:	2c 04 00 00 	cmpwi   r4,0
    1cf8:	94 21 ff e0 	stwu    r1,-32(r1)
    1cfc:	7c 08 02 a6 	mflr    r0
    1d00:	93 c1 00 18 	stw     r30,24(r1)
    1d04:	90 01 00 24 	stw     r0,36(r1)
    1d08:	93 e1 00 1c 	stw     r31,28(r1)
    1d0c:	41 82 01 3c 	beq     1e48 <_start-0x6324>
    1d10:	2f 85 00 00 	cmpwi   cr7,r5,0
    1d14:	41 9e 01 34 	beq     cr7,1e48 <_start-0x6324>
    1d18:	81 25 00 00 	lwz     r9,0(r5)
    1d1c:	2f 89 00 00 	cmpwi   cr7,r9,0
    1d20:	41 9e 01 28 	beq     cr7,1e48 <_start-0x6324>
    1d24:	81 65 00 04 	lwz     r11,4(r5)
    1d28:	2f 8b 00 00 	cmpwi   cr7,r11,0
    1d2c:	41 9e 01 1c 	beq     cr7,1e48 <_start-0x6324>
    1d30:	81 45 00 08 	lwz     r10,8(r5)
    1d34:	2f 8a 00 00 	cmpwi   cr7,r10,0
    1d38:	41 9e 01 10 	beq     cr7,1e48 <_start-0x6324>
    1d3c:	80 04 00 1c 	lwz     r0,28(r4)
    1d40:	74 08 08 00 	andis.  r8,r0,2048
    1d44:	41 82 00 d8 	beq     1e1c <_start-0x6350>
    1d48:	a1 89 00 00 	lhz     r12,0(r9)
    1d4c:	a3 c9 00 04 	lhz     r30,4(r9)
    1d50:	a0 69 00 06 	lhz     r3,6(r9)
    1d54:	55 8c 80 1e 	slwi    r12,r12,16
    1d58:	a3 e9 00 02 	lhz     r31,2(r9)
    1d5c:	57 c9 80 1e 	slwi    r9,r30,16
    1d60:	a0 cb 00 04 	lhz     r6,4(r11)
    1d64:	7c 63 4b 78 	or      r3,r3,r9
    1d68:	7f ff 63 78 	or      r31,r31,r12
    1d6c:	a0 eb 00 06 	lhz     r7,6(r11)
    1d70:	a0 0a 00 02 	lhz     r0,2(r10)
    1d74:	54 c6 80 1e 	slwi    r6,r6,16
    1d78:	a1 0a 00 00 	lhz     r8,0(r10)
    1d7c:	7c e6 33 78 	or      r6,r7,r6
    1d80:	93 e1 00 0c 	stw     r31,12(r1)
    1d84:	90 61 00 08 	stw     r3,8(r1)
    1d88:	55 08 80 1e 	slwi    r8,r8,16
    1d8c:	80 e4 02 74 	lwz     r7,628(r4)
    1d90:	7c 08 43 78 	or      r8,r0,r8
    1d94:	c1 81 00 0c 	lfs     f12,12(r1)
    1d98:	a1 2b 00 00 	lhz     r9,0(r11)
    1d9c:	2f 87 00 00 	cmpwi   cr7,r7,0
    1da0:	a0 0a 00 04 	lhz     r0,4(r10)
    1da4:	90 c1 00 10 	stw     r6,16(r1)
    1da8:	55 29 80 1e 	slwi    r9,r9,16
    1dac:	c1 41 00 08 	lfs     f10,8(r1)
    1db0:	54 00 80 1e 	slwi    r0,r0,16
    1db4:	c0 01 00 10 	lfs     f0,16(r1)
    1db8:	91 01 00 10 	stw     r8,16(r1)
    1dbc:	ed a0 50 28 	fsubs   f13,f0,f10
    1dc0:	c1 61 00 10 	lfs     f11,16(r1)
    1dc4:	a1 0b 00 02 	lhz     r8,2(r11)
    1dc8:	a1 6a 00 06 	lhz     r11,6(r10)
    1dcc:	7d 09 4b 78 	or      r9,r8,r9
    1dd0:	ec 0b 60 28 	fsubs   f0,f11,f12
    1dd4:	91 21 00 10 	stw     r9,16(r1)
    1dd8:	7d 60 03 78 	or      r0,r11,r0
    1ddc:	ec 0d 00 32 	fmuls   f0,f13,f0
    1de0:	c1 a1 00 10 	lfs     f13,16(r1)
    1de4:	90 01 00 10 	stw     r0,16(r1)
    1de8:	ed 8d 60 28 	fsubs   f12,f13,f12
    1dec:	c1 61 00 10 	lfs     f11,16(r1)
    1df0:	ed ab 50 28 	fsubs   f13,f11,f10
    1df4:	ec 0c 03 78 	fmsubs  f0,f12,f13,f0
    1df8:	40 9e 00 6c 	bne     cr7,1e64 <_start-0x6308>
    1dfc:	3d 00 00 01 	lis     r8,1
    1e00:	c1 a8 b0 10 	lfs     f13,-20464(r8)
    1e04:	ff 80 68 00 	fcmpu   cr7,f0,f13
    1e08:	7c 00 00 26 	mfcr    r0
    1e0c:	54 00 ef fe 	rlwinm  r0,r0,29,31,31
    1e10:	2f 80 00 00 	cmpwi   cr7,r0,0
    1e14:	38 60 00 00 	li      r3,0
    1e18:	40 9e 00 18 	bne     cr7,1e30 <_start-0x633c>
    1e1c:	81 24 00 c0 	lwz     r9,192(r4)
    1e20:	80 09 01 44 	lwz     r0,324(r9)
    1e24:	7d 23 4b 78 	mr      r3,r9
    1e28:	7c 09 03 a6 	mtctr   r0
    1e2c:	4e 80 04 21 	bctrl
    1e30:	80 01 00 24 	lwz     r0,36(r1)
    1e34:	83 c1 00 18 	lwz     r30,24(r1)
    1e38:	7c 08 03 a6 	mtlr    r0
    1e3c:	83 e1 00 1c 	lwz     r31,28(r1)
    1e40:	38 21 00 20 	addi    r1,r1,32
    1e44:	4e 80 00 20 	blr
    1e48:	80 01 00 24 	lwz     r0,36(r1)
    1e4c:	38 60 ff fe 	li      r3,-2
    1e50:	83 c1 00 18 	lwz     r30,24(r1)
    1e54:	7c 08 03 a6 	mtlr    r0
    1e58:	83 e1 00 1c 	lwz     r31,28(r1)
    1e5c:	38 21 00 20 	addi    r1,r1,32
    1e60:	4e 80 00 20 	blr
    1e64:	3d 20 00 01 	lis     r9,1
    1e68:	c1 a9 b0 10 	lfs     f13,-20464(r9)
    1e6c:	ff 80 68 00 	fcmpu   cr7,f0,f13
    1e70:	7c 00 00 26 	mfcr    r0
    1e74:	54 00 f7 fe 	rlwinm  r0,r0,30,31,31
    1e78:	4b ff ff 98 	b       1e10 <_start-0x635c>
    1e7c:	7c 8b 23 79 	mr.     r11,r4
    1e80:	94 21 ff f0 	stwu    r1,-16(r1)
    1e84:	7c 08 02 a6 	mflr    r0
    1e88:	90 01 00 14 	stw     r0,20(r1)
    1e8c:	41 82 00 48 	beq     1ed4 <_start-0x6298>
    1e90:	2f 85 00 00 	cmpwi   cr7,r5,0
    1e94:	41 9e 00 40 	beq     cr7,1ed4 <_start-0x6298>
    1e98:	80 05 00 00 	lwz     r0,0(r5)
    1e9c:	2f 80 00 02 	cmpwi   cr7,r0,2
    1ea0:	40 9d 00 34 	ble     cr7,1ed4 <_start-0x6298>
    1ea4:	80 05 00 04 	lwz     r0,4(r5)
    1ea8:	2f 80 00 00 	cmpwi   cr7,r0,0
    1eac:	41 9e 00 28 	beq     cr7,1ed4 <_start-0x6298>
    1eb0:	81 2b 00 c0 	lwz     r9,192(r11)
    1eb4:	80 09 01 4c 	lwz     r0,332(r9)
    1eb8:	7d 23 4b 78 	mr      r3,r9
    1ebc:	7c 09 03 a6 	mtctr   r0
    1ec0:	4e 80 04 21 	bctrl
    1ec4:	80 01 00 14 	lwz     r0,20(r1)
    1ec8:	38 21 00 10 	addi    r1,r1,16
    1ecc:	7c 08 03 a6 	mtlr    r0
    1ed0:	4e 80 00 20 	blr
    1ed4:	80 01 00 14 	lwz     r0,20(r1)
    1ed8:	38 60 ff fe 	li      r3,-2
    1edc:	38 21 00 10 	addi    r1,r1,16
    1ee0:	7c 08 03 a6 	mtlr    r0
    1ee4:	4e 80 00 20 	blr
    1ee8:	7c 8b 23 79 	mr.     r11,r4
    1eec:	94 21 ff f0 	stwu    r1,-16(r1)
    1ef0:	7c 08 02 a6 	mflr    r0
    1ef4:	90 01 00 14 	stw     r0,20(r1)
    1ef8:	41 82 00 48 	beq     1f40 <_start-0x622c>
    1efc:	2f 85 00 00 	cmpwi   cr7,r5,0
    1f00:	41 9e 00 40 	beq     cr7,1f40 <_start-0x622c>
    1f04:	80 05 00 00 	lwz     r0,0(r5)
    1f08:	2f 80 00 02 	cmpwi   cr7,r0,2
    1f0c:	40 9d 00 34 	ble     cr7,1f40 <_start-0x622c>
    1f10:	80 05 00 04 	lwz     r0,4(r5)
    1f14:	2f 80 00 00 	cmpwi   cr7,r0,0
    1f18:	41 9e 00 28 	beq     cr7,1f40 <_start-0x622c>
    1f1c:	81 2b 00 c0 	lwz     r9,192(r11)
    1f20:	80 09 01 48 	lwz     r0,328(r9)
    1f24:	7d 23 4b 78 	mr      r3,r9
    1f28:	7c 09 03 a6 	mtctr   r0
    1f2c:	4e 80 04 21 	bctrl
    1f30:	80 01 00 14 	lwz     r0,20(r1)
    1f34:	38 21 00 10 	addi    r1,r1,16
    1f38:	7c 08 03 a6 	mtlr    r0
    1f3c:	4e 80 00 20 	blr
    1f40:	80 01 00 14 	lwz     r0,20(r1)
    1f44:	38 60 ff fe 	li      r3,-2
    1f48:	38 21 00 10 	addi    r1,r1,16
    1f4c:	7c 08 03 a6 	mtlr    r0
    1f50:	4e 80 00 20 	blr
    1f54:	94 21 ff e0 	stwu    r1,-32(r1)
    1f58:	7c 08 02 a6 	mflr    r0
    1f5c:	7c a9 2b 78 	mr      r9,r5
    1f60:	38 60 ff fe 	li      r3,-2
    1f64:	93 e1 00 1c 	stw     r31,28(r1)
    1f68:	7c 9f 23 79 	mr.     r31,r4
    1f6c:	93 a1 00 14 	stw     r29,20(r1)
    1f70:	7c fd 3b 78 	mr      r29,r7
    1f74:	93 c1 00 18 	stw     r30,24(r1)
    1f78:	7c de 33 78 	mr      r30,r6
    1f7c:	90 01 00 24 	stw     r0,36(r1)
    1f80:	41 82 01 1c 	beq     209c <_start-0x60d0>
    1f84:	80 1f 00 d0 	lwz     r0,208(r31)
    1f88:	2b 80 00 04 	cmplwi  cr7,r0,4
    1f8c:	41 9d 01 64 	bgt     cr7,20f0 <_start-0x607c>
    1f90:	2f 85 00 00 	cmpwi   cr7,r5,0
    1f94:	41 9e 00 dc 	beq     cr7,2070 <_start-0x60fc>
    1f98:	a0 a5 00 0c 	lhz     r5,12(r5)
    1f9c:	3c e0 00 01 	lis     r7,1
    1fa0:	a1 09 00 00 	lhz     r8,0(r9)
    1fa4:	a0 c9 00 0e 	lhz     r6,14(r9)
    1fa8:	54 a5 80 1e 	slwi    r5,r5,16
    1fac:	a1 49 00 02 	lhz     r10,2(r9)
    1fb0:	55 08 80 1e 	slwi    r8,r8,16
    1fb4:	c1 a7 b0 14 	lfs     f13,-20460(r7)
    1fb8:	7c c5 2b 78 	or      r5,r6,r5
    1fbc:	3c e0 00 01 	lis     r7,1
    1fc0:	a1 69 00 08 	lhz     r11,8(r9)
    1fc4:	7d 48 43 78 	or      r8,r10,r8
    1fc8:	a0 09 00 04 	lhz     r0,4(r9)
    1fcc:	a1 49 00 06 	lhz     r10,6(r9)
    1fd0:	55 6b 80 1e 	slwi    r11,r11,16
    1fd4:	c0 07 b0 18 	lfs     f0,-20456(r7)
    1fd8:	54 00 80 1e 	slwi    r0,r0,16
    1fdc:	a0 e9 00 0a 	lhz     r7,10(r9)
    1fe0:	7d 40 03 78 	or      r0,r10,r0
    1fe4:	90 a1 00 08 	stw     r5,8(r1)
    1fe8:	7c eb 5b 78 	or      r11,r7,r11
    1fec:	c1 81 00 08 	lfs     f12,8(r1)
    1ff0:	ed 8d 03 3a 	fmadds  f12,f13,f12,f0
    1ff4:	d1 81 00 08 	stfs    f12,8(r1)
    1ff8:	80 a1 00 08 	lwz     r5,8(r1)
    1ffc:	91 01 00 08 	stw     r8,8(r1)
    2000:	54 a5 c0 0e 	slwi    r5,r5,24
    2004:	c1 81 00 08 	lfs     f12,8(r1)
    2008:	ed 8d 03 3a 	fmadds  f12,f13,f12,f0
    200c:	d1 81 00 08 	stfs    f12,8(r1)
    2010:	81 21 00 08 	lwz     r9,8(r1)
    2014:	91 61 00 08 	stw     r11,8(r1)
    2018:	55 29 82 1e 	rlwinm  r9,r9,16,8,15
    201c:	7c a5 4b 78 	or      r5,r5,r9
    2020:	c1 81 00 08 	lfs     f12,8(r1)
    2024:	ed 8d 03 3a 	fmadds  f12,f13,f12,f0
    2028:	d1 81 00 08 	stfs    f12,8(r1)
    202c:	81 61 00 08 	lwz     r11,8(r1)
    2030:	90 01 00 08 	stw     r0,8(r1)
    2034:	55 6b 06 3e 	clrlwi  r11,r11,24
    2038:	7c a5 5b 78 	or      r5,r5,r11
    203c:	c1 81 00 08 	lfs     f12,8(r1)
    2040:	ec 0d 03 3a 	fmadds  f0,f13,f12,f0
    2044:	d0 01 00 08 	stfs    f0,8(r1)
    2048:	80 01 00 08 	lwz     r0,8(r1)
    204c:	81 3f 00 c0 	lwz     r9,192(r31)
    2050:	54 00 44 2e 	rlwinm  r0,r0,8,16,23
    2054:	7c a5 03 78 	or      r5,r5,r0
    2058:	80 09 01 40 	lwz     r0,320(r9)
    205c:	7d 23 4b 78 	mr      r3,r9
    2060:	7c 09 03 a6 	mtctr   r0
    2064:	4e 80 04 21 	bctrl
    2068:	2c 03 00 00 	cmpwi   r3,0
    206c:	40 82 00 30 	bne     209c <_start-0x60d0>
    2070:	2f 9e 00 00 	cmpwi   cr7,r30,0
    2074:	41 9e 00 10 	beq     cr7,2084 <_start-0x60e8>
    2078:	a8 1f 00 44 	lha     r0,68(r31)
    207c:	2f 80 00 00 	cmpwi   cr7,r0,0
    2080:	40 9e 00 a0 	bne     cr7,2120 <_start-0x604c>
    2084:	2f 9d 00 00 	cmpwi   cr7,r29,0
    2088:	41 9e 00 10 	beq     cr7,2098 <_start-0x60d4>
    208c:	a8 1f 00 46 	lha     r0,70(r31)
    2090:	2f 80 00 00 	cmpwi   cr7,r0,0
    2094:	40 9e 00 24 	bne     cr7,20b8 <_start-0x60b4>
    2098:	38 60 00 00 	li      r3,0
    209c:	80 01 00 24 	lwz     r0,36(r1)
    20a0:	83 a1 00 14 	lwz     r29,20(r1)
    20a4:	7c 08 03 a6 	mtlr    r0
    20a8:	83 c1 00 18 	lwz     r30,24(r1)
    20ac:	83 e1 00 1c 	lwz     r31,28(r1)
    20b0:	38 21 00 20 	addi    r1,r1,32
    20b4:	4e 80 00 20 	blr
    20b8:	81 3f 00 c0 	lwz     r9,192(r31)
    20bc:	7f e4 fb 78 	mr      r4,r31
    20c0:	7f a5 eb 78 	mr      r5,r29
    20c4:	80 09 00 64 	lwz     r0,100(r9)
    20c8:	7d 23 4b 78 	mr      r3,r9
    20cc:	7c 09 03 a6 	mtctr   r0
    20d0:	4e 80 04 21 	bctrl
    20d4:	80 01 00 24 	lwz     r0,36(r1)
    20d8:	83 a1 00 14 	lwz     r29,20(r1)
    20dc:	7c 08 03 a6 	mtlr    r0
    20e0:	83 c1 00 18 	lwz     r30,24(r1)
    20e4:	83 e1 00 1c 	lwz     r31,28(r1)
    20e8:	38 21 00 20 	addi    r1,r1,32
    20ec:	4e 80 00 20 	blr
    20f0:	81 3f 00 c0 	lwz     r9,192(r31)
    20f4:	80 09 01 7c 	lwz     r0,380(r9)
    20f8:	7d 23 4b 78 	mr      r3,r9
    20fc:	7c 09 03 a6 	mtctr   r0
    2100:	4e 80 04 21 	bctrl
    2104:	80 01 00 24 	lwz     r0,36(r1)
    2108:	83 a1 00 14 	lwz     r29,20(r1)
    210c:	7c 08 03 a6 	mtlr    r0
    2110:	83 c1 00 18 	lwz     r30,24(r1)
    2114:	83 e1 00 1c 	lwz     r31,28(r1)
    2118:	38 21 00 20 	addi    r1,r1,32
    211c:	4e 80 00 20 	blr
    2120:	81 3f 00 c0 	lwz     r9,192(r31)
    2124:	7f c5 f3 78 	mr      r5,r30
    2128:	7f e4 fb 78 	mr      r4,r31
    212c:	80 09 00 68 	lwz     r0,104(r9)
    2130:	7d 23 4b 78 	mr      r3,r9
    2134:	7c 09 03 a6 	mtctr   r0
    2138:	4e 80 04 21 	bctrl
    213c:	2c 03 00 00 	cmpwi   r3,0
    2140:	41 82 ff 44 	beq     2084 <_start-0x60e8>
    2144:	4b ff ff 58 	b       209c <_start-0x60d0>
    2148:	7c 89 23 79 	mr.     r9,r4
    214c:	94 21 ff f0 	stwu    r1,-16(r1)
    2150:	7c 08 02 a6 	mflr    r0
    2154:	90 01 00 14 	stw     r0,20(r1)
    2158:	41 82 00 18 	beq     2170 <_start-0x5ffc>
    215c:	81 29 00 c0 	lwz     r9,192(r9)
    2160:	80 09 00 50 	lwz     r0,80(r9)
    2164:	7d 23 4b 78 	mr      r3,r9
    2168:	7c 09 03 a6 	mtctr   r0
    216c:	4e 80 04 21 	bctrl
    2170:	80 01 00 14 	lwz     r0,20(r1)
    2174:	38 21 00 10 	addi    r1,r1,16
    2178:	7c 08 03 a6 	mtlr    r0
    217c:	4e 80 00 20 	blr
    2180:	3d 20 00 01 	lis     r9,1
    2184:	38 60 00 01 	li      r3,1
    2188:	80 09 05 08 	lwz     r0,1288(r9)
    218c:	2f 80 00 00 	cmpwi   cr7,r0,0
    2190:	4c 9d 00 20 	blelr   cr7
    2194:	3d 20 00 01 	lis     r9,1
    2198:	7c 09 03 a6 	mtctr   r0
    219c:	38 60 00 00 	li      r3,0
    21a0:	39 29 05 80 	addi    r9,r9,1408
    21a4:	a8 09 00 00 	lha     r0,0(r9)
    21a8:	39 29 00 1c 	addi    r9,r9,28
    21ac:	2f 80 00 01 	cmpwi   cr7,r0,1
    21b0:	60 60 00 08 	ori     r0,r3,8
    21b4:	60 63 00 04 	ori     r3,r3,4
    21b8:	41 9e 00 0c 	beq     cr7,21c4 <_start-0x5fa8>
    21bc:	42 00 ff e8 	bdnz    21a4 <_start-0x5fc8>
    21c0:	4e 80 00 20 	blr
    21c4:	7c 03 03 78 	mr      r3,r0
    21c8:	42 00 ff dc 	bdnz    21a4 <_start-0x5fc8>
    21cc:	4b ff ff f4 	b       21c0 <_start-0x5fac>
    21d0:	94 21 ff e0 	stwu    r1,-32(r1)
    21d4:	7c 08 02 a6 	mflr    r0
    21d8:	93 e1 00 1c 	stw     r31,28(r1)
    21dc:	7c 9f 23 79 	mr.     r31,r4
    21e0:	93 a1 00 14 	stw     r29,20(r1)
    21e4:	3b a0 ff fe 	li      r29,-2
    21e8:	90 01 00 24 	stw     r0,36(r1)
    21ec:	93 c1 00 18 	stw     r30,24(r1)
    21f0:	41 82 00 54 	beq     2244 <_start-0x5f28>
    21f4:	a8 1f 00 48 	lha     r0,72(r31)
    21f8:	3b a0 00 00 	li      r29,0
    21fc:	2f 80 00 01 	cmpwi   cr7,r0,1
    2200:	41 9e 00 44 	beq     cr7,2244 <_start-0x5f28>
    2204:	80 1f 00 1c 	lwz     r0,28(r31)
    2208:	38 a0 00 0b 	li      r5,11
    220c:	70 09 08 00 	andi.   r9,r0,2048
    2210:	39 20 00 09 	li      r9,9
    2214:	41 82 00 b4 	beq     22c8 <_start-0x5ea4>
    2218:	74 0b 00 20 	andis.  r11,r0,32
    221c:	41 82 00 48 	beq     2264 <_start-0x5f08>
    2220:	3f c0 00 01 	lis     r30,1
    2224:	7f e4 fb 78 	mr      r4,r31
    2228:	81 3e 04 f8 	lwz     r9,1272(r30)
    222c:	80 09 00 5c 	lwz     r0,92(r9)
    2230:	7d 23 4b 78 	mr      r3,r9
    2234:	7c 09 03 a6 	mtctr   r0
    2238:	4e 80 04 21 	bctrl
    223c:	7c 7d 1b 79 	mr.     r29,r3
    2240:	41 82 00 4c 	beq     228c <_start-0x5ee0>
    2244:	80 01 00 24 	lwz     r0,36(r1)
    2248:	7f a3 eb 78 	mr      r3,r29
    224c:	83 a1 00 14 	lwz     r29,20(r1)
    2250:	7c 08 03 a6 	mtlr    r0
    2254:	83 c1 00 18 	lwz     r30,24(r1)
    2258:	83 e1 00 1c 	lwz     r31,28(r1)
    225c:	38 21 00 20 	addi    r1,r1,32
    2260:	4e 80 00 20 	blr
    2264:	3f c0 00 01 	lis     r30,1
    2268:	7d 25 4b 78 	mr      r5,r9
    226c:	81 3e 04 f8 	lwz     r9,1272(r30)
    2270:	7f e4 fb 78 	mr      r4,r31
    2274:	80 09 00 5c 	lwz     r0,92(r9)
    2278:	7d 23 4b 78 	mr      r3,r9
    227c:	7c 09 03 a6 	mtctr   r0
    2280:	4e 80 04 21 	bctrl
    2284:	7c 7d 1b 79 	mr.     r29,r3
    2288:	40 82 ff bc 	bne     2244 <_start-0x5f28>
    228c:	81 3f 00 c0 	lwz     r9,192(r31)
    2290:	7f e4 fb 78 	mr      r4,r31
    2294:	80 09 00 ec 	lwz     r0,236(r9)
    2298:	7d 23 4b 78 	mr      r3,r9
    229c:	7c 09 03 a6 	mtctr   r0
    22a0:	4e 80 04 21 	bctrl
    22a4:	7c 7d 1b 79 	mr.     r29,r3
    22a8:	41 82 ff 9c 	beq     2244 <_start-0x5f28>
    22ac:	81 3e 04 f8 	lwz     r9,1272(r30)
    22b0:	7f e4 fb 78 	mr      r4,r31
    22b4:	80 09 00 60 	lwz     r0,96(r9)
    22b8:	7d 23 4b 78 	mr      r3,r9
    22bc:	7c 09 03 a6 	mtctr   r0
    22c0:	4e 80 04 21 	bctrl
    22c4:	4b ff ff 80 	b       2244 <_start-0x5f28>
    22c8:	74 0b 00 20 	andis.  r11,r0,32
    22cc:	38 a0 00 0a 	li      r5,10
    22d0:	39 20 00 08 	li      r9,8
    22d4:	40 a2 ff 4c 	bne     2220 <_start-0x5f4c>
    22d8:	4b ff ff 8c 	b       2264 <_start-0x5f08>
    22dc:	94 21 ff f0 	stwu    r1,-16(r1)
    22e0:	7c 08 02 a6 	mflr    r0
    22e4:	93 e1 00 0c 	stw     r31,12(r1)
    22e8:	7c 9f 23 79 	mr.     r31,r4
    22ec:	90 01 00 14 	stw     r0,20(r1)
    22f0:	41 82 00 50 	beq     2340 <_start-0x5e2c>
    22f4:	a8 1f 00 48 	lha     r0,72(r31)
    22f8:	2f 80 00 00 	cmpwi   cr7,r0,0
    22fc:	41 be 00 44 	beq     cr7,2340 <_start-0x5e2c>
    2300:	80 03 00 6c 	lwz     r0,108(r3)
    2304:	7c 09 03 a6 	mtctr   r0
    2308:	4e 80 04 21 	bctrl
    230c:	81 3f 00 c0 	lwz     r9,192(r31)
    2310:	7f e4 fb 78 	mr      r4,r31
    2314:	80 09 00 f0 	lwz     r0,240(r9)
    2318:	7d 23 4b 78 	mr      r3,r9
    231c:	7c 09 03 a6 	mtctr   r0
    2320:	4e 80 04 21 	bctrl
    2324:	3d 20 00 01 	lis     r9,1
    2328:	7f e4 fb 78 	mr      r4,r31
    232c:	81 29 04 f8 	lwz     r9,1272(r9)
    2330:	80 09 00 60 	lwz     r0,96(r9)
    2334:	7d 23 4b 78 	mr      r3,r9
    2338:	7c 09 03 a6 	mtctr   r0
    233c:	4e 80 04 21 	bctrl
    2340:	80 01 00 14 	lwz     r0,20(r1)
    2344:	83 e1 00 0c 	lwz     r31,12(r1)
    2348:	38 21 00 10 	addi    r1,r1,16
    234c:	7c 08 03 a6 	mtlr    r0
    2350:	4e 80 00 20 	blr
    2354:	7c 89 23 79 	mr.     r9,r4
    2358:	94 21 ff f0 	stwu    r1,-16(r1)
    235c:	7c 08 02 a6 	mflr    r0
    2360:	38 60 ff fe 	li      r3,-2
    2364:	90 01 00 14 	stw     r0,20(r1)
    2368:	41 82 00 18 	beq     2380 <_start-0x5dec>
    236c:	81 29 00 c0 	lwz     r9,192(r9)
    2370:	80 09 00 60 	lwz     r0,96(r9)
    2374:	7d 23 4b 78 	mr      r3,r9
    2378:	7c 09 03 a6 	mtctr   r0
    237c:	4e 80 04 21 	bctrl
    2380:	80 01 00 14 	lwz     r0,20(r1)
    2384:	38 21 00 10 	addi    r1,r1,16
    2388:	7c 08 03 a6 	mtlr    r0
    238c:	4e 80 00 20 	blr
    2390:	7c 89 23 79 	mr.     r9,r4
    2394:	94 21 ff f0 	stwu    r1,-16(r1)
    2398:	7c 08 02 a6 	mflr    r0
    239c:	90 01 00 14 	stw     r0,20(r1)
    23a0:	41 82 00 2c 	beq     23cc <_start-0x5da0>
    23a4:	81 29 00 c0 	lwz     r9,192(r9)
    23a8:	38 e0 00 00 	li      r7,0
    23ac:	80 09 00 98 	lwz     r0,152(r9)
    23b0:	7d 23 4b 78 	mr      r3,r9
    23b4:	7c 09 03 a6 	mtctr   r0
    23b8:	4e 80 04 21 	bctrl
    23bc:	80 01 00 14 	lwz     r0,20(r1)
    23c0:	38 21 00 10 	addi    r1,r1,16
    23c4:	7c 08 03 a6 	mtlr    r0
    23c8:	4e 80 00 20 	blr
    23cc:	3d 20 00 01 	lis     r9,1
    23d0:	38 e0 00 00 	li      r7,0
    23d4:	81 29 04 a4 	lwz     r9,1188(r9)
    23d8:	80 09 00 98 	lwz     r0,152(r9)
    23dc:	7d 23 4b 78 	mr      r3,r9
    23e0:	7c 09 03 a6 	mtctr   r0
    23e4:	4e 80 04 21 	bctrl
    23e8:	80 01 00 14 	lwz     r0,20(r1)
    23ec:	38 21 00 10 	addi    r1,r1,16
    23f0:	7c 08 03 a6 	mtlr    r0
    23f4:	4e 80 00 20 	blr
    23f8:	94 21 ff f0 	stwu    r1,-16(r1)
    23fc:	7c 08 02 a6 	mflr    r0
    2400:	38 e0 00 00 	li      r7,0
    2404:	90 01 00 14 	stw     r0,20(r1)
    2408:	81 24 00 14 	lwz     r9,20(r4)
    240c:	38 80 00 00 	li      r4,0
    2410:	80 09 00 98 	lwz     r0,152(r9)
    2414:	7d 23 4b 78 	mr      r3,r9
    2418:	7c 09 03 a6 	mtctr   r0
    241c:	4e 80 04 21 	bctrl
    2420:	80 01 00 14 	lwz     r0,20(r1)
    2424:	38 21 00 10 	addi    r1,r1,16
    2428:	7c 08 03 a6 	mtlr    r0
    242c:	4e 80 00 20 	blr
    2430:	7c 89 23 79 	mr.     r9,r4
    2434:	94 21 ff f0 	stwu    r1,-16(r1)
    2438:	7c 08 02 a6 	mflr    r0
    243c:	38 60 00 00 	li      r3,0
    2440:	90 01 00 14 	stw     r0,20(r1)
    2444:	41 82 00 18 	beq     245c <_start-0x5d10>
    2448:	81 29 00 c0 	lwz     r9,192(r9)
    244c:	80 09 00 d8 	lwz     r0,216(r9)
    2450:	7d 23 4b 78 	mr      r3,r9
    2454:	7c 09 03 a6 	mtctr   r0
    2458:	4e 80 04 21 	bctrl
    245c:	80 01 00 14 	lwz     r0,20(r1)
    2460:	38 21 00 10 	addi    r1,r1,16
    2464:	7c 08 03 a6 	mtlr    r0
    2468:	4e 80 00 20 	blr
    246c:	94 21 ff f0 	stwu    r1,-16(r1)
    2470:	7c 08 02 a6 	mflr    r0
    2474:	90 01 00 14 	stw     r0,20(r1)
    2478:	81 24 00 14 	lwz     r9,20(r4)
    247c:	38 80 00 00 	li      r4,0
    2480:	80 09 00 d8 	lwz     r0,216(r9)
    2484:	7d 23 4b 78 	mr      r3,r9
    2488:	7c 09 03 a6 	mtctr   r0
    248c:	4e 80 04 21 	bctrl
    2490:	80 01 00 14 	lwz     r0,20(r1)
    2494:	38 21 00 10 	addi    r1,r1,16
    2498:	7c 08 03 a6 	mtlr    r0
    249c:	4e 80 00 20 	blr
    24a0:	94 21 ff f0 	stwu    r1,-16(r1)
    24a4:	7c 08 02 a6 	mflr    r0
    24a8:	3d 20 00 01 	lis     r9,1
    24ac:	81 29 04 f8 	lwz     r9,1272(r9)
    24b0:	90 01 00 14 	stw     r0,20(r1)
    24b4:	7d 23 4b 78 	mr      r3,r9
    24b8:	80 09 00 68 	lwz     r0,104(r9)
    24bc:	7c 09 03 a6 	mtctr   r0
    24c0:	4e 80 04 21 	bctrl
    24c4:	80 01 00 14 	lwz     r0,20(r1)
    24c8:	38 21 00 10 	addi    r1,r1,16
    24cc:	7c 08 03 a6 	mtlr    r0
    24d0:	4e 80 00 20 	blr
    24d4:	94 21 ff f0 	stwu    r1,-16(r1)
    24d8:	7c 08 02 a6 	mflr    r0
    24dc:	3d 20 00 01 	lis     r9,1
    24e0:	81 29 04 a4 	lwz     r9,1188(r9)
    24e4:	90 01 00 14 	stw     r0,20(r1)
    24e8:	7d 23 4b 78 	mr      r3,r9
    24ec:	80 09 01 20 	lwz     r0,288(r9)
    24f0:	7c 09 03 a6 	mtctr   r0
    24f4:	4e 80 04 21 	bctrl
    24f8:	80 01 00 14 	lwz     r0,20(r1)
    24fc:	38 21 00 10 	addi    r1,r1,16
    2500:	7c 08 03 a6 	mtlr    r0
    2504:	4e 80 00 20 	blr
    2508:	3c 60 00 01 	lis     r3,1
    250c:	38 63 05 24 	addi    r3,r3,1316
    2510:	4e 80 00 20 	blr
    2514:	94 21 ff c0 	stwu    r1,-64(r1)
    2518:	7c 08 02 a6 	mflr    r0
    251c:	7c a4 2b 78 	mr      r4,r5
    2520:	90 01 00 44 	stw     r0,68(r1)
    2524:	93 21 00 24 	stw     r25,36(r1)
    2528:	3f 20 00 01 	lis     r25,1
    252c:	81 39 04 f8 	lwz     r9,1272(r25)
    2530:	93 01 00 20 	stw     r24,32(r1)
    2534:	80 09 00 58 	lwz     r0,88(r9)
    2538:	93 81 00 30 	stw     r28,48(r1)
    253c:	7c bc 2b 78 	mr      r28,r5
    2540:	93 a1 00 34 	stw     r29,52(r1)
    2544:	7c 09 03 a6 	mtctr   r0
    2548:	83 a3 00 10 	lwz     r29,16(r3)
    254c:	7d 23 4b 78 	mr      r3,r9
    2550:	92 c1 00 18 	stw     r22,24(r1)
    2554:	92 e1 00 1c 	stw     r23,28(r1)
    2558:	93 41 00 28 	stw     r26,40(r1)
    255c:	93 61 00 2c 	stw     r27,44(r1)
    2560:	93 c1 00 38 	stw     r30,56(r1)
    2564:	93 e1 00 3c 	stw     r31,60(r1)
    2568:	83 1d 00 04 	lwz     r24,4(r29)
    256c:	4e 80 04 21 	bctrl
    2570:	80 1d 00 00 	lwz     r0,0(r29)
    2574:	70 09 00 01 	andi.   r9,r0,1
    2578:	41 82 00 5c 	beq     25d4 <_start-0x5b98>
    257c:	81 3d 00 08 	lwz     r9,8(r29)
    2580:	81 69 00 00 	lwz     r11,0(r9)
    2584:	7f 83 58 00 	cmpw    cr7,r3,r11
    2588:	41 9e 00 40 	beq     cr7,25c8 <_start-0x5ba4>
    258c:	38 60 00 00 	li      r3,0
    2590:	80 01 00 44 	lwz     r0,68(r1)
    2594:	82 c1 00 18 	lwz     r22,24(r1)
    2598:	7c 08 03 a6 	mtlr    r0
    259c:	82 e1 00 1c 	lwz     r23,28(r1)
    25a0:	83 01 00 20 	lwz     r24,32(r1)
    25a4:	83 21 00 24 	lwz     r25,36(r1)
    25a8:	83 41 00 28 	lwz     r26,40(r1)
    25ac:	83 61 00 2c 	lwz     r27,44(r1)
    25b0:	83 81 00 30 	lwz     r28,48(r1)
    25b4:	83 a1 00 34 	lwz     r29,52(r1)
    25b8:	83 c1 00 38 	lwz     r30,56(r1)
    25bc:	83 e1 00 3c 	lwz     r31,60(r1)
    25c0:	38 21 00 40 	addi    r1,r1,64
    25c4:	4e 80 00 20 	blr
    25c8:	83 09 00 04 	lwz     r24,4(r9)
    25cc:	81 3d 00 04 	lwz     r9,4(r29)
    25d0:	7f 18 48 38 	and     r24,r24,r9
    25d4:	70 09 00 02 	andi.   r9,r0,2
    25d8:	3b 61 00 0c 	addi    r27,r1,12
    25dc:	3b 41 00 08 	addi    r26,r1,8
    25e0:	41 82 00 a0 	beq     2680 <_start-0x5aec>
    25e4:	80 1d 00 0c 	lwz     r0,12(r29)
    25e8:	2f 80 00 04 	cmpwi   cr7,r0,4
    25ec:	41 9e 01 00 	beq     cr7,26ec <_start-0x5a80>
    25f0:	3e c0 00 01 	lis     r22,1
    25f4:	3b 61 00 0c 	addi    r27,r1,12
    25f8:	81 36 05 08 	lwz     r9,1288(r22)
    25fc:	3b 41 00 08 	addi    r26,r1,8
    2600:	2f 89 00 00 	cmpwi   cr7,r9,0
    2604:	40 9d 00 7c 	ble     cr7,2680 <_start-0x5aec>
    2608:	3f e0 00 01 	lis     r31,1
    260c:	3a d6 05 08 	addi    r22,r22,1288
    2610:	3b ff 05 80 	addi    r31,r31,1408
    2614:	3b c0 00 00 	li      r30,0
    2618:	3b 61 00 0c 	addi    r27,r1,12
    261c:	3b 41 00 08 	addi    r26,r1,8
    2620:	3a f9 04 f8 	addi    r23,r25,1272
    2624:	48 00 00 10 	b       2634 <_start-0x5b38>
    2628:	7f 9e 48 00 	cmpw    cr7,r30,r9
    262c:	3b ff 00 1c 	addi    r31,r31,28
    2630:	40 9c 00 50 	bge     cr7,2680 <_start-0x5aec>
    2634:	a8 1f 00 00 	lha     r0,0(r31)
    2638:	3b de 00 01 	addi    r30,r30,1
    263c:	2f 80 00 01 	cmpwi   cr7,r0,1
    2640:	40 9e ff e8 	bne     cr7,2628 <_start-0x5b44>
    2644:	81 37 00 00 	lwz     r9,0(r23)
    2648:	7f 84 e3 78 	mr      r4,r28
    264c:	7f 46 d3 78 	mr      r6,r26
    2650:	80 bf ff f8 	lwz     r5,-8(r31)
    2654:	7f 67 db 78 	mr      r7,r27
    2658:	80 09 00 74 	lwz     r0,116(r9)
    265c:	7d 23 4b 78 	mr      r3,r9
    2660:	7c 09 03 a6 	mtctr   r0
    2664:	4e 80 04 21 	bctrl
    2668:	2f 83 00 00 	cmpwi   cr7,r3,0
    266c:	41 be ff 20 	beq     cr7,258c <_start-0x5be0>
    2670:	81 36 00 00 	lwz     r9,0(r22)
    2674:	3b ff 00 1c 	addi    r31,r31,28
    2678:	7f 9e 48 00 	cmpw    cr7,r30,r9
    267c:	41 9c ff b8 	blt     cr7,2634 <_start-0x5b38>
    2680:	81 39 04 f8 	lwz     r9,1272(r25)
    2684:	7f 84 e3 78 	mr      r4,r28
    2688:	7f 05 c3 78 	mr      r5,r24
    268c:	7f 46 d3 78 	mr      r6,r26
    2690:	7f 67 db 78 	mr      r7,r27
    2694:	80 09 00 74 	lwz     r0,116(r9)
    2698:	7d 23 4b 78 	mr      r3,r9
    269c:	7c 09 03 a6 	mtctr   r0
    26a0:	4e 80 04 21 	bctrl
    26a4:	2f 83 00 00 	cmpwi   cr7,r3,0
    26a8:	41 be fe e4 	beq     cr7,258c <_start-0x5be0>
    26ac:	80 01 00 08 	lwz     r0,8(r1)
    26b0:	81 3d 00 10 	lwz     r9,16(r29)
    26b4:	7f 89 00 40 	cmplw   cr7,r9,r0
    26b8:	41 bd fe d4 	bgt     cr7,258c <_start-0x5be0>
    26bc:	81 3d 00 18 	lwz     r9,24(r29)
    26c0:	7f 80 48 40 	cmplw   cr7,r0,r9
    26c4:	41 bd fe c8 	bgt     cr7,258c <_start-0x5be0>
    26c8:	80 01 00 0c 	lwz     r0,12(r1)
    26cc:	81 3d 00 14 	lwz     r9,20(r29)
    26d0:	7f 89 00 40 	cmplw   cr7,r9,r0
    26d4:	41 bd fe b8 	bgt     cr7,258c <_start-0x5be0>
    26d8:	80 7d 00 1c 	lwz     r3,28(r29)
    26dc:	7c 60 18 10 	subfc   r3,r0,r3
    26e0:	38 60 00 00 	li      r3,0
    26e4:	7c 63 19 14 	adde    r3,r3,r3
    26e8:	4b ff fe a8 	b       2590 <_start-0x5bdc>
    26ec:	3d 20 00 01 	lis     r9,1
    26f0:	39 60 00 00 	li      r11,0
    26f4:	81 49 05 08 	lwz     r10,1288(r9)
    26f8:	2f 8a 00 00 	cmpwi   cr7,r10,0
    26fc:	40 9d 00 3c 	ble     cr7,2738 <_start-0x5a34>
    2700:	3d 20 00 01 	lis     r9,1
    2704:	7d 49 03 a6 	mtctr   r10
    2708:	80 09 05 74 	lwz     r0,1396(r9)
    270c:	39 09 05 74 	addi    r8,r9,1396
    2710:	39 28 00 1c 	addi    r9,r8,28
    2714:	7f 83 00 00 	cmpw    cr7,r3,r0
    2718:	40 be 00 18 	bne     cr7,2730 <_start-0x5a3c>
    271c:	48 00 00 30 	b       274c <_start-0x5a20>
    2720:	80 09 00 00 	lwz     r0,0(r9)
    2724:	39 29 00 1c 	addi    r9,r9,28
    2728:	7f 83 00 00 	cmpw    cr7,r3,r0
    272c:	41 9e 00 20 	beq     cr7,274c <_start-0x5a20>
    2730:	39 6b 00 01 	addi    r11,r11,1
    2734:	42 00 ff ec 	bdnz    2720 <_start-0x5a4c>
    2738:	7f 8a 58 00 	cmpw    cr7,r10,r11
    273c:	3b 61 00 0c 	addi    r27,r1,12
    2740:	3b 41 00 08 	addi    r26,r1,8
    2744:	40 9e ff 3c 	bne     cr7,2680 <_start-0x5aec>
    2748:	4b ff fe 44 	b       258c <_start-0x5be0>
    274c:	1d 6b 00 1c 	mulli   r11,r11,28
    2750:	80 1d 00 04 	lwz     r0,4(r29)
    2754:	3b 61 00 0c 	addi    r27,r1,12
    2758:	3b 41 00 08 	addi    r26,r1,8
    275c:	7d 08 5a 14 	add     r8,r8,r11
    2760:	83 08 00 04 	lwz     r24,4(r8)
    2764:	7f 18 00 38 	and     r24,r24,r0
    2768:	4b ff ff 18 	b       2680 <_start-0x5aec>
    276c:	94 21 ff 80 	stwu    r1,-128(r1)
    2770:	7c 08 02 a6 	mflr    r0
    2774:	93 e1 00 7c 	stw     r31,124(r1)
    2778:	3f e0 00 01 	lis     r31,1
    277c:	90 01 00 84 	stw     r0,132(r1)
    2780:	81 3f 04 c8 	lwz     r9,1224(r31)
    2784:	93 a1 00 74 	stw     r29,116(r1)
    2788:	3b a0 ff ff 	li      r29,-1
    278c:	80 09 00 54 	lwz     r0,84(r9)
    2790:	7d 23 4b 78 	mr      r3,r9
    2794:	93 c1 00 78 	stw     r30,120(r1)
    2798:	93 61 00 6c 	stw     r27,108(r1)
    279c:	7c 09 03 a6 	mtctr   r0
    27a0:	93 81 00 70 	stw     r28,112(r1)
    27a4:	4e 80 04 21 	bctrl
    27a8:	7c 7e 1b 79 	mr.     r30,r3
    27ac:	41 82 00 ec 	beq     2898 <_start-0x58d4>
    27b0:	81 3f 04 c8 	lwz     r9,1224(r31)
    27b4:	38 00 00 00 	li      r0,0
    27b8:	3c 80 80 20 	lis     r4,-32736
    27bc:	90 01 00 34 	stw     r0,52(r1)
    27c0:	60 84 20 00 	ori     r4,r4,8192
    27c4:	7f c5 f3 78 	mr      r5,r30
    27c8:	80 09 00 60 	lwz     r0,96(r9)
    27cc:	7d 23 4b 78 	mr      r3,r9
    27d0:	7c 09 03 a6 	mtctr   r0
    27d4:	4e 80 04 21 	bctrl
    27d8:	2c 03 00 00 	cmpwi   r3,0
    27dc:	41 82 00 18 	beq     27f4 <_start-0x5978>
    27e0:	80 01 00 34 	lwz     r0,52(r1)
    27e4:	81 23 00 04 	lwz     r9,4(r3)
    27e8:	60 00 00 01 	ori     r0,r0,1
    27ec:	91 21 00 3c 	stw     r9,60(r1)
    27f0:	90 01 00 34 	stw     r0,52(r1)
    27f4:	81 3f 04 c8 	lwz     r9,1224(r31)
    27f8:	3c 80 80 20 	lis     r4,-32736
    27fc:	7f c5 f3 78 	mr      r5,r30
    2800:	60 84 20 01 	ori     r4,r4,8193
    2804:	3b a0 ff ff 	li      r29,-1
    2808:	80 09 00 60 	lwz     r0,96(r9)
    280c:	7d 23 4b 78 	mr      r3,r9
    2810:	7c 09 03 a6 	mtctr   r0
    2814:	4e 80 04 21 	bctrl
    2818:	2c 03 00 00 	cmpwi   r3,0
    281c:	41 82 00 1c 	beq     2838 <_start-0x5934>
    2820:	80 01 00 34 	lwz     r0,52(r1)
    2824:	83 a3 00 04 	lwz     r29,4(r3)
    2828:	70 09 00 01 	andi.   r9,r0,1
    282c:	40 82 00 94 	bne     28c0 <_start-0x58ac>
    2830:	60 00 00 04 	ori     r0,r0,4
    2834:	90 01 00 34 	stw     r0,52(r1)
    2838:	81 3f 04 c8 	lwz     r9,1224(r31)
    283c:	3c 80 80 20 	lis     r4,-32736
    2840:	7f c5 f3 78 	mr      r5,r30
    2844:	60 84 20 02 	ori     r4,r4,8194
    2848:	80 09 00 60 	lwz     r0,96(r9)
    284c:	7d 23 4b 78 	mr      r3,r9
    2850:	7c 09 03 a6 	mtctr   r0
    2854:	4e 80 04 21 	bctrl
    2858:	2c 03 00 00 	cmpwi   r3,0
    285c:	41 82 02 ac 	beq     2b08 <_start-0x5664>
    2860:	80 01 00 34 	lwz     r0,52(r1)
    2864:	60 00 00 02 	ori     r0,r0,2
    2868:	90 01 00 34 	stw     r0,52(r1)
    286c:	81 23 00 04 	lwz     r9,4(r3)
    2870:	91 21 00 40 	stw     r9,64(r1)
    2874:	2f 80 00 00 	cmpwi   cr7,r0,0
    2878:	40 9e 00 58 	bne     cr7,28d0 <_start-0x589c>
    287c:	3b a0 ff ff 	li      r29,-1
    2880:	81 3f 04 c8 	lwz     r9,1224(r31)
    2884:	7f c4 f3 78 	mr      r4,r30
    2888:	80 09 00 64 	lwz     r0,100(r9)
    288c:	7d 23 4b 78 	mr      r3,r9
    2890:	7c 09 03 a6 	mtctr   r0
    2894:	4e 80 04 21 	bctrl
    2898:	80 01 00 84 	lwz     r0,132(r1)
    289c:	7f a3 eb 78 	mr      r3,r29
    28a0:	83 61 00 6c 	lwz     r27,108(r1)
    28a4:	7c 08 03 a6 	mtlr    r0
    28a8:	83 81 00 70 	lwz     r28,112(r1)
    28ac:	83 a1 00 74 	lwz     r29,116(r1)
    28b0:	83 c1 00 78 	lwz     r30,120(r1)
    28b4:	83 e1 00 7c 	lwz     r31,124(r1)
    28b8:	38 21 00 80 	addi    r1,r1,128
    28bc:	4e 80 00 20 	blr
    28c0:	81 21 00 3c 	lwz     r9,60(r1)
    28c4:	81 29 00 04 	lwz     r9,4(r9)
    28c8:	7f bd 48 38 	and     r29,r29,r9
    28cc:	4b ff ff 64 	b       2830 <_start-0x593c>
    28d0:	81 3f 04 c8 	lwz     r9,1224(r31)
    28d4:	38 00 27 10 	li      r0,10000
    28d8:	39 60 00 00 	li      r11,0
    28dc:	90 01 00 50 	stw     r0,80(r1)
    28e0:	3c 80 80 20 	lis     r4,-32736
    28e4:	7f c5 f3 78 	mr      r5,r30
    28e8:	90 01 00 4c 	stw     r0,76(r1)
    28ec:	7d 23 4b 78 	mr      r3,r9
    28f0:	60 84 20 00 	ori     r4,r4,8192
    28f4:	80 09 00 60 	lwz     r0,96(r9)
    28f8:	91 61 00 48 	stw     r11,72(r1)
    28fc:	93 a1 00 38 	stw     r29,56(r1)
    2900:	7c 09 03 a6 	mtctr   r0
    2904:	91 61 00 44 	stw     r11,68(r1)
    2908:	4e 80 04 21 	bctrl
    290c:	2c 03 00 00 	cmpwi   r3,0
    2910:	41 82 00 0c 	beq     291c <_start-0x5850>
    2914:	38 00 00 01 	li      r0,1
    2918:	90 03 00 00 	stw     r0,0(r3)
    291c:	81 3f 04 c8 	lwz     r9,1224(r31)
    2920:	3c 80 80 20 	lis     r4,-32736
    2924:	7f c5 f3 78 	mr      r5,r30
    2928:	60 84 20 01 	ori     r4,r4,8193
    292c:	80 09 00 60 	lwz     r0,96(r9)
    2930:	7d 23 4b 78 	mr      r3,r9
    2934:	7c 09 03 a6 	mtctr   r0
    2938:	4e 80 04 21 	bctrl
    293c:	2c 03 00 00 	cmpwi   r3,0
    2940:	41 82 00 0c 	beq     294c <_start-0x5820>
    2944:	38 00 00 01 	li      r0,1
    2948:	90 03 00 00 	stw     r0,0(r3)
    294c:	81 3f 04 c8 	lwz     r9,1224(r31)
    2950:	3c 80 80 20 	lis     r4,-32736
    2954:	7f c5 f3 78 	mr      r5,r30
    2958:	60 84 20 02 	ori     r4,r4,8194
    295c:	80 09 00 60 	lwz     r0,96(r9)
    2960:	7d 23 4b 78 	mr      r3,r9
    2964:	7c 09 03 a6 	mtctr   r0
    2968:	4e 80 04 21 	bctrl
    296c:	2c 03 00 00 	cmpwi   r3,0
    2970:	41 82 00 0c 	beq     297c <_start-0x57f0>
    2974:	38 00 00 01 	li      r0,1
    2978:	90 03 00 00 	stw     r0,0(r3)
    297c:	81 3f 04 c8 	lwz     r9,1224(r31)
    2980:	3c 80 80 20 	lis     r4,-32736
    2984:	7f c5 f3 78 	mr      r5,r30
    2988:	60 84 20 03 	ori     r4,r4,8195
    298c:	3f a0 00 01 	lis     r29,1
    2990:	80 09 00 60 	lwz     r0,96(r9)
    2994:	7d 23 4b 78 	mr      r3,r9
    2998:	7c 09 03 a6 	mtctr   r0
    299c:	4e 80 04 21 	bctrl
    29a0:	2c 03 00 00 	cmpwi   r3,0
    29a4:	41 82 00 b8 	beq     2a5c <_start-0x5710>
    29a8:	a8 03 00 06 	lha     r0,6(r3)
    29ac:	2f 80 00 00 	cmpwi   cr7,r0,0
    29b0:	38 00 00 01 	li      r0,1
    29b4:	90 03 00 00 	stw     r0,0(r3)
    29b8:	41 be 00 a4 	beq     cr7,2a5c <_start-0x5710>
    29bc:	81 3d 04 c8 	lwz     r9,1224(r29)
    29c0:	3c 80 80 08 	lis     r4,-32760
    29c4:	38 a0 00 00 	li      r5,0
    29c8:	60 84 00 74 	ori     r4,r4,116
    29cc:	7f c6 f3 78 	mr      r6,r30
    29d0:	80 09 00 68 	lwz     r0,104(r9)
    29d4:	7d 23 4b 78 	mr      r3,r9
    29d8:	7c 09 03 a6 	mtctr   r0
    29dc:	4e 80 04 21 	bctrl
    29e0:	81 3d 04 c8 	lwz     r9,1224(r29)
    29e4:	3c 80 80 08 	lis     r4,-32760
    29e8:	38 a0 00 00 	li      r5,0
    29ec:	90 61 00 44 	stw     r3,68(r1)
    29f0:	60 84 00 76 	ori     r4,r4,118
    29f4:	7f c6 f3 78 	mr      r6,r30
    29f8:	80 09 00 68 	lwz     r0,104(r9)
    29fc:	7d 23 4b 78 	mr      r3,r9
    2a00:	7c 09 03 a6 	mtctr   r0
    2a04:	4e 80 04 21 	bctrl
    2a08:	81 3d 04 c8 	lwz     r9,1224(r29)
    2a0c:	3c 80 80 08 	lis     r4,-32760
    2a10:	38 a0 27 10 	li      r5,10000
    2a14:	90 61 00 48 	stw     r3,72(r1)
    2a18:	60 84 00 75 	ori     r4,r4,117
    2a1c:	7f c6 f3 78 	mr      r6,r30
    2a20:	80 09 00 68 	lwz     r0,104(r9)
    2a24:	7d 23 4b 78 	mr      r3,r9
    2a28:	7c 09 03 a6 	mtctr   r0
    2a2c:	4e 80 04 21 	bctrl
    2a30:	81 3d 04 c8 	lwz     r9,1224(r29)
    2a34:	3c 80 80 08 	lis     r4,-32760
    2a38:	38 a0 27 10 	li      r5,10000
    2a3c:	90 61 00 4c 	stw     r3,76(r1)
    2a40:	60 84 00 77 	ori     r4,r4,119
    2a44:	7f c6 f3 78 	mr      r6,r30
    2a48:	80 09 00 68 	lwz     r0,104(r9)
    2a4c:	7d 23 4b 78 	mr      r3,r9
    2a50:	7c 09 03 a6 	mtctr   r0
    2a54:	4e 80 04 21 	bctrl
    2a58:	90 61 00 50 	stw     r3,80(r1)
    2a5c:	3b a0 00 00 	li      r29,0
    2a60:	3d 60 00 00 	lis     r11,0
    2a64:	93 a1 00 08 	stw     r29,8(r1)
    2a68:	3f 80 00 01 	lis     r28,1
    2a6c:	38 0b 25 14 	addi    r0,r11,9492
    2a70:	81 3c 04 c0 	lwz     r9,1216(r28)
    2a74:	38 80 00 02 	li      r4,2
    2a78:	90 01 00 28 	stw     r0,40(r1)
    2a7c:	38 01 00 34 	addi    r0,r1,52
    2a80:	90 01 00 30 	stw     r0,48(r1)
    2a84:	7d 23 4b 78 	mr      r3,r9
    2a88:	80 09 00 5c 	lwz     r0,92(r9)
    2a8c:	93 a1 00 2c 	stw     r29,44(r1)
    2a90:	7c 09 03 a6 	mtctr   r0
    2a94:	4e 80 04 21 	bctrl
    2a98:	7c 7b 1b 79 	mr.     r27,r3
    2a9c:	41 a2 fd e0 	beq     287c <_start-0x58f0>
    2aa0:	3c 00 80 08 	lis     r0,-32760
    2aa4:	93 a1 00 18 	stw     r29,24(r1)
    2aa8:	7f 64 db 78 	mr      r4,r27
    2aac:	60 00 00 7a 	ori     r0,r0,122
    2ab0:	93 c1 00 14 	stw     r30,20(r1)
    2ab4:	3b a0 ff ff 	li      r29,-1
    2ab8:	90 01 00 08 	stw     r0,8(r1)
    2abc:	38 01 00 20 	addi    r0,r1,32
    2ac0:	90 01 00 0c 	stw     r0,12(r1)
    2ac4:	38 00 00 02 	li      r0,2
    2ac8:	90 01 00 10 	stw     r0,16(r1)
    2acc:	81 3c 04 c0 	lwz     r9,1216(r28)
    2ad0:	80 09 00 68 	lwz     r0,104(r9)
    2ad4:	7d 23 4b 78 	mr      r3,r9
    2ad8:	7c 09 03 a6 	mtctr   r0
    2adc:	4e 80 04 21 	bctrl
    2ae0:	2f 83 00 00 	cmpwi   cr7,r3,0
    2ae4:	41 9e 00 08 	beq     cr7,2aec <_start-0x5680>
    2ae8:	83 bb 00 00 	lwz     r29,0(r27)
    2aec:	81 3c 04 c0 	lwz     r9,1216(r28)
    2af0:	7f 64 db 78 	mr      r4,r27
    2af4:	80 09 00 60 	lwz     r0,96(r9)
    2af8:	7d 23 4b 78 	mr      r3,r9
    2afc:	7c 09 03 a6 	mtctr   r0
    2b00:	4e 80 04 21 	bctrl
    2b04:	4b ff fd 7c 	b       2880 <_start-0x58ec>
    2b08:	80 01 00 34 	lwz     r0,52(r1)
    2b0c:	4b ff fd 68 	b       2874 <_start-0x58f8>
    2b10:	94 21 ff b0 	stwu    r1,-80(r1)
    2b14:	7c 08 02 a6 	mflr    r0
    2b18:	93 41 00 38 	stw     r26,56(r1)
    2b1c:	3f 40 00 01 	lis     r26,1
    2b20:	90 01 00 54 	stw     r0,84(r1)
    2b24:	81 3a 04 f8 	lwz     r9,1272(r26)
    2b28:	93 21 00 34 	stw     r25,52(r1)
    2b2c:	3f 20 00 01 	lis     r25,1
    2b30:	80 09 00 58 	lwz     r0,88(r9)
    2b34:	7d 23 4b 78 	mr      r3,r9
    2b38:	93 81 00 40 	stw     r28,64(r1)
    2b3c:	7c 9c 23 78 	mr      r28,r4
    2b40:	93 a1 00 44 	stw     r29,68(r1)
    2b44:	7c 09 03 a6 	mtctr   r0
    2b48:	92 a1 00 24 	stw     r21,36(r1)
    2b4c:	92 c1 00 28 	stw     r22,40(r1)
    2b50:	92 e1 00 2c 	stw     r23,44(r1)
    2b54:	93 01 00 30 	stw     r24,48(r1)
    2b58:	93 61 00 3c 	stw     r27,60(r1)
    2b5c:	93 c1 00 48 	stw     r30,72(r1)
    2b60:	93 e1 00 4c 	stw     r31,76(r1)
    2b64:	4e 80 04 21 	bctrl
    2b68:	80 19 05 08 	lwz     r0,1288(r25)
    2b6c:	7c 7d 1b 78 	mr      r29,r3
    2b70:	2f 80 00 00 	cmpwi   cr7,r0,0
    2b74:	40 9d 00 d4 	ble     cr7,2c48 <_start-0x5524>
    2b78:	3e c0 00 01 	lis     r22,1
    2b7c:	3b c0 00 00 	li      r30,0
    2b80:	3a d6 05 74 	addi    r22,r22,1396
    2b84:	3a ba 04 f8 	addi    r21,r26,1272
    2b88:	7e df b3 78 	mr      r31,r22
    2b8c:	3a e1 00 10 	addi    r23,r1,16
    2b90:	3b 01 00 14 	addi    r24,r1,20
    2b94:	3b 79 05 08 	addi    r27,r25,1288
    2b98:	48 00 00 14 	b       2bac <_start-0x55c0>
    2b9c:	3b de 00 01 	addi    r30,r30,1
    2ba0:	3b ff 00 1c 	addi    r31,r31,28
    2ba4:	7f 9e 00 00 	cmpw    cr7,r30,r0
    2ba8:	40 9c 00 30 	bge     cr7,2bd8 <_start-0x5594>
    2bac:	81 3f 00 00 	lwz     r9,0(r31)
    2bb0:	7f 9d 48 00 	cmpw    cr7,r29,r9
    2bb4:	40 9e ff e8 	bne     cr7,2b9c <_start-0x55d0>
    2bb8:	a8 1f 00 0c 	lha     r0,12(r31)
    2bbc:	2f 80 00 00 	cmpwi   cr7,r0,0
    2bc0:	41 9e 00 c8 	beq     cr7,2c88 <_start-0x54e4>
    2bc4:	80 1b 00 00 	lwz     r0,0(r27)
    2bc8:	3b de 00 01 	addi    r30,r30,1
    2bcc:	3b ff 00 1c 	addi    r31,r31,28
    2bd0:	7f 9e 00 00 	cmpw    cr7,r30,r0
    2bd4:	41 9c ff d8 	blt     cr7,2bac <_start-0x55c0>
    2bd8:	2f 80 00 00 	cmpwi   cr7,r0,0
    2bdc:	40 9d 00 6c 	ble     cr7,2c48 <_start-0x5524>
    2be0:	3f e0 00 01 	lis     r31,1
    2be4:	3b 5a 04 f8 	addi    r26,r26,1272
    2be8:	3b ff 05 80 	addi    r31,r31,1408
    2bec:	3b 39 05 08 	addi    r25,r25,1288
    2bf0:	3b c0 00 00 	li      r30,0
    2bf4:	3b 61 00 0c 	addi    r27,r1,12
    2bf8:	3b a1 00 08 	addi    r29,r1,8
    2bfc:	a9 3f 00 00 	lha     r9,0(r31)
    2c00:	7f 84 e3 78 	mr      r4,r28
    2c04:	7f a6 eb 78 	mr      r6,r29
    2c08:	7f 67 db 78 	mr      r7,r27
    2c0c:	2f 89 00 01 	cmpwi   cr7,r9,1
    2c10:	40 9e 00 28 	bne     cr7,2c38 <_start-0x5534>
    2c14:	81 3a 00 00 	lwz     r9,0(r26)
    2c18:	80 bf ff f8 	lwz     r5,-8(r31)
    2c1c:	80 09 00 74 	lwz     r0,116(r9)
    2c20:	7d 23 4b 78 	mr      r3,r9
    2c24:	7c 09 03 a6 	mtctr   r0
    2c28:	4e 80 04 21 	bctrl
    2c2c:	2f 83 00 01 	cmpwi   cr7,r3,1
    2c30:	41 9e 00 84 	beq     cr7,2cb4 <_start-0x54b8>
    2c34:	80 19 00 00 	lwz     r0,0(r25)
    2c38:	3b de 00 01 	addi    r30,r30,1
    2c3c:	3b ff 00 1c 	addi    r31,r31,28
    2c40:	7f 9e 00 00 	cmpw    cr7,r30,r0
    2c44:	41 9c ff b8 	blt     cr7,2bfc <_start-0x5570>
    2c48:	80 01 00 54 	lwz     r0,84(r1)
    2c4c:	38 60 00 00 	li      r3,0
    2c50:	82 a1 00 24 	lwz     r21,36(r1)
    2c54:	7c 08 03 a6 	mtlr    r0
    2c58:	82 c1 00 28 	lwz     r22,40(r1)
    2c5c:	82 e1 00 2c 	lwz     r23,44(r1)
    2c60:	83 01 00 30 	lwz     r24,48(r1)
    2c64:	83 21 00 34 	lwz     r25,52(r1)
    2c68:	83 41 00 38 	lwz     r26,56(r1)
    2c6c:	83 61 00 3c 	lwz     r27,60(r1)
    2c70:	83 81 00 40 	lwz     r28,64(r1)
    2c74:	83 a1 00 44 	lwz     r29,68(r1)
    2c78:	83 c1 00 48 	lwz     r30,72(r1)
    2c7c:	83 e1 00 4c 	lwz     r31,76(r1)
    2c80:	38 21 00 50 	addi    r1,r1,80
    2c84:	4e 80 00 20 	blr
    2c88:	81 35 00 00 	lwz     r9,0(r21)
    2c8c:	7f 84 e3 78 	mr      r4,r28
    2c90:	7e e6 bb 78 	mr      r6,r23
    2c94:	80 bf 00 04 	lwz     r5,4(r31)
    2c98:	7f 07 c3 78 	mr      r7,r24
    2c9c:	80 09 00 74 	lwz     r0,116(r9)
    2ca0:	7d 23 4b 78 	mr      r3,r9
    2ca4:	7c 09 03 a6 	mtctr   r0
    2ca8:	4e 80 04 21 	bctrl
    2cac:	2f 83 00 01 	cmpwi   cr7,r3,1
    2cb0:	40 9e ff 14 	bne     cr7,2bc4 <_start-0x55a8>
    2cb4:	80 01 00 54 	lwz     r0,84(r1)
    2cb8:	1c 7e 00 1c 	mulli   r3,r30,28
    2cbc:	82 a1 00 24 	lwz     r21,36(r1)
    2cc0:	7c 08 03 a6 	mtlr    r0
    2cc4:	7c 76 1a 14 	add     r3,r22,r3
    2cc8:	82 e1 00 2c 	lwz     r23,44(r1)
    2ccc:	82 c1 00 28 	lwz     r22,40(r1)
    2cd0:	83 01 00 30 	lwz     r24,48(r1)
    2cd4:	83 21 00 34 	lwz     r25,52(r1)
    2cd8:	83 41 00 38 	lwz     r26,56(r1)
    2cdc:	83 61 00 3c 	lwz     r27,60(r1)
    2ce0:	83 81 00 40 	lwz     r28,64(r1)
    2ce4:	83 a1 00 44 	lwz     r29,68(r1)
    2ce8:	83 c1 00 48 	lwz     r30,72(r1)
    2cec:	83 e1 00 4c 	lwz     r31,76(r1)
    2cf0:	38 21 00 50 	addi    r1,r1,80
    2cf4:	4e 80 00 20 	blr
    2cf8:	7c 89 23 79 	mr.     r9,r4
    2cfc:	94 21 ff f0 	stwu    r1,-16(r1)
    2d00:	7c 08 02 a6 	mflr    r0
    2d04:	93 c1 00 08 	stw     r30,8(r1)
    2d08:	90 01 00 14 	stw     r0,20(r1)
    2d0c:	93 e1 00 0c 	stw     r31,12(r1)
    2d10:	41 82 00 34 	beq     2d44 <_start-0x5428>
    2d14:	3f c0 00 01 	lis     r30,1
    2d18:	3b de 04 e0 	addi    r30,r30,1248
    2d1c:	81 7e 00 00 	lwz     r11,0(r30)
    2d20:	7d 24 4b 78 	mr      r4,r9
    2d24:	83 e9 00 34 	lwz     r31,52(r9)
    2d28:	80 0b 00 ac 	lwz     r0,172(r11)
    2d2c:	7d 63 5b 78 	mr      r3,r11
    2d30:	7c 09 03 a6 	mtctr   r0
    2d34:	4e 80 04 21 	bctrl
    2d38:	2f 9f 00 00 	cmpwi   cr7,r31,0
    2d3c:	7f e9 fb 78 	mr      r9,r31
    2d40:	40 9e ff dc 	bne     cr7,2d1c <_start-0x5450>
    2d44:	80 01 00 14 	lwz     r0,20(r1)
    2d48:	83 c1 00 08 	lwz     r30,8(r1)
    2d4c:	7c 08 03 a6 	mtlr    r0
    2d50:	83 e1 00 0c 	lwz     r31,12(r1)
    2d54:	38 21 00 10 	addi    r1,r1,16
    2d58:	4e 80 00 20 	blr
    2d5c:	94 21 ff e0 	stwu    r1,-32(r1)
    2d60:	7c 08 02 a6 	mflr    r0
    2d64:	38 a0 00 00 	li      r5,0
    2d68:	90 01 00 24 	stw     r0,36(r1)
    2d6c:	93 81 00 10 	stw     r28,16(r1)
    2d70:	3f 80 00 01 	lis     r28,1
    2d74:	81 3c 04 c8 	lwz     r9,1224(r28)
    2d78:	93 a1 00 14 	stw     r29,20(r1)
    2d7c:	7c 9d 23 78 	mr      r29,r4
    2d80:	3c 80 80 20 	lis     r4,-32736
    2d84:	80 09 00 68 	lwz     r0,104(r9)
    2d88:	60 84 30 00 	ori     r4,r4,12288
    2d8c:	7f a6 eb 78 	mr      r6,r29
    2d90:	93 41 00 08 	stw     r26,8(r1)
    2d94:	7c 09 03 a6 	mtctr   r0
    2d98:	93 61 00 0c 	stw     r27,12(r1)
    2d9c:	93 c1 00 18 	stw     r30,24(r1)
    2da0:	7c 7e 1b 78 	mr      r30,r3
    2da4:	7d 23 4b 78 	mr      r3,r9
    2da8:	93 e1 00 1c 	stw     r31,28(r1)
    2dac:	4e 80 04 21 	bctrl
    2db0:	81 3c 04 c8 	lwz     r9,1224(r28)
    2db4:	3c 80 80 20 	lis     r4,-32736
    2db8:	38 a0 ff ff 	li      r5,-1
    2dbc:	60 84 30 01 	ori     r4,r4,12289
    2dc0:	7f a6 eb 78 	mr      r6,r29
    2dc4:	80 09 00 68 	lwz     r0,104(r9)
    2dc8:	7c 7f 1b 78 	mr      r31,r3
    2dcc:	7d 23 4b 78 	mr      r3,r9
    2dd0:	7c 09 03 a6 	mtctr   r0
    2dd4:	4e 80 04 21 	bctrl
    2dd8:	81 3c 04 c8 	lwz     r9,1224(r28)
    2ddc:	3c 80 80 20 	lis     r4,-32736
    2de0:	38 a0 ff ff 	li      r5,-1
    2de4:	60 84 30 02 	ori     r4,r4,12290
    2de8:	7f a6 eb 78 	mr      r6,r29
    2dec:	80 09 00 68 	lwz     r0,104(r9)
    2df0:	7c 7b 1b 78 	mr      r27,r3
    2df4:	7d 23 4b 78 	mr      r3,r9
    2df8:	7c 09 03 a6 	mtctr   r0
    2dfc:	4e 80 04 21 	bctrl
    2e00:	81 3c 04 c8 	lwz     r9,1224(r28)
    2e04:	3c 80 80 20 	lis     r4,-32736
    2e08:	7f a6 eb 78 	mr      r6,r29
    2e0c:	60 84 30 03 	ori     r4,r4,12291
    2e10:	38 a0 00 01 	li      r5,1
    2e14:	80 09 00 68 	lwz     r0,104(r9)
    2e18:	7c 7a 1b 78 	mr      r26,r3
    2e1c:	7d 23 4b 78 	mr      r3,r9
    2e20:	7c 09 03 a6 	mtctr   r0
    2e24:	4e 80 04 21 	bctrl
    2e28:	80 1e 01 80 	lwz     r0,384(r30)
    2e2c:	7c 7c 1b 78 	mr      r28,r3
    2e30:	7f c3 f3 78 	mr      r3,r30
    2e34:	7c 09 03 a6 	mtctr   r0
    2e38:	4e 80 04 21 	bctrl
    2e3c:	7c 64 1b 79 	mr.     r4,r3
    2e40:	41 82 02 18 	beq     3058 <_start-0x5114>
    2e44:	2f 9f 00 00 	cmpwi   cr7,r31,0
    2e48:	41 9e 01 9c 	beq     cr7,2fe4 <_start-0x5188>
    2e4c:	2f 9a ff ff 	cmpwi   cr7,r26,-1
    2e50:	41 9e 01 2c 	beq     cr7,2f7c <_start-0x51f0>
    2e54:	2f 9b ff ff 	cmpwi   cr7,r27,-1
    2e58:	41 9e 00 bc 	beq     cr7,2f14 <_start-0x5258>
    2e5c:	7c 89 23 78 	mr      r9,r4
    2e60:	39 00 27 10 	li      r8,10000
    2e64:	3b a0 ff ff 	li      r29,-1
    2e68:	48 00 00 10 	b       2e78 <_start-0x52f4>
    2e6c:	81 29 00 34 	lwz     r9,52(r9)
    2e70:	2f 89 00 00 	cmpwi   cr7,r9,0
    2e74:	41 9e 00 64 	beq     cr7,2ed8 <_start-0x5294>
    2e78:	80 09 00 30 	lwz     r0,48(r9)
    2e7c:	7f 80 f8 00 	cmpw    cr7,r0,r31
    2e80:	40 9e ff ec 	bne     cr7,2e6c <_start-0x5300>
    2e84:	80 09 00 04 	lwz     r0,4(r9)
    2e88:	7f 9b 00 40 	cmplw   cr7,r27,r0
    2e8c:	41 bd ff e0 	bgt     cr7,2e6c <_start-0x5300>
    2e90:	81 69 00 08 	lwz     r11,8(r9)
    2e94:	7c 1b 00 50 	subf    r0,r27,r0
    2e98:	7f 9a 58 40 	cmplw   cr7,r26,r11
    2e9c:	41 bd ff d0 	bgt     cr7,2e6c <_start-0x5300>
    2ea0:	81 49 00 0c 	lwz     r10,12(r9)
    2ea4:	7f 9c 50 40 	cmplw   cr7,r28,r10
    2ea8:	41 bd ff c4 	bgt     cr7,2e6c <_start-0x5300>
    2eac:	7d 6a 5a 14 	add     r11,r10,r11
    2eb0:	7d 7a 58 50 	subf    r11,r26,r11
    2eb4:	7d 7c 58 50 	subf    r11,r28,r11
    2eb8:	7c 00 5a 14 	add     r0,r0,r11
    2ebc:	7f 80 40 40 	cmplw   cr7,r0,r8
    2ec0:	40 bc ff ac 	bge     cr7,2e6c <_start-0x5300>
    2ec4:	83 a9 00 00 	lwz     r29,0(r9)
    2ec8:	7c 08 03 78 	mr      r8,r0
    2ecc:	81 29 00 34 	lwz     r9,52(r9)
    2ed0:	2f 89 00 00 	cmpwi   cr7,r9,0
    2ed4:	40 9e ff a4 	bne     cr7,2e78 <_start-0x52f4>
    2ed8:	80 1e 01 84 	lwz     r0,388(r30)
    2edc:	7f c3 f3 78 	mr      r3,r30
    2ee0:	7c 09 03 a6 	mtctr   r0
    2ee4:	4e 80 04 21 	bctrl
    2ee8:	80 01 00 24 	lwz     r0,36(r1)
    2eec:	7f a3 eb 78 	mr      r3,r29
    2ef0:	83 41 00 08 	lwz     r26,8(r1)
    2ef4:	7c 08 03 a6 	mtlr    r0
    2ef8:	83 61 00 0c 	lwz     r27,12(r1)
    2efc:	83 81 00 10 	lwz     r28,16(r1)
    2f00:	83 a1 00 14 	lwz     r29,20(r1)
    2f04:	83 c1 00 18 	lwz     r30,24(r1)
    2f08:	83 e1 00 1c 	lwz     r31,28(r1)
    2f0c:	38 21 00 20 	addi    r1,r1,32
    2f10:	4e 80 00 20 	blr
    2f14:	7c 89 23 78 	mr      r9,r4
    2f18:	39 60 27 10 	li      r11,10000
    2f1c:	3b a0 ff ff 	li      r29,-1
    2f20:	48 00 00 18 	b       2f38 <_start-0x5234>
    2f24:	81 29 00 34 	lwz     r9,52(r9)
    2f28:	7d 60 5b 78 	mr      r0,r11
    2f2c:	2f 89 00 00 	cmpwi   cr7,r9,0
    2f30:	41 be ff a8 	beq     cr7,2ed8 <_start-0x5294>
    2f34:	7c 0b 03 78 	mr      r11,r0
    2f38:	80 09 00 30 	lwz     r0,48(r9)
    2f3c:	7f 80 f8 00 	cmpw    cr7,r0,r31
    2f40:	40 9e ff e4 	bne     cr7,2f24 <_start-0x5248>
    2f44:	80 09 00 08 	lwz     r0,8(r9)
    2f48:	7f 9a 00 40 	cmplw   cr7,r26,r0
    2f4c:	41 bd ff d8 	bgt     cr7,2f24 <_start-0x5248>
    2f50:	81 49 00 0c 	lwz     r10,12(r9)
    2f54:	7f 9c 50 40 	cmplw   cr7,r28,r10
    2f58:	41 bd ff cc 	bgt     cr7,2f24 <_start-0x5248>
    2f5c:	7c 00 52 14 	add     r0,r0,r10
    2f60:	7c 1c 00 50 	subf    r0,r28,r0
    2f64:	7c 1a 00 50 	subf    r0,r26,r0
    2f68:	7f 8b 00 40 	cmplw   cr7,r11,r0
    2f6c:	40 9d 01 48 	ble     cr7,30b4 <_start-0x50b8>
    2f70:	83 a9 00 00 	lwz     r29,0(r9)
    2f74:	81 29 00 34 	lwz     r9,52(r9)
    2f78:	4b ff ff b4 	b       2f2c <_start-0x5240>
    2f7c:	2f 9b ff ff 	cmpwi   cr7,r27,-1
    2f80:	41 9e 00 e0 	beq     cr7,3060 <_start-0x510c>
    2f84:	7c 89 23 78 	mr      r9,r4
    2f88:	39 40 27 10 	li      r10,10000
    2f8c:	3b a0 ff ff 	li      r29,-1
    2f90:	48 00 00 10 	b       2fa0 <_start-0x51cc>
    2f94:	81 29 00 34 	lwz     r9,52(r9)
    2f98:	2f 89 00 00 	cmpwi   cr7,r9,0
    2f9c:	41 be ff 3c 	beq     cr7,2ed8 <_start-0x5294>
    2fa0:	80 09 00 30 	lwz     r0,48(r9)
    2fa4:	7f 80 f8 00 	cmpw    cr7,r0,r31
    2fa8:	40 9e ff ec 	bne     cr7,2f94 <_start-0x51d8>
    2fac:	80 09 00 04 	lwz     r0,4(r9)
    2fb0:	7f 9b 00 40 	cmplw   cr7,r27,r0
    2fb4:	41 bd ff e0 	bgt     cr7,2f94 <_start-0x51d8>
    2fb8:	81 69 00 0c 	lwz     r11,12(r9)
    2fbc:	7c 1b 00 50 	subf    r0,r27,r0
    2fc0:	7f 9c 58 40 	cmplw   cr7,r28,r11
    2fc4:	41 bd ff d0 	bgt     cr7,2f94 <_start-0x51d8>
    2fc8:	7d 7c 58 50 	subf    r11,r28,r11
    2fcc:	7c 0b 02 14 	add     r0,r11,r0
    2fd0:	7f 8a 00 40 	cmplw   cr7,r10,r0
    2fd4:	40 bd ff c0 	ble     cr7,2f94 <_start-0x51d8>
    2fd8:	7c 0a 03 78 	mr      r10,r0
    2fdc:	83 a9 00 00 	lwz     r29,0(r9)
    2fe0:	4b ff ff b4 	b       2f94 <_start-0x51d8>
    2fe4:	2f 9b ff ff 	cmpwi   cr7,r27,-1
    2fe8:	41 9e 01 30 	beq     cr7,3118 <_start-0x5054>
    2fec:	2f 9a ff ff 	cmpwi   cr7,r26,-1
    2ff0:	41 9e 00 d8 	beq     cr7,30c8 <_start-0x50a4>
    2ff4:	7c 89 23 78 	mr      r9,r4
    2ff8:	39 60 27 10 	li      r11,10000
    2ffc:	3b a0 ff ff 	li      r29,-1
    3000:	80 09 00 04 	lwz     r0,4(r9)
    3004:	7f 9b 00 40 	cmplw   cr7,r27,r0
    3008:	7c 1b 00 50 	subf    r0,r27,r0
    300c:	41 9d 00 3c 	bgt     cr7,3048 <_start-0x5124>
    3010:	81 49 00 08 	lwz     r10,8(r9)
    3014:	7f 9a 50 40 	cmplw   cr7,r26,r10
    3018:	7d 5a 50 50 	subf    r10,r26,r10
    301c:	7c 00 52 14 	add     r0,r0,r10
    3020:	41 9d 00 28 	bgt     cr7,3048 <_start-0x5124>
    3024:	81 49 00 0c 	lwz     r10,12(r9)
    3028:	7f 1c 50 40 	cmplw   cr6,r28,r10
    302c:	7d 1c 50 50 	subf    r8,r28,r10
    3030:	7c 00 42 14 	add     r0,r0,r8
    3034:	7f 8b 00 40 	cmplw   cr7,r11,r0
    3038:	41 99 00 10 	bgt     cr6,3048 <_start-0x5124>
    303c:	40 9d 00 0c 	ble     cr7,3048 <_start-0x5124>
    3040:	83 a9 00 00 	lwz     r29,0(r9)
    3044:	7c 0b 03 78 	mr      r11,r0
    3048:	81 29 00 34 	lwz     r9,52(r9)
    304c:	2f 89 00 00 	cmpwi   cr7,r9,0
    3050:	40 9e ff b0 	bne     cr7,3000 <_start-0x516c>
    3054:	4b ff fe 84 	b       2ed8 <_start-0x5294>
    3058:	3b a0 ff ff 	li      r29,-1
    305c:	4b ff fe 7c 	b       2ed8 <_start-0x5294>
    3060:	7c 89 23 78 	mr      r9,r4
    3064:	38 00 27 10 	li      r0,10000
    3068:	3b a0 ff ff 	li      r29,-1
    306c:	81 49 00 30 	lwz     r10,48(r9)
    3070:	7c 0b 03 78 	mr      r11,r0
    3074:	7f 8a f8 00 	cmpw    cr7,r10,r31
    3078:	41 9e 00 18 	beq     cr7,3090 <_start-0x50dc>
    307c:	81 29 00 34 	lwz     r9,52(r9)
    3080:	7d 60 5b 78 	mr      r0,r11
    3084:	2f 89 00 00 	cmpwi   cr7,r9,0
    3088:	40 9e ff e4 	bne     cr7,306c <_start-0x5100>
    308c:	4b ff fe 4c 	b       2ed8 <_start-0x5294>
    3090:	81 49 00 0c 	lwz     r10,12(r9)
    3094:	7c 0b 03 78 	mr      r11,r0
    3098:	7f 9c 50 40 	cmplw   cr7,r28,r10
    309c:	41 bd ff e0 	bgt     cr7,307c <_start-0x50f0>
    30a0:	7d 7c 50 50 	subf    r11,r28,r10
    30a4:	7f 80 58 40 	cmplw   cr7,r0,r11
    30a8:	40 9d 00 18 	ble     cr7,30c0 <_start-0x50ac>
    30ac:	83 a9 00 00 	lwz     r29,0(r9)
    30b0:	4b ff ff cc 	b       307c <_start-0x50f0>
    30b4:	7d 60 5b 78 	mr      r0,r11
    30b8:	81 29 00 34 	lwz     r9,52(r9)
    30bc:	4b ff fe 70 	b       2f2c <_start-0x5240>
    30c0:	7c 0b 03 78 	mr      r11,r0
    30c4:	4b ff ff b8 	b       307c <_start-0x50f0>
    30c8:	7c 89 23 78 	mr      r9,r4
    30cc:	39 60 27 10 	li      r11,10000
    30d0:	3b a0 ff ff 	li      r29,-1
    30d4:	80 09 00 04 	lwz     r0,4(r9)
    30d8:	7f 9b 00 40 	cmplw   cr7,r27,r0
    30dc:	41 9d 00 2c 	bgt     cr7,3108 <_start-0x5064>
    30e0:	81 49 00 0c 	lwz     r10,12(r9)
    30e4:	7c 1b 00 50 	subf    r0,r27,r0
    30e8:	7f 9c 50 40 	cmplw   cr7,r28,r10
    30ec:	41 9d 00 1c 	bgt     cr7,3108 <_start-0x5064>
    30f0:	7d 5c 50 50 	subf    r10,r28,r10
    30f4:	7c 0a 02 14 	add     r0,r10,r0
    30f8:	7f 8b 00 40 	cmplw   cr7,r11,r0
    30fc:	40 9d 00 0c 	ble     cr7,3108 <_start-0x5064>
    3100:	83 a9 00 00 	lwz     r29,0(r9)
    3104:	7c 0b 03 78 	mr      r11,r0
    3108:	81 29 00 34 	lwz     r9,52(r9)
    310c:	2f 89 00 00 	cmpwi   cr7,r9,0
    3110:	40 9e ff c4 	bne     cr7,30d4 <_start-0x5098>
    3114:	4b ff fd c4 	b       2ed8 <_start-0x5294>
    3118:	2f 9a ff ff 	cmpwi   cr7,r26,-1
    311c:	41 9e 00 54 	beq     cr7,3170 <_start-0x4ffc>
    3120:	7c 89 23 78 	mr      r9,r4
    3124:	39 60 27 10 	li      r11,10000
    3128:	3b a0 ff ff 	li      r29,-1
    312c:	80 09 00 08 	lwz     r0,8(r9)
    3130:	7f 9a 00 40 	cmplw   cr7,r26,r0
    3134:	41 9d 00 2c 	bgt     cr7,3160 <_start-0x500c>
    3138:	81 49 00 0c 	lwz     r10,12(r9)
    313c:	7c 1a 00 50 	subf    r0,r26,r0
    3140:	7f 9c 50 40 	cmplw   cr7,r28,r10
    3144:	41 9d 00 1c 	bgt     cr7,3160 <_start-0x500c>
    3148:	7d 5c 50 50 	subf    r10,r28,r10
    314c:	7c 0a 02 14 	add     r0,r10,r0
    3150:	7f 8b 00 40 	cmplw   cr7,r11,r0
    3154:	40 9d 00 0c 	ble     cr7,3160 <_start-0x500c>
    3158:	83 a9 00 00 	lwz     r29,0(r9)
    315c:	7c 0b 03 78 	mr      r11,r0
    3160:	81 29 00 34 	lwz     r9,52(r9)
    3164:	2f 89 00 00 	cmpwi   cr7,r9,0
    3168:	40 9e ff c4 	bne     cr7,312c <_start-0x5040>
    316c:	4b ff fd 6c 	b       2ed8 <_start-0x5294>
    3170:	7c 89 23 78 	mr      r9,r4
    3174:	38 00 27 10 	li      r0,10000
    3178:	3b a0 ff ff 	li      r29,-1
    317c:	48 00 00 10 	b       318c <_start-0x4fe0>
    3180:	81 29 00 34 	lwz     r9,52(r9)
    3184:	2f 89 00 00 	cmpwi   cr7,r9,0
    3188:	41 be fd 50 	beq     cr7,2ed8 <_start-0x5294>
    318c:	81 49 00 0c 	lwz     r10,12(r9)
    3190:	7f 1c 50 40 	cmplw   cr6,r28,r10
    3194:	7d 7c 50 50 	subf    r11,r28,r10
    3198:	7f 80 58 40 	cmplw   cr7,r0,r11
    319c:	41 b9 ff e4 	bgt     cr6,3180 <_start-0x4fec>
    31a0:	41 9d 00 14 	bgt     cr7,31b4 <_start-0x4fb8>
    31a4:	7c 0b 03 78 	mr      r11,r0
    31a8:	81 29 00 34 	lwz     r9,52(r9)
    31ac:	7d 60 5b 78 	mr      r0,r11
    31b0:	4b ff ff d4 	b       3184 <_start-0x4fe8>
    31b4:	83 a9 00 00 	lwz     r29,0(r9)
    31b8:	4b ff ff f0 	b       31a8 <_start-0x4fc4>
    31bc:	94 21 ff 80 	stwu    r1,-128(r1)
    31c0:	7c 08 02 a6 	mflr    r0
    31c4:	90 01 00 84 	stw     r0,132(r1)
    31c8:	38 00 00 01 	li      r0,1
    31cc:	38 81 00 88 	addi    r4,r1,136
    31d0:	98 01 00 08 	stb     r0,8(r1)
    31d4:	38 00 00 00 	li      r0,0
    31d8:	98 01 00 09 	stb     r0,9(r1)
    31dc:	38 01 00 18 	addi    r0,r1,24
    31e0:	90 01 00 10 	stw     r0,16(r1)
    31e4:	90 81 00 0c 	stw     r4,12(r1)
    31e8:	80 03 01 88 	lwz     r0,392(r3)
    31ec:	7c 09 03 a6 	mtctr   r0
    31f0:	4e 80 04 21 	bctrl
    31f4:	80 01 00 84 	lwz     r0,132(r1)
    31f8:	38 21 00 80 	addi    r1,r1,128
    31fc:	7c 08 03 a6 	mtlr    r0
    3200:	4e 80 00 20 	blr
    3204:	94 21 ff 80 	stwu    r1,-128(r1)
    3208:	7c 08 02 a6 	mflr    r0
    320c:	90 01 00 84 	stw     r0,132(r1)
    3210:	38 00 00 01 	li      r0,1
    3214:	38 81 00 88 	addi    r4,r1,136
    3218:	98 01 00 08 	stb     r0,8(r1)
    321c:	38 00 00 00 	li      r0,0
    3220:	98 01 00 09 	stb     r0,9(r1)
    3224:	38 01 00 18 	addi    r0,r1,24
    3228:	90 01 00 10 	stw     r0,16(r1)
    322c:	90 81 00 0c 	stw     r4,12(r1)
    3230:	80 03 01 58 	lwz     r0,344(r3)
    3234:	7c 09 03 a6 	mtctr   r0
    3238:	4e 80 04 21 	bctrl
    323c:	80 01 00 84 	lwz     r0,132(r1)
    3240:	38 21 00 80 	addi    r1,r1,128
    3244:	7c 08 03 a6 	mtlr    r0
    3248:	4e 80 00 20 	blr
    324c:	94 21 fe b0 	stwu    r1,-336(r1)
    3250:	7c 08 02 a6 	mflr    r0
    3254:	38 80 00 00 	li      r4,0
    3258:	38 c0 00 38 	li      r6,56
    325c:	3c e0 80 00 	lis     r7,-32768
    3260:	39 00 00 00 	li      r8,0
    3264:	90 01 01 54 	stw     r0,340(r1)
    3268:	38 a1 00 30 	addi    r5,r1,48
    326c:	93 81 01 40 	stw     r28,320(r1)
    3270:	3f 80 00 01 	lis     r28,1
    3274:	81 3c 04 b0 	lwz     r9,1200(r28)
    3278:	3b 9c 04 b0 	addi    r28,r28,1200
    327c:	91 c1 01 08 	stw     r14,264(r1)
    3280:	39 c0 10 00 	li      r14,4096
    3284:	80 09 02 34 	lwz     r0,564(r9)
    3288:	92 01 01 10 	stw     r16,272(r1)
    328c:	3e 00 80 00 	lis     r16,-32768
    3290:	92 21 01 14 	stw     r17,276(r1)
    3294:	7c 09 03 a6 	mtctr   r0
    3298:	3e 20 80 00 	lis     r17,-32768
    329c:	62 10 00 01 	ori     r16,r16,1
    32a0:	92 41 01 18 	stw     r18,280(r1)
    32a4:	3e 40 80 00 	lis     r18,-32768
    32a8:	62 31 00 03 	ori     r17,r17,3
    32ac:	92 61 01 1c 	stw     r19,284(r1)
    32b0:	3e 60 80 00 	lis     r19,-32768
    32b4:	62 52 00 06 	ori     r18,r18,6
    32b8:	92 81 01 20 	stw     r20,288(r1)
    32bc:	3e 80 00 01 	lis     r20,1
    32c0:	62 73 00 08 	ori     r19,r19,8
    32c4:	92 a1 01 24 	stw     r21,292(r1)
    32c8:	3a 94 04 e0 	addi    r20,r20,1248
    32cc:	3a a0 00 00 	li      r21,0
    32d0:	92 c1 01 28 	stw     r22,296(r1)
    32d4:	3a c1 00 68 	addi    r22,r1,104
    32d8:	92 e1 01 2c 	stw     r23,300(r1)
    32dc:	3a e1 00 a0 	addi    r23,r1,160
    32e0:	93 01 01 30 	stw     r24,304(r1)
    32e4:	3b 00 00 00 	li      r24,0
    32e8:	93 a1 01 44 	stw     r29,324(r1)
    32ec:	7f 9d e3 78 	mr      r29,r28
    32f0:	93 c1 01 48 	stw     r30,328(r1)
    32f4:	7c 7e 1b 78 	mr      r30,r3
    32f8:	7d 23 4b 78 	mr      r3,r9
    32fc:	93 e1 01 4c 	stw     r31,332(r1)
    3300:	3b e0 ff ff 	li      r31,-1
    3304:	91 e1 01 0c 	stw     r15,268(r1)
    3308:	93 21 01 34 	stw     r25,308(r1)
    330c:	93 41 01 38 	stw     r26,312(r1)
    3310:	93 61 01 3c 	stw     r27,316(r1)
    3314:	4e 80 04 21 	bctrl
    3318:	81 3c 00 00 	lwz     r9,0(r28)
    331c:	7f e4 fb 78 	mr      r4,r31
    3320:	80 09 02 24 	lwz     r0,548(r9)
    3324:	7d 23 4b 78 	mr      r3,r9
    3328:	7c 09 03 a6 	mtctr   r0
    332c:	4e 80 04 21 	bctrl
    3330:	2f 83 ff ff 	cmpwi   cr7,r3,-1
    3334:	7c 7f 1b 78 	mr      r31,r3
    3338:	41 9e 01 9c 	beq     cr7,34d4 <_start-0x4c98>
    333c:	80 1e 01 68 	lwz     r0,360(r30)
    3340:	7f c3 f3 78 	mr      r3,r30
    3344:	7f e4 fb 78 	mr      r4,r31
    3348:	7c 09 03 a6 	mtctr   r0
    334c:	4e 80 04 21 	bctrl
    3350:	7c 7b 1b 79 	mr.     r27,r3
    3354:	41 a2 ff c4 	beq     3318 <_start-0x4e54>
    3358:	81 3d 00 00 	lwz     r9,0(r29)
    335c:	7f e4 fb 78 	mr      r4,r31
    3360:	80 09 02 50 	lwz     r0,592(r9)
    3364:	7d 23 4b 78 	mr      r3,r9
    3368:	7c 09 03 a6 	mtctr   r0
    336c:	4e 80 04 21 	bctrl
    3370:	7c 7a 1b 79 	mr.     r26,r3
    3374:	40 82 ff a4 	bne     3318 <_start-0x4e54>
    3378:	81 3d 00 00 	lwz     r9,0(r29)
    337c:	7f e4 fb 78 	mr      r4,r31
    3380:	80 09 02 20 	lwz     r0,544(r9)
    3384:	7d 23 4b 78 	mr      r3,r9
    3388:	7c 09 03 a6 	mtctr   r0
    338c:	4e 80 04 21 	bctrl
    3390:	7c 79 1b 79 	mr.     r25,r3
    3394:	41 a2 ff 84 	beq     3318 <_start-0x4e54>
    3398:	81 3d 00 00 	lwz     r9,0(r29)
    339c:	3c e0 80 00 	lis     r7,-32768
    33a0:	7f 24 cb 78 	mr      r4,r25
    33a4:	60 e7 30 00 	ori     r7,r7,12288
    33a8:	7e c5 b3 78 	mr      r5,r22
    33ac:	80 09 02 34 	lwz     r0,564(r9)
    33b0:	7d 23 4b 78 	mr      r3,r9
    33b4:	38 c0 00 38 	li      r6,56
    33b8:	39 00 00 00 	li      r8,0
    33bc:	7c 09 03 a6 	mtctr   r0
    33c0:	4e 80 04 21 	bctrl
    33c4:	81 3d 00 00 	lwz     r9,0(r29)
    33c8:	3c e0 80 00 	lis     r7,-32768
    33cc:	7f 24 cb 78 	mr      r4,r25
    33d0:	7c 6f 1b 78 	mr      r15,r3
    33d4:	60 e7 10 00 	ori     r7,r7,4096
    33d8:	80 09 02 34 	lwz     r0,564(r9)
    33dc:	7d 23 4b 78 	mr      r3,r9
    33e0:	7e e5 bb 78 	mr      r5,r23
    33e4:	38 c0 00 58 	li      r6,88
    33e8:	39 00 00 00 	li      r8,0
    33ec:	7c 09 03 a6 	mtctr   r0
    33f0:	4e 80 04 21 	bctrl
    33f4:	2f 8f 00 00 	cmpwi   cr7,r15,0
    33f8:	41 be ff 20 	beq     cr7,3318 <_start-0x4e54>
    33fc:	2f 83 00 00 	cmpwi   cr7,r3,0
    3400:	41 be ff 18 	beq     cr7,3318 <_start-0x4e54>
    3404:	2f 95 00 00 	cmpwi   cr7,r21,0
    3408:	41 9e 01 74 	beq     cr7,357c <_start-0x4bf0>
    340c:	38 00 00 01 	li      r0,1
    3410:	93 41 00 28 	stw     r26,40(r1)
    3414:	38 80 00 38 	li      r4,56
    3418:	93 41 00 14 	stw     r26,20(r1)
    341c:	93 41 00 1c 	stw     r26,28(r1)
    3420:	7e 9a a3 78 	mr      r26,r20
    3424:	92 01 00 08 	stw     r16,8(r1)
    3428:	91 c1 00 0c 	stw     r14,12(r1)
    342c:	92 21 00 10 	stw     r17,16(r1)
    3430:	92 41 00 18 	stw     r18,24(r1)
    3434:	92 61 00 20 	stw     r19,32(r1)
    3438:	90 01 00 24 	stw     r0,36(r1)
    343c:	81 34 00 00 	lwz     r9,0(r20)
    3440:	80 09 03 a8 	lwz     r0,936(r9)
    3444:	7d 23 4b 78 	mr      r3,r9
    3448:	7c 09 03 a6 	mtctr   r0
    344c:	4e 80 04 21 	bctrl
    3450:	2f 83 00 00 	cmpwi   cr7,r3,0
    3454:	90 78 00 34 	stw     r3,52(r24)
    3458:	41 9e 00 d8 	beq     cr7,3530 <_start-0x4c3c>
    345c:	7c 78 1b 78 	mr      r24,r3
    3460:	a9 61 00 be 	lha     r11,190(r1)
    3464:	38 81 00 78 	addi    r4,r1,120
    3468:	38 a0 00 20 	li      r5,32
    346c:	a9 21 00 c0 	lha     r9,192(r1)
    3470:	38 78 00 10 	addi    r3,r24,16
    3474:	a9 01 00 ba 	lha     r8,186(r1)
    3478:	39 6b 00 01 	addi    r11,r11,1
    347c:	a9 41 00 bc 	lha     r10,188(r1)
    3480:	39 29 00 01 	addi    r9,r9,1
    3484:	a0 01 00 b0 	lhz     r0,176(r1)
    3488:	7d 68 58 50 	subf    r11,r8,r11
    348c:	7d 2a 48 50 	subf    r9,r10,r9
    3490:	91 78 00 04 	stw     r11,4(r24)
    3494:	91 38 00 08 	stw     r9,8(r24)
    3498:	90 18 00 0c 	stw     r0,12(r24)
    349c:	93 f8 00 00 	stw     r31,0(r24)
    34a0:	93 78 00 30 	stw     r27,48(r24)
    34a4:	48 00 76 e9 	bl      ab8c <_start+0x2a20>
    34a8:	81 3c 00 00 	lwz     r9,0(r28)
    34ac:	38 00 00 00 	li      r0,0
    34b0:	7f e4 fb 78 	mr      r4,r31
    34b4:	90 18 00 34 	stw     r0,52(r24)
    34b8:	80 09 02 24 	lwz     r0,548(r9)
    34bc:	7d 23 4b 78 	mr      r3,r9
    34c0:	7c 09 03 a6 	mtctr   r0
    34c4:	4e 80 04 21 	bctrl
    34c8:	2f 83 ff ff 	cmpwi   cr7,r3,-1
    34cc:	7c 7f 1b 78 	mr      r31,r3
    34d0:	40 9e fe 6c 	bne     cr7,333c <_start-0x4e30>
    34d4:	80 01 01 54 	lwz     r0,340(r1)
    34d8:	7e a3 ab 78 	mr      r3,r21
    34dc:	81 c1 01 08 	lwz     r14,264(r1)
    34e0:	7c 08 03 a6 	mtlr    r0
    34e4:	81 e1 01 0c 	lwz     r15,268(r1)
    34e8:	82 01 01 10 	lwz     r16,272(r1)
    34ec:	82 21 01 14 	lwz     r17,276(r1)
    34f0:	82 41 01 18 	lwz     r18,280(r1)
    34f4:	82 61 01 1c 	lwz     r19,284(r1)
    34f8:	82 81 01 20 	lwz     r20,288(r1)
    34fc:	82 a1 01 24 	lwz     r21,292(r1)
    3500:	82 c1 01 28 	lwz     r22,296(r1)
    3504:	82 e1 01 2c 	lwz     r23,300(r1)
    3508:	83 01 01 30 	lwz     r24,304(r1)
    350c:	83 21 01 34 	lwz     r25,308(r1)
    3510:	83 41 01 38 	lwz     r26,312(r1)
    3514:	83 61 01 3c 	lwz     r27,316(r1)
    3518:	83 81 01 40 	lwz     r28,320(r1)
    351c:	83 a1 01 44 	lwz     r29,324(r1)
    3520:	83 c1 01 48 	lwz     r30,328(r1)
    3524:	83 e1 01 4c 	lwz     r31,332(r1)
    3528:	38 21 01 50 	addi    r1,r1,336
    352c:	4e 80 00 20 	blr
    3530:	81 3a 00 00 	lwz     r9,0(r26)
    3534:	7e a4 ab 78 	mr      r4,r21
    3538:	82 b5 00 34 	lwz     r21,52(r21)
    353c:	80 09 00 ac 	lwz     r0,172(r9)
    3540:	7d 23 4b 78 	mr      r3,r9
    3544:	7c 09 03 a6 	mtctr   r0
    3548:	4e 80 04 21 	bctrl
    354c:	2f 95 00 00 	cmpwi   cr7,r21,0
    3550:	41 be ff 84 	beq     cr7,34d4 <_start-0x4c98>
    3554:	81 3a 00 00 	lwz     r9,0(r26)
    3558:	7e a4 ab 78 	mr      r4,r21
    355c:	82 b5 00 34 	lwz     r21,52(r21)
    3560:	80 09 00 ac 	lwz     r0,172(r9)
    3564:	7d 23 4b 78 	mr      r3,r9
    3568:	7c 09 03 a6 	mtctr   r0
    356c:	4e 80 04 21 	bctrl
    3570:	2f 95 00 00 	cmpwi   cr7,r21,0
    3574:	40 9e ff bc 	bne     cr7,3530 <_start-0x4c3c>
    3578:	4b ff ff 5c 	b       34d4 <_start-0x4c98>
    357c:	38 00 00 01 	li      r0,1
    3580:	92 a1 00 28 	stw     r21,40(r1)
    3584:	38 80 00 38 	li      r4,56
    3588:	92 a1 00 14 	stw     r21,20(r1)
    358c:	92 a1 00 1c 	stw     r21,28(r1)
    3590:	92 01 00 08 	stw     r16,8(r1)
    3594:	91 c1 00 0c 	stw     r14,12(r1)
    3598:	92 21 00 10 	stw     r17,16(r1)
    359c:	92 41 00 18 	stw     r18,24(r1)
    35a0:	92 61 00 20 	stw     r19,32(r1)
    35a4:	90 01 00 24 	stw     r0,36(r1)
    35a8:	81 34 00 00 	lwz     r9,0(r20)
    35ac:	80 09 03 a8 	lwz     r0,936(r9)
    35b0:	7d 23 4b 78 	mr      r3,r9
    35b4:	7c 09 03 a6 	mtctr   r0
    35b8:	4e 80 04 21 	bctrl
    35bc:	7c 75 1b 79 	mr.     r21,r3
    35c0:	41 a2 ff 14 	beq     34d4 <_start-0x4c98>
    35c4:	7e b8 ab 78 	mr      r24,r21
    35c8:	4b ff fe 98 	b       3460 <_start-0x4d0c>
    35cc:	7c 8b 23 79 	mr.     r11,r4
    35d0:	94 21 ff f0 	stwu    r1,-16(r1)
    35d4:	7c 08 02 a6 	mflr    r0
    35d8:	90 01 00 14 	stw     r0,20(r1)
    35dc:	41 82 00 10 	beq     35ec <_start-0x4b80>
    35e0:	39 25 ff ff 	addi    r9,r5,-1
    35e4:	2b 89 00 07 	cmplwi  cr7,r9,7
    35e8:	40 9d 00 18 	ble     cr7,3600 <_start-0x4b6c>
    35ec:	80 01 00 14 	lwz     r0,20(r1)
    35f0:	38 60 ff fe 	li      r3,-2
    35f4:	38 21 00 10 	addi    r1,r1,16
    35f8:	7c 08 03 a6 	mtlr    r0
    35fc:	4e 80 00 20 	blr
    3600:	81 2b 00 c0 	lwz     r9,192(r11)
    3604:	80 09 00 ac 	lwz     r0,172(r9)
    3608:	7d 23 4b 78 	mr      r3,r9
    360c:	7c 09 03 a6 	mtctr   r0
    3610:	4e 80 04 21 	bctrl
    3614:	80 01 00 14 	lwz     r0,20(r1)
    3618:	38 21 00 10 	addi    r1,r1,16
    361c:	7c 08 03 a6 	mtlr    r0
    3620:	4e 80 00 20 	blr
    3624:	2c 04 00 00 	cmpwi   r4,0
    3628:	94 21 ff f0 	stwu    r1,-16(r1)
    362c:	7c 08 02 a6 	mflr    r0
    3630:	90 01 00 14 	stw     r0,20(r1)
    3634:	41 82 00 bc 	beq     36f0 <_start-0x4a7c>
    3638:	6c a0 ff ff 	xoris   r0,r5,65535
    363c:	2f 80 80 01 	cmpwi   cr7,r0,-32767
    3640:	41 9e 01 08 	beq     cr7,3748 <_start-0x4a24>
    3644:	2b 85 80 01 	cmplwi  cr7,r5,32769
    3648:	40 9d 00 30 	ble     cr7,3678 <_start-0x4af4>
    364c:	6c a0 ff ff 	xoris   r0,r5,65535
    3650:	2f 80 80 03 	cmpwi   cr7,r0,-32765
    3654:	41 9e 00 ec 	beq     cr7,3740 <_start-0x4a2c>
    3658:	2b 85 80 03 	cmplwi  cr7,r5,32771
    365c:	40 9c 00 a8 	bge     cr7,3704 <_start-0x4a68>
    3660:	6c c0 ff ff 	xoris   r0,r6,65535
    3664:	38 a0 00 0d 	li      r5,13
    3668:	2f 80 80 01 	cmpwi   cr7,r0,-32767
    366c:	40 9e 00 34 	bne     cr7,36a0 <_start-0x4acc>
    3670:	38 c0 00 0c 	li      r6,12
    3674:	48 00 00 58 	b       36cc <_start-0x4aa0>
    3678:	2f 85 00 03 	cmpwi   cr7,r5,3
    367c:	41 9e 00 74 	beq     cr7,36f0 <_start-0x4a7c>
    3680:	2f 85 00 05 	cmpwi   cr7,r5,5
    3684:	41 9e 00 6c 	beq     cr7,36f0 <_start-0x4a7c>
    3688:	38 05 ff ff 	addi    r0,r5,-1
    368c:	2b 80 00 0e 	cmplwi  cr7,r0,14
    3690:	41 9d 00 60 	bgt     cr7,36f0 <_start-0x4a7c>
    3694:	6c c0 ff ff 	xoris   r0,r6,65535
    3698:	2f 80 80 01 	cmpwi   cr7,r0,-32767
    369c:	41 9e ff d4 	beq     cr7,3670 <_start-0x4afc>
    36a0:	2b 86 80 01 	cmplwi  cr7,r6,32769
    36a4:	41 9d 00 74 	bgt     cr7,3718 <_start-0x4a54>
    36a8:	2f 86 00 06 	cmpwi   cr7,r6,6
    36ac:	41 9e 00 44 	beq     cr7,36f0 <_start-0x4a7c>
    36b0:	2f 86 00 0b 	cmpwi   cr7,r6,11
    36b4:	41 9e 00 3c 	beq     cr7,36f0 <_start-0x4a7c>
    36b8:	2f 86 00 04 	cmpwi   cr7,r6,4
    36bc:	41 9e 00 34 	beq     cr7,36f0 <_start-0x4a7c>
    36c0:	38 06 ff ff 	addi    r0,r6,-1
    36c4:	2b 80 00 0e 	cmplwi  cr7,r0,14
    36c8:	41 9d 00 28 	bgt     cr7,36f0 <_start-0x4a7c>
    36cc:	81 24 00 c0 	lwz     r9,192(r4)
    36d0:	80 09 00 b0 	lwz     r0,176(r9)
    36d4:	7d 23 4b 78 	mr      r3,r9
    36d8:	7c 09 03 a6 	mtctr   r0
    36dc:	4e 80 04 21 	bctrl
    36e0:	80 01 00 14 	lwz     r0,20(r1)
    36e4:	38 21 00 10 	addi    r1,r1,16
    36e8:	7c 08 03 a6 	mtlr    r0
    36ec:	4e 80 00 20 	blr
    36f0:	80 01 00 14 	lwz     r0,20(r1)
    36f4:	38 60 ff fe 	li      r3,-2
    36f8:	38 21 00 10 	addi    r1,r1,16
    36fc:	7c 08 03 a6 	mtlr    r0
    3700:	4e 80 00 20 	blr
    3704:	6c a0 ff ff 	xoris   r0,r5,65535
    3708:	2f 80 80 04 	cmpwi   cr7,r0,-32764
    370c:	40 9e ff 7c 	bne     cr7,3688 <_start-0x4ae4>
    3710:	38 a0 00 0f 	li      r5,15
    3714:	4b ff ff 80 	b       3694 <_start-0x4ad8>
    3718:	6c c0 ff ff 	xoris   r0,r6,65535
    371c:	2f 80 80 03 	cmpwi   cr7,r0,-32765
    3720:	41 9e 00 38 	beq     cr7,3758 <_start-0x4a14>
    3724:	2b 86 80 03 	cmplwi  cr7,r6,32771
    3728:	41 9c 00 28 	blt     cr7,3750 <_start-0x4a1c>
    372c:	6c c0 ff ff 	xoris   r0,r6,65535
    3730:	2f 80 80 04 	cmpwi   cr7,r0,-32764
    3734:	40 9e ff 8c 	bne     cr7,36c0 <_start-0x4aac>
    3738:	38 c0 00 0f 	li      r6,15
    373c:	4b ff ff 90 	b       36cc <_start-0x4aa0>
    3740:	38 a0 00 0e 	li      r5,14
    3744:	4b ff ff 50 	b       3694 <_start-0x4ad8>
    3748:	38 a0 00 0c 	li      r5,12
    374c:	4b ff ff 48 	b       3694 <_start-0x4ad8>
    3750:	38 c0 00 0d 	li      r6,13
    3754:	4b ff ff 78 	b       36cc <_start-0x4aa0>
    3758:	38 c0 00 0e 	li      r6,14
    375c:	4b ff ff 70 	b       36cc <_start-0x4aa0>
    3760:	7c 8b 23 79 	mr.     r11,r4
    3764:	94 21 ff f0 	stwu    r1,-16(r1)
    3768:	7c 08 02 a6 	mflr    r0
    376c:	90 01 00 14 	stw     r0,20(r1)
    3770:	41 82 00 70 	beq     37e0 <_start-0x498c>
    3774:	2f 85 00 00 	cmpwi   cr7,r5,0
    3778:	41 9e 00 68 	beq     cr7,37e0 <_start-0x498c>
    377c:	a0 05 00 00 	lhz     r0,0(r5)
    3780:	a0 e5 00 02 	lhz     r7,2(r5)
    3784:	54 00 80 1e 	slwi    r0,r0,16
    3788:	a1 45 00 04 	lhz     r10,4(r5)
    378c:	7c e0 03 78 	or      r0,r7,r0
    3790:	a1 05 00 06 	lhz     r8,6(r5)
    3794:	90 01 00 08 	stw     r0,8(r1)
    3798:	55 4a 80 1e 	slwi    r10,r10,16
    379c:	7d 0a 53 78 	or      r10,r8,r10
    37a0:	c0 01 00 08 	lfs     f0,8(r1)
    37a4:	91 41 00 08 	stw     r10,8(r1)
    37a8:	c1 a1 00 08 	lfs     f13,8(r1)
    37ac:	ff 80 68 00 	fcmpu   cr7,f0,f13
    37b0:	4f dc f3 82 	cror    4*cr7+eq,4*cr7+lt,4*cr7+eq
    37b4:	41 9e 00 2c 	beq     cr7,37e0 <_start-0x498c>
    37b8:	a1 45 00 08 	lhz     r10,8(r5)
    37bc:	a1 05 00 0a 	lhz     r8,10(r5)
    37c0:	55 4a 80 1e 	slwi    r10,r10,16
    37c4:	7d 0a 53 78 	or      r10,r8,r10
    37c8:	3d 00 00 01 	lis     r8,1
    37cc:	91 41 00 08 	stw     r10,8(r1)
    37d0:	c0 08 b0 10 	lfs     f0,-20464(r8)
    37d4:	c1 a1 00 08 	lfs     f13,8(r1)
    37d8:	ff 8d 00 00 	fcmpu   cr7,f13,f0
    37dc:	40 9c 00 18 	bge     cr7,37f4 <_start-0x4978>
    37e0:	80 01 00 14 	lwz     r0,20(r1)
    37e4:	38 60 ff fe 	li      r3,-2
    37e8:	38 21 00 10 	addi    r1,r1,16
    37ec:	7c 08 03 a6 	mtlr    r0
    37f0:	4e 80 00 20 	blr
    37f4:	54 0a 84 3e 	srwi    r10,r0,16
    37f8:	b0 0b 00 8a 	sth     r0,138(r11)
    37fc:	b1 4b 00 88 	sth     r10,136(r11)
    3800:	81 4b 00 c0 	lwz     r10,192(r11)
    3804:	a0 05 00 04 	lhz     r0,4(r5)
    3808:	7d 43 53 78 	mr      r3,r10
    380c:	a1 05 00 06 	lhz     r8,6(r5)
    3810:	54 00 80 1e 	slwi    r0,r0,16
    3814:	7d 00 03 78 	or      r0,r8,r0
    3818:	54 08 84 3e 	srwi    r8,r0,16
    381c:	b0 0b 00 8e 	sth     r0,142(r11)
    3820:	b1 0b 00 8c 	sth     r8,140(r11)
    3824:	a0 05 00 08 	lhz     r0,8(r5)
    3828:	a1 05 00 0a 	lhz     r8,10(r5)
    382c:	54 00 80 1e 	slwi    r0,r0,16
    3830:	7d 00 03 78 	or      r0,r8,r0
    3834:	54 08 84 3e 	srwi    r8,r0,16
    3838:	b0 0b 00 92 	sth     r0,146(r11)
    383c:	b1 0b 00 90 	sth     r8,144(r11)
    3840:	80 05 00 14 	lwz     r0,20(r5)
    3844:	81 05 00 0c 	lwz     r8,12(r5)
    3848:	81 25 00 10 	lwz     r9,16(r5)
    384c:	90 0b 00 9c 	stw     r0,156(r11)
    3850:	80 0a 00 b8 	lwz     r0,184(r10)
    3854:	91 0b 00 94 	stw     r8,148(r11)
    3858:	7c 09 03 a6 	mtctr   r0
    385c:	91 2b 00 98 	stw     r9,152(r11)
    3860:	4e 80 04 21 	bctrl
    3864:	80 01 00 14 	lwz     r0,20(r1)
    3868:	38 21 00 10 	addi    r1,r1,16
    386c:	7c 08 03 a6 	mtlr    r0
    3870:	4e 80 00 20 	blr
    3874:	7c 8b 23 79 	mr.     r11,r4
    3878:	94 21 ff f0 	stwu    r1,-16(r1)
    387c:	7c 08 02 a6 	mflr    r0
    3880:	90 01 00 14 	stw     r0,20(r1)
    3884:	41 82 00 10 	beq     3894 <_start-0x48d8>
    3888:	39 25 ff ff 	addi    r9,r5,-1
    388c:	2b 89 00 0f 	cmplwi  cr7,r9,15
    3890:	40 9d 00 18 	ble     cr7,38a8 <_start-0x48c4>
    3894:	80 01 00 14 	lwz     r0,20(r1)
    3898:	38 60 ff fe 	li      r3,-2
    389c:	38 21 00 10 	addi    r1,r1,16
    38a0:	7c 08 03 a6 	mtlr    r0
    38a4:	4e 80 00 20 	blr
    38a8:	81 2b 00 c0 	lwz     r9,192(r11)
    38ac:	80 09 00 bc 	lwz     r0,188(r9)
    38b0:	7d 23 4b 78 	mr      r3,r9
    38b4:	7c 09 03 a6 	mtctr   r0
    38b8:	4e 80 04 21 	bctrl
    38bc:	80 01 00 14 	lwz     r0,20(r1)
    38c0:	38 21 00 10 	addi    r1,r1,16
    38c4:	7c 08 03 a6 	mtlr    r0
    38c8:	4e 80 00 20 	blr
    38cc:	7c 89 23 79 	mr.     r9,r4
    38d0:	94 21 ff f0 	stwu    r1,-16(r1)
    38d4:	7c 08 02 a6 	mflr    r0
    38d8:	38 60 ff fe 	li      r3,-2
    38dc:	90 01 00 14 	stw     r0,20(r1)
    38e0:	41 82 00 18 	beq     38f8 <_start-0x4874>
    38e4:	81 29 00 c0 	lwz     r9,192(r9)
    38e8:	80 09 00 c0 	lwz     r0,192(r9)
    38ec:	7d 23 4b 78 	mr      r3,r9
    38f0:	7c 09 03 a6 	mtctr   r0
    38f4:	4e 80 04 21 	bctrl
    38f8:	80 01 00 14 	lwz     r0,20(r1)
    38fc:	38 21 00 10 	addi    r1,r1,16
    3900:	7c 08 03 a6 	mtlr    r0
    3904:	4e 80 00 20 	blr
    3908:	7c 89 23 79 	mr.     r9,r4
    390c:	94 21 ff f0 	stwu    r1,-16(r1)
    3910:	7c 08 02 a6 	mflr    r0
    3914:	38 60 ff fe 	li      r3,-2
    3918:	90 01 00 14 	stw     r0,20(r1)
    391c:	41 82 00 18 	beq     3934 <_start-0x4838>
    3920:	81 29 00 c0 	lwz     r9,192(r9)
    3924:	80 09 00 f4 	lwz     r0,244(r9)
    3928:	7d 23 4b 78 	mr      r3,r9
    392c:	7c 09 03 a6 	mtctr   r0
    3930:	4e 80 04 21 	bctrl
    3934:	80 01 00 14 	lwz     r0,20(r1)
    3938:	38 21 00 10 	addi    r1,r1,16
    393c:	7c 08 03 a6 	mtlr    r0
    3940:	4e 80 00 20 	blr
    3944:	7c 89 23 79 	mr.     r9,r4
    3948:	94 21 ff f0 	stwu    r1,-16(r1)
    394c:	7c 08 02 a6 	mflr    r0
    3950:	38 60 ff fe 	li      r3,-2
    3954:	90 01 00 14 	stw     r0,20(r1)
    3958:	41 82 00 1c 	beq     3974 <_start-0x47f8>
    395c:	81 29 00 c0 	lwz     r9,192(r9)
    3960:	80 09 01 10 	lwz     r0,272(r9)
    3964:	7d 23 4b 78 	mr      r3,r9
    3968:	7c 09 03 a6 	mtctr   r0
    396c:	4e 80 04 21 	bctrl
    3970:	38 60 00 00 	li      r3,0
    3974:	80 01 00 14 	lwz     r0,20(r1)
    3978:	38 21 00 10 	addi    r1,r1,16
    397c:	7c 08 03 a6 	mtlr    r0
    3980:	4e 80 00 20 	blr
    3984:	7c 89 23 79 	mr.     r9,r4
    3988:	94 21 ff f0 	stwu    r1,-16(r1)
    398c:	7c 08 02 a6 	mflr    r0
    3990:	90 01 00 14 	stw     r0,20(r1)
    3994:	41 82 00 0c 	beq     39a0 <_start-0x47cc>
    3998:	2b 85 00 ff 	cmplwi  cr7,r5,255
    399c:	40 9d 00 18 	ble     cr7,39b4 <_start-0x47b8>
    39a0:	80 01 00 14 	lwz     r0,20(r1)
    39a4:	38 60 ff fe 	li      r3,-2
    39a8:	38 21 00 10 	addi    r1,r1,16
    39ac:	7c 08 03 a6 	mtlr    r0
    39b0:	4e 80 00 20 	blr
    39b4:	81 29 00 c0 	lwz     r9,192(r9)
    39b8:	80 09 01 14 	lwz     r0,276(r9)
    39bc:	7d 23 4b 78 	mr      r3,r9
    39c0:	7c 09 03 a6 	mtctr   r0
    39c4:	4e 80 04 21 	bctrl
    39c8:	80 01 00 14 	lwz     r0,20(r1)
    39cc:	38 60 00 00 	li      r3,0
    39d0:	38 21 00 10 	addi    r1,r1,16
    39d4:	7c 08 03 a6 	mtlr    r0
    39d8:	4e 80 00 20 	blr
    39dc:	94 21 ff f0 	stwu    r1,-16(r1)
    39e0:	7c 08 02 a6 	mflr    r0
    39e4:	93 e1 00 0c 	stw     r31,12(r1)
    39e8:	7c 9f 23 79 	mr.     r31,r4
    39ec:	90 01 00 14 	stw     r0,20(r1)
    39f0:	41 82 00 28 	beq     3a18 <_start-0x4754>
    39f4:	80 03 01 10 	lwz     r0,272(r3)
    39f8:	7c 09 03 a6 	mtctr   r0
    39fc:	4e 80 04 21 	bctrl
    3a00:	81 3f 00 c0 	lwz     r9,192(r31)
    3a04:	7f e4 fb 78 	mr      r4,r31
    3a08:	80 09 01 34 	lwz     r0,308(r9)
    3a0c:	7d 23 4b 78 	mr      r3,r9
    3a10:	7c 09 03 a6 	mtctr   r0
    3a14:	4e 80 04 21 	bctrl
    3a18:	80 01 00 14 	lwz     r0,20(r1)
    3a1c:	83 e1 00 0c 	lwz     r31,12(r1)
    3a20:	38 21 00 10 	addi    r1,r1,16
    3a24:	7c 08 03 a6 	mtlr    r0
    3a28:	4e 80 00 20 	blr
    3a2c:	2c 04 00 00 	cmpwi   r4,0
    3a30:	4d 82 00 20 	beqlr
    3a34:	90 a4 02 74 	stw     r5,628(r4)
    3a38:	4e 80 00 20 	blr
    3a3c:	7c 89 23 79 	mr.     r9,r4
    3a40:	94 21 ff f0 	stwu    r1,-16(r1)
    3a44:	7c 08 02 a6 	mflr    r0
    3a48:	38 60 ff fe 	li      r3,-2
    3a4c:	90 01 00 14 	stw     r0,20(r1)
    3a50:	41 82 00 18 	beq     3a68 <_start-0x4704>
    3a54:	81 29 00 c0 	lwz     r9,192(r9)
    3a58:	80 09 01 80 	lwz     r0,384(r9)
    3a5c:	7d 23 4b 78 	mr      r3,r9
    3a60:	7c 09 03 a6 	mtctr   r0
    3a64:	4e 80 04 21 	bctrl
    3a68:	80 01 00 14 	lwz     r0,20(r1)
    3a6c:	38 21 00 10 	addi    r1,r1,16
    3a70:	7c 08 03 a6 	mtlr    r0
    3a74:	4e 80 00 20 	blr
    3a78:	94 21 ff e0 	stwu    r1,-32(r1)
    3a7c:	7c 08 02 a6 	mflr    r0
    3a80:	93 e1 00 1c 	stw     r31,28(r1)
    3a84:	7c 9f 23 79 	mr.     r31,r4
    3a88:	93 c1 00 18 	stw     r30,24(r1)
    3a8c:	3b c0 ff fe 	li      r30,-2
    3a90:	90 01 00 24 	stw     r0,36(r1)
    3a94:	41 82 00 5c 	beq     3af0 <_start-0x467c>
    3a98:	2f 85 00 00 	cmpwi   cr7,r5,0
    3a9c:	41 9e 00 98 	beq     cr7,3b34 <_start-0x4638>
    3aa0:	38 00 00 00 	li      r0,0
    3aa4:	7c a4 2b 78 	mr      r4,r5
    3aa8:	90 01 00 0c 	stw     r0,12(r1)
    3aac:	38 7f 00 78 	addi    r3,r31,120
    3ab0:	38 a1 00 08 	addi    r5,r1,8
    3ab4:	90 01 00 08 	stw     r0,8(r1)
    3ab8:	3b c0 00 00 	li      r30,0
    3abc:	80 1f 00 34 	lwz     r0,52(r31)
    3ac0:	90 01 00 10 	stw     r0,16(r1)
    3ac4:	80 1f 00 38 	lwz     r0,56(r31)
    3ac8:	90 01 00 14 	stw     r0,20(r1)
    3acc:	4b ff c5 35 	bl      0 <_start-0x816c>
    3ad0:	2f 83 00 00 	cmpwi   cr7,r3,0
    3ad4:	41 9e 00 38 	beq     cr7,3b0c <_start-0x4660>
    3ad8:	81 3f 00 c0 	lwz     r9,192(r31)
    3adc:	7f e4 fb 78 	mr      r4,r31
    3ae0:	80 09 01 38 	lwz     r0,312(r9)
    3ae4:	7d 23 4b 78 	mr      r3,r9
    3ae8:	7c 09 03 a6 	mtctr   r0
    3aec:	4e 80 04 21 	bctrl
    3af0:	80 01 00 24 	lwz     r0,36(r1)
    3af4:	7f c3 f3 78 	mr      r3,r30
    3af8:	83 c1 00 18 	lwz     r30,24(r1)
    3afc:	7c 08 03 a6 	mtlr    r0
    3b00:	83 e1 00 1c 	lwz     r31,28(r1)
    3b04:	38 21 00 20 	addi    r1,r1,32
    3b08:	4e 80 00 20 	blr
    3b0c:	81 61 00 0c 	lwz     r11,12(r1)
    3b10:	3b c0 ff e3 	li      r30,-29
    3b14:	81 21 00 10 	lwz     r9,16(r1)
    3b18:	80 01 00 14 	lwz     r0,20(r1)
    3b1c:	81 41 00 08 	lwz     r10,8(r1)
    3b20:	91 7f 00 7c 	stw     r11,124(r31)
    3b24:	91 5f 00 78 	stw     r10,120(r31)
    3b28:	91 3f 00 80 	stw     r9,128(r31)
    3b2c:	90 1f 00 84 	stw     r0,132(r31)
    3b30:	4b ff ff a8 	b       3ad8 <_start-0x4694>
    3b34:	81 3f 00 34 	lwz     r9,52(r31)
    3b38:	3b c0 00 00 	li      r30,0
    3b3c:	80 1f 00 38 	lwz     r0,56(r31)
    3b40:	90 bf 00 7c 	stw     r5,124(r31)
    3b44:	91 3f 00 80 	stw     r9,128(r31)
    3b48:	90 1f 00 84 	stw     r0,132(r31)
    3b4c:	90 bf 00 78 	stw     r5,120(r31)
    3b50:	4b ff ff 88 	b       3ad8 <_start-0x4694>
    3b54:	94 21 ff d0 	stwu    r1,-48(r1)
    3b58:	7c 08 02 a6 	mflr    r0
    3b5c:	93 e1 00 2c 	stw     r31,44(r1)
    3b60:	7c 9f 23 79 	mr.     r31,r4
    3b64:	93 81 00 20 	stw     r28,32(r1)
    3b68:	7c dc 33 78 	mr      r28,r6
    3b6c:	93 a1 00 24 	stw     r29,36(r1)
    3b70:	7c bd 2b 78 	mr      r29,r5
    3b74:	93 c1 00 28 	stw     r30,40(r1)
    3b78:	3b c0 ff fe 	li      r30,-2
    3b7c:	90 01 00 34 	stw     r0,52(r1)
    3b80:	41 82 00 a4 	beq     3c24 <_start-0x4548>
    3b84:	3d 20 00 01 	lis     r9,1
    3b88:	81 29 04 f8 	lwz     r9,1272(r9)
    3b8c:	80 09 00 50 	lwz     r0,80(r9)
    3b90:	7d 23 4b 78 	mr      r3,r9
    3b94:	7c 09 03 a6 	mtctr   r0
    3b98:	4e 80 04 21 	bctrl
    3b9c:	7c 7e 1b 79 	mr.     r30,r3
    3ba0:	40 82 00 84 	bne     3c24 <_start-0x4548>
    3ba4:	2f 9d 00 00 	cmpwi   cr7,r29,0
    3ba8:	41 9e 00 08 	beq     cr7,3bb0 <_start-0x45bc>
    3bac:	93 bf 00 20 	stw     r29,32(r31)
    3bb0:	81 7f 00 28 	lwz     r11,40(r31)
    3bb4:	38 00 00 00 	li      r0,0
    3bb8:	81 3f 00 24 	lwz     r9,36(r31)
    3bbc:	90 1f 00 2c 	stw     r0,44(r31)
    3bc0:	7d 6a 48 39 	and.    r10,r11,r9
    3bc4:	41 82 00 84 	beq     3c48 <_start-0x4524>
    3bc8:	2f 9c 00 00 	cmpwi   cr7,r28,0
    3bcc:	41 9e 00 a4 	beq     cr7,3c70 <_start-0x44fc>
    3bd0:	90 01 00 0c 	stw     r0,12(r1)
    3bd4:	7f 84 e3 78 	mr      r4,r28
    3bd8:	38 7f 00 78 	addi    r3,r31,120
    3bdc:	90 01 00 08 	stw     r0,8(r1)
    3be0:	38 a1 00 08 	addi    r5,r1,8
    3be4:	80 1f 00 34 	lwz     r0,52(r31)
    3be8:	90 01 00 10 	stw     r0,16(r1)
    3bec:	80 1f 00 38 	lwz     r0,56(r31)
    3bf0:	90 01 00 14 	stw     r0,20(r1)
    3bf4:	4b ff c4 0d 	bl      0 <_start-0x816c>
    3bf8:	2f 83 00 00 	cmpwi   cr7,r3,0
    3bfc:	40 9e 00 28 	bne     cr7,3c24 <_start-0x4548>
    3c00:	81 21 00 0c 	lwz     r9,12(r1)
    3c04:	3b c0 ff e3 	li      r30,-29
    3c08:	80 01 00 10 	lwz     r0,16(r1)
    3c0c:	81 61 00 14 	lwz     r11,20(r1)
    3c10:	81 41 00 08 	lwz     r10,8(r1)
    3c14:	91 7f 00 84 	stw     r11,132(r31)
    3c18:	91 5f 00 78 	stw     r10,120(r31)
    3c1c:	91 3f 00 7c 	stw     r9,124(r31)
    3c20:	90 1f 00 80 	stw     r0,128(r31)
    3c24:	80 01 00 34 	lwz     r0,52(r1)
    3c28:	7f c3 f3 78 	mr      r3,r30
    3c2c:	83 81 00 20 	lwz     r28,32(r1)
    3c30:	7c 08 03 a6 	mtlr    r0
    3c34:	83 a1 00 24 	lwz     r29,36(r1)
    3c38:	83 c1 00 28 	lwz     r30,40(r1)
    3c3c:	83 e1 00 2c 	lwz     r31,44(r1)
    3c40:	38 21 00 30 	addi    r1,r1,48
    3c44:	4e 80 00 20 	blr
    3c48:	80 01 00 34 	lwz     r0,52(r1)
    3c4c:	3b c0 ff ee 	li      r30,-18
    3c50:	7f c3 f3 78 	mr      r3,r30
    3c54:	83 81 00 20 	lwz     r28,32(r1)
    3c58:	7c 08 03 a6 	mtlr    r0
    3c5c:	83 a1 00 24 	lwz     r29,36(r1)
    3c60:	83 c1 00 28 	lwz     r30,40(r1)
    3c64:	83 e1 00 2c 	lwz     r31,44(r1)
    3c68:	38 21 00 30 	addi    r1,r1,48
    3c6c:	4e 80 00 20 	blr
    3c70:	80 1f 00 34 	lwz     r0,52(r31)
    3c74:	81 3f 00 38 	lwz     r9,56(r31)
    3c78:	93 9f 00 7c 	stw     r28,124(r31)
    3c7c:	91 3f 00 84 	stw     r9,132(r31)
    3c80:	90 1f 00 80 	stw     r0,128(r31)
    3c84:	93 9f 00 78 	stw     r28,120(r31)
    3c88:	4b ff ff 9c 	b       3c24 <_start-0x4548>
    3c8c:	94 21 ff d0 	stwu    r1,-48(r1)
    3c90:	7c 08 02 a6 	mflr    r0
    3c94:	93 e1 00 2c 	stw     r31,44(r1)
    3c98:	7c 9f 23 79 	mr.     r31,r4
    3c9c:	93 81 00 20 	stw     r28,32(r1)
    3ca0:	7c fc 3b 78 	mr      r28,r7
    3ca4:	93 a1 00 24 	stw     r29,36(r1)
    3ca8:	3b a0 ff fe 	li      r29,-2
    3cac:	93 c1 00 28 	stw     r30,40(r1)
    3cb0:	7c 7e 1b 78 	mr      r30,r3
    3cb4:	90 01 00 34 	stw     r0,52(r1)
    3cb8:	93 41 00 18 	stw     r26,24(r1)
    3cbc:	93 61 00 1c 	stw     r27,28(r1)
    3cc0:	41 82 01 28 	beq     3de8 <_start-0x4384>
    3cc4:	2f 85 00 00 	cmpwi   cr7,r5,0
    3cc8:	41 9e 00 08 	beq     cr7,3cd0 <_start-0x449c>
    3ccc:	90 bf 00 20 	stw     r5,32(r31)
    3cd0:	3d 20 00 01 	lis     r9,1
    3cd4:	90 df 00 2c 	stw     r6,44(r31)
    3cd8:	7f e4 fb 78 	mr      r4,r31
    3cdc:	81 29 04 f8 	lwz     r9,1272(r9)
    3ce0:	83 7f 00 34 	lwz     r27,52(r31)
    3ce4:	80 09 00 50 	lwz     r0,80(r9)
    3ce8:	7d 23 4b 78 	mr      r3,r9
    3cec:	83 5f 00 38 	lwz     r26,56(r31)
    3cf0:	7c 09 03 a6 	mtctr   r0
    3cf4:	4e 80 04 21 	bctrl
    3cf8:	7c 7d 1b 79 	mr.     r29,r3
    3cfc:	40 82 00 ec 	bne     3de8 <_start-0x4384>
    3d00:	80 1f 00 1c 	lwz     r0,28(r31)
    3d04:	70 09 00 20 	andi.   r9,r0,32
    3d08:	41 82 00 14 	beq     3d1c <_start-0x4450>
    3d0c:	80 1f 00 38 	lwz     r0,56(r31)
    3d10:	7c 00 0e 70 	srawi   r0,r0,1
    3d14:	7c 00 01 94 	addze   r0,r0
    3d18:	90 1f 00 38 	stw     r0,56(r31)
    3d1c:	81 3f 00 28 	lwz     r9,40(r31)
    3d20:	80 1f 00 24 	lwz     r0,36(r31)
    3d24:	7d 2b 00 39 	and.    r11,r9,r0
    3d28:	41 82 00 ec 	beq     3e14 <_start-0x4358>
    3d2c:	80 1f 00 34 	lwz     r0,52(r31)
    3d30:	7f 80 d8 00 	cmpw    cr7,r0,r27
    3d34:	41 9e 01 10 	beq     cr7,3e44 <_start-0x4328>
    3d38:	80 1e 00 8c 	lwz     r0,140(r30)
    3d3c:	7f c3 f3 78 	mr      r3,r30
    3d40:	7f e4 fb 78 	mr      r4,r31
    3d44:	7c 09 03 a6 	mtctr   r0
    3d48:	4e 80 04 21 	bctrl
    3d4c:	a8 1f 00 44 	lha     r0,68(r31)
    3d50:	2f 80 00 00 	cmpwi   cr7,r0,0
    3d54:	40 9e 01 50 	bne     cr7,3ea4 <_start-0x42c8>
    3d58:	a8 1f 00 4c 	lha     r0,76(r31)
    3d5c:	2f 80 00 00 	cmpwi   cr7,r0,0
    3d60:	40 9e 00 f4 	bne     cr7,3e54 <_start-0x4318>
    3d64:	a8 1f 00 46 	lha     r0,70(r31)
    3d68:	2f 80 00 00 	cmpwi   cr7,r0,0
    3d6c:	40 9e 01 74 	bne     cr7,3ee0 <_start-0x428c>
    3d70:	80 1f 00 34 	lwz     r0,52(r31)
    3d74:	81 3f 00 38 	lwz     r9,56(r31)
    3d78:	2f 9c 00 00 	cmpwi   cr7,r28,0
    3d7c:	41 9e 00 fc 	beq     cr7,3e78 <_start-0x42f4>
    3d80:	39 60 00 00 	li      r11,0
    3d84:	7f 84 e3 78 	mr      r4,r28
    3d88:	90 01 00 10 	stw     r0,16(r1)
    3d8c:	38 7f 00 78 	addi    r3,r31,120
    3d90:	38 a1 00 08 	addi    r5,r1,8
    3d94:	91 61 00 0c 	stw     r11,12(r1)
    3d98:	91 21 00 14 	stw     r9,20(r1)
    3d9c:	91 61 00 08 	stw     r11,8(r1)
    3da0:	4b ff c2 61 	bl      0 <_start-0x816c>
    3da4:	2f 83 00 00 	cmpwi   cr7,r3,0
    3da8:	40 9e 00 28 	bne     cr7,3dd0 <_start-0x439c>
    3dac:	81 61 00 0c 	lwz     r11,12(r1)
    3db0:	3b a0 ff e3 	li      r29,-29
    3db4:	81 21 00 10 	lwz     r9,16(r1)
    3db8:	80 01 00 14 	lwz     r0,20(r1)
    3dbc:	81 41 00 08 	lwz     r10,8(r1)
    3dc0:	91 7f 00 7c 	stw     r11,124(r31)
    3dc4:	91 5f 00 78 	stw     r10,120(r31)
    3dc8:	91 3f 00 80 	stw     r9,128(r31)
    3dcc:	90 1f 00 84 	stw     r0,132(r31)
    3dd0:	81 3f 00 c0 	lwz     r9,192(r31)
    3dd4:	7f e4 fb 78 	mr      r4,r31
    3dd8:	80 09 01 24 	lwz     r0,292(r9)
    3ddc:	7d 23 4b 78 	mr      r3,r9
    3de0:	7c 09 03 a6 	mtctr   r0
    3de4:	4e 80 04 21 	bctrl
    3de8:	80 01 00 34 	lwz     r0,52(r1)
    3dec:	7f a3 eb 78 	mr      r3,r29
    3df0:	83 41 00 18 	lwz     r26,24(r1)
    3df4:	7c 08 03 a6 	mtlr    r0
    3df8:	83 61 00 1c 	lwz     r27,28(r1)
    3dfc:	83 81 00 20 	lwz     r28,32(r1)
    3e00:	83 a1 00 24 	lwz     r29,36(r1)
    3e04:	83 c1 00 28 	lwz     r30,40(r1)
    3e08:	83 e1 00 2c 	lwz     r31,44(r1)
    3e0c:	38 21 00 30 	addi    r1,r1,48
    3e10:	4e 80 00 20 	blr
    3e14:	80 01 00 34 	lwz     r0,52(r1)
    3e18:	3b a0 ff ee 	li      r29,-18
    3e1c:	7f a3 eb 78 	mr      r3,r29
    3e20:	83 41 00 18 	lwz     r26,24(r1)
    3e24:	7c 08 03 a6 	mtlr    r0
    3e28:	83 61 00 1c 	lwz     r27,28(r1)
    3e2c:	83 81 00 20 	lwz     r28,32(r1)
    3e30:	83 a1 00 24 	lwz     r29,36(r1)
    3e34:	83 c1 00 28 	lwz     r30,40(r1)
    3e38:	83 e1 00 2c 	lwz     r31,44(r1)
    3e3c:	38 21 00 30 	addi    r1,r1,48
    3e40:	4e 80 00 20 	blr
    3e44:	81 3f 00 38 	lwz     r9,56(r31)
    3e48:	7f 89 d0 00 	cmpw    cr7,r9,r26
    3e4c:	40 9e fe ec 	bne     cr7,3d38 <_start-0x4434>
    3e50:	4b ff ff 28 	b       3d78 <_start-0x43f4>
    3e54:	80 1e 00 d0 	lwz     r0,208(r30)
    3e58:	7f c3 f3 78 	mr      r3,r30
    3e5c:	7f e4 fb 78 	mr      r4,r31
    3e60:	7c 09 03 a6 	mtctr   r0
    3e64:	4e 80 04 21 	bctrl
    3e68:	2c 03 00 00 	cmpwi   r3,0
    3e6c:	40 a2 fe f8 	bne     3d64 <_start-0x4408>
    3e70:	b0 7f 00 4c 	sth     r3,76(r31)
    3e74:	4b ff fe f0 	b       3d64 <_start-0x4408>
    3e78:	91 3f 00 84 	stw     r9,132(r31)
    3e7c:	7f e4 fb 78 	mr      r4,r31
    3e80:	81 3f 00 c0 	lwz     r9,192(r31)
    3e84:	90 1f 00 80 	stw     r0,128(r31)
    3e88:	80 09 01 24 	lwz     r0,292(r9)
    3e8c:	7d 23 4b 78 	mr      r3,r9
    3e90:	93 9f 00 7c 	stw     r28,124(r31)
    3e94:	93 9f 00 78 	stw     r28,120(r31)
    3e98:	7c 09 03 a6 	mtctr   r0
    3e9c:	4e 80 04 21 	bctrl
    3ea0:	4b ff ff 48 	b       3de8 <_start-0x4384>
    3ea4:	80 1e 00 d4 	lwz     r0,212(r30)
    3ea8:	7f e4 fb 78 	mr      r4,r31
    3eac:	7f c3 f3 78 	mr      r3,r30
    3eb0:	7c 09 03 a6 	mtctr   r0
    3eb4:	4e 80 04 21 	bctrl
    3eb8:	80 1e 00 d0 	lwz     r0,208(r30)
    3ebc:	7f c3 f3 78 	mr      r3,r30
    3ec0:	7f e4 fb 78 	mr      r4,r31
    3ec4:	7c 09 03 a6 	mtctr   r0
    3ec8:	4e 80 04 21 	bctrl
    3ecc:	2f 83 00 00 	cmpwi   cr7,r3,0
    3ed0:	41 be fe 94 	beq     cr7,3d64 <_start-0x4408>
    3ed4:	38 00 00 01 	li      r0,1
    3ed8:	b0 1f 00 4c 	sth     r0,76(r31)
    3edc:	4b ff fe 88 	b       3d64 <_start-0x4408>
    3ee0:	80 1e 00 f4 	lwz     r0,244(r30)
    3ee4:	7f e4 fb 78 	mr      r4,r31
    3ee8:	7f c3 f3 78 	mr      r3,r30
    3eec:	7c 09 03 a6 	mtctr   r0
    3ef0:	4e 80 04 21 	bctrl
    3ef4:	80 1e 00 e8 	lwz     r0,232(r30)
    3ef8:	7f c3 f3 78 	mr      r3,r30
    3efc:	7f e4 fb 78 	mr      r4,r31
    3f00:	7c 09 03 a6 	mtctr   r0
    3f04:	4e 80 04 21 	bctrl
    3f08:	4b ff fe 68 	b       3d70 <_start-0x43fc>
    3f0c:	2c 03 00 00 	cmpwi   r3,0
    3f10:	94 21 ff e0 	stwu    r1,-32(r1)
    3f14:	93 41 00 08 	stw     r26,8(r1)
    3f18:	93 61 00 0c 	stw     r27,12(r1)
    3f1c:	93 81 00 10 	stw     r28,16(r1)
    3f20:	93 a1 00 14 	stw     r29,20(r1)
    3f24:	93 c1 00 18 	stw     r30,24(r1)
    3f28:	93 e1 00 1c 	stw     r31,28(r1)
    3f2c:	41 82 00 24 	beq     3f50 <_start-0x421c>
    3f30:	2f 84 00 00 	cmpwi   cr7,r4,0
    3f34:	41 9e 00 1c 	beq     cr7,3f50 <_start-0x421c>
    3f38:	2f 85 00 00 	cmpwi   cr7,r5,0
    3f3c:	40 9d 00 14 	ble     cr7,3f50 <_start-0x421c>
    3f40:	2f 86 00 00 	cmpwi   cr7,r6,0
    3f44:	40 9d 00 0c 	ble     cr7,3f50 <_start-0x421c>
    3f48:	2b 87 00 0b 	cmplwi  cr7,r7,11
    3f4c:	40 9d 00 24 	ble     cr7,3f70 <_start-0x41fc>
    3f50:	83 41 00 08 	lwz     r26,8(r1)
    3f54:	83 61 00 0c 	lwz     r27,12(r1)
    3f58:	83 81 00 10 	lwz     r28,16(r1)
    3f5c:	83 a1 00 14 	lwz     r29,20(r1)
    3f60:	83 c1 00 18 	lwz     r30,24(r1)
    3f64:	83 e1 00 1c 	lwz     r31,28(r1)
    3f68:	38 21 00 20 	addi    r1,r1,32
    3f6c:	4e 80 00 20 	blr
    3f70:	3d 20 00 01 	lis     r9,1
    3f74:	54 e7 10 3a 	slwi    r7,r7,2
    3f78:	39 29 b0 1c 	addi    r9,r9,-20452
    3f7c:	7c 09 38 2e 	lwzx    r0,r9,r7
    3f80:	7d 20 4a 14 	add     r9,r0,r9
    3f84:	7d 29 03 a6 	mtctr   r9
    3f88:	4e 80 04 20 	bctr
    3f8c:	2f 85 00 01 	cmpwi   cr7,r5,1
    3f90:	7c 69 1b 78 	mr      r9,r3
    3f94:	7c be 0e 70 	srawi   r30,r5,1
    3f98:	41 9e 06 6c 	beq     cr7,4604 <_start-0x3b68>
    3f9c:	2f 86 00 01 	cmpwi   cr7,r6,1
    3fa0:	7c c6 0e 70 	srawi   r6,r6,1
    3fa4:	41 9e 06 58 	beq     cr7,45fc <_start-0x3b70>
    3fa8:	7c 63 2a 14 	add     r3,r3,r5
    3fac:	3b e0 00 00 	li      r31,0
    3fb0:	2f 9e 00 00 	cmpwi   cr7,r30,0
    3fb4:	7f c9 03 a6 	mtctr   r30
    3fb8:	40 9d 06 54 	ble     cr7,460c <_start-0x3b60>
    3fbc:	89 09 00 02 	lbz     r8,2(r9)
    3fc0:	89 49 00 03 	lbz     r10,3(r9)
    3fc4:	89 69 00 00 	lbz     r11,0(r9)
    3fc8:	88 09 00 01 	lbz     r0,1(r9)
    3fcc:	39 29 00 04 	addi    r9,r9,4
    3fd0:	89 83 00 00 	lbz     r12,0(r3)
    3fd4:	7d 68 5a 14 	add     r11,r8,r11
    3fd8:	88 e3 00 01 	lbz     r7,1(r3)
    3fdc:	7c 0a 02 14 	add     r0,r10,r0
    3fe0:	89 03 00 02 	lbz     r8,2(r3)
    3fe4:	7d 6b 62 14 	add     r11,r11,r12
    3fe8:	89 43 00 03 	lbz     r10,3(r3)
    3fec:	7c 00 3a 14 	add     r0,r0,r7
    3ff0:	38 63 00 04 	addi    r3,r3,4
    3ff4:	7d 6b 42 14 	add     r11,r11,r8
    3ff8:	7c 00 52 14 	add     r0,r0,r10
    3ffc:	7d 6b 16 70 	srawi   r11,r11,2
    4000:	7c 00 16 70 	srawi   r0,r0,2
    4004:	99 64 00 00 	stb     r11,0(r4)
    4008:	98 04 00 01 	stb     r0,1(r4)
    400c:	38 84 00 02 	addi    r4,r4,2
    4010:	42 00 ff ac 	bdnz    3fbc <_start-0x41b0>
    4014:	3b ff 00 01 	addi    r31,r31,1
    4018:	7f 9f 30 00 	cmpw    cr7,r31,r6
    401c:	40 bc ff 34 	bge     cr7,3f50 <_start-0x421c>
    4020:	7d 29 2a 14 	add     r9,r9,r5
    4024:	7c 69 2a 14 	add     r3,r9,r5
    4028:	4b ff ff 88 	b       3fb0 <_start-0x41bc>
    402c:	2f 85 00 01 	cmpwi   cr7,r5,1
    4030:	7c 69 1b 78 	mr      r9,r3
    4034:	7c a7 0e 70 	srawi   r7,r5,1
    4038:	41 9e 05 bc 	beq     cr7,45f4 <_start-0x3b78>
    403c:	2f 86 00 01 	cmpwi   cr7,r6,1
    4040:	7c c6 0e 70 	srawi   r6,r6,1
    4044:	41 9e 05 a8 	beq     cr7,45ec <_start-0x3b80>
    4048:	7c 63 2a 14 	add     r3,r3,r5
    404c:	39 00 00 00 	li      r8,0
    4050:	2f 87 00 00 	cmpwi   cr7,r7,0
    4054:	7c e9 03 a6 	mtctr   r7
    4058:	40 9d 05 d8 	ble     cr7,4630 <_start-0x3b3c>
    405c:	89 69 00 01 	lbz     r11,1(r9)
    4060:	88 09 00 00 	lbz     r0,0(r9)
    4064:	39 29 00 02 	addi    r9,r9,2
    4068:	89 43 00 00 	lbz     r10,0(r3)
    406c:	7c 0b 02 14 	add     r0,r11,r0
    4070:	89 63 00 01 	lbz     r11,1(r3)
    4074:	38 63 00 02 	addi    r3,r3,2
    4078:	7c 00 52 14 	add     r0,r0,r10
    407c:	7c 00 5a 14 	add     r0,r0,r11
    4080:	7c 00 16 70 	srawi   r0,r0,2
    4084:	98 04 00 00 	stb     r0,0(r4)
    4088:	38 84 00 01 	addi    r4,r4,1
    408c:	42 00 ff d0 	bdnz    405c <_start-0x4110>
    4090:	39 08 00 01 	addi    r8,r8,1
    4094:	7f 88 30 00 	cmpw    cr7,r8,r6
    4098:	40 bc fe b8 	bge     cr7,3f50 <_start-0x421c>
    409c:	7d 29 2a 14 	add     r9,r9,r5
    40a0:	7c 69 2a 14 	add     r3,r9,r5
    40a4:	4b ff ff ac 	b       4050 <_start-0x411c>
    40a8:	2f 85 00 01 	cmpwi   cr7,r5,1
    40ac:	7c 68 1b 78 	mr      r8,r3
    40b0:	7c bd 0e 70 	srawi   r29,r5,1
    40b4:	41 9e 05 30 	beq     cr7,45e4 <_start-0x3b88>
    40b8:	2f 86 00 01 	cmpwi   cr7,r6,1
    40bc:	7c c6 0e 70 	srawi   r6,r6,1
    40c0:	41 9e 05 1c 	beq     cr7,45dc <_start-0x3b90>
    40c4:	54 a5 10 3a 	slwi    r5,r5,2
    40c8:	3b 80 00 00 	li      r28,0
    40cc:	7c 63 2a 14 	add     r3,r3,r5
    40d0:	2f 9d 00 00 	cmpwi   cr7,r29,0
    40d4:	7f a9 03 a6 	mtctr   r29
    40d8:	40 9d 05 4c 	ble     cr7,4624 <_start-0x3b48>
    40dc:	81 68 00 00 	lwz     r11,0(r8)
    40e0:	81 48 00 04 	lwz     r10,4(r8)
    40e4:	39 08 00 08 	addi    r8,r8,8
    40e8:	81 23 00 00 	lwz     r9,0(r3)
    40ec:	55 67 06 3e 	clrlwi  r7,r11,24
    40f0:	55 7f 46 3e 	srwi    r31,r11,24
    40f4:	80 03 00 04 	lwz     r0,4(r3)
    40f8:	55 5b 06 3e 	clrlwi  r27,r10,24
    40fc:	55 5e 46 3e 	srwi    r30,r10,24
    4100:	55 3a 06 3e 	clrlwi  r26,r9,24
    4104:	7c fb 3a 14 	add     r7,r27,r7
    4108:	7f fe fa 14 	add     r31,r30,r31
    410c:	55 3b 46 3e 	srwi    r27,r9,24
    4110:	55 7e 86 3e 	rlwinm  r30,r11,16,24,31
    4114:	55 4c 86 3e 	rlwinm  r12,r10,16,24,31
    4118:	7c e7 d2 14 	add     r7,r7,r26
    411c:	7f ff da 14 	add     r31,r31,r27
    4120:	7d 8c f2 14 	add     r12,r12,r30
    4124:	54 1a 06 3e 	clrlwi  r26,r0,24
    4128:	55 7e c6 3e 	rlwinm  r30,r11,24,24,31
    412c:	55 3b 86 3e 	rlwinm  r27,r9,16,24,31
    4130:	54 0b 46 3e 	srwi    r11,r0,24
    4134:	55 4a c6 3e 	rlwinm  r10,r10,24,24,31
    4138:	7d 4a f2 14 	add     r10,r10,r30
    413c:	7f ff 5a 14 	add     r31,r31,r11
    4140:	54 1e 86 3e 	rlwinm  r30,r0,16,24,31
    4144:	7c e7 d2 14 	add     r7,r7,r26
    4148:	7d 6c da 14 	add     r11,r12,r27
    414c:	55 29 c6 3e 	rlwinm  r9,r9,24,24,31
    4150:	7d 2a 4a 14 	add     r9,r10,r9
    4154:	54 00 c6 3e 	rlwinm  r0,r0,24,24,31
    4158:	7d 6b f2 14 	add     r11,r11,r30
    415c:	54 e7 f6 3e 	rlwinm  r7,r7,30,24,31
    4160:	57 ea b0 0e 	rlwinm  r10,r31,22,0,7
    4164:	7d 29 02 14 	add     r9,r9,r0
    4168:	7c e7 53 78 	or      r7,r7,r10
    416c:	55 6b 72 1e 	rlwinm  r11,r11,14,8,15
    4170:	7c e0 5b 78 	or      r0,r7,r11
    4174:	55 29 34 2e 	rlwinm  r9,r9,6,16,23
    4178:	7c 00 4b 78 	or      r0,r0,r9
    417c:	38 63 00 08 	addi    r3,r3,8
    4180:	90 04 00 00 	stw     r0,0(r4)
    4184:	38 84 00 04 	addi    r4,r4,4
    4188:	42 00 ff 54 	bdnz    40dc <_start-0x4090>
    418c:	3b 9c 00 01 	addi    r28,r28,1
    4190:	7f 9c 30 00 	cmpw    cr7,r28,r6
    4194:	40 bc fd bc 	bge     cr7,3f50 <_start-0x421c>
    4198:	7d 08 2a 14 	add     r8,r8,r5
    419c:	7c 63 2a 14 	add     r3,r3,r5
    41a0:	4b ff ff 30 	b       40d0 <_start-0x409c>
    41a4:	2f 85 00 01 	cmpwi   cr7,r5,1
    41a8:	7c 68 1b 78 	mr      r8,r3
    41ac:	7c bd 0e 70 	srawi   r29,r5,1
    41b0:	41 9e 04 24 	beq     cr7,45d4 <_start-0x3b98>
    41b4:	2f 86 00 01 	cmpwi   cr7,r6,1
    41b8:	7c c6 0e 70 	srawi   r6,r6,1
    41bc:	41 9e 04 10 	beq     cr7,45cc <_start-0x3ba0>
    41c0:	54 a5 08 3c 	slwi    r5,r5,1
    41c4:	3b 80 00 00 	li      r28,0
    41c8:	7c 63 2a 14 	add     r3,r3,r5
    41cc:	2f 9d 00 00 	cmpwi   cr7,r29,0
    41d0:	7f a9 03 a6 	mtctr   r29
    41d4:	40 9d 04 74 	ble     cr7,4648 <_start-0x3b24>
    41d8:	a1 68 00 00 	lhz     r11,0(r8)
    41dc:	a1 48 00 02 	lhz     r10,2(r8)
    41e0:	39 08 00 04 	addi    r8,r8,4
    41e4:	a1 23 00 00 	lhz     r9,0(r3)
    41e8:	55 67 07 3e 	clrlwi  r7,r11,28
    41ec:	55 7f a3 3e 	srwi    r31,r11,12
    41f0:	a0 03 00 02 	lhz     r0,2(r3)
    41f4:	55 5b 07 3e 	clrlwi  r27,r10,28
    41f8:	55 5e a3 3e 	srwi    r30,r10,12
    41fc:	55 2c 07 3e 	clrlwi  r12,r9,28
    4200:	7c fb 3a 14 	add     r7,r27,r7
    4204:	7f fe fa 14 	add     r31,r30,r31
    4208:	55 3b a3 3e 	srwi    r27,r9,12
    420c:	55 7e c7 3e 	rlwinm  r30,r11,24,28,31
    4210:	55 5a c7 3e 	rlwinm  r26,r10,24,28,31
    4214:	7c e7 62 14 	add     r7,r7,r12
    4218:	7f ff da 14 	add     r31,r31,r27
    421c:	7f 5a f2 14 	add     r26,r26,r30
    4220:	54 0c 07 3e 	clrlwi  r12,r0,28
    4224:	55 7e e7 3e 	rlwinm  r30,r11,28,28,31
    4228:	55 3b c7 3e 	rlwinm  r27,r9,24,28,31
    422c:	54 0b a3 3e 	srwi    r11,r0,12
    4230:	55 4a e7 3e 	rlwinm  r10,r10,28,28,31
    4234:	7d 4a f2 14 	add     r10,r10,r30
    4238:	7f ff 5a 14 	add     r31,r31,r11
    423c:	54 1e c7 3e 	rlwinm  r30,r0,24,28,31
    4240:	7c e7 62 14 	add     r7,r7,r12
    4244:	7d 7a da 14 	add     r11,r26,r27
    4248:	55 29 e7 3e 	rlwinm  r9,r9,28,28,31
    424c:	7d 2a 4a 14 	add     r9,r10,r9
    4250:	54 00 e7 3e 	rlwinm  r0,r0,28,28,31
    4254:	7d 6b f2 14 	add     r11,r11,r30
    4258:	54 e7 f7 3e 	rlwinm  r7,r7,30,28,31
    425c:	57 ea 53 e6 	rlwinm  r10,r31,10,15,19
    4260:	7d 29 02 14 	add     r9,r9,r0
    4264:	7c e7 53 78 	or      r7,r7,r10
    4268:	55 6b 35 2e 	rlwinm  r11,r11,6,20,23
    426c:	7c e0 5b 78 	or      r0,r7,r11
    4270:	55 29 16 36 	rlwinm  r9,r9,2,24,27
    4274:	7c 00 4b 78 	or      r0,r0,r9
    4278:	38 63 00 04 	addi    r3,r3,4
    427c:	b0 04 00 00 	sth     r0,0(r4)
    4280:	38 84 00 02 	addi    r4,r4,2
    4284:	42 00 ff 54 	bdnz    41d8 <_start-0x3f94>
    4288:	3b 9c 00 01 	addi    r28,r28,1
    428c:	7f 9c 30 00 	cmpw    cr7,r28,r6
    4290:	40 bc fc c0 	bge     cr7,3f50 <_start-0x421c>
    4294:	7d 08 2a 14 	add     r8,r8,r5
    4298:	7c 63 2a 14 	add     r3,r3,r5
    429c:	4b ff ff 30 	b       41cc <_start-0x3fa0>
    42a0:	2f 85 00 01 	cmpwi   cr7,r5,1
    42a4:	7c 69 1b 78 	mr      r9,r3
    42a8:	7c be 0e 70 	srawi   r30,r5,1
    42ac:	41 9e 03 18 	beq     cr7,45c4 <_start-0x3ba8>
    42b0:	2f 86 00 01 	cmpwi   cr7,r6,1
    42b4:	7c dd 0e 70 	srawi   r29,r6,1
    42b8:	41 9e 03 04 	beq     cr7,45bc <_start-0x3bb0>
    42bc:	1f 85 00 03 	mulli   r28,r5,3
    42c0:	3b 60 00 00 	li      r27,0
    42c4:	7c 63 e2 14 	add     r3,r3,r28
    42c8:	2f 9e 00 00 	cmpwi   cr7,r30,0
    42cc:	7f c9 03 a6 	mtctr   r30
    42d0:	40 9d 03 6c 	ble     cr7,463c <_start-0x3b30>
    42d4:	89 89 00 04 	lbz     r12,4(r9)
    42d8:	88 e9 00 05 	lbz     r7,5(r9)
    42dc:	89 09 00 03 	lbz     r8,3(r9)
    42e0:	89 69 00 01 	lbz     r11,1(r9)
    42e4:	88 09 00 02 	lbz     r0,2(r9)
    42e8:	89 49 00 00 	lbz     r10,0(r9)
    42ec:	7d 6c 5a 14 	add     r11,r12,r11
    42f0:	39 29 00 06 	addi    r9,r9,6
    42f4:	8b e3 00 01 	lbz     r31,1(r3)
    42f8:	7c 07 02 14 	add     r0,r7,r0
    42fc:	88 a3 00 02 	lbz     r5,2(r3)
    4300:	7d 48 52 14 	add     r10,r8,r10
    4304:	88 c3 00 00 	lbz     r6,0(r3)
    4308:	7d 6b fa 14 	add     r11,r11,r31
    430c:	89 83 00 04 	lbz     r12,4(r3)
    4310:	7c 00 2a 14 	add     r0,r0,r5
    4314:	88 e3 00 05 	lbz     r7,5(r3)
    4318:	7d 4a 32 14 	add     r10,r10,r6
    431c:	89 03 00 03 	lbz     r8,3(r3)
    4320:	7d 6b 62 14 	add     r11,r11,r12
    4324:	38 63 00 06 	addi    r3,r3,6
    4328:	7c 00 3a 14 	add     r0,r0,r7
    432c:	7d 6b 16 70 	srawi   r11,r11,2
    4330:	7d 4a 42 14 	add     r10,r10,r8
    4334:	7c 00 16 70 	srawi   r0,r0,2
    4338:	99 64 00 01 	stb     r11,1(r4)
    433c:	7d 4a 16 70 	srawi   r10,r10,2
    4340:	98 04 00 02 	stb     r0,2(r4)
    4344:	99 44 00 00 	stb     r10,0(r4)
    4348:	38 84 00 03 	addi    r4,r4,3
    434c:	42 00 ff 88 	bdnz    42d4 <_start-0x3e98>
    4350:	3b 7b 00 01 	addi    r27,r27,1
    4354:	7f 9b e8 00 	cmpw    cr7,r27,r29
    4358:	40 bc fb f8 	bge     cr7,3f50 <_start-0x421c>
    435c:	7d 29 e2 14 	add     r9,r9,r28
    4360:	7c 69 e2 14 	add     r3,r9,r28
    4364:	4b ff ff 64 	b       42c8 <_start-0x3ea4>
    4368:	2f 85 00 01 	cmpwi   cr7,r5,1
    436c:	7c 69 1b 78 	mr      r9,r3
    4370:	7c bd 0e 70 	srawi   r29,r5,1
    4374:	41 9e 02 40 	beq     cr7,45b4 <_start-0x3bb8>
    4378:	2f 86 00 01 	cmpwi   cr7,r6,1
    437c:	7c c6 0e 70 	srawi   r6,r6,1
    4380:	41 9e 02 2c 	beq     cr7,45ac <_start-0x3bc0>
    4384:	54 a5 08 3c 	slwi    r5,r5,1
    4388:	3b 80 00 00 	li      r28,0
    438c:	7c 63 2a 14 	add     r3,r3,r5
    4390:	2f 9d 00 00 	cmpwi   cr7,r29,0
    4394:	7f a9 03 a6 	mtctr   r29
    4398:	40 9d 02 c8 	ble     cr7,4660 <_start-0x3b0c>
    439c:	a1 49 00 00 	lhz     r10,0(r9)
    43a0:	a1 09 00 02 	lhz     r8,2(r9)
    43a4:	39 29 00 04 	addi    r9,r9,4
    43a8:	a1 63 00 00 	lhz     r11,0(r3)
    43ac:	55 5e 06 fe 	clrlwi  r30,r10,27
    43b0:	55 47 aa fe 	srwi    r7,r10,11
    43b4:	a0 03 00 02 	lhz     r0,2(r3)
    43b8:	55 1f aa fe 	srwi    r31,r8,11
    43bc:	55 1a 06 fe 	clrlwi  r26,r8,27
    43c0:	7f 5a f2 14 	add     r26,r26,r30
    43c4:	7c ff 3a 14 	add     r7,r31,r7
    43c8:	55 7e aa fe 	srwi    r30,r11,11
    43cc:	55 5f de be 	rlwinm  r31,r10,27,26,31
    43d0:	55 7b 06 fe 	clrlwi  r27,r11,27
    43d4:	55 08 de be 	rlwinm  r8,r8,27,26,31
    43d8:	7c e7 f2 14 	add     r7,r7,r30
    43dc:	7d 08 fa 14 	add     r8,r8,r31
    43e0:	54 1e 06 fe 	clrlwi  r30,r0,27
    43e4:	54 1f aa fe 	srwi    r31,r0,11
    43e8:	7d 5a da 14 	add     r10,r26,r27
    43ec:	55 6b de be 	rlwinm  r11,r11,27,26,31
    43f0:	54 00 de be 	rlwinm  r0,r0,27,26,31
    43f4:	7d 4a f2 14 	add     r10,r10,r30
    43f8:	7c e7 fa 14 	add     r7,r7,r31
    43fc:	7d 68 5a 14 	add     r11,r8,r11
    4400:	7d 6b 02 14 	add     r11,r11,r0
    4404:	55 4a f6 fe 	rlwinm  r10,r10,30,27,31
    4408:	54 e0 4b e8 	rlwinm  r0,r7,9,15,20
    440c:	55 6b 1d 74 	rlwinm  r11,r11,3,21,26
    4410:	7d 40 03 78 	or      r0,r10,r0
    4414:	38 63 00 04 	addi    r3,r3,4
    4418:	7c 00 5b 78 	or      r0,r0,r11
    441c:	b0 04 00 00 	sth     r0,0(r4)
    4420:	38 84 00 02 	addi    r4,r4,2
    4424:	42 00 ff 78 	bdnz    439c <_start-0x3dd0>
    4428:	3b 9c 00 01 	addi    r28,r28,1
    442c:	7f 9c 30 00 	cmpw    cr7,r28,r6
    4430:	40 bc fb 20 	bge     cr7,3f50 <_start-0x421c>
    4434:	7d 29 2a 14 	add     r9,r9,r5
    4438:	7c 63 2a 14 	add     r3,r3,r5
    443c:	4b ff ff 54 	b       4390 <_start-0x3ddc>
    4440:	2f 85 00 01 	cmpwi   cr7,r5,1
    4444:	7c 68 1b 78 	mr      r8,r3
    4448:	7c bd 0e 70 	srawi   r29,r5,1
    444c:	41 9e 01 58 	beq     cr7,45a4 <_start-0x3bc8>
    4450:	2f 86 00 01 	cmpwi   cr7,r6,1
    4454:	7c c6 0e 70 	srawi   r6,r6,1
    4458:	41 9e 01 44 	beq     cr7,459c <_start-0x3bd0>
    445c:	54 a5 08 3c 	slwi    r5,r5,1
    4460:	3b 80 00 00 	li      r28,0
    4464:	7c 63 2a 14 	add     r3,r3,r5
    4468:	2f 9d 00 00 	cmpwi   cr7,r29,0
    446c:	7f a9 03 a6 	mtctr   r29
    4470:	40 9d 01 e4 	ble     cr7,4654 <_start-0x3b18>
    4474:	a1 68 00 00 	lhz     r11,0(r8)
    4478:	a1 48 00 02 	lhz     r10,2(r8)
    447c:	39 08 00 04 	addi    r8,r8,4
    4480:	a1 23 00 00 	lhz     r9,0(r3)
    4484:	55 67 06 fe 	clrlwi  r7,r11,27
    4488:	55 7f 8b fe 	srwi    r31,r11,15
    448c:	a0 03 00 02 	lhz     r0,2(r3)
    4490:	55 5b 06 fe 	clrlwi  r27,r10,27
    4494:	55 5e 8b fe 	srwi    r30,r10,15
    4498:	55 2c 06 fe 	clrlwi  r12,r9,27
    449c:	7c fb 3a 14 	add     r7,r27,r7
    44a0:	7f fe fa 14 	add     r31,r30,r31
    44a4:	55 3b 8b fe 	srwi    r27,r9,15
    44a8:	55 7e b6 fe 	rlwinm  r30,r11,22,27,31
    44ac:	55 5a b6 fe 	rlwinm  r26,r10,22,27,31
    44b0:	7c e7 62 14 	add     r7,r7,r12
    44b4:	7f ff da 14 	add     r31,r31,r27
    44b8:	7f 5a f2 14 	add     r26,r26,r30
    44bc:	54 0c 06 fe 	clrlwi  r12,r0,27
    44c0:	55 7e de fe 	rlwinm  r30,r11,27,27,31
    44c4:	55 3b b6 fe 	rlwinm  r27,r9,22,27,31
    44c8:	54 0b 8b fe 	srwi    r11,r0,15
    44cc:	55 4a de fe 	rlwinm  r10,r10,27,27,31
    44d0:	7d 4a f2 14 	add     r10,r10,r30
    44d4:	7f ff 5a 14 	add     r31,r31,r11
    44d8:	54 1e b6 fe 	rlwinm  r30,r0,22,27,31
    44dc:	7c e7 62 14 	add     r7,r7,r12
    44e0:	7d 7a da 14 	add     r11,r26,r27
    44e4:	55 29 de fe 	rlwinm  r9,r9,27,27,31
    44e8:	7d 2a 4a 14 	add     r9,r10,r9
    44ec:	54 00 de fe 	rlwinm  r0,r0,27,27,31
    44f0:	7d 6b f2 14 	add     r11,r11,r30
    44f4:	54 e7 f6 fe 	rlwinm  r7,r7,30,27,31
    44f8:	57 ea 6b e0 	rlwinm  r10,r31,13,15,16
    44fc:	7d 29 02 14 	add     r9,r9,r0
    4500:	7c e7 53 78 	or      r7,r7,r10
    4504:	55 6b 44 6a 	rlwinm  r11,r11,8,17,21
    4508:	7c e0 5b 78 	or      r0,r7,r11
    450c:	55 29 1d b4 	rlwinm  r9,r9,3,22,26
    4510:	7c 00 4b 78 	or      r0,r0,r9
    4514:	38 63 00 04 	addi    r3,r3,4
    4518:	b0 04 00 00 	sth     r0,0(r4)
    451c:	38 84 00 02 	addi    r4,r4,2
    4520:	42 00 ff 54 	bdnz    4474 <_start-0x3cf8>
    4524:	3b 9c 00 01 	addi    r28,r28,1
    4528:	7f 9c 30 00 	cmpw    cr7,r28,r6
    452c:	40 bc fa 24 	bge     cr7,3f50 <_start-0x421c>
    4530:	7d 08 2a 14 	add     r8,r8,r5
    4534:	7c 63 2a 14 	add     r3,r3,r5
    4538:	4b ff ff 30 	b       4468 <_start-0x3d04>
    453c:	2f 85 00 01 	cmpwi   cr7,r5,1
    4540:	7c ab 0e 70 	srawi   r11,r5,1
    4544:	41 9e 00 50 	beq     cr7,4594 <_start-0x3bd8>
    4548:	2f 86 00 01 	cmpwi   cr7,r6,1
    454c:	7c c6 0e 70 	srawi   r6,r6,1
    4550:	41 9e 00 3c 	beq     cr7,458c <_start-0x3be0>
    4554:	39 20 00 00 	li      r9,0
    4558:	2f 8b 00 00 	cmpwi   cr7,r11,0
    455c:	7d 69 03 a6 	mtctr   r11
    4560:	40 9d 00 b8 	ble     cr7,4618 <_start-0x3b54>
    4564:	88 03 00 00 	lbz     r0,0(r3)
    4568:	38 63 00 02 	addi    r3,r3,2
    456c:	98 04 00 00 	stb     r0,0(r4)
    4570:	38 84 00 01 	addi    r4,r4,1
    4574:	42 00 ff f0 	bdnz    4564 <_start-0x3c08>
    4578:	39 29 00 01 	addi    r9,r9,1
    457c:	7f 89 30 00 	cmpw    cr7,r9,r6
    4580:	40 bc f9 d0 	bge     cr7,3f50 <_start-0x421c>
    4584:	7c 63 2a 14 	add     r3,r3,r5
    4588:	4b ff ff d0 	b       4558 <_start-0x3c14>
    458c:	38 c0 00 01 	li      r6,1
    4590:	4b ff ff c4 	b       4554 <_start-0x3c18>
    4594:	39 60 00 01 	li      r11,1
    4598:	4b ff ff b0 	b       4548 <_start-0x3c24>
    459c:	38 c0 00 01 	li      r6,1
    45a0:	4b ff fe bc 	b       445c <_start-0x3d10>
    45a4:	3b a0 00 01 	li      r29,1
    45a8:	4b ff fe a8 	b       4450 <_start-0x3d1c>
    45ac:	38 c0 00 01 	li      r6,1
    45b0:	4b ff fd d4 	b       4384 <_start-0x3de8>
    45b4:	3b a0 00 01 	li      r29,1
    45b8:	4b ff fd c0 	b       4378 <_start-0x3df4>
    45bc:	3b a0 00 01 	li      r29,1
    45c0:	4b ff fc fc 	b       42bc <_start-0x3eb0>
    45c4:	3b c0 00 01 	li      r30,1
    45c8:	4b ff fc e8 	b       42b0 <_start-0x3ebc>
    45cc:	38 c0 00 01 	li      r6,1
    45d0:	4b ff fb f0 	b       41c0 <_start-0x3fac>
    45d4:	3b a0 00 01 	li      r29,1
    45d8:	4b ff fb dc 	b       41b4 <_start-0x3fb8>
    45dc:	38 c0 00 01 	li      r6,1
    45e0:	4b ff fa e4 	b       40c4 <_start-0x40a8>
    45e4:	3b a0 00 01 	li      r29,1
    45e8:	4b ff fa d0 	b       40b8 <_start-0x40b4>
    45ec:	38 c0 00 01 	li      r6,1
    45f0:	4b ff fa 58 	b       4048 <_start-0x4124>
    45f4:	38 e0 00 01 	li      r7,1
    45f8:	4b ff fa 44 	b       403c <_start-0x4130>
    45fc:	38 c0 00 01 	li      r6,1
    4600:	4b ff f9 a8 	b       3fa8 <_start-0x41c4>
    4604:	3b c0 00 01 	li      r30,1
    4608:	4b ff f9 94 	b       3f9c <_start-0x41d0>
    460c:	38 00 00 01 	li      r0,1
    4610:	7c 09 03 a6 	mtctr   r0
    4614:	4b ff f9 a8 	b       3fbc <_start-0x41b0>
    4618:	38 00 00 01 	li      r0,1
    461c:	7c 09 03 a6 	mtctr   r0
    4620:	4b ff ff 44 	b       4564 <_start-0x3c08>
    4624:	38 00 00 01 	li      r0,1
    4628:	7c 09 03 a6 	mtctr   r0
    462c:	4b ff fa b0 	b       40dc <_start-0x4090>
    4630:	38 00 00 01 	li      r0,1
    4634:	7c 09 03 a6 	mtctr   r0
    4638:	4b ff fa 24 	b       405c <_start-0x4110>
    463c:	38 00 00 01 	li      r0,1
    4640:	7c 09 03 a6 	mtctr   r0
    4644:	4b ff fc 90 	b       42d4 <_start-0x3e98>
    4648:	38 00 00 01 	li      r0,1
    464c:	7c 09 03 a6 	mtctr   r0
    4650:	4b ff fb 88 	b       41d8 <_start-0x3f94>
    4654:	38 00 00 01 	li      r0,1
    4658:	7c 09 03 a6 	mtctr   r0
    465c:	4b ff fe 18 	b       4474 <_start-0x3cf8>
    4660:	38 00 00 01 	li      r0,1
    4664:	7c 09 03 a6 	mtctr   r0
    4668:	4b ff fd 34 	b       439c <_start-0x3dd0>
    466c:	2b 87 00 0b 	cmplwi  cr7,r7,11
    4670:	94 21 ff d0 	stwu    r1,-48(r1)
    4674:	92 c1 00 08 	stw     r22,8(r1)
    4678:	92 e1 00 0c 	stw     r23,12(r1)
    467c:	93 01 00 10 	stw     r24,16(r1)
    4680:	93 21 00 14 	stw     r25,20(r1)
    4684:	93 41 00 18 	stw     r26,24(r1)
    4688:	93 61 00 1c 	stw     r27,28(r1)
    468c:	93 81 00 20 	stw     r28,32(r1)
    4690:	93 a1 00 24 	stw     r29,36(r1)
    4694:	93 c1 00 28 	stw     r30,40(r1)
    4698:	93 e1 00 2c 	stw     r31,44(r1)
    469c:	41 9d 00 20 	bgt     cr7,46bc <_start-0x3ab0>
    46a0:	3d 20 00 01 	lis     r9,1
    46a4:	54 e7 10 3a 	slwi    r7,r7,2
    46a8:	39 29 b0 4c 	addi    r9,r9,-20404
    46ac:	7c 09 38 2e 	lwzx    r0,r9,r7
    46b0:	7d 20 4a 14 	add     r9,r0,r9
    46b4:	7d 29 03 a6 	mtctr   r9
    46b8:	4e 80 04 20 	bctr
    46bc:	82 c1 00 08 	lwz     r22,8(r1)
    46c0:	82 e1 00 0c 	lwz     r23,12(r1)
    46c4:	83 01 00 10 	lwz     r24,16(r1)
    46c8:	83 21 00 14 	lwz     r25,20(r1)
    46cc:	83 41 00 18 	lwz     r26,24(r1)
    46d0:	83 61 00 1c 	lwz     r27,28(r1)
    46d4:	83 81 00 20 	lwz     r28,32(r1)
    46d8:	83 a1 00 24 	lwz     r29,36(r1)
    46dc:	83 c1 00 28 	lwz     r30,40(r1)
    46e0:	83 e1 00 2c 	lwz     r31,44(r1)
    46e4:	38 21 00 30 	addi    r1,r1,48
    46e8:	4e 80 00 20 	blr
    46ec:	2f 85 00 01 	cmpwi   cr7,r5,1
    46f0:	7c bc 0e 70 	srawi   r28,r5,1
    46f4:	41 9e 08 ec 	beq     cr7,4fe0 <_start-0x318c>
    46f8:	81 48 00 0c 	lwz     r10,12(r8)
    46fc:	81 28 00 04 	lwz     r9,4(r8)
    4700:	2f 8a 00 00 	cmpwi   cr7,r10,0
    4704:	80 08 00 00 	lwz     r0,0(r8)
    4708:	40 bd ff b4 	ble     cr7,46bc <_start-0x3ab0>
    470c:	7d 7c 49 d6 	mullw   r11,r28,r9
    4710:	54 be 18 38 	slwi    r30,r5,3
    4714:	57 9c 08 3c 	slwi    r28,r28,1
    4718:	7c e5 49 d6 	mullw   r7,r5,r9
    471c:	54 09 08 3c 	slwi    r9,r0,1
    4720:	54 bd 10 3a 	slwi    r29,r5,2
    4724:	7c 0b 02 14 	add     r0,r11,r0
    4728:	3b e0 00 00 	li      r31,0
    472c:	7d 27 4a 14 	add     r9,r7,r9
    4730:	54 00 08 3c 	slwi    r0,r0,1
    4734:	55 29 08 3c 	slwi    r9,r9,1
    4738:	7c 84 02 14 	add     r4,r4,r0
    473c:	80 08 00 08 	lwz     r0,8(r8)
    4740:	7d 23 4a 14 	add     r9,r3,r9
    4744:	7c 9b 23 78 	mr      r27,r4
    4748:	7f c9 f2 14 	add     r30,r9,r30
    474c:	7c 63 2a 14 	add     r3,r3,r5
    4750:	7d 3a 4b 78 	mr      r26,r9
    4754:	2f 80 00 00 	cmpwi   cr7,r0,0
    4758:	39 60 00 00 	li      r11,0
    475c:	40 9d 00 6c 	ble     cr7,47c8 <_start-0x39a4>
    4760:	88 c9 00 02 	lbz     r6,2(r9)
    4764:	39 6b 00 01 	addi    r11,r11,1
    4768:	88 e9 00 03 	lbz     r7,3(r9)
    476c:	89 49 00 00 	lbz     r10,0(r9)
    4770:	88 09 00 01 	lbz     r0,1(r9)
    4774:	39 29 00 04 	addi    r9,r9,4
    4778:	88 a3 00 00 	lbz     r5,0(r3)
    477c:	7d 46 52 14 	add     r10,r6,r10
    4780:	89 83 00 01 	lbz     r12,1(r3)
    4784:	7c 07 02 14 	add     r0,r7,r0
    4788:	88 c3 00 02 	lbz     r6,2(r3)
    478c:	7d 4a 2a 14 	add     r10,r10,r5
    4790:	88 e3 00 03 	lbz     r7,3(r3)
    4794:	7c 00 62 14 	add     r0,r0,r12
    4798:	38 63 00 04 	addi    r3,r3,4
    479c:	7d 4a 32 14 	add     r10,r10,r6
    47a0:	7c 00 3a 14 	add     r0,r0,r7
    47a4:	7d 4a 16 70 	srawi   r10,r10,2
    47a8:	7c 00 16 70 	srawi   r0,r0,2
    47ac:	99 44 00 00 	stb     r10,0(r4)
    47b0:	98 04 00 01 	stb     r0,1(r4)
    47b4:	38 84 00 02 	addi    r4,r4,2
    47b8:	80 08 00 08 	lwz     r0,8(r8)
    47bc:	7f 8b 00 00 	cmpw    cr7,r11,r0
    47c0:	41 9c ff a0 	blt     cr7,4760 <_start-0x3a0c>
    47c4:	81 48 00 0c 	lwz     r10,12(r8)
    47c8:	3b ff 00 01 	addi    r31,r31,1
    47cc:	7f de ea 14 	add     r30,r30,r29
    47d0:	7f 9f 50 00 	cmpw    cr7,r31,r10
    47d4:	40 bc fe e8 	bge     cr7,46bc <_start-0x3ab0>
    47d8:	7c 9b e2 14 	add     r4,r27,r28
    47dc:	7d 3a ea 14 	add     r9,r26,r29
    47e0:	7c 7d f0 50 	subf    r3,r29,r30
    47e4:	7d 3a 4b 78 	mr      r26,r9
    47e8:	7c 9b 23 78 	mr      r27,r4
    47ec:	4b ff ff 68 	b       4754 <_start-0x3a18>
    47f0:	2f 85 00 01 	cmpwi   cr7,r5,1
    47f4:	7c bf 0e 70 	srawi   r31,r5,1
    47f8:	41 9e 08 20 	beq     cr7,5018 <_start-0x3154>
    47fc:	80 e8 00 0c 	lwz     r7,12(r8)
    4800:	81 28 00 04 	lwz     r9,4(r8)
    4804:	2f 87 00 00 	cmpwi   cr7,r7,0
    4808:	80 08 00 00 	lwz     r0,0(r8)
    480c:	40 bd fe b0 	ble     cr7,46bc <_start-0x3ab0>
    4810:	7d 45 49 d6 	mullw   r10,r5,r9
    4814:	54 0b 08 3c 	slwi    r11,r0,1
    4818:	54 a5 08 3c 	slwi    r5,r5,1
    481c:	7d 3f 49 d6 	mullw   r9,r31,r9
    4820:	7d 6a 5a 14 	add     r11,r10,r11
    4824:	7c 09 02 14 	add     r0,r9,r0
    4828:	7c 63 5a 14 	add     r3,r3,r11
    482c:	7c 84 02 14 	add     r4,r4,r0
    4830:	80 08 00 08 	lwz     r0,8(r8)
    4834:	7c 66 1b 78 	mr      r6,r3
    4838:	7c 8a 23 78 	mr      r10,r4
    483c:	39 60 00 00 	li      r11,0
    4840:	2f 80 00 00 	cmpwi   cr7,r0,0
    4844:	39 20 00 00 	li      r9,0
    4848:	40 9d 00 24 	ble     cr7,486c <_start-0x3900>
    484c:	88 03 00 00 	lbz     r0,0(r3)
    4850:	38 63 00 02 	addi    r3,r3,2
    4854:	7c 04 49 ae 	stbx    r0,r4,r9
    4858:	39 29 00 01 	addi    r9,r9,1
    485c:	80 08 00 08 	lwz     r0,8(r8)
    4860:	7f 89 00 00 	cmpw    cr7,r9,r0
    4864:	41 9c ff e8 	blt     cr7,484c <_start-0x3920>
    4868:	80 e8 00 0c 	lwz     r7,12(r8)
    486c:	39 6b 00 01 	addi    r11,r11,1
    4870:	7f 8b 38 00 	cmpw    cr7,r11,r7
    4874:	40 bc fe 48 	bge     cr7,46bc <_start-0x3ab0>
    4878:	7c 66 2a 14 	add     r3,r6,r5
    487c:	7d 4a fa 14 	add     r10,r10,r31
    4880:	7d 44 53 78 	mr      r4,r10
    4884:	7c 66 1b 78 	mr      r6,r3
    4888:	4b ff ff b8 	b       4840 <_start-0x392c>
    488c:	2f 85 00 01 	cmpwi   cr7,r5,1
    4890:	7c ba 0e 70 	srawi   r26,r5,1
    4894:	41 9e 07 7c 	beq     cr7,5010 <_start-0x315c>
    4898:	80 e8 00 0c 	lwz     r7,12(r8)
    489c:	81 28 00 04 	lwz     r9,4(r8)
    48a0:	2f 87 00 00 	cmpwi   cr7,r7,0
    48a4:	80 08 00 00 	lwz     r0,0(r8)
    48a8:	40 bd fe 14 	ble     cr7,46bc <_start-0x3ab0>
    48ac:	7d 7a 49 d6 	mullw   r11,r26,r9
    48b0:	80 c8 00 08 	lwz     r6,8(r8)
    48b4:	54 bc 10 3a 	slwi    r28,r5,2
    48b8:	57 5a 08 3c 	slwi    r26,r26,1
    48bc:	7d 45 49 d6 	mullw   r10,r5,r9
    48c0:	54 a5 08 3c 	slwi    r5,r5,1
    48c4:	3b a0 00 00 	li      r29,0
    48c8:	2f 06 00 00 	cmpwi   cr6,r6,0
    48cc:	7f 7c 2a 14 	add     r27,r28,r5
    48d0:	7d 2a 02 14 	add     r9,r10,r0
    48d4:	7c 0b 02 14 	add     r0,r11,r0
    48d8:	54 00 08 3c 	slwi    r0,r0,1
    48dc:	55 29 10 3a 	slwi    r9,r9,2
    48e0:	7c 63 4a 14 	add     r3,r3,r9
    48e4:	7c 84 02 14 	add     r4,r4,r0
    48e8:	7f c3 2a 14 	add     r30,r3,r5
    48ec:	7f 63 da 14 	add     r27,r3,r27
    48f0:	7c 85 23 78 	mr      r5,r4
    48f4:	40 99 00 d4 	ble     cr6,49c8 <_start-0x37a4>
    48f8:	2f 86 00 00 	cmpwi   cr7,r6,0
    48fc:	39 80 00 00 	li      r12,0
    4900:	7c c9 03 a6 	mtctr   r6
    4904:	40 9d 07 40 	ble     cr7,5044 <_start-0x3128>
    4908:	3c 00 80 00 	lis     r0,-32768
    490c:	7f 86 00 00 	cmpw    cr7,r6,r0
    4910:	41 9e 07 34 	beq     cr7,5044 <_start-0x3128>
    4914:	7c 69 1b 78 	mr      r9,r3
    4918:	7f c8 f3 78 	mr      r8,r30
    491c:	7d 69 62 6e 	lhzux   r11,r9,r12
    4920:	a1 49 00 02 	lhz     r10,2(r9)
    4924:	55 7f 8b fe 	srwi    r31,r11,15
    4928:	7d 28 62 6e 	lhzux   r9,r8,r12
    492c:	39 8c 00 04 	addi    r12,r12,4
    4930:	55 58 06 fe 	clrlwi  r24,r10,27
    4934:	55 59 8b fe 	srwi    r25,r10,15
    4938:	a0 08 00 02 	lhz     r0,2(r8)
    493c:	55 68 06 fe 	clrlwi  r8,r11,27
    4940:	55 36 06 fe 	clrlwi  r22,r9,27
    4944:	7d 18 42 14 	add     r8,r24,r8
    4948:	7f f9 fa 14 	add     r31,r25,r31
    494c:	55 38 8b fe 	srwi    r24,r9,15
    4950:	55 79 b6 fe 	rlwinm  r25,r11,22,27,31
    4954:	55 57 b6 fe 	rlwinm  r23,r10,22,27,31
    4958:	7d 08 b2 14 	add     r8,r8,r22
    495c:	7f ff c2 14 	add     r31,r31,r24
    4960:	7e f7 ca 14 	add     r23,r23,r25
    4964:	54 16 06 fe 	clrlwi  r22,r0,27
    4968:	55 79 de fe 	rlwinm  r25,r11,27,27,31
    496c:	55 38 b6 fe 	rlwinm  r24,r9,22,27,31
    4970:	54 0b 8b fe 	srwi    r11,r0,15
    4974:	55 4a de fe 	rlwinm  r10,r10,27,27,31
    4978:	7f ff 5a 14 	add     r31,r31,r11
    497c:	7d 4a ca 14 	add     r10,r10,r25
    4980:	7d 08 b2 14 	add     r8,r8,r22
    4984:	54 19 b6 fe 	rlwinm  r25,r0,22,27,31
    4988:	7d 77 c2 14 	add     r11,r23,r24
    498c:	55 29 de fe 	rlwinm  r9,r9,27,27,31
    4990:	54 00 de fe 	rlwinm  r0,r0,27,27,31
    4994:	7d 2a 4a 14 	add     r9,r10,r9
    4998:	7d 6b ca 14 	add     r11,r11,r25
    499c:	55 08 f6 fe 	rlwinm  r8,r8,30,27,31
    49a0:	57 ea 6b e0 	rlwinm  r10,r31,13,15,16
    49a4:	7d 29 02 14 	add     r9,r9,r0
    49a8:	7d 08 53 78 	or      r8,r8,r10
    49ac:	55 6b 44 6a 	rlwinm  r11,r11,8,17,21
    49b0:	55 29 1d b4 	rlwinm  r9,r9,3,22,26
    49b4:	7d 00 5b 78 	or      r0,r8,r11
    49b8:	7c 00 4b 78 	or      r0,r0,r9
    49bc:	b0 05 00 00 	sth     r0,0(r5)
    49c0:	38 a5 00 02 	addi    r5,r5,2
    49c4:	42 00 ff 50 	bdnz    4914 <_start-0x3858>
    49c8:	3b bd 00 01 	addi    r29,r29,1
    49cc:	7f 7b e2 14 	add     r27,r27,r28
    49d0:	7f 9d 38 00 	cmpw    cr7,r29,r7
    49d4:	40 bc fc e8 	bge     cr7,46bc <_start-0x3ab0>
    49d8:	7c 84 d2 14 	add     r4,r4,r26
    49dc:	7c 63 e2 14 	add     r3,r3,r28
    49e0:	7f dc d8 50 	subf    r30,r28,r27
    49e4:	7c 85 23 78 	mr      r5,r4
    49e8:	4b ff ff 0c 	b       48f4 <_start-0x3878>
    49ec:	2f 85 00 01 	cmpwi   cr7,r5,1
    49f0:	7c bb 0e 70 	srawi   r27,r5,1
    49f4:	41 9e 06 14 	beq     cr7,5008 <_start-0x3164>
    49f8:	80 e8 00 0c 	lwz     r7,12(r8)
    49fc:	81 28 00 04 	lwz     r9,4(r8)
    4a00:	2f 87 00 00 	cmpwi   cr7,r7,0
    4a04:	80 08 00 00 	lwz     r0,0(r8)
    4a08:	40 bd fc b4 	ble     cr7,46bc <_start-0x3ab0>
    4a0c:	7d 7b 49 d6 	mullw   r11,r27,r9
    4a10:	80 c8 00 08 	lwz     r6,8(r8)
    4a14:	54 bd 10 3a 	slwi    r29,r5,2
    4a18:	57 7b 08 3c 	slwi    r27,r27,1
    4a1c:	7d 45 49 d6 	mullw   r10,r5,r9
    4a20:	54 a5 08 3c 	slwi    r5,r5,1
    4a24:	3b c0 00 00 	li      r30,0
    4a28:	2f 06 00 00 	cmpwi   cr6,r6,0
    4a2c:	7f 9d 2a 14 	add     r28,r29,r5
    4a30:	7d 2a 02 14 	add     r9,r10,r0
    4a34:	7c 0b 02 14 	add     r0,r11,r0
    4a38:	54 00 08 3c 	slwi    r0,r0,1
    4a3c:	55 29 10 3a 	slwi    r9,r9,2
    4a40:	7c 63 4a 14 	add     r3,r3,r9
    4a44:	7c 84 02 14 	add     r4,r4,r0
    4a48:	7f e3 2a 14 	add     r31,r3,r5
    4a4c:	7f 83 e2 14 	add     r28,r3,r28
    4a50:	7c 85 23 78 	mr      r5,r4
    4a54:	40 99 00 b0 	ble     cr6,4b04 <_start-0x3668>
    4a58:	2f 86 00 00 	cmpwi   cr7,r6,0
    4a5c:	39 80 00 00 	li      r12,0
    4a60:	7c c9 03 a6 	mtctr   r6
    4a64:	40 9d 05 d4 	ble     cr7,5038 <_start-0x3134>
    4a68:	3c 00 80 00 	lis     r0,-32768
    4a6c:	7f 86 00 00 	cmpw    cr7,r6,r0
    4a70:	41 9e 05 c8 	beq     cr7,5038 <_start-0x3134>
    4a74:	7c 69 1b 78 	mr      r9,r3
    4a78:	7f e8 fb 78 	mr      r8,r31
    4a7c:	7d 69 62 6e 	lhzux   r11,r9,r12
    4a80:	a1 49 00 02 	lhz     r10,2(r9)
    4a84:	55 79 b6 fe 	rlwinm  r25,r11,22,27,31
    4a88:	7d 28 62 6e 	lhzux   r9,r8,r12
    4a8c:	39 8c 00 04 	addi    r12,r12,4
    4a90:	55 5a 06 fe 	clrlwi  r26,r10,27
    4a94:	55 57 b6 fe 	rlwinm  r23,r10,22,27,31
    4a98:	a0 08 00 02 	lhz     r0,2(r8)
    4a9c:	55 68 06 fe 	clrlwi  r8,r11,27
    4aa0:	7e f7 ca 14 	add     r23,r23,r25
    4aa4:	7d 1a 42 14 	add     r8,r26,r8
    4aa8:	55 39 06 fe 	clrlwi  r25,r9,27
    4aac:	55 7a de fe 	rlwinm  r26,r11,27,27,31
    4ab0:	55 38 b6 fe 	rlwinm  r24,r9,22,27,31
    4ab4:	55 4a de fe 	rlwinm  r10,r10,27,27,31
    4ab8:	7d 08 ca 14 	add     r8,r8,r25
    4abc:	7d 4a d2 14 	add     r10,r10,r26
    4ac0:	54 19 b6 fe 	rlwinm  r25,r0,22,27,31
    4ac4:	54 1a 06 fe 	clrlwi  r26,r0,27
    4ac8:	7d 77 c2 14 	add     r11,r23,r24
    4acc:	55 29 de fe 	rlwinm  r9,r9,27,27,31
    4ad0:	54 00 de fe 	rlwinm  r0,r0,27,27,31
    4ad4:	7d 6b ca 14 	add     r11,r11,r25
    4ad8:	7d 08 d2 14 	add     r8,r8,r26
    4adc:	7d 2a 4a 14 	add     r9,r10,r9
    4ae0:	55 6b 4b e8 	rlwinm  r11,r11,9,15,20
    4ae4:	7d 29 02 14 	add     r9,r9,r0
    4ae8:	55 00 f6 fe 	rlwinm  r0,r8,30,27,31
    4aec:	7d 60 03 78 	or      r0,r11,r0
    4af0:	55 29 1d 74 	rlwinm  r9,r9,3,21,26
    4af4:	7c 00 4b 78 	or      r0,r0,r9
    4af8:	b0 05 00 00 	sth     r0,0(r5)
    4afc:	38 a5 00 02 	addi    r5,r5,2
    4b00:	42 00 ff 74 	bdnz    4a74 <_start-0x36f8>
    4b04:	3b de 00 01 	addi    r30,r30,1
    4b08:	7f 9c ea 14 	add     r28,r28,r29
    4b0c:	7f 9e 38 00 	cmpw    cr7,r30,r7
    4b10:	40 bc fb ac 	bge     cr7,46bc <_start-0x3ab0>
    4b14:	7c 84 da 14 	add     r4,r4,r27
    4b18:	7c 63 ea 14 	add     r3,r3,r29
    4b1c:	7f fd e0 50 	subf    r31,r29,r28
    4b20:	7c 85 23 78 	mr      r5,r4
    4b24:	4b ff ff 30 	b       4a54 <_start-0x3718>
    4b28:	2f 85 00 01 	cmpwi   cr7,r5,1
    4b2c:	7c b7 0e 70 	srawi   r23,r5,1
    4b30:	41 9e 04 d0 	beq     cr7,5000 <_start-0x316c>
    4b34:	81 48 00 0c 	lwz     r10,12(r8)
    4b38:	81 28 00 04 	lwz     r9,4(r8)
    4b3c:	2f 8a 00 00 	cmpwi   cr7,r10,0
    4b40:	80 08 00 00 	lwz     r0,0(r8)
    4b44:	40 bd fb 78 	ble     cr7,46bc <_start-0x3ab0>
    4b48:	7d 65 49 d6 	mullw   r11,r5,r9
    4b4c:	3b 80 00 00 	li      r28,0
    4b50:	7d 37 49 d6 	mullw   r9,r23,r9
    4b54:	7d 6b 02 14 	add     r11,r11,r0
    4b58:	1f 45 00 06 	mulli   r26,r5,6
    4b5c:	7c 09 02 14 	add     r0,r9,r0
    4b60:	1d 6b 00 06 	mulli   r11,r11,6
    4b64:	1c 00 00 03 	mulli   r0,r0,3
    4b68:	1d 25 00 03 	mulli   r9,r5,3
    4b6c:	7c 63 5a 14 	add     r3,r3,r11
    4b70:	7c 84 02 14 	add     r4,r4,r0
    4b74:	1e f7 00 03 	mulli   r23,r23,3
    4b78:	80 08 00 08 	lwz     r0,8(r8)
    4b7c:	7c 78 1b 78 	mr      r24,r3
    4b80:	7f 69 d2 14 	add     r27,r9,r26
    4b84:	7c 99 23 78 	mr      r25,r4
    4b88:	7f 63 da 14 	add     r27,r3,r27
    4b8c:	7d 23 4a 14 	add     r9,r3,r9
    4b90:	2f 80 00 00 	cmpwi   cr7,r0,0
    4b94:	39 60 00 00 	li      r11,0
    4b98:	40 9d 00 90 	ble     cr7,4c28 <_start-0x3544>
    4b9c:	89 83 00 04 	lbz     r12,4(r3)
    4ba0:	39 6b 00 01 	addi    r11,r11,1
    4ba4:	88 a3 00 05 	lbz     r5,5(r3)
    4ba8:	88 c3 00 03 	lbz     r6,3(r3)
    4bac:	89 43 00 01 	lbz     r10,1(r3)
    4bb0:	88 03 00 02 	lbz     r0,2(r3)
    4bb4:	88 e3 00 00 	lbz     r7,0(r3)
    4bb8:	7d 4c 52 14 	add     r10,r12,r10
    4bbc:	38 63 00 06 	addi    r3,r3,6
    4bc0:	8b a9 00 01 	lbz     r29,1(r9)
    4bc4:	7c 05 02 14 	add     r0,r5,r0
    4bc8:	8b c9 00 02 	lbz     r30,2(r9)
    4bcc:	7c e6 3a 14 	add     r7,r6,r7
    4bd0:	8b e9 00 00 	lbz     r31,0(r9)
    4bd4:	7d 4a ea 14 	add     r10,r10,r29
    4bd8:	89 89 00 04 	lbz     r12,4(r9)
    4bdc:	7c 00 f2 14 	add     r0,r0,r30
    4be0:	88 a9 00 05 	lbz     r5,5(r9)
    4be4:	7c e7 fa 14 	add     r7,r7,r31
    4be8:	88 c9 00 03 	lbz     r6,3(r9)
    4bec:	7d 4a 62 14 	add     r10,r10,r12
    4bf0:	39 29 00 06 	addi    r9,r9,6
    4bf4:	7c 00 2a 14 	add     r0,r0,r5
    4bf8:	7d 4a 16 70 	srawi   r10,r10,2
    4bfc:	7c e7 32 14 	add     r7,r7,r6
    4c00:	7c 00 16 70 	srawi   r0,r0,2
    4c04:	99 44 00 01 	stb     r10,1(r4)
    4c08:	7c e7 16 70 	srawi   r7,r7,2
    4c0c:	98 04 00 02 	stb     r0,2(r4)
    4c10:	98 e4 00 00 	stb     r7,0(r4)
    4c14:	38 84 00 03 	addi    r4,r4,3
    4c18:	80 08 00 08 	lwz     r0,8(r8)
    4c1c:	7f 8b 00 00 	cmpw    cr7,r11,r0
    4c20:	41 9c ff 7c 	blt     cr7,4b9c <_start-0x35d0>
    4c24:	81 48 00 0c 	lwz     r10,12(r8)
    4c28:	3b 9c 00 01 	addi    r28,r28,1
    4c2c:	7f 7b d2 14 	add     r27,r27,r26
    4c30:	7f 9c 50 00 	cmpw    cr7,r28,r10
    4c34:	40 bc fa 88 	bge     cr7,46bc <_start-0x3ab0>
    4c38:	7c 99 ba 14 	add     r4,r25,r23
    4c3c:	7c 78 d2 14 	add     r3,r24,r26
    4c40:	7d 3a d8 50 	subf    r9,r26,r27
    4c44:	7c 78 1b 78 	mr      r24,r3
    4c48:	7c 99 23 78 	mr      r25,r4
    4c4c:	4b ff ff 44 	b       4b90 <_start-0x35dc>
    4c50:	2f 85 00 01 	cmpwi   cr7,r5,1
    4c54:	7c b9 0e 70 	srawi   r25,r5,1
    4c58:	41 9e 03 a0 	beq     cr7,4ff8 <_start-0x3174>
    4c5c:	80 e8 00 0c 	lwz     r7,12(r8)
    4c60:	81 28 00 04 	lwz     r9,4(r8)
    4c64:	2f 87 00 00 	cmpwi   cr7,r7,0
    4c68:	80 08 00 00 	lwz     r0,0(r8)
    4c6c:	40 bd fa 50 	ble     cr7,46bc <_start-0x3ab0>
    4c70:	7d 79 49 d6 	mullw   r11,r25,r9
    4c74:	80 c8 00 08 	lwz     r6,8(r8)
    4c78:	54 bc 10 3a 	slwi    r28,r5,2
    4c7c:	57 39 08 3c 	slwi    r25,r25,1
    4c80:	7d 45 49 d6 	mullw   r10,r5,r9
    4c84:	54 a5 08 3c 	slwi    r5,r5,1
    4c88:	3b a0 00 00 	li      r29,0
    4c8c:	2f 06 00 00 	cmpwi   cr6,r6,0
    4c90:	7f 7c 2a 14 	add     r27,r28,r5
    4c94:	7d 2a 02 14 	add     r9,r10,r0
    4c98:	7c 0b 02 14 	add     r0,r11,r0
    4c9c:	54 00 08 3c 	slwi    r0,r0,1
    4ca0:	55 29 10 3a 	slwi    r9,r9,2
    4ca4:	7c 63 4a 14 	add     r3,r3,r9
    4ca8:	7c 84 02 14 	add     r4,r4,r0
    4cac:	7f 63 da 14 	add     r27,r3,r27
    4cb0:	7f c3 2a 14 	add     r30,r3,r5
    4cb4:	7c 9a 23 78 	mr      r26,r4
    4cb8:	40 99 00 d4 	ble     cr6,4d8c <_start-0x33e0>
    4cbc:	2f 86 00 00 	cmpwi   cr7,r6,0
    4cc0:	38 a0 00 00 	li      r5,0
    4cc4:	7c c9 03 a6 	mtctr   r6
    4cc8:	40 9d 03 64 	ble     cr7,502c <_start-0x3140>
    4ccc:	3c 00 80 00 	lis     r0,-32768
    4cd0:	7f 86 00 00 	cmpw    cr7,r6,r0
    4cd4:	41 9e 03 58 	beq     cr7,502c <_start-0x3140>
    4cd8:	7c 69 1b 78 	mr      r9,r3
    4cdc:	7f c8 f3 78 	mr      r8,r30
    4ce0:	7d 69 2a 6e 	lhzux   r11,r9,r5
    4ce4:	a1 49 00 02 	lhz     r10,2(r9)
    4ce8:	55 7f a3 3e 	srwi    r31,r11,12
    4cec:	7d 28 2a 6e 	lhzux   r9,r8,r5
    4cf0:	38 a5 00 04 	addi    r5,r5,4
    4cf4:	55 57 07 3e 	clrlwi  r23,r10,28
    4cf8:	55 58 a3 3e 	srwi    r24,r10,12
    4cfc:	a0 08 00 02 	lhz     r0,2(r8)
    4d00:	55 68 07 3e 	clrlwi  r8,r11,28
    4d04:	55 2c 07 3e 	clrlwi  r12,r9,28
    4d08:	7d 17 42 14 	add     r8,r23,r8
    4d0c:	7f f8 fa 14 	add     r31,r24,r31
    4d10:	55 37 a3 3e 	srwi    r23,r9,12
    4d14:	55 78 c7 3e 	rlwinm  r24,r11,24,28,31
    4d18:	55 56 c7 3e 	rlwinm  r22,r10,24,28,31
    4d1c:	7d 08 62 14 	add     r8,r8,r12
    4d20:	7f ff ba 14 	add     r31,r31,r23
    4d24:	7e d6 c2 14 	add     r22,r22,r24
    4d28:	54 0c 07 3e 	clrlwi  r12,r0,28
    4d2c:	55 78 e7 3e 	rlwinm  r24,r11,28,28,31
    4d30:	55 37 c7 3e 	rlwinm  r23,r9,24,28,31
    4d34:	54 0b a3 3e 	srwi    r11,r0,12
    4d38:	55 4a e7 3e 	rlwinm  r10,r10,28,28,31
    4d3c:	7f ff 5a 14 	add     r31,r31,r11
    4d40:	7d 4a c2 14 	add     r10,r10,r24
    4d44:	7d 08 62 14 	add     r8,r8,r12
    4d48:	54 18 c7 3e 	rlwinm  r24,r0,24,28,31
    4d4c:	7d 76 ba 14 	add     r11,r22,r23
    4d50:	55 29 e7 3e 	rlwinm  r9,r9,28,28,31
    4d54:	54 00 e7 3e 	rlwinm  r0,r0,28,28,31
    4d58:	7d 2a 4a 14 	add     r9,r10,r9
    4d5c:	7d 6b c2 14 	add     r11,r11,r24
    4d60:	55 08 f7 3e 	rlwinm  r8,r8,30,28,31
    4d64:	57 ea 53 e6 	rlwinm  r10,r31,10,15,19
    4d68:	7d 29 02 14 	add     r9,r9,r0
    4d6c:	7d 08 53 78 	or      r8,r8,r10
    4d70:	55 6b 35 2e 	rlwinm  r11,r11,6,20,23
    4d74:	55 29 16 36 	rlwinm  r9,r9,2,24,27
    4d78:	7d 00 5b 78 	or      r0,r8,r11
    4d7c:	7c 00 4b 78 	or      r0,r0,r9
    4d80:	b0 04 00 00 	sth     r0,0(r4)
    4d84:	38 84 00 02 	addi    r4,r4,2
    4d88:	42 00 ff 50 	bdnz    4cd8 <_start-0x3494>
    4d8c:	3b bd 00 01 	addi    r29,r29,1
    4d90:	7f 7b e2 14 	add     r27,r27,r28
    4d94:	7f 9d 38 00 	cmpw    cr7,r29,r7
    4d98:	40 bc f9 24 	bge     cr7,46bc <_start-0x3ab0>
    4d9c:	7c 9a ca 14 	add     r4,r26,r25
    4da0:	7c 63 e2 14 	add     r3,r3,r28
    4da4:	7f dc d8 50 	subf    r30,r28,r27
    4da8:	7c 9a 23 78 	mr      r26,r4
    4dac:	4b ff ff 0c 	b       4cb8 <_start-0x34b4>
    4db0:	2f 85 00 01 	cmpwi   cr7,r5,1
    4db4:	7c b9 0e 70 	srawi   r25,r5,1
    4db8:	41 9e 02 38 	beq     cr7,4ff0 <_start-0x317c>
    4dbc:	80 e8 00 0c 	lwz     r7,12(r8)
    4dc0:	81 28 00 04 	lwz     r9,4(r8)
    4dc4:	2f 87 00 00 	cmpwi   cr7,r7,0
    4dc8:	80 08 00 00 	lwz     r0,0(r8)
    4dcc:	40 bd f8 f0 	ble     cr7,46bc <_start-0x3ab0>
    4dd0:	7d 79 49 d6 	mullw   r11,r25,r9
    4dd4:	80 c8 00 08 	lwz     r6,8(r8)
    4dd8:	54 bc 18 38 	slwi    r28,r5,3
    4ddc:	57 39 10 3a 	slwi    r25,r25,2
    4de0:	7d 45 49 d6 	mullw   r10,r5,r9
    4de4:	54 a5 10 3a 	slwi    r5,r5,2
    4de8:	3b a0 00 00 	li      r29,0
    4dec:	2f 06 00 00 	cmpwi   cr6,r6,0
    4df0:	7f 7c 2a 14 	add     r27,r28,r5
    4df4:	7d 2a 02 14 	add     r9,r10,r0
    4df8:	7c 0b 02 14 	add     r0,r11,r0
    4dfc:	54 00 10 3a 	slwi    r0,r0,2
    4e00:	55 29 18 38 	slwi    r9,r9,3
    4e04:	7c 63 4a 14 	add     r3,r3,r9
    4e08:	7c 84 02 14 	add     r4,r4,r0
    4e0c:	7f 63 da 14 	add     r27,r3,r27
    4e10:	7f c3 2a 14 	add     r30,r3,r5
    4e14:	7c 9a 23 78 	mr      r26,r4
    4e18:	40 99 00 d4 	ble     cr6,4eec <_start-0x3280>
    4e1c:	2f 86 00 00 	cmpwi   cr7,r6,0
    4e20:	38 a0 00 00 	li      r5,0
    4e24:	7c c9 03 a6 	mtctr   r6
    4e28:	40 9d 01 f8 	ble     cr7,5020 <_start-0x314c>
    4e2c:	3c 00 80 00 	lis     r0,-32768
    4e30:	7f 86 00 00 	cmpw    cr7,r6,r0
    4e34:	41 9e 01 ec 	beq     cr7,5020 <_start-0x314c>
    4e38:	7c 69 1b 78 	mr      r9,r3
    4e3c:	7f c8 f3 78 	mr      r8,r30
    4e40:	7d 69 28 6e 	lwzux   r11,r9,r5
    4e44:	81 49 00 04 	lwz     r10,4(r9)
    4e48:	55 7f 46 3e 	srwi    r31,r11,24
    4e4c:	7d 28 28 6e 	lwzux   r9,r8,r5
    4e50:	38 a5 00 08 	addi    r5,r5,8
    4e54:	55 57 06 3e 	clrlwi  r23,r10,24
    4e58:	55 58 46 3e 	srwi    r24,r10,24
    4e5c:	80 08 00 04 	lwz     r0,4(r8)
    4e60:	55 68 06 3e 	clrlwi  r8,r11,24
    4e64:	55 36 06 3e 	clrlwi  r22,r9,24
    4e68:	7d 17 42 14 	add     r8,r23,r8
    4e6c:	7f f8 fa 14 	add     r31,r24,r31
    4e70:	55 37 46 3e 	srwi    r23,r9,24
    4e74:	55 78 86 3e 	rlwinm  r24,r11,16,24,31
    4e78:	55 4c 86 3e 	rlwinm  r12,r10,16,24,31
    4e7c:	7d 08 b2 14 	add     r8,r8,r22
    4e80:	7f ff ba 14 	add     r31,r31,r23
    4e84:	7d 8c c2 14 	add     r12,r12,r24
    4e88:	54 16 06 3e 	clrlwi  r22,r0,24
    4e8c:	55 78 c6 3e 	rlwinm  r24,r11,24,24,31
    4e90:	55 37 86 3e 	rlwinm  r23,r9,16,24,31
    4e94:	54 0b 46 3e 	srwi    r11,r0,24
    4e98:	55 4a c6 3e 	rlwinm  r10,r10,24,24,31
    4e9c:	7f ff 5a 14 	add     r31,r31,r11
    4ea0:	7d 4a c2 14 	add     r10,r10,r24
    4ea4:	7d 08 b2 14 	add     r8,r8,r22
    4ea8:	54 18 86 3e 	rlwinm  r24,r0,16,24,31
    4eac:	7d 6c ba 14 	add     r11,r12,r23
    4eb0:	55 29 c6 3e 	rlwinm  r9,r9,24,24,31
    4eb4:	54 00 c6 3e 	rlwinm  r0,r0,24,24,31
    4eb8:	7d 2a 4a 14 	add     r9,r10,r9
    4ebc:	7d 6b c2 14 	add     r11,r11,r24
    4ec0:	55 08 f6 3e 	rlwinm  r8,r8,30,24,31
    4ec4:	57 ea b0 0e 	rlwinm  r10,r31,22,0,7
    4ec8:	7d 29 02 14 	add     r9,r9,r0
    4ecc:	7d 08 53 78 	or      r8,r8,r10
    4ed0:	55 6b 72 1e 	rlwinm  r11,r11,14,8,15
    4ed4:	55 29 34 2e 	rlwinm  r9,r9,6,16,23
    4ed8:	7d 00 5b 78 	or      r0,r8,r11
    4edc:	7c 00 4b 78 	or      r0,r0,r9
    4ee0:	90 04 00 00 	stw     r0,0(r4)
    4ee4:	38 84 00 04 	addi    r4,r4,4
    4ee8:	42 00 ff 50 	bdnz    4e38 <_start-0x3334>
    4eec:	3b bd 00 01 	addi    r29,r29,1
    4ef0:	7f 7b e2 14 	add     r27,r27,r28
    4ef4:	7f 9d 38 00 	cmpw    cr7,r29,r7
    4ef8:	40 bc f7 c4 	bge     cr7,46bc <_start-0x3ab0>
    4efc:	7c 9a ca 14 	add     r4,r26,r25
    4f00:	7c 63 e2 14 	add     r3,r3,r28
    4f04:	7f dc d8 50 	subf    r30,r28,r27
    4f08:	7c 9a 23 78 	mr      r26,r4
    4f0c:	4b ff ff 0c 	b       4e18 <_start-0x3354>
    4f10:	2f 85 00 01 	cmpwi   cr7,r5,1
    4f14:	7c bb 0e 70 	srawi   r27,r5,1
    4f18:	41 9e 00 d0 	beq     cr7,4fe8 <_start-0x3184>
    4f1c:	81 48 00 0c 	lwz     r10,12(r8)
    4f20:	81 28 00 04 	lwz     r9,4(r8)
    4f24:	2f 8a 00 00 	cmpwi   cr7,r10,0
    4f28:	80 08 00 00 	lwz     r0,0(r8)
    4f2c:	40 bd f7 90 	ble     cr7,46bc <_start-0x3ab0>
    4f30:	7c e5 49 d6 	mullw   r7,r5,r9
    4f34:	54 be 08 3c 	slwi    r30,r5,1
    4f38:	7d 7b 49 d6 	mullw   r11,r27,r9
    4f3c:	54 09 08 3c 	slwi    r9,r0,1
    4f40:	7f e5 f2 14 	add     r31,r5,r30
    4f44:	7d 27 4a 14 	add     r9,r7,r9
    4f48:	7c a3 2a 14 	add     r5,r3,r5
    4f4c:	7c 0b 02 14 	add     r0,r11,r0
    4f50:	7d 23 4a 14 	add     r9,r3,r9
    4f54:	7c 84 02 14 	add     r4,r4,r0
    4f58:	80 08 00 08 	lwz     r0,8(r8)
    4f5c:	7f e9 fa 14 	add     r31,r9,r31
    4f60:	7c 9d 23 78 	mr      r29,r4
    4f64:	7d 3c 4b 78 	mr      r28,r9
    4f68:	38 60 00 00 	li      r3,0
    4f6c:	2f 80 00 00 	cmpwi   cr7,r0,0
    4f70:	38 c5 00 01 	addi    r6,r5,1
    4f74:	39 60 00 00 	li      r11,0
    4f78:	40 9d 00 40 	ble     cr7,4fb8 <_start-0x31b4>
    4f7c:	89 49 00 01 	lbz     r10,1(r9)
    4f80:	88 09 00 00 	lbz     r0,0(r9)
    4f84:	39 29 00 02 	addi    r9,r9,2
    4f88:	88 e5 00 00 	lbz     r7,0(r5)
    4f8c:	7c 0a 02 14 	add     r0,r10,r0
    4f90:	89 46 00 00 	lbz     r10,0(r6)
    4f94:	7c 00 3a 14 	add     r0,r0,r7
    4f98:	7c 00 52 14 	add     r0,r0,r10
    4f9c:	7c 00 16 70 	srawi   r0,r0,2
    4fa0:	7c 04 59 ae 	stbx    r0,r4,r11
    4fa4:	39 6b 00 01 	addi    r11,r11,1
    4fa8:	80 08 00 08 	lwz     r0,8(r8)
    4fac:	7f 8b 00 00 	cmpw    cr7,r11,r0
    4fb0:	41 9c ff cc 	blt     cr7,4f7c <_start-0x31f0>
    4fb4:	81 48 00 0c 	lwz     r10,12(r8)
    4fb8:	38 63 00 01 	addi    r3,r3,1
    4fbc:	7f ff f2 14 	add     r31,r31,r30
    4fc0:	7f 83 50 00 	cmpw    cr7,r3,r10
    4fc4:	40 bc f6 f8 	bge     cr7,46bc <_start-0x3ab0>
    4fc8:	7d 3c f2 14 	add     r9,r28,r30
    4fcc:	7f bd da 14 	add     r29,r29,r27
    4fd0:	7c be f8 50 	subf    r5,r30,r31
    4fd4:	7f a4 eb 78 	mr      r4,r29
    4fd8:	7d 3c 4b 78 	mr      r28,r9
    4fdc:	4b ff ff 90 	b       4f6c <_start-0x3200>
    4fe0:	3b 80 00 01 	li      r28,1
    4fe4:	4b ff f7 14 	b       46f8 <_start-0x3a74>
    4fe8:	3b 60 00 01 	li      r27,1
    4fec:	4b ff ff 30 	b       4f1c <_start-0x3250>
    4ff0:	3b 20 00 01 	li      r25,1
    4ff4:	4b ff fd c8 	b       4dbc <_start-0x33b0>
    4ff8:	3b 20 00 01 	li      r25,1
    4ffc:	4b ff fc 60 	b       4c5c <_start-0x3510>
    5000:	3a e0 00 01 	li      r23,1
    5004:	4b ff fb 30 	b       4b34 <_start-0x3638>
    5008:	3b 60 00 01 	li      r27,1
    500c:	4b ff f9 ec 	b       49f8 <_start-0x3774>
    5010:	3b 40 00 01 	li      r26,1
    5014:	4b ff f8 84 	b       4898 <_start-0x38d4>
    5018:	3b e0 00 01 	li      r31,1
    501c:	4b ff f7 e0 	b       47fc <_start-0x3970>
    5020:	38 00 00 01 	li      r0,1
    5024:	7c 09 03 a6 	mtctr   r0
    5028:	4b ff fe 10 	b       4e38 <_start-0x3334>
    502c:	38 00 00 01 	li      r0,1
    5030:	7c 09 03 a6 	mtctr   r0
    5034:	4b ff fc a4 	b       4cd8 <_start-0x3494>
    5038:	38 00 00 01 	li      r0,1
    503c:	7c 09 03 a6 	mtctr   r0
    5040:	4b ff fa 34 	b       4a74 <_start-0x36f8>
    5044:	38 00 00 01 	li      r0,1
    5048:	7c 09 03 a6 	mtctr   r0
    504c:	4b ff f8 c8 	b       4914 <_start-0x3858>
    5050:	38 60 00 00 	li      r3,0
    5054:	4e 80 00 20 	blr
    5058:	7c 89 23 79 	mr.     r9,r4
    505c:	94 21 ff f0 	stwu    r1,-16(r1)
    5060:	7c 08 02 a6 	mflr    r0
    5064:	38 60 ff fe 	li      r3,-2
    5068:	90 01 00 14 	stw     r0,20(r1)
    506c:	41 82 00 18 	beq     5084 <_start-0x30e8>
    5070:	81 29 00 c0 	lwz     r9,192(r9)
    5074:	80 09 00 58 	lwz     r0,88(r9)
    5078:	7d 23 4b 78 	mr      r3,r9
    507c:	7c 09 03 a6 	mtctr   r0
    5080:	4e 80 04 21 	bctrl
    5084:	80 01 00 14 	lwz     r0,20(r1)
    5088:	38 21 00 10 	addi    r1,r1,16
    508c:	7c 08 03 a6 	mtlr    r0
    5090:	4e 80 00 20 	blr
    5094:	7c 89 23 79 	mr.     r9,r4
    5098:	94 21 ff f0 	stwu    r1,-16(r1)
    509c:	7c 08 02 a6 	mflr    r0
    50a0:	90 01 00 14 	stw     r0,20(r1)
    50a4:	41 82 00 40 	beq     50e4 <_start-0x3088>
    50a8:	a8 09 00 46 	lha     r0,70(r9)
    50ac:	38 60 ff e6 	li      r3,-26
    50b0:	2f 80 00 00 	cmpwi   cr7,r0,0
    50b4:	41 9e 00 20 	beq     cr7,50d4 <_start-0x3098>
    50b8:	2f 85 00 00 	cmpwi   cr7,r5,0
    50bc:	41 9e 00 28 	beq     cr7,50e4 <_start-0x3088>
    50c0:	81 29 00 c0 	lwz     r9,192(r9)
    50c4:	80 09 00 64 	lwz     r0,100(r9)
    50c8:	7d 23 4b 78 	mr      r3,r9
    50cc:	7c 09 03 a6 	mtctr   r0
    50d0:	4e 80 04 21 	bctrl
    50d4:	80 01 00 14 	lwz     r0,20(r1)
    50d8:	38 21 00 10 	addi    r1,r1,16
    50dc:	7c 08 03 a6 	mtlr    r0
    50e0:	4e 80 00 20 	blr
    50e4:	80 01 00 14 	lwz     r0,20(r1)
    50e8:	38 60 ff fe 	li      r3,-2
    50ec:	38 21 00 10 	addi    r1,r1,16
    50f0:	7c 08 03 a6 	mtlr    r0
    50f4:	4e 80 00 20 	blr
    50f8:	7c 8b 23 79 	mr.     r11,r4
    50fc:	94 21 ff f0 	stwu    r1,-16(r1)
    5100:	7c 08 02 a6 	mflr    r0
    5104:	93 e1 00 0c 	stw     r31,12(r1)
    5108:	90 01 00 14 	stw     r0,20(r1)
    510c:	41 82 00 28 	beq     5134 <_start-0x3038>
    5110:	a8 0b 00 46 	lha     r0,70(r11)
    5114:	38 60 ff e6 	li      r3,-26
    5118:	2f 80 00 00 	cmpwi   cr7,r0,0
    511c:	41 9e 00 1c 	beq     cr7,5138 <_start-0x3034>
    5120:	2f 8a 00 00 	cmpwi   cr7,r10,0
    5124:	41 9e 00 10 	beq     cr7,5134 <_start-0x3038>
    5128:	3b e9 ff f8 	addi    r31,r9,-8
    512c:	2b 9f 00 18 	cmplwi  cr7,r31,24
    5130:	40 9d 00 1c 	ble     cr7,514c <_start-0x3020>
    5134:	38 60 ff fe 	li      r3,-2
    5138:	80 01 00 14 	lwz     r0,20(r1)
    513c:	83 e1 00 0c 	lwz     r31,12(r1)
    5140:	38 21 00 10 	addi    r1,r1,16
    5144:	7c 08 03 a6 	mtlr    r0
    5148:	4e 80 00 20 	blr
    514c:	38 00 00 01 	li      r0,1
    5150:	7c 1f f8 30 	slw     r31,r0,r31
    5154:	3c 00 01 00 	lis     r0,256
    5158:	60 00 01 01 	ori     r0,r0,257
    515c:	7f e3 00 39 	and.    r3,r31,r0
    5160:	41 a2 ff d4 	beq     5134 <_start-0x3038>
    5164:	81 6b 00 c0 	lwz     r11,192(r11)
    5168:	80 0b 00 84 	lwz     r0,132(r11)
    516c:	7d 63 5b 78 	mr      r3,r11
    5170:	7c 09 03 a6 	mtctr   r0
    5174:	4e 80 04 21 	bctrl
    5178:	80 01 00 14 	lwz     r0,20(r1)
    517c:	83 e1 00 0c 	lwz     r31,12(r1)
    5180:	38 21 00 10 	addi    r1,r1,16
    5184:	7c 08 03 a6 	mtlr    r0
    5188:	4e 80 00 20 	blr
    518c:	7c 89 23 79 	mr.     r9,r4
    5190:	94 21 ff f0 	stwu    r1,-16(r1)
    5194:	7c 08 02 a6 	mflr    r0
    5198:	38 60 ff fe 	li      r3,-2
    519c:	90 01 00 14 	stw     r0,20(r1)
    51a0:	41 82 00 28 	beq     51c8 <_start-0x2fa4>
    51a4:	a8 09 00 46 	lha     r0,70(r9)
    51a8:	38 60 ff e6 	li      r3,-26
    51ac:	2f 80 00 00 	cmpwi   cr7,r0,0
    51b0:	41 be 00 18 	beq     cr7,51c8 <_start-0x2fa4>
    51b4:	81 29 00 c0 	lwz     r9,192(r9)
    51b8:	80 09 00 88 	lwz     r0,136(r9)
    51bc:	7d 23 4b 78 	mr      r3,r9
    51c0:	7c 09 03 a6 	mtctr   r0
    51c4:	4e 80 04 21 	bctrl
    51c8:	80 01 00 14 	lwz     r0,20(r1)
    51cc:	38 21 00 10 	addi    r1,r1,16
    51d0:	7c 08 03 a6 	mtlr    r0
    51d4:	4e 80 00 20 	blr
    51d8:	7c 89 23 79 	mr.     r9,r4
    51dc:	94 21 ff f0 	stwu    r1,-16(r1)
    51e0:	7c 08 02 a6 	mflr    r0
    51e4:	90 01 00 14 	stw     r0,20(r1)
    51e8:	41 82 00 6c 	beq     5254 <_start-0x2f18>
    51ec:	2f 87 00 00 	cmpwi   cr7,r7,0
    51f0:	41 9e 00 64 	beq     cr7,5254 <_start-0x2f18>
    51f4:	a8 09 00 46 	lha     r0,70(r9)
    51f8:	38 60 ff e6 	li      r3,-26
    51fc:	2f 80 00 00 	cmpwi   cr7,r0,0
    5200:	41 9e 00 20 	beq     cr7,5220 <_start-0x2f4c>
    5204:	80 09 00 34 	lwz     r0,52(r9)
    5208:	7f 80 28 40 	cmplw   cr7,r0,r5
    520c:	41 9c 00 10 	blt     cr7,521c <_start-0x2f50>
    5210:	80 09 00 38 	lwz     r0,56(r9)
    5214:	7f 80 30 40 	cmplw   cr7,r0,r6
    5218:	40 9c 00 18 	bge     cr7,5230 <_start-0x2f3c>
    521c:	38 60 ff f7 	li      r3,-9
    5220:	80 01 00 14 	lwz     r0,20(r1)
    5224:	38 21 00 10 	addi    r1,r1,16
    5228:	7c 08 03 a6 	mtlr    r0
    522c:	4e 80 00 20 	blr
    5230:	81 29 00 c0 	lwz     r9,192(r9)
    5234:	80 09 00 9c 	lwz     r0,156(r9)
    5238:	7d 23 4b 78 	mr      r3,r9
    523c:	7c 09 03 a6 	mtctr   r0
    5240:	4e 80 04 21 	bctrl
    5244:	80 01 00 14 	lwz     r0,20(r1)
    5248:	38 21 00 10 	addi    r1,r1,16
    524c:	7c 08 03 a6 	mtlr    r0
    5250:	4e 80 00 20 	blr
    5254:	80 01 00 14 	lwz     r0,20(r1)
    5258:	38 60 ff fe 	li      r3,-2
    525c:	38 21 00 10 	addi    r1,r1,16
    5260:	7c 08 03 a6 	mtlr    r0
    5264:	4e 80 00 20 	blr
    5268:	2c 04 00 00 	cmpwi   r4,0
    526c:	94 21 ff f0 	stwu    r1,-16(r1)
    5270:	7c 08 02 a6 	mflr    r0
    5274:	90 01 00 14 	stw     r0,20(r1)
    5278:	41 82 00 80 	beq     52f8 <_start-0x2e74>
    527c:	2f 88 00 00 	cmpwi   cr7,r8,0
    5280:	41 9e 00 78 	beq     cr7,52f8 <_start-0x2e74>
    5284:	a8 04 00 46 	lha     r0,70(r4)
    5288:	38 60 ff e6 	li      r3,-26
    528c:	2f 80 00 00 	cmpwi   cr7,r0,0
    5290:	41 9e 00 44 	beq     cr7,52d4 <_start-0x2e98>
    5294:	80 04 00 34 	lwz     r0,52(r4)
    5298:	81 24 00 38 	lwz     r9,56(r4)
    529c:	7f 80 28 40 	cmplw   cr7,r0,r5
    52a0:	40 9d 00 44 	ble     cr7,52e4 <_start-0x2e88>
    52a4:	7f 89 30 40 	cmplw   cr7,r9,r6
    52a8:	40 9d 00 3c 	ble     cr7,52e4 <_start-0x2e88>
    52ac:	7d 27 2a 14 	add     r9,r7,r5
    52b0:	7f 80 48 40 	cmplw   cr7,r0,r9
    52b4:	40 9c 00 0c 	bge     cr7,52c0 <_start-0x2eac>
    52b8:	7c e7 02 14 	add     r7,r7,r0
    52bc:	7c e9 38 50 	subf    r7,r9,r7
    52c0:	81 24 00 c0 	lwz     r9,192(r4)
    52c4:	80 09 00 a0 	lwz     r0,160(r9)
    52c8:	7d 23 4b 78 	mr      r3,r9
    52cc:	7c 09 03 a6 	mtctr   r0
    52d0:	4e 80 04 21 	bctrl
    52d4:	80 01 00 14 	lwz     r0,20(r1)
    52d8:	38 21 00 10 	addi    r1,r1,16
    52dc:	7c 08 03 a6 	mtlr    r0
    52e0:	4e 80 00 20 	blr
    52e4:	80 01 00 14 	lwz     r0,20(r1)
    52e8:	38 60 ff f7 	li      r3,-9
    52ec:	38 21 00 10 	addi    r1,r1,16
    52f0:	7c 08 03 a6 	mtlr    r0
    52f4:	4e 80 00 20 	blr
    52f8:	80 01 00 14 	lwz     r0,20(r1)
    52fc:	38 60 ff fe 	li      r3,-2
    5300:	38 21 00 10 	addi    r1,r1,16
    5304:	7c 08 03 a6 	mtlr    r0
    5308:	4e 80 00 20 	blr
    530c:	7c 8b 23 79 	mr.     r11,r4
    5310:	94 21 ff f0 	stwu    r1,-16(r1)
    5314:	7c 08 02 a6 	mflr    r0
    5318:	90 01 00 14 	stw     r0,20(r1)
    531c:	41 82 00 10 	beq     532c <_start-0x2e40>
    5320:	39 25 ff ff 	addi    r9,r5,-1
    5324:	2b 89 00 07 	cmplwi  cr7,r9,7
    5328:	40 9d 00 18 	ble     cr7,5340 <_start-0x2e2c>
    532c:	80 01 00 14 	lwz     r0,20(r1)
    5330:	38 60 ff fe 	li      r3,-2
    5334:	38 21 00 10 	addi    r1,r1,16
    5338:	7c 08 03 a6 	mtlr    r0
    533c:	4e 80 00 20 	blr
    5340:	81 2b 00 c0 	lwz     r9,192(r11)
    5344:	80 09 00 c4 	lwz     r0,196(r9)
    5348:	7d 23 4b 78 	mr      r3,r9
    534c:	7c 09 03 a6 	mtctr   r0
    5350:	4e 80 04 21 	bctrl
    5354:	80 01 00 14 	lwz     r0,20(r1)
    5358:	38 21 00 10 	addi    r1,r1,16
    535c:	7c 08 03 a6 	mtlr    r0
    5360:	4e 80 00 20 	blr
    5364:	7c 8b 23 79 	mr.     r11,r4
    5368:	94 21 ff f0 	stwu    r1,-16(r1)
    536c:	7c 08 02 a6 	mflr    r0
    5370:	90 01 00 14 	stw     r0,20(r1)
    5374:	41 82 00 10 	beq     5384 <_start-0x2de8>
    5378:	39 27 ff ff 	addi    r9,r7,-1
    537c:	2b 89 00 05 	cmplwi  cr7,r9,5
    5380:	40 9d 00 18 	ble     cr7,5398 <_start-0x2dd4>
    5384:	80 01 00 14 	lwz     r0,20(r1)
    5388:	38 60 ff fe 	li      r3,-2
    538c:	38 21 00 10 	addi    r1,r1,16
    5390:	7c 08 03 a6 	mtlr    r0
    5394:	4e 80 00 20 	blr
    5398:	81 2b 00 c0 	lwz     r9,192(r11)
    539c:	80 09 00 f8 	lwz     r0,248(r9)
    53a0:	7d 23 4b 78 	mr      r3,r9
    53a4:	7c 09 03 a6 	mtctr   r0
    53a8:	4e 80 04 21 	bctrl
    53ac:	80 01 00 14 	lwz     r0,20(r1)
    53b0:	38 21 00 10 	addi    r1,r1,16
    53b4:	7c 08 03 a6 	mtlr    r0
    53b8:	4e 80 00 20 	blr
    53bc:	7c 89 23 79 	mr.     r9,r4
    53c0:	94 21 ff f0 	stwu    r1,-16(r1)
    53c4:	7c 08 02 a6 	mflr    r0
    53c8:	38 60 ff fe 	li      r3,-2
    53cc:	90 01 00 14 	stw     r0,20(r1)
    53d0:	41 82 00 18 	beq     53e8 <_start-0x2d84>
    53d4:	81 29 00 c0 	lwz     r9,192(r9)
    53d8:	80 09 00 fc 	lwz     r0,252(r9)
    53dc:	7d 23 4b 78 	mr      r3,r9
    53e0:	7c 09 03 a6 	mtctr   r0
    53e4:	4e 80 04 21 	bctrl
    53e8:	80 01 00 14 	lwz     r0,20(r1)
    53ec:	38 21 00 10 	addi    r1,r1,16
    53f0:	7c 08 03 a6 	mtlr    r0
    53f4:	4e 80 00 20 	blr
    53f8:	7c 89 23 79 	mr.     r9,r4
    53fc:	94 21 ff f0 	stwu    r1,-16(r1)
    5400:	7c 08 02 a6 	mflr    r0
    5404:	38 60 ff fe 	li      r3,-2
    5408:	90 01 00 14 	stw     r0,20(r1)
    540c:	41 82 00 30 	beq     543c <_start-0x2d30>
    5410:	a8 09 00 46 	lha     r0,70(r9)
    5414:	38 60 ff e6 	li      r3,-26
    5418:	2f 80 00 00 	cmpwi   cr7,r0,0
    541c:	41 9e 00 20 	beq     cr7,543c <_start-0x2d30>
    5420:	80 09 00 34 	lwz     r0,52(r9)
    5424:	7f 80 28 40 	cmplw   cr7,r0,r5
    5428:	41 9c 00 10 	blt     cr7,5438 <_start-0x2d34>
    542c:	80 09 00 38 	lwz     r0,56(r9)
    5430:	7f 80 30 40 	cmplw   cr7,r0,r6
    5434:	40 9c 00 18 	bge     cr7,544c <_start-0x2d20>
    5438:	38 60 ff f7 	li      r3,-9
    543c:	80 01 00 14 	lwz     r0,20(r1)
    5440:	38 21 00 10 	addi    r1,r1,16
    5444:	7c 08 03 a6 	mtlr    r0
    5448:	4e 80 00 20 	blr
    544c:	81 29 00 c0 	lwz     r9,192(r9)
    5450:	80 09 01 08 	lwz     r0,264(r9)
    5454:	7d 23 4b 78 	mr      r3,r9
    5458:	7c 09 03 a6 	mtctr   r0
    545c:	4e 80 04 21 	bctrl
    5460:	80 01 00 14 	lwz     r0,20(r1)
    5464:	38 21 00 10 	addi    r1,r1,16
    5468:	7c 08 03 a6 	mtlr    r0
    546c:	4e 80 00 20 	blr
    5470:	2c 04 00 00 	cmpwi   r4,0
    5474:	94 21 ff f0 	stwu    r1,-16(r1)
    5478:	7c 08 02 a6 	mflr    r0
    547c:	90 01 00 14 	stw     r0,20(r1)
    5480:	41 82 00 80 	beq     5500 <_start-0x2c6c>
    5484:	2f 88 00 00 	cmpwi   cr7,r8,0
    5488:	41 9e 00 78 	beq     cr7,5500 <_start-0x2c6c>
    548c:	a8 04 00 46 	lha     r0,70(r4)
    5490:	38 60 ff e6 	li      r3,-26
    5494:	2f 80 00 00 	cmpwi   cr7,r0,0
    5498:	41 9e 00 44 	beq     cr7,54dc <_start-0x2c90>
    549c:	80 04 00 34 	lwz     r0,52(r4)
    54a0:	81 64 00 38 	lwz     r11,56(r4)
    54a4:	7f 80 28 40 	cmplw   cr7,r0,r5
    54a8:	40 9d 00 44 	ble     cr7,54ec <_start-0x2c80>
    54ac:	7f 8b 30 40 	cmplw   cr7,r11,r6
    54b0:	40 9d 00 3c 	ble     cr7,54ec <_start-0x2c80>
    54b4:	7d 67 2a 14 	add     r11,r7,r5
    54b8:	7f 80 58 40 	cmplw   cr7,r0,r11
    54bc:	40 9c 00 0c 	bge     cr7,54c8 <_start-0x2ca4>
    54c0:	7c e7 02 14 	add     r7,r7,r0
    54c4:	7c eb 38 50 	subf    r7,r11,r7
    54c8:	81 64 00 c0 	lwz     r11,192(r4)
    54cc:	80 0b 01 0c 	lwz     r0,268(r11)
    54d0:	7d 63 5b 78 	mr      r3,r11
    54d4:	7c 09 03 a6 	mtctr   r0
    54d8:	4e 80 04 21 	bctrl
    54dc:	80 01 00 14 	lwz     r0,20(r1)
    54e0:	38 21 00 10 	addi    r1,r1,16
    54e4:	7c 08 03 a6 	mtlr    r0
    54e8:	4e 80 00 20 	blr
    54ec:	80 01 00 14 	lwz     r0,20(r1)
    54f0:	38 60 ff f7 	li      r3,-9
    54f4:	38 21 00 10 	addi    r1,r1,16
    54f8:	7c 08 03 a6 	mtlr    r0
    54fc:	4e 80 00 20 	blr
    5500:	80 01 00 14 	lwz     r0,20(r1)
    5504:	38 60 ff fe 	li      r3,-2
    5508:	38 21 00 10 	addi    r1,r1,16
    550c:	7c 08 03 a6 	mtlr    r0
    5510:	4e 80 00 20 	blr
    5514:	7c 89 23 79 	mr.     r9,r4
    5518:	94 21 ff f0 	stwu    r1,-16(r1)
    551c:	7c 08 02 a6 	mflr    r0
    5520:	90 01 00 14 	stw     r0,20(r1)
    5524:	41 82 00 2c 	beq     5550 <_start-0x2c1c>
    5528:	80 09 00 1c 	lwz     r0,28(r9)
    552c:	70 0a 00 02 	andi.   r10,r0,2
    5530:	40 82 00 20 	bne     5550 <_start-0x2c1c>
    5534:	2f 85 00 00 	cmpwi   cr7,r5,0
    5538:	41 9e 00 18 	beq     cr7,5550 <_start-0x2c1c>
    553c:	81 29 00 c0 	lwz     r9,192(r9)
    5540:	80 09 00 54 	lwz     r0,84(r9)
    5544:	7d 23 4b 78 	mr      r3,r9
    5548:	7c 09 03 a6 	mtctr   r0
    554c:	4e 80 04 21 	bctrl
    5550:	80 01 00 14 	lwz     r0,20(r1)
    5554:	38 21 00 10 	addi    r1,r1,16
    5558:	7c 08 03 a6 	mtlr    r0
    555c:	4e 80 00 20 	blr
    5560:	94 21 ff f0 	stwu    r1,-16(r1)
    5564:	7c 08 02 a6 	mflr    r0
    5568:	93 c1 00 08 	stw     r30,8(r1)
    556c:	7c 9e 23 79 	mr.     r30,r4
    5570:	90 01 00 14 	stw     r0,20(r1)
    5574:	93 e1 00 0c 	stw     r31,12(r1)
    5578:	41 82 00 40 	beq     55b8 <_start-0x2bb4>
    557c:	83 fe 00 50 	lwz     r31,80(r30)
    5580:	80 1f 00 00 	lwz     r0,0(r31)
    5584:	2f 80 00 00 	cmpwi   cr7,r0,0
    5588:	41 9e 00 30 	beq     cr7,55b8 <_start-0x2bb4>
    558c:	81 3e 00 c0 	lwz     r9,192(r30)
    5590:	7f e5 fb 78 	mr      r5,r31
    5594:	7f c4 f3 78 	mr      r4,r30
    5598:	80 09 00 54 	lwz     r0,84(r9)
    559c:	7d 23 4b 78 	mr      r3,r9
    55a0:	7c 09 03 a6 	mtctr   r0
    55a4:	4e 80 04 21 	bctrl
    55a8:	83 ff 00 00 	lwz     r31,0(r31)
    55ac:	80 1f 00 00 	lwz     r0,0(r31)
    55b0:	2f 80 00 00 	cmpwi   cr7,r0,0
    55b4:	40 9e ff d8 	bne     cr7,558c <_start-0x2be0>
    55b8:	80 01 00 14 	lwz     r0,20(r1)
    55bc:	83 c1 00 08 	lwz     r30,8(r1)
    55c0:	7c 08 03 a6 	mtlr    r0
    55c4:	83 e1 00 0c 	lwz     r31,12(r1)
    55c8:	38 21 00 10 	addi    r1,r1,16
    55cc:	4e 80 00 20 	blr
    55d0:	7c 8a 23 79 	mr.     r10,r4
    55d4:	94 21 ff f0 	stwu    r1,-16(r1)
    55d8:	7c 08 02 a6 	mflr    r0
    55dc:	90 01 00 14 	stw     r0,20(r1)
    55e0:	41 82 00 18 	beq     55f8 <_start-0x2b74>
    55e4:	2f 85 00 00 	cmpwi   cr7,r5,0
    55e8:	41 9e 00 10 	beq     cr7,55f8 <_start-0x2b74>
    55ec:	39 26 ff ff 	addi    r9,r6,-1
    55f0:	2b 89 00 09 	cmplwi  cr7,r9,9
    55f4:	40 9d 00 18 	ble     cr7,560c <_start-0x2b60>
    55f8:	80 01 00 14 	lwz     r0,20(r1)
    55fc:	38 60 ff fe 	li      r3,-2
    5600:	38 21 00 10 	addi    r1,r1,16
    5604:	7c 08 03 a6 	mtlr    r0
    5608:	4e 80 00 20 	blr
    560c:	39 67 ff ff 	addi    r11,r7,-1
    5610:	2b 8b 00 01 	cmplwi  cr7,r11,1
    5614:	41 bd ff e4 	bgt     cr7,55f8 <_start-0x2b74>
    5618:	81 2a 00 c0 	lwz     r9,192(r10)
    561c:	80 09 00 b4 	lwz     r0,180(r9)
    5620:	7d 23 4b 78 	mr      r3,r9
    5624:	7c 09 03 a6 	mtctr   r0
    5628:	4e 80 04 21 	bctrl
    562c:	80 01 00 14 	lwz     r0,20(r1)
    5630:	38 21 00 10 	addi    r1,r1,16
    5634:	7c 08 03 a6 	mtlr    r0
    5638:	4e 80 00 20 	blr
    563c:	7c 8b 23 79 	mr.     r11,r4
    5640:	94 21 ff f0 	stwu    r1,-16(r1)
    5644:	7c 08 02 a6 	mflr    r0
    5648:	90 01 00 14 	stw     r0,20(r1)
    564c:	41 82 00 18 	beq     5664 <_start-0x2b08>
    5650:	2f 85 00 00 	cmpwi   cr7,r5,0
    5654:	41 9e 00 10 	beq     cr7,5664 <_start-0x2b08>
    5658:	39 26 ff ff 	addi    r9,r6,-1
    565c:	2b 89 00 04 	cmplwi  cr7,r9,4
    5660:	40 9d 00 18 	ble     cr7,5678 <_start-0x2af4>
    5664:	80 01 00 14 	lwz     r0,20(r1)
    5668:	38 60 ff fe 	li      r3,-2
    566c:	38 21 00 10 	addi    r1,r1,16
    5670:	7c 08 03 a6 	mtlr    r0
    5674:	4e 80 00 20 	blr
    5678:	81 2b 00 c0 	lwz     r9,192(r11)
    567c:	80 09 01 84 	lwz     r0,388(r9)
    5680:	7d 23 4b 78 	mr      r3,r9
    5684:	7c 09 03 a6 	mtctr   r0
    5688:	4e 80 04 21 	bctrl
    568c:	80 01 00 14 	lwz     r0,20(r1)
    5690:	38 21 00 10 	addi    r1,r1,16
    5694:	7c 08 03 a6 	mtlr    r0
    5698:	4e 80 00 20 	blr
    569c:	7c 8a 23 79 	mr.     r10,r4
    56a0:	94 21 ff f0 	stwu    r1,-16(r1)
    56a4:	7c 08 02 a6 	mflr    r0
    56a8:	7c c9 33 78 	mr      r9,r6
    56ac:	7c eb 3b 78 	mr      r11,r7
    56b0:	90 01 00 14 	stw     r0,20(r1)
    56b4:	41 82 01 10 	beq     57c4 <_start-0x29a8>
    56b8:	38 06 ff ff 	addi    r0,r6,-1
    56bc:	2b 80 00 03 	cmplwi  cr7,r0,3
    56c0:	41 9d 01 04 	bgt     cr7,57c4 <_start-0x29a8>
    56c4:	80 0a 00 1c 	lwz     r0,28(r10)
    56c8:	70 03 00 10 	andi.   r3,r0,16
    56cc:	40 82 00 30 	bne     56fc <_start-0x2a70>
    56d0:	2f 85 00 00 	cmpwi   cr7,r5,0
    56d4:	41 9e 00 f0 	beq     cr7,57c4 <_start-0x29a8>
    56d8:	81 2a 00 c0 	lwz     r9,192(r10)
    56dc:	80 09 00 c8 	lwz     r0,200(r9)
    56e0:	7d 23 4b 78 	mr      r3,r9
    56e4:	7c 09 03 a6 	mtctr   r0
    56e8:	4e 80 04 21 	bctrl
    56ec:	80 01 00 14 	lwz     r0,20(r1)
    56f0:	38 21 00 10 	addi    r1,r1,16
    56f4:	7c 08 03 a6 	mtlr    r0
    56f8:	4e 80 00 20 	blr
    56fc:	80 0a 00 a0 	lwz     r0,160(r10)
    5700:	39 00 00 01 	li      r8,1
    5704:	38 60 ff f5 	li      r3,-11
    5708:	7d 08 30 30 	slw     r8,r8,r6
    570c:	7d 07 00 39 	and.    r7,r8,r0
    5710:	41 a2 ff dc 	beq     56ec <_start-0x2a80>
    5714:	2f 8b 00 00 	cmpwi   cr7,r11,0
    5718:	90 ca 00 ac 	stw     r6,172(r10)
    571c:	41 9e 00 bc 	beq     cr7,57d8 <_start-0x2994>
    5720:	a0 0b 00 0c 	lhz     r0,12(r11)
    5724:	a1 0b 00 0e 	lhz     r8,14(r11)
    5728:	54 00 80 1e 	slwi    r0,r0,16
    572c:	7d 00 03 78 	or      r0,r8,r0
    5730:	54 08 84 3e 	srwi    r8,r0,16
    5734:	b0 0a 00 b2 	sth     r0,178(r10)
    5738:	b1 0a 00 b0 	sth     r8,176(r10)
    573c:	a0 0b 00 00 	lhz     r0,0(r11)
    5740:	a1 0b 00 02 	lhz     r8,2(r11)
    5744:	54 00 80 1e 	slwi    r0,r0,16
    5748:	7d 00 03 78 	or      r0,r8,r0
    574c:	54 08 84 3e 	srwi    r8,r0,16
    5750:	b0 0a 00 b6 	sth     r0,182(r10)
    5754:	b1 0a 00 b4 	sth     r8,180(r10)
    5758:	a0 0b 00 04 	lhz     r0,4(r11)
    575c:	a1 0b 00 06 	lhz     r8,6(r11)
    5760:	54 00 80 1e 	slwi    r0,r0,16
    5764:	7d 00 03 78 	or      r0,r8,r0
    5768:	54 08 84 3e 	srwi    r8,r0,16
    576c:	b0 0a 00 ba 	sth     r0,186(r10)
    5770:	b1 0a 00 b8 	sth     r8,184(r10)
    5774:	a0 0b 00 08 	lhz     r0,8(r11)
    5778:	a1 0b 00 0a 	lhz     r8,10(r11)
    577c:	54 00 80 1e 	slwi    r0,r0,16
    5780:	7d 00 03 78 	or      r0,r8,r0
    5784:	54 08 84 3e 	srwi    r8,r0,16
    5788:	b0 0a 00 be 	sth     r0,190(r10)
    578c:	b1 0a 00 bc 	sth     r8,188(r10)
    5790:	81 0a 00 c0 	lwz     r8,192(r10)
    5794:	7d 44 53 78 	mr      r4,r10
    5798:	7d 26 4b 78 	mr      r6,r9
    579c:	7d 67 5b 78 	mr      r7,r11
    57a0:	38 a0 00 00 	li      r5,0
    57a4:	80 08 00 c8 	lwz     r0,200(r8)
    57a8:	7d 03 43 78 	mr      r3,r8
    57ac:	7c 09 03 a6 	mtctr   r0
    57b0:	4e 80 04 21 	bctrl
    57b4:	80 01 00 14 	lwz     r0,20(r1)
    57b8:	38 21 00 10 	addi    r1,r1,16
    57bc:	7c 08 03 a6 	mtlr    r0
    57c0:	4e 80 00 20 	blr
    57c4:	80 01 00 14 	lwz     r0,20(r1)
    57c8:	38 60 ff fe 	li      r3,-2
    57cc:	38 21 00 10 	addi    r1,r1,16
    57d0:	7c 08 03 a6 	mtlr    r0
    57d4:	4e 80 00 20 	blr
    57d8:	38 c0 00 00 	li      r6,0
    57dc:	b0 ca 00 b2 	sth     r6,178(r10)
    57e0:	b0 ca 00 b6 	sth     r6,182(r10)
    57e4:	b0 ca 00 ba 	sth     r6,186(r10)
    57e8:	b0 ca 00 be 	sth     r6,190(r10)
    57ec:	b0 ca 00 b0 	sth     r6,176(r10)
    57f0:	b0 ca 00 b4 	sth     r6,180(r10)
    57f4:	b0 ca 00 b8 	sth     r6,184(r10)
    57f8:	b0 ca 00 bc 	sth     r6,188(r10)
    57fc:	4b ff ff 94 	b       5790 <_start-0x29dc>
    5800:	7c 8a 23 79 	mr.     r10,r4
    5804:	94 21 ff f0 	stwu    r1,-16(r1)
    5808:	7c 08 02 a6 	mflr    r0
    580c:	90 01 00 14 	stw     r0,20(r1)
    5810:	41 82 00 18 	beq     5828 <_start-0x2944>
    5814:	2f 85 00 00 	cmpwi   cr7,r5,0
    5818:	41 9e 00 10 	beq     cr7,5828 <_start-0x2944>
    581c:	39 26 ff ff 	addi    r9,r6,-1
    5820:	2b 89 00 01 	cmplwi  cr7,r9,1
    5824:	40 9d 00 18 	ble     cr7,583c <_start-0x2930>
    5828:	38 60 ff fe 	li      r3,-2
    582c:	80 01 00 14 	lwz     r0,20(r1)
    5830:	38 21 00 10 	addi    r1,r1,16
    5834:	7c 08 03 a6 	mtlr    r0
    5838:	4e 80 00 20 	blr
    583c:	39 67 ff ff 	addi    r11,r7,-1
    5840:	2b 8b 00 01 	cmplwi  cr7,r11,1
    5844:	41 9d ff e4 	bgt     cr7,5828 <_start-0x2944>
    5848:	81 2a 00 c0 	lwz     r9,192(r10)
    584c:	80 09 00 cc 	lwz     r0,204(r9)
    5850:	7d 23 4b 78 	mr      r3,r9
    5854:	7c 09 03 a6 	mtctr   r0
    5858:	4e 80 04 21 	bctrl
    585c:	4b ff ff d0 	b       582c <_start-0x2940>
    5860:	7c 89 23 79 	mr.     r9,r4
    5864:	94 21 ff f0 	stwu    r1,-16(r1)
    5868:	7c 08 02 a6 	mflr    r0
    586c:	90 01 00 14 	stw     r0,20(r1)
    5870:	41 82 00 40 	beq     58b0 <_start-0x28bc>
    5874:	80 09 00 1c 	lwz     r0,28(r9)
    5878:	38 60 00 00 	li      r3,0
    587c:	70 0a 00 02 	andi.   r10,r0,2
    5880:	40 82 00 20 	bne     58a0 <_start-0x28cc>
    5884:	2f 85 00 00 	cmpwi   cr7,r5,0
    5888:	41 9e 00 28 	beq     cr7,58b0 <_start-0x28bc>
    588c:	81 29 00 c0 	lwz     r9,192(r9)
    5890:	80 09 00 74 	lwz     r0,116(r9)
    5894:	7d 23 4b 78 	mr      r3,r9
    5898:	7c 09 03 a6 	mtctr   r0
    589c:	4e 80 04 21 	bctrl
    58a0:	80 01 00 14 	lwz     r0,20(r1)
    58a4:	38 21 00 10 	addi    r1,r1,16
    58a8:	7c 08 03 a6 	mtlr    r0
    58ac:	4e 80 00 20 	blr
    58b0:	80 01 00 14 	lwz     r0,20(r1)
    58b4:	38 60 ff fe 	li      r3,-2
    58b8:	38 21 00 10 	addi    r1,r1,16
    58bc:	7c 08 03 a6 	mtlr    r0
    58c0:	4e 80 00 20 	blr
    58c4:	94 21 ff d0 	stwu    r1,-48(r1)
    58c8:	7c 08 02 a6 	mflr    r0
    58cc:	93 21 00 14 	stw     r25,20(r1)
    58d0:	7c f9 3b 79 	mr.     r25,r7
    58d4:	90 01 00 34 	stw     r0,52(r1)
    58d8:	93 41 00 18 	stw     r26,24(r1)
    58dc:	93 61 00 1c 	stw     r27,28(r1)
    58e0:	7c 7b 1b 78 	mr      r27,r3
    58e4:	93 81 00 20 	stw     r28,32(r1)
    58e8:	7c dc 33 78 	mr      r28,r6
    58ec:	93 01 00 10 	stw     r24,16(r1)
    58f0:	93 a1 00 24 	stw     r29,36(r1)
    58f4:	93 c1 00 28 	stw     r30,40(r1)
    58f8:	93 e1 00 2c 	stw     r31,44(r1)
    58fc:	83 43 00 86 	lwz     r26,134(r3)
    5900:	40 82 00 0c 	bne     590c <_start-0x2860>
    5904:	83 26 00 08 	lwz     r25,8(r6)
    5908:	7f 3a c9 d6 	mullw   r25,r26,r25
    590c:	80 1c 00 0c 	lwz     r0,12(r28)
    5910:	81 3b 00 76 	lwz     r9,118(r27)
    5914:	2f 80 00 00 	cmpwi   cr7,r0,0
    5918:	81 7c 00 04 	lwz     r11,4(r28)
    591c:	80 1c 00 00 	lwz     r0,0(r28)
    5920:	40 9d 00 64 	ble     cr7,5984 <_start-0x27e8>
    5924:	7f cb 49 d6 	mullw   r30,r11,r9
    5928:	3f 00 00 01 	lis     r24,1
    592c:	7c bd 2b 78 	mr      r29,r5
    5930:	3b 18 04 e0 	addi    r24,r24,1248
    5934:	3b e0 00 00 	li      r31,0
    5938:	7f de 02 14 	add     r30,r30,r0
    593c:	7f de d1 d6 	mullw   r30,r30,r26
    5940:	7f c4 f2 14 	add     r30,r4,r30
    5944:	81 38 00 00 	lwz     r9,0(r24)
    5948:	7f a4 eb 78 	mr      r4,r29
    594c:	7f c5 f3 78 	mr      r5,r30
    5950:	80 dc 00 08 	lwz     r6,8(r28)
    5954:	3b ff 00 01 	addi    r31,r31,1
    5958:	7f bd ca 14 	add     r29,r29,r25
    595c:	80 09 00 7c 	lwz     r0,124(r9)
    5960:	7d 23 4b 78 	mr      r3,r9
    5964:	7c da 31 d6 	mullw   r6,r26,r6
    5968:	7c 09 03 a6 	mtctr   r0
    596c:	4e 80 04 21 	bctrl
    5970:	81 3c 00 0c 	lwz     r9,12(r28)
    5974:	80 1b 00 8a 	lwz     r0,138(r27)
    5978:	7f 89 f8 00 	cmpw    cr7,r9,r31
    597c:	7f de 02 14 	add     r30,r30,r0
    5980:	41 9d ff c4 	bgt     cr7,5944 <_start-0x2828>
    5984:	80 01 00 34 	lwz     r0,52(r1)
    5988:	83 01 00 10 	lwz     r24,16(r1)
    598c:	7c 08 03 a6 	mtlr    r0
    5990:	83 21 00 14 	lwz     r25,20(r1)
    5994:	83 41 00 18 	lwz     r26,24(r1)
    5998:	83 61 00 1c 	lwz     r27,28(r1)
    599c:	83 81 00 20 	lwz     r28,32(r1)
    59a0:	83 a1 00 24 	lwz     r29,36(r1)
    59a4:	83 c1 00 28 	lwz     r30,40(r1)
    59a8:	83 e1 00 2c 	lwz     r31,44(r1)
    59ac:	38 21 00 30 	addi    r1,r1,48
    59b0:	4e 80 00 20 	blr
    59b4:	94 21 ff f0 	stwu    r1,-16(r1)
    59b8:	7c 08 02 a6 	mflr    r0
    59bc:	93 e1 00 0c 	stw     r31,12(r1)
    59c0:	7c 9f 23 79 	mr.     r31,r4
    59c4:	90 01 00 14 	stw     r0,20(r1)
    59c8:	93 c1 00 08 	stw     r30,8(r1)
    59cc:	41 82 00 7c 	beq     5a48 <_start-0x2724>
    59d0:	83 df 00 5c 	lwz     r30,92(r31)
    59d4:	80 1e 00 00 	lwz     r0,0(r30)
    59d8:	2f 80 00 00 	cmpwi   cr7,r0,0
    59dc:	41 9e 00 30 	beq     cr7,5a0c <_start-0x2760>
    59e0:	81 3f 00 c0 	lwz     r9,192(r31)
    59e4:	7f c5 f3 78 	mr      r5,r30
    59e8:	7f e4 fb 78 	mr      r4,r31
    59ec:	80 09 00 8c 	lwz     r0,140(r9)
    59f0:	7d 23 4b 78 	mr      r3,r9
    59f4:	7c 09 03 a6 	mtctr   r0
    59f8:	4e 80 04 21 	bctrl
    59fc:	83 de 00 00 	lwz     r30,0(r30)
    5a00:	80 1e 00 00 	lwz     r0,0(r30)
    5a04:	2f 80 00 00 	cmpwi   cr7,r0,0
    5a08:	40 9e ff d8 	bne     cr7,59e0 <_start-0x278c>
    5a0c:	83 df 00 50 	lwz     r30,80(r31)
    5a10:	80 1e 00 00 	lwz     r0,0(r30)
    5a14:	2f 80 00 00 	cmpwi   cr7,r0,0
    5a18:	41 9e 00 30 	beq     cr7,5a48 <_start-0x2724>
    5a1c:	81 3f 00 c0 	lwz     r9,192(r31)
    5a20:	7f c5 f3 78 	mr      r5,r30
    5a24:	7f e4 fb 78 	mr      r4,r31
    5a28:	80 09 00 8c 	lwz     r0,140(r9)
    5a2c:	7d 23 4b 78 	mr      r3,r9
    5a30:	7c 09 03 a6 	mtctr   r0
    5a34:	4e 80 04 21 	bctrl
    5a38:	83 de 00 00 	lwz     r30,0(r30)
    5a3c:	80 1e 00 00 	lwz     r0,0(r30)
    5a40:	2f 80 00 00 	cmpwi   cr7,r0,0
    5a44:	40 9e ff d8 	bne     cr7,5a1c <_start-0x2750>
    5a48:	80 01 00 14 	lwz     r0,20(r1)
    5a4c:	83 c1 00 08 	lwz     r30,8(r1)
    5a50:	7c 08 03 a6 	mtlr    r0
    5a54:	83 e1 00 0c 	lwz     r31,12(r1)
    5a58:	38 21 00 10 	addi    r1,r1,16
    5a5c:	4e 80 00 20 	blr
    5a60:	7c 8b 23 79 	mr.     r11,r4
    5a64:	94 21 ff f0 	stwu    r1,-16(r1)
    5a68:	7c 08 02 a6 	mflr    r0
    5a6c:	90 01 00 14 	stw     r0,20(r1)
    5a70:	41 82 00 18 	beq     5a88 <_start-0x26e4>
    5a74:	2f 85 00 00 	cmpwi   cr7,r5,0
    5a78:	41 9e 00 10 	beq     cr7,5a88 <_start-0x26e4>
    5a7c:	39 28 ff ff 	addi    r9,r8,-1
    5a80:	2b 89 00 02 	cmplwi  cr7,r9,2
    5a84:	40 9d 00 18 	ble     cr7,5a9c <_start-0x26d0>
    5a88:	80 01 00 14 	lwz     r0,20(r1)
    5a8c:	38 60 ff fe 	li      r3,-2
    5a90:	38 21 00 10 	addi    r1,r1,16
    5a94:	7c 08 03 a6 	mtlr    r0
    5a98:	4e 80 00 20 	blr
    5a9c:	81 2b 00 c0 	lwz     r9,192(r11)
    5aa0:	80 09 01 3c 	lwz     r0,316(r9)
    5aa4:	7d 23 4b 78 	mr      r3,r9
    5aa8:	7c 09 03 a6 	mtctr   r0
    5aac:	4e 80 04 21 	bctrl
    5ab0:	80 01 00 14 	lwz     r0,20(r1)
    5ab4:	38 21 00 10 	addi    r1,r1,16
    5ab8:	7c 08 03 a6 	mtlr    r0
    5abc:	4e 80 00 20 	blr
    5ac0:	94 21 ff a0 	stwu    r1,-96(r1)
    5ac4:	7c 08 02 a6 	mflr    r0
    5ac8:	93 a1 00 54 	stw     r29,84(r1)
    5acc:	7c 9d 23 79 	mr.     r29,r4
    5ad0:	93 c1 00 58 	stw     r30,88(r1)
    5ad4:	7c fe 3b 78 	mr      r30,r7
    5ad8:	93 e1 00 5c 	stw     r31,92(r1)
    5adc:	7c bf 2b 78 	mr      r31,r5
    5ae0:	90 01 00 64 	stw     r0,100(r1)
    5ae4:	92 e1 00 3c 	stw     r23,60(r1)
    5ae8:	93 01 00 40 	stw     r24,64(r1)
    5aec:	93 21 00 44 	stw     r25,68(r1)
    5af0:	93 41 00 48 	stw     r26,72(r1)
    5af4:	93 61 00 4c 	stw     r27,76(r1)
    5af8:	93 81 00 50 	stw     r28,80(r1)
    5afc:	41 82 02 00 	beq     5cfc <_start-0x2470>
    5b00:	2f 85 00 00 	cmpwi   cr7,r5,0
    5b04:	41 9e 01 f8 	beq     cr7,5cfc <_start-0x2470>
    5b08:	2f 89 00 00 	cmpwi   cr7,r9,0
    5b0c:	41 9e 01 f0 	beq     cr7,5cfc <_start-0x2470>
    5b10:	a8 05 00 10 	lha     r0,16(r5)
    5b14:	2f 80 00 00 	cmpwi   cr7,r0,0
    5b18:	40 9e 00 0c 	bne     cr7,5b24 <_start-0x2648>
    5b1c:	2f 87 00 00 	cmpwi   cr7,r7,0
    5b20:	40 9e 02 14 	bne     cr7,5d34 <_start-0x2438>
    5b24:	81 7f 00 62 	lwz     r11,98(r31)
    5b28:	38 60 ff e4 	li      r3,-28
    5b2c:	38 0b ff f4 	addi    r0,r11,-12
    5b30:	2b 80 00 02 	cmplwi  cr7,r0,2
    5b34:	41 9d 00 38 	bgt     cr7,5b6c <_start-0x2600>
    5b38:	80 01 00 64 	lwz     r0,100(r1)
    5b3c:	82 e1 00 3c 	lwz     r23,60(r1)
    5b40:	7c 08 03 a6 	mtlr    r0
    5b44:	83 01 00 40 	lwz     r24,64(r1)
    5b48:	83 21 00 44 	lwz     r25,68(r1)
    5b4c:	83 41 00 48 	lwz     r26,72(r1)
    5b50:	83 61 00 4c 	lwz     r27,76(r1)
    5b54:	83 81 00 50 	lwz     r28,80(r1)
    5b58:	83 a1 00 54 	lwz     r29,84(r1)
    5b5c:	83 c1 00 58 	lwz     r30,88(r1)
    5b60:	83 e1 00 5c 	lwz     r31,92(r1)
    5b64:	38 21 00 60 	addi    r1,r1,96
    5b68:	4e 80 00 20 	blr
    5b6c:	80 ff 00 76 	lwz     r7,118(r31)
    5b70:	3a e1 00 18 	addi    r23,r1,24
    5b74:	3b 01 00 08 	addi    r24,r1,8
    5b78:	81 7f 00 7e 	lwz     r11,126(r31)
    5b7c:	38 00 00 00 	li      r0,0
    5b80:	7d 24 4b 78 	mr      r4,r9
    5b84:	7e e3 bb 78 	mr      r3,r23
    5b88:	7f 05 c3 78 	mr      r5,r24
    5b8c:	90 c1 00 28 	stw     r6,40(r1)
    5b90:	91 01 00 2c 	stw     r8,44(r1)
    5b94:	91 41 00 30 	stw     r10,48(r1)
    5b98:	90 01 00 0c 	stw     r0,12(r1)
    5b9c:	90 e1 00 10 	stw     r7,16(r1)
    5ba0:	91 61 00 14 	stw     r11,20(r1)
    5ba4:	90 01 00 08 	stw     r0,8(r1)
    5ba8:	4b ff a4 59 	bl      0 <_start-0x816c>
    5bac:	2f 83 00 00 	cmpwi   cr7,r3,0
    5bb0:	80 c1 00 28 	lwz     r6,40(r1)
    5bb4:	81 01 00 2c 	lwz     r8,44(r1)
    5bb8:	81 41 00 30 	lwz     r10,48(r1)
    5bbc:	41 9e 01 f8 	beq     cr7,5db4 <_start-0x23b8>
    5bc0:	80 1f 00 62 	lwz     r0,98(r31)
    5bc4:	2f 80 00 01 	cmpwi   cr7,r0,1
    5bc8:	41 9e 02 c0 	beq     cr7,5e88 <_start-0x22e4>
    5bcc:	2f 9e 00 00 	cmpwi   cr7,r30,0
    5bd0:	40 9e 02 1c 	bne     cr7,5dec <_start-0x2380>
    5bd4:	2f 86 00 00 	cmpwi   cr7,r6,0
    5bd8:	41 9e 00 1c 	beq     cr7,5bf4 <_start-0x2578>
    5bdc:	80 9f 00 1e 	lwz     r4,30(r31)
    5be0:	7c c5 33 78 	mr      r5,r6
    5be4:	7d 47 53 78 	mr      r7,r10
    5be8:	7f e3 fb 78 	mr      r3,r31
    5bec:	7e e6 bb 78 	mr      r6,r23
    5bf0:	4b ff fc d5 	bl      58c4 <_start-0x28a8>
    5bf4:	83 df 00 1a 	lwz     r30,26(r31)
    5bf8:	3b 20 00 00 	li      r25,0
    5bfc:	2f 9e 00 00 	cmpwi   cr7,r30,0
    5c00:	41 9e 01 6c 	beq     cr7,5d6c <_start-0x2400>
    5c04:	81 21 00 20 	lwz     r9,32(r1)
    5c08:	80 01 00 18 	lwz     r0,24(r1)
    5c0c:	2f 89 00 01 	cmpwi   cr7,r9,1
    5c10:	83 7f 00 76 	lwz     r27,118(r31)
    5c14:	7d 2b 0e 70 	srawi   r11,r9,1
    5c18:	7c 00 0e 70 	srawi   r0,r0,1
    5c1c:	83 9f 00 7e 	lwz     r28,126(r31)
    5c20:	81 41 00 1c 	lwz     r10,28(r1)
    5c24:	41 9e 02 7c 	beq     cr7,5ea0 <_start-0x22cc>
    5c28:	81 21 00 24 	lwz     r9,36(r1)
    5c2c:	2f 89 00 01 	cmpwi   cr7,r9,1
    5c30:	7d 29 0e 70 	srawi   r9,r9,1
    5c34:	41 9e 02 64 	beq     cr7,5e98 <_start-0x22d4>
    5c38:	7d 4a 0e 70 	srawi   r10,r10,1
    5c3c:	91 61 00 10 	stw     r11,16(r1)
    5c40:	7f fa fb 78 	mr      r26,r31
    5c44:	91 41 00 0c 	stw     r10,12(r1)
    5c48:	3b 20 00 00 	li      r25,0
    5c4c:	91 21 00 14 	stw     r9,20(r1)
    5c50:	90 01 00 08 	stw     r0,8(r1)
    5c54:	48 00 00 84 	b       5cd8 <_start-0x2494>
    5c58:	80 7f 00 1e 	lwz     r3,30(r31)
    5c5c:	80 ff 00 62 	lwz     r7,98(r31)
    5c60:	7f 65 db 78 	mr      r5,r27
    5c64:	7f 86 e3 78 	mr      r6,r28
    5c68:	7f 08 c3 78 	mr      r8,r24
    5c6c:	4b ff ea 01 	bl      466c <_start-0x3b00>
    5c70:	80 01 00 08 	lwz     r0,8(r1)
    5c74:	81 21 00 10 	lwz     r9,16(r1)
    5c78:	7c 00 0e 70 	srawi   r0,r0,1
    5c7c:	3b 39 00 01 	addi    r25,r25,1
    5c80:	81 61 00 0c 	lwz     r11,12(r1)
    5c84:	2f 89 00 01 	cmpwi   cr7,r9,1
    5c88:	90 01 00 08 	stw     r0,8(r1)
    5c8c:	7d 6b 0e 70 	srawi   r11,r11,1
    5c90:	91 61 00 0c 	stw     r11,12(r1)
    5c94:	7d 2b 0e 70 	srawi   r11,r9,1
    5c98:	41 9e 01 e8 	beq     cr7,5e80 <_start-0x22ec>
    5c9c:	81 21 00 14 	lwz     r9,20(r1)
    5ca0:	91 61 00 10 	stw     r11,16(r1)
    5ca4:	2f 89 00 01 	cmpwi   cr7,r9,1
    5ca8:	7d 29 0e 70 	srawi   r9,r9,1
    5cac:	41 9e 01 cc 	beq     cr7,5e78 <_start-0x22f4>
    5cb0:	2f 9b 00 01 	cmpwi   cr7,r27,1
    5cb4:	91 21 00 14 	stw     r9,20(r1)
    5cb8:	41 9e 00 08 	beq     cr7,5cc0 <_start-0x24ac>
    5cbc:	7f 7b 0e 70 	srawi   r27,r27,1
    5cc0:	2f 9c 00 01 	cmpwi   cr7,r28,1
    5cc4:	41 9e 00 08 	beq     cr7,5ccc <_start-0x24a0>
    5cc8:	7f 9c 0e 70 	srawi   r28,r28,1
    5ccc:	57 de f8 7f 	srwi.   r30,r30,1
    5cd0:	3b 5a 00 04 	addi    r26,r26,4
    5cd4:	41 82 00 98 	beq     5d6c <_start-0x2400>
    5cd8:	73 c9 00 01 	andi.   r9,r30,1
    5cdc:	41 a2 ff 98 	beq     5c74 <_start-0x24f8>
    5ce0:	80 9a 00 22 	lwz     r4,34(r26)
    5ce4:	2f 84 00 00 	cmpwi   cr7,r4,0
    5ce8:	41 9e 00 4c 	beq     cr7,5d34 <_start-0x2438>
    5cec:	2f 99 00 00 	cmpwi   cr7,r25,0
    5cf0:	41 be ff 68 	beq     cr7,5c58 <_start-0x2514>
    5cf4:	80 7a 00 1e 	lwz     r3,30(r26)
    5cf8:	4b ff ff 64 	b       5c5c <_start-0x2510>
    5cfc:	80 01 00 64 	lwz     r0,100(r1)
    5d00:	38 60 ff fe 	li      r3,-2
    5d04:	82 e1 00 3c 	lwz     r23,60(r1)
    5d08:	7c 08 03 a6 	mtlr    r0
    5d0c:	83 01 00 40 	lwz     r24,64(r1)
    5d10:	83 21 00 44 	lwz     r25,68(r1)
    5d14:	83 41 00 48 	lwz     r26,72(r1)
    5d18:	83 61 00 4c 	lwz     r27,76(r1)
    5d1c:	83 81 00 50 	lwz     r28,80(r1)
    5d20:	83 a1 00 54 	lwz     r29,84(r1)
    5d24:	83 c1 00 58 	lwz     r30,88(r1)
    5d28:	83 e1 00 5c 	lwz     r31,92(r1)
    5d2c:	38 21 00 60 	addi    r1,r1,96
    5d30:	4e 80 00 20 	blr
    5d34:	80 01 00 64 	lwz     r0,100(r1)
    5d38:	38 60 ff f9 	li      r3,-7
    5d3c:	82 e1 00 3c 	lwz     r23,60(r1)
    5d40:	7c 08 03 a6 	mtlr    r0
    5d44:	83 01 00 40 	lwz     r24,64(r1)
    5d48:	83 21 00 44 	lwz     r25,68(r1)
    5d4c:	83 41 00 48 	lwz     r26,72(r1)
    5d50:	83 61 00 4c 	lwz     r27,76(r1)
    5d54:	83 81 00 50 	lwz     r28,80(r1)
    5d58:	83 a1 00 54 	lwz     r29,84(r1)
    5d5c:	83 c1 00 58 	lwz     r30,88(r1)
    5d60:	83 e1 00 5c 	lwz     r31,92(r1)
    5d64:	38 21 00 60 	addi    r1,r1,96
    5d68:	4e 80 00 20 	blr
    5d6c:	a8 1f 00 10 	lha     r0,16(r31)
    5d70:	2f 80 00 00 	cmpwi   cr7,r0,0
    5d74:	40 be 00 38 	bne     cr7,5dac <_start-0x23c0>
    5d78:	81 3d 00 c0 	lwz     r9,192(r29)
    5d7c:	7f a4 eb 78 	mr      r4,r29
    5d80:	7f e5 fb 78 	mr      r5,r31
    5d84:	38 c0 00 00 	li      r6,0
    5d88:	38 e0 00 00 	li      r7,0
    5d8c:	80 09 01 18 	lwz     r0,280(r9)
    5d90:	7d 23 4b 78 	mr      r3,r9
    5d94:	7e e8 bb 78 	mr      r8,r23
    5d98:	7c 09 03 a6 	mtctr   r0
    5d9c:	4e 80 04 21 	bctrl
    5da0:	2c 03 00 00 	cmpwi   r3,0
    5da4:	40 a2 fd 94 	bne     5b38 <_start-0x2634>
    5da8:	a8 1f 00 10 	lha     r0,16(r31)
    5dac:	2f 80 00 01 	cmpwi   cr7,r0,1
    5db0:	41 9e 00 94 	beq     cr7,5e44 <_start-0x2328>
    5db4:	80 01 00 64 	lwz     r0,100(r1)
    5db8:	38 60 00 00 	li      r3,0
    5dbc:	82 e1 00 3c 	lwz     r23,60(r1)
    5dc0:	7c 08 03 a6 	mtlr    r0
    5dc4:	83 01 00 40 	lwz     r24,64(r1)
    5dc8:	83 21 00 44 	lwz     r25,68(r1)
    5dcc:	83 41 00 48 	lwz     r26,72(r1)
    5dd0:	83 61 00 4c 	lwz     r27,76(r1)
    5dd4:	83 81 00 50 	lwz     r28,80(r1)
    5dd8:	83 a1 00 54 	lwz     r29,84(r1)
    5ddc:	83 c1 00 58 	lwz     r30,88(r1)
    5de0:	83 e1 00 5c 	lwz     r31,92(r1)
    5de4:	38 21 00 60 	addi    r1,r1,96
    5de8:	4e 80 00 20 	blr
    5dec:	2f 86 00 00 	cmpwi   cr7,r6,0
    5df0:	41 9e 00 28 	beq     cr7,5e18 <_start-0x2354>
    5df4:	39 3e 00 07 	addi    r9,r30,7
    5df8:	7c c5 33 78 	mr      r5,r6
    5dfc:	55 29 10 3a 	slwi    r9,r9,2
    5e00:	7d 47 53 78 	mr      r7,r10
    5e04:	7d 3f 4a 14 	add     r9,r31,r9
    5e08:	7f e3 fb 78 	mr      r3,r31
    5e0c:	80 89 00 02 	lwz     r4,2(r9)
    5e10:	7e e6 bb 78 	mr      r6,r23
    5e14:	4b ff fa b1 	bl      58c4 <_start-0x28a8>
    5e18:	81 3d 00 c0 	lwz     r9,192(r29)
    5e1c:	7f c6 f3 78 	mr      r6,r30
    5e20:	7f a4 eb 78 	mr      r4,r29
    5e24:	7f e5 fb 78 	mr      r5,r31
    5e28:	7e e8 bb 78 	mr      r8,r23
    5e2c:	80 09 01 18 	lwz     r0,280(r9)
    5e30:	7d 23 4b 78 	mr      r3,r9
    5e34:	7f c7 f3 78 	mr      r7,r30
    5e38:	7c 09 03 a6 	mtctr   r0
    5e3c:	4e 80 04 21 	bctrl
    5e40:	4b ff fc f8 	b       5b38 <_start-0x2634>
    5e44:	2f 99 00 00 	cmpwi   cr7,r25,0
    5e48:	40 9e 00 60 	bne     cr7,5ea8 <_start-0x22c4>
    5e4c:	81 3d 00 c0 	lwz     r9,192(r29)
    5e50:	7f a4 eb 78 	mr      r4,r29
    5e54:	7f e5 fb 78 	mr      r5,r31
    5e58:	7e e8 bb 78 	mr      r8,r23
    5e5c:	38 c0 00 00 	li      r6,0
    5e60:	80 09 01 18 	lwz     r0,280(r9)
    5e64:	7d 23 4b 78 	mr      r3,r9
    5e68:	38 e0 00 00 	li      r7,0
    5e6c:	7c 09 03 a6 	mtctr   r0
    5e70:	4e 80 04 21 	bctrl
    5e74:	4b ff fc c4 	b       5b38 <_start-0x2634>
    5e78:	39 20 00 01 	li      r9,1
    5e7c:	4b ff fe 34 	b       5cb0 <_start-0x24bc>
    5e80:	39 60 00 01 	li      r11,1
    5e84:	4b ff fe 18 	b       5c9c <_start-0x24d0>
    5e88:	2f 88 00 00 	cmpwi   cr7,r8,0
    5e8c:	41 be fd 40 	beq     cr7,5bcc <_start-0x25a0>
    5e90:	91 1f 00 66 	stw     r8,102(r31)
    5e94:	4b ff fd 38 	b       5bcc <_start-0x25a0>
    5e98:	39 20 00 01 	li      r9,1
    5e9c:	4b ff fd 9c 	b       5c38 <_start-0x2534>
    5ea0:	39 60 00 01 	li      r11,1
    5ea4:	4b ff fd 84 	b       5c28 <_start-0x2544>
    5ea8:	81 3d 00 c0 	lwz     r9,192(r29)
    5eac:	7f a4 eb 78 	mr      r4,r29
    5eb0:	7f e5 fb 78 	mr      r5,r31
    5eb4:	38 f9 ff ff 	addi    r7,r25,-1
    5eb8:	7e e8 bb 78 	mr      r8,r23
    5ebc:	80 09 01 18 	lwz     r0,280(r9)
    5ec0:	7d 23 4b 78 	mr      r3,r9
    5ec4:	38 c0 00 00 	li      r6,0
    5ec8:	7c 09 03 a6 	mtctr   r0
    5ecc:	4e 80 04 21 	bctrl
    5ed0:	4b ff fc 68 	b       5b38 <_start-0x2634>
    5ed4:	94 21 ff a0 	stwu    r1,-96(r1)
    5ed8:	7c 08 02 a6 	mflr    r0
    5edc:	93 c1 00 58 	stw     r30,88(r1)
    5ee0:	7c 9e 23 79 	mr.     r30,r4
    5ee4:	93 81 00 50 	stw     r28,80(r1)
    5ee8:	7c dc 33 78 	mr      r28,r6
    5eec:	93 e1 00 5c 	stw     r31,92(r1)
    5ef0:	7c bf 2b 78 	mr      r31,r5
    5ef4:	90 01 00 64 	stw     r0,100(r1)
    5ef8:	92 41 00 28 	stw     r18,40(r1)
    5efc:	92 61 00 2c 	stw     r19,44(r1)
    5f00:	92 81 00 30 	stw     r20,48(r1)
    5f04:	92 a1 00 34 	stw     r21,52(r1)
    5f08:	92 c1 00 38 	stw     r22,56(r1)
    5f0c:	92 e1 00 3c 	stw     r23,60(r1)
    5f10:	93 01 00 40 	stw     r24,64(r1)
    5f14:	93 21 00 44 	stw     r25,68(r1)
    5f18:	93 41 00 48 	stw     r26,72(r1)
    5f1c:	93 61 00 4c 	stw     r27,76(r1)
    5f20:	93 a1 00 54 	stw     r29,84(r1)
    5f24:	41 82 02 34 	beq     6158 <_start-0x2014>
    5f28:	2f 85 00 00 	cmpwi   cr7,r5,0
    5f2c:	41 9e 02 2c 	beq     cr7,6158 <_start-0x2014>
    5f30:	a0 05 00 10 	lhz     r0,16(r5)
    5f34:	2f 87 00 00 	cmpwi   cr7,r7,0
    5f38:	2f 00 00 00 	cmpwi   cr6,r0,0
    5f3c:	40 9a 00 0c 	bne     cr6,5f48 <_start-0x2224>
    5f40:	38 60 ff f9 	li      r3,-7
    5f44:	40 9e 00 64 	bne     cr7,5fa8 <_start-0x21c4>
    5f48:	81 3f 00 62 	lwz     r9,98(r31)
    5f4c:	2f 09 00 01 	cmpwi   cr6,r9,1
    5f50:	41 9a 01 9c 	beq     cr6,60ec <_start-0x2080>
    5f54:	41 9e 00 9c 	beq     cr7,5ff0 <_start-0x217c>
    5f58:	80 1f 00 1a 	lwz     r0,26(r31)
    5f5c:	3b a7 ff ff 	addi    r29,r7,-1
    5f60:	2f 80 00 00 	cmpwi   cr7,r0,0
    5f64:	41 9e 00 14 	beq     cr7,5f78 <_start-0x21f4>
    5f68:	39 40 00 01 	li      r10,1
    5f6c:	7d 4a e8 30 	slw     r10,r10,r29
    5f70:	7d 49 00 39 	and.    r9,r10,r0
    5f74:	40 82 02 4c 	bne     61c0 <_start-0x1fac>
    5f78:	81 3e 00 c0 	lwz     r9,192(r30)
    5f7c:	3b bd 00 08 	addi    r29,r29,8
    5f80:	7c e6 3b 78 	mr      r6,r7
    5f84:	57 bd 10 3a 	slwi    r29,r29,2
    5f88:	7f c4 f3 78 	mr      r4,r30
    5f8c:	80 09 00 d4 	lwz     r0,212(r9)
    5f90:	7f bf ea 14 	add     r29,r31,r29
    5f94:	7d 23 4b 78 	mr      r3,r9
    5f98:	93 9d 00 02 	stw     r28,2(r29)
    5f9c:	7f e5 fb 78 	mr      r5,r31
    5fa0:	7c 09 03 a6 	mtctr   r0
    5fa4:	4e 80 04 21 	bctrl
    5fa8:	80 01 00 64 	lwz     r0,100(r1)
    5fac:	82 41 00 28 	lwz     r18,40(r1)
    5fb0:	7c 08 03 a6 	mtlr    r0
    5fb4:	82 61 00 2c 	lwz     r19,44(r1)
    5fb8:	82 81 00 30 	lwz     r20,48(r1)
    5fbc:	82 a1 00 34 	lwz     r21,52(r1)
    5fc0:	82 c1 00 38 	lwz     r22,56(r1)
    5fc4:	82 e1 00 3c 	lwz     r23,60(r1)
    5fc8:	83 01 00 40 	lwz     r24,64(r1)
    5fcc:	83 21 00 44 	lwz     r25,68(r1)
    5fd0:	83 41 00 48 	lwz     r26,72(r1)
    5fd4:	83 61 00 4c 	lwz     r27,76(r1)
    5fd8:	83 81 00 50 	lwz     r28,80(r1)
    5fdc:	83 a1 00 54 	lwz     r29,84(r1)
    5fe0:	83 c1 00 58 	lwz     r30,88(r1)
    5fe4:	83 e1 00 5c 	lwz     r31,92(r1)
    5fe8:	38 21 00 60 	addi    r1,r1,96
    5fec:	4e 80 00 20 	blr
    5ff0:	83 bf 00 1a 	lwz     r29,26(r31)
    5ff4:	3b 00 00 00 	li      r24,0
    5ff8:	93 9f 00 1e 	stw     r28,30(r31)
    5ffc:	2f 9d 00 00 	cmpwi   cr7,r29,0
    6000:	41 9e 00 a8 	beq     cr7,60a8 <_start-0x20c4>
    6004:	3e 40 00 01 	lis     r18,1
    6008:	3e 60 80 00 	lis     r19,-32768
    600c:	83 5f 00 76 	lwz     r26,118(r31)
    6010:	3e 80 80 00 	lis     r20,-32768
    6014:	83 7f 00 7e 	lwz     r27,126(r31)
    6018:	3a 52 04 e0 	addi    r18,r18,1248
    601c:	62 73 00 01 	ori     r19,r19,1
    6020:	62 94 00 08 	ori     r20,r20,8
    6024:	7f f9 fb 78 	mr      r25,r31
    6028:	3b 80 00 01 	li      r28,1
    602c:	3a a0 00 01 	li      r21,1
    6030:	3a c0 08 00 	li      r22,2048
    6034:	3a e0 00 00 	li      r23,0
    6038:	48 00 00 58 	b       6090 <_start-0x20dc>
    603c:	80 99 00 22 	lwz     r4,34(r25)
    6040:	2f 84 00 00 	cmpwi   cr7,r4,0
    6044:	41 9e 01 1c 	beq     cr7,6160 <_start-0x200c>
    6048:	2f 9c 00 01 	cmpwi   cr7,r28,1
    604c:	40 9e 00 e8 	bne     cr7,6134 <_start-0x2038>
    6050:	80 7f 00 1e 	lwz     r3,30(r31)
    6054:	7f 45 d3 78 	mr      r5,r26
    6058:	7f 66 db 78 	mr      r6,r27
    605c:	80 ff 00 62 	lwz     r7,98(r31)
    6060:	3b 00 00 01 	li      r24,1
    6064:	4b ff de a9 	bl      3f0c <_start-0x4260>
    6068:	2f 9a 00 01 	cmpwi   cr7,r26,1
    606c:	41 9e 00 08 	beq     cr7,6074 <_start-0x20f8>
    6070:	7f 5a 0e 70 	srawi   r26,r26,1
    6074:	2f 9b 00 01 	cmpwi   cr7,r27,1
    6078:	41 9e 00 08 	beq     cr7,6080 <_start-0x20ec>
    607c:	7f 7b 0e 70 	srawi   r27,r27,1
    6080:	57 bd f8 7f 	srwi.   r29,r29,1
    6084:	3b 9c 00 01 	addi    r28,r28,1
    6088:	3b 39 00 04 	addi    r25,r25,4
    608c:	41 82 00 18 	beq     60a4 <_start-0x20c8>
    6090:	73 a0 00 01 	andi.   r0,r29,1
    6094:	40 82 ff a8 	bne     603c <_start-0x2130>
    6098:	2f 9c 00 0f 	cmpwi   cr7,r28,15
    609c:	7f 98 e3 78 	mr      r24,r28
    60a0:	40 9d ff c8 	ble     cr7,6068 <_start-0x2104>
    60a4:	a0 1f 00 10 	lhz     r0,16(r31)
    60a8:	7c 00 07 35 	extsh.  r0,r0
    60ac:	41 82 00 54 	beq     6100 <_start-0x206c>
    60b0:	2f 80 00 01 	cmpwi   cr7,r0,1
    60b4:	38 60 00 00 	li      r3,0
    60b8:	40 9e fe f0 	bne     cr7,5fa8 <_start-0x21c4>
    60bc:	2f 98 00 00 	cmpwi   cr7,r24,0
    60c0:	40 9e 01 3c 	bne     cr7,61fc <_start-0x1f70>
    60c4:	81 3e 00 c0 	lwz     r9,192(r30)
    60c8:	7f c4 f3 78 	mr      r4,r30
    60cc:	7f e5 fb 78 	mr      r5,r31
    60d0:	38 c0 00 00 	li      r6,0
    60d4:	38 e0 00 00 	li      r7,0
    60d8:	80 09 00 d4 	lwz     r0,212(r9)
    60dc:	7d 23 4b 78 	mr      r3,r9
    60e0:	7c 09 03 a6 	mtctr   r0
    60e4:	4e 80 04 21 	bctrl
    60e8:	4b ff fe c0 	b       5fa8 <_start-0x21c4>
    60ec:	2f 08 00 00 	cmpwi   cr6,r8,0
    60f0:	41 ba fe 64 	beq     cr6,5f54 <_start-0x2218>
    60f4:	91 1f 00 66 	stw     r8,102(r31)
    60f8:	41 be fe f8 	beq     cr7,5ff0 <_start-0x217c>
    60fc:	4b ff fe 5c 	b       5f58 <_start-0x2214>
    6100:	81 3e 00 c0 	lwz     r9,192(r30)
    6104:	7f c4 f3 78 	mr      r4,r30
    6108:	7f e5 fb 78 	mr      r5,r31
    610c:	38 c0 00 00 	li      r6,0
    6110:	38 e0 00 00 	li      r7,0
    6114:	80 09 00 d4 	lwz     r0,212(r9)
    6118:	7d 23 4b 78 	mr      r3,r9
    611c:	7c 09 03 a6 	mtctr   r0
    6120:	4e 80 04 21 	bctrl
    6124:	2c 03 00 00 	cmpwi   r3,0
    6128:	40 a2 fe 80 	bne     5fa8 <_start-0x21c4>
    612c:	a8 1f 00 10 	lha     r0,16(r31)
    6130:	4b ff ff 80 	b       60b0 <_start-0x20bc>
    6134:	80 79 00 1e 	lwz     r3,30(r25)
    6138:	7f 45 d3 78 	mr      r5,r26
    613c:	7f 66 db 78 	mr      r6,r27
    6140:	80 ff 00 62 	lwz     r7,98(r31)
    6144:	7f 98 e3 78 	mr      r24,r28
    6148:	4b ff dd c5 	bl      3f0c <_start-0x4260>
    614c:	2f 9c 00 0f 	cmpwi   cr7,r28,15
    6150:	40 9d ff 18 	ble     cr7,6068 <_start-0x2104>
    6154:	4b ff ff 50 	b       60a4 <_start-0x20c8>
    6158:	38 60 ff fe 	li      r3,-2
    615c:	4b ff fe 4c 	b       5fa8 <_start-0x21c4>
    6160:	2f 9a 00 01 	cmpwi   cr7,r26,1
    6164:	80 72 00 00 	lwz     r3,0(r18)
    6168:	7f 4b 0e 70 	srawi   r11,r26,1
    616c:	80 03 03 a8 	lwz     r0,936(r3)
    6170:	41 9e 00 bc 	beq     cr7,622c <_start-0x1f40>
    6174:	2f 9b 00 01 	cmpwi   cr7,r27,1
    6178:	81 5f 00 86 	lwz     r10,134(r31)
    617c:	7f 69 0e 70 	srawi   r9,r27,1
    6180:	41 9e 00 a4 	beq     cr7,6224 <_start-0x1f48>
    6184:	7d 6b 51 d6 	mullw   r11,r11,r10
    6188:	92 61 00 08 	stw     r19,8(r1)
    618c:	92 c1 00 0c 	stw     r22,12(r1)
    6190:	7c 09 03 a6 	mtctr   r0
    6194:	7c 8b 49 d6 	mullw   r4,r11,r9
    6198:	92 81 00 10 	stw     r20,16(r1)
    619c:	92 a1 00 14 	stw     r21,20(r1)
    61a0:	92 e1 00 18 	stw     r23,24(r1)
    61a4:	4e 80 04 21 	bctrl
    61a8:	2f 83 00 00 	cmpwi   cr7,r3,0
    61ac:	7c 64 1b 78 	mr      r4,r3
    61b0:	90 79 00 22 	stw     r3,34(r25)
    61b4:	40 9e fe 94 	bne     cr7,6048 <_start-0x2124>
    61b8:	38 60 ff fd 	li      r3,-3
    61bc:	4b ff fd ec 	b       5fa8 <_start-0x21c4>
    61c0:	3d 20 00 01 	lis     r9,1
    61c4:	39 67 00 07 	addi    r11,r7,7
    61c8:	90 e1 00 20 	stw     r7,32(r1)
    61cc:	81 29 04 e0 	lwz     r9,1248(r9)
    61d0:	7c 00 50 78 	andc    r0,r0,r10
    61d4:	55 6b 10 3a 	slwi    r11,r11,2
    61d8:	90 1f 00 1a 	stw     r0,26(r31)
    61dc:	7d 7f 5a 14 	add     r11,r31,r11
    61e0:	80 09 00 ac 	lwz     r0,172(r9)
    61e4:	7d 23 4b 78 	mr      r3,r9
    61e8:	80 8b 00 02 	lwz     r4,2(r11)
    61ec:	7c 09 03 a6 	mtctr   r0
    61f0:	4e 80 04 21 	bctrl
    61f4:	80 e1 00 20 	lwz     r7,32(r1)
    61f8:	4b ff fd 80 	b       5f78 <_start-0x21f4>
    61fc:	81 3e 00 c0 	lwz     r9,192(r30)
    6200:	7f c4 f3 78 	mr      r4,r30
    6204:	7f e5 fb 78 	mr      r5,r31
    6208:	38 f8 ff ff 	addi    r7,r24,-1
    620c:	38 c0 00 00 	li      r6,0
    6210:	80 09 00 d4 	lwz     r0,212(r9)
    6214:	7d 23 4b 78 	mr      r3,r9
    6218:	7c 09 03 a6 	mtctr   r0
    621c:	4e 80 04 21 	bctrl
    6220:	4b ff fd 88 	b       5fa8 <_start-0x21c4>
    6224:	39 20 00 01 	li      r9,1
    6228:	4b ff ff 5c 	b       6184 <_start-0x1fe8>
    622c:	39 60 00 01 	li      r11,1
    6230:	4b ff ff 44 	b       6174 <_start-0x1ff8>
    6234:	94 21 ff 80 	stwu    r1,-128(r1)
    6238:	7d 80 00 26 	mfcr    r12
    623c:	7c 08 02 a6 	mflr    r0
    6240:	93 c1 00 78 	stw     r30,120(r1)
    6244:	7c 9e 23 79 	mr.     r30,r4
    6248:	93 41 00 68 	stw     r26,104(r1)
    624c:	7c da 33 78 	mr      r26,r6
    6250:	93 a1 00 74 	stw     r29,116(r1)
    6254:	7c bd 2b 78 	mr      r29,r5
    6258:	90 01 00 84 	stw     r0,132(r1)
    625c:	91 c1 00 38 	stw     r14,56(r1)
    6260:	91 e1 00 3c 	stw     r15,60(r1)
    6264:	92 01 00 40 	stw     r16,64(r1)
    6268:	92 21 00 44 	stw     r17,68(r1)
    626c:	92 41 00 48 	stw     r18,72(r1)
    6270:	92 61 00 4c 	stw     r19,76(r1)
    6274:	92 81 00 50 	stw     r20,80(r1)
    6278:	92 a1 00 54 	stw     r21,84(r1)
    627c:	92 c1 00 58 	stw     r22,88(r1)
    6280:	92 e1 00 5c 	stw     r23,92(r1)
    6284:	93 01 00 60 	stw     r24,96(r1)
    6288:	93 21 00 64 	stw     r25,100(r1)
    628c:	93 61 00 6c 	stw     r27,108(r1)
    6290:	93 81 00 70 	stw     r28,112(r1)
    6294:	93 e1 00 7c 	stw     r31,124(r1)
    6298:	91 81 00 34 	stw     r12,52(r1)
    629c:	41 82 05 a0 	beq     683c <_start-0x1930>
    62a0:	3e c0 00 01 	lis     r22,1
    62a4:	3c 80 80 20 	lis     r4,-32736
    62a8:	81 36 04 c8 	lwz     r9,1224(r22)
    62ac:	60 84 10 00 	ori     r4,r4,4096
    62b0:	7c c5 33 78 	mr      r5,r6
    62b4:	80 09 00 60 	lwz     r0,96(r9)
    62b8:	7d 23 4b 78 	mr      r3,r9
    62bc:	7c 09 03 a6 	mtctr   r0
    62c0:	4e 80 04 21 	bctrl
    62c4:	7c 69 1b 79 	mr.     r9,r3
    62c8:	41 82 05 74 	beq     683c <_start-0x1930>
    62cc:	81 76 04 c8 	lwz     r11,1224(r22)
    62d0:	3c 80 80 20 	lis     r4,-32736
    62d4:	7f 45 d3 78 	mr      r5,r26
    62d8:	60 84 10 01 	ori     r4,r4,4097
    62dc:	82 29 00 04 	lwz     r17,4(r9)
    62e0:	80 0b 00 60 	lwz     r0,96(r11)
    62e4:	7d 63 5b 78 	mr      r3,r11
    62e8:	7c 09 03 a6 	mtctr   r0
    62ec:	4e 80 04 21 	bctrl
    62f0:	2c 03 00 00 	cmpwi   r3,0
    62f4:	41 82 05 48 	beq     683c <_start-0x1930>
    62f8:	82 83 00 04 	lwz     r20,4(r3)
    62fc:	38 14 ff ff 	addi    r0,r20,-1
    6300:	2b 80 00 0d 	cmplwi  cr7,r0,13
    6304:	41 9d 05 38 	bgt     cr7,683c <_start-0x1930>
    6308:	2f 94 00 01 	cmpwi   cr7,r20,1
    630c:	7e 92 a3 78 	mr      r18,r20
    6310:	41 9e 04 fc 	beq     cr7,680c <_start-0x1960>
    6314:	81 36 04 c8 	lwz     r9,1224(r22)
    6318:	3c 80 80 20 	lis     r4,-32736
    631c:	7f 45 d3 78 	mr      r5,r26
    6320:	60 84 10 02 	ori     r4,r4,4098
    6324:	3f 80 00 01 	lis     r28,1
    6328:	80 09 00 60 	lwz     r0,96(r9)
    632c:	7d 23 4b 78 	mr      r3,r9
    6330:	7c 09 03 a6 	mtctr   r0
    6334:	4e 80 04 21 	bctrl
    6338:	2c 03 00 00 	cmpwi   r3,0
    633c:	41 82 05 00 	beq     683c <_start-0x1930>
    6340:	83 23 00 04 	lwz     r25,4(r3)
    6344:	2f 99 00 00 	cmpwi   cr7,r25,0
    6348:	40 9d 04 3c 	ble     cr7,6784 <_start-0x19e8>
    634c:	80 1e 00 68 	lwz     r0,104(r30)
    6350:	7f 99 00 00 	cmpw    cr7,r25,r0
    6354:	41 9d 04 30 	bgt     cr7,6784 <_start-0x19e8>
    6358:	7f 33 00 34 	cntlzw  r19,r25
    635c:	3b e0 00 01 	li      r31,1
    6360:	22 73 00 1f 	subfic  r19,r19,31
    6364:	7f f5 98 30 	slw     r21,r31,r19
    6368:	7f 95 c8 00 	cmpw    cr7,r21,r25
    636c:	40 9e 04 18 	bne     cr7,6784 <_start-0x19e8>
    6370:	81 3c 04 c8 	lwz     r9,1224(r28)
    6374:	3c 80 80 20 	lis     r4,-32736
    6378:	7f 45 d3 78 	mr      r5,r26
    637c:	60 84 10 03 	ori     r4,r4,4099
    6380:	80 09 00 60 	lwz     r0,96(r9)
    6384:	7d 23 4b 78 	mr      r3,r9
    6388:	7c 09 03 a6 	mtctr   r0
    638c:	4e 80 04 21 	bctrl
    6390:	2c 03 00 00 	cmpwi   r3,0
    6394:	41 82 04 a8 	beq     683c <_start-0x1930>
    6398:	83 03 00 04 	lwz     r24,4(r3)
    639c:	2f 98 00 00 	cmpwi   cr7,r24,0
    63a0:	40 9d 03 e4 	ble     cr7,6784 <_start-0x19e8>
    63a4:	80 1e 00 6c 	lwz     r0,108(r30)
    63a8:	7f 98 00 00 	cmpw    cr7,r24,r0
    63ac:	41 9d 03 d8 	bgt     cr7,6784 <_start-0x19e8>
    63b0:	7f 10 00 34 	cntlzw  r16,r24
    63b4:	22 10 00 1f 	subfic  r16,r16,31
    63b8:	7f ff 80 30 	slw     r31,r31,r16
    63bc:	7f 9f c0 00 	cmpw    cr7,r31,r24
    63c0:	40 9e 03 c4 	bne     cr7,6784 <_start-0x19e8>
    63c4:	81 3c 04 c8 	lwz     r9,1224(r28)
    63c8:	3c 80 80 20 	lis     r4,-32736
    63cc:	7f 45 d3 78 	mr      r5,r26
    63d0:	60 84 10 04 	ori     r4,r4,4100
    63d4:	3b 60 00 00 	li      r27,0
    63d8:	80 09 00 60 	lwz     r0,96(r9)
    63dc:	7d 23 4b 78 	mr      r3,r9
    63e0:	3a e0 00 00 	li      r23,0
    63e4:	7c 09 03 a6 	mtctr   r0
    63e8:	4e 80 04 21 	bctrl
    63ec:	7c 69 1b 79 	mr.     r9,r3
    63f0:	41 82 00 30 	beq     6420 <_start-0x1d4c>
    63f4:	81 7c 04 c8 	lwz     r11,1224(r28)
    63f8:	3c 80 80 20 	lis     r4,-32736
    63fc:	38 a0 00 00 	li      r5,0
    6400:	60 84 10 06 	ori     r4,r4,4102
    6404:	7f 46 d3 78 	mr      r6,r26
    6408:	83 69 00 04 	lwz     r27,4(r9)
    640c:	80 0b 00 68 	lwz     r0,104(r11)
    6410:	7d 63 5b 78 	mr      r3,r11
    6414:	7c 09 03 a6 	mtctr   r0
    6418:	4e 80 04 21 	bctrl
    641c:	7c 77 1b 78 	mr      r23,r3
    6420:	3c 00 80 00 	lis     r0,-32768
    6424:	39 e0 00 01 	li      r15,1
    6428:	60 00 00 01 	ori     r0,r0,1
    642c:	39 c0 00 00 	li      r14,0
    6430:	91 e1 00 14 	stw     r15,20(r1)
    6434:	90 01 00 08 	stw     r0,8(r1)
    6438:	38 00 10 00 	li      r0,4096
    643c:	3f 80 00 01 	lis     r28,1
    6440:	90 01 00 0c 	stw     r0,12(r1)
    6444:	3c 00 80 00 	lis     r0,-32768
    6448:	38 80 00 92 	li      r4,146
    644c:	60 00 00 03 	ori     r0,r0,3
    6450:	91 c1 00 1c 	stw     r14,28(r1)
    6454:	90 01 00 10 	stw     r0,16(r1)
    6458:	3c 00 80 00 	lis     r0,-32768
    645c:	60 00 00 06 	ori     r0,r0,6
    6460:	91 e1 00 24 	stw     r15,36(r1)
    6464:	90 01 00 18 	stw     r0,24(r1)
    6468:	3c 00 80 00 	lis     r0,-32768
    646c:	60 00 00 08 	ori     r0,r0,8
    6470:	91 c1 00 28 	stw     r14,40(r1)
    6474:	90 01 00 20 	stw     r0,32(r1)
    6478:	81 3c 04 e0 	lwz     r9,1248(r28)
    647c:	80 09 03 a8 	lwz     r0,936(r9)
    6480:	7d 23 4b 78 	mr      r3,r9
    6484:	7c 09 03 a6 	mtctr   r0
    6488:	4e 80 04 21 	bctrl
    648c:	7c 7f 1b 79 	mr.     r31,r3
    6490:	41 82 08 30 	beq     6cc0 <_start-0x14ac>
    6494:	99 df 00 08 	stb     r14,8(r31)
    6498:	3c 80 80 20 	lis     r4,-32736
    649c:	7f 45 d3 78 	mr      r5,r26
    64a0:	b1 df 00 0e 	sth     r14,14(r31)
    64a4:	60 84 10 04 	ori     r4,r4,4100
    64a8:	81 36 04 c8 	lwz     r9,1224(r22)
    64ac:	80 09 00 60 	lwz     r0,96(r9)
    64b0:	7d 23 4b 78 	mr      r3,r9
    64b4:	7c 09 03 a6 	mtctr   r0
    64b8:	4e 80 04 21 	bctrl
    64bc:	2c 03 00 00 	cmpwi   r3,0
    64c0:	41 82 07 f0 	beq     6cb0 <_start-0x14bc>
    64c4:	b1 ff 00 10 	sth     r15,16(r31)
    64c8:	2b 94 00 0b 	cmplwi  cr7,r20,11
    64cc:	92 3f 00 1e 	stw     r17,30(r31)
    64d0:	92 7f 00 7a 	stw     r19,122(r31)
    64d4:	92 1f 00 82 	stw     r16,130(r31)
    64d8:	93 7f 00 1a 	stw     r27,26(r31)
    64dc:	92 bf 00 76 	stw     r21,118(r31)
    64e0:	93 1f 00 7e 	stw     r24,126(r31)
    64e4:	40 9d 07 64 	ble     cr7,6c48 <_start-0x1524>
    64e8:	38 00 00 00 	li      r0,0
    64ec:	90 1f 00 8a 	stw     r0,138(r31)
    64f0:	90 1f 00 86 	stw     r0,134(r31)
    64f4:	2f 9b 00 00 	cmpwi   cr7,r27,0
    64f8:	38 00 00 00 	li      r0,0
    64fc:	92 5f 00 66 	stw     r18,102(r31)
    6500:	90 1f 00 5e 	stw     r0,94(r31)
    6504:	92 9f 00 62 	stw     r20,98(r31)
    6508:	90 1f 00 6a 	stw     r0,106(r31)
    650c:	90 1f 00 6e 	stw     r0,110(r31)
    6510:	b0 1f 00 12 	sth     r0,18(r31)
    6514:	90 1f 00 22 	stw     r0,34(r31)
    6518:	90 1f 00 26 	stw     r0,38(r31)
    651c:	90 1f 00 2a 	stw     r0,42(r31)
    6520:	90 1f 00 2e 	stw     r0,46(r31)
    6524:	90 1f 00 32 	stw     r0,50(r31)
    6528:	90 1f 00 36 	stw     r0,54(r31)
    652c:	90 1f 00 3a 	stw     r0,58(r31)
    6530:	90 1f 00 3e 	stw     r0,62(r31)
    6534:	90 1f 00 42 	stw     r0,66(r31)
    6538:	90 1f 00 46 	stw     r0,70(r31)
    653c:	90 1f 00 4a 	stw     r0,74(r31)
    6540:	90 1f 00 4e 	stw     r0,78(r31)
    6544:	90 1f 00 52 	stw     r0,82(r31)
    6548:	90 1f 00 56 	stw     r0,86(r31)
    654c:	90 1f 00 5a 	stw     r0,90(r31)
    6550:	41 9e 06 b8 	beq     cr7,6c08 <_start-0x1564>
    6554:	2d 17 00 00 	cmpwi   cr2,r23,0
    6558:	3d c0 80 00 	lis     r14,-32768
    655c:	3d e0 80 00 	lis     r15,-32768
    6560:	3a 94 ff f4 	addi    r20,r20,-12
    6564:	61 ce 00 01 	ori     r14,r14,1
    6568:	61 ef 00 08 	ori     r15,r15,8
    656c:	7f f6 fb 78 	mr      r22,r31
    6570:	3b 40 00 01 	li      r26,1
    6574:	3a a0 00 00 	li      r21,0
    6578:	3a 1c 04 e0 	addi    r16,r28,1248
    657c:	3a 20 08 00 	li      r17,2048
    6580:	3a 40 00 01 	li      r18,1
    6584:	3a 60 00 00 	li      r19,0
    6588:	73 60 00 01 	andi.   r0,r27,1
    658c:	41 82 02 c8 	beq     6854 <_start-0x1918>
    6590:	2b 94 00 02 	cmplwi  cr7,r20,2
    6594:	40 9d 07 40 	ble     cr7,6cd4 <_start-0x1498>
    6598:	2e 19 00 01 	cmpwi   cr4,r25,1
    659c:	80 70 00 00 	lwz     r3,0(r16)
    65a0:	80 03 03 a8 	lwz     r0,936(r3)
    65a4:	41 92 06 5c 	beq     cr4,6c00 <_start-0x156c>
    65a8:	7f 2b 0e 70 	srawi   r11,r25,1
    65ac:	2d 98 00 01 	cmpwi   cr3,r24,1
    65b0:	81 3f 00 86 	lwz     r9,134(r31)
    65b4:	41 8e 06 44 	beq     cr3,6bf8 <_start-0x1574>
    65b8:	7f 04 0e 70 	srawi   r4,r24,1
    65bc:	7d 2b 49 d6 	mullw   r9,r11,r9
    65c0:	91 c1 00 08 	stw     r14,8(r1)
    65c4:	92 21 00 0c 	stw     r17,12(r1)
    65c8:	7c 09 03 a6 	mtctr   r0
    65cc:	7c 89 21 d6 	mullw   r4,r9,r4
    65d0:	91 e1 00 10 	stw     r15,16(r1)
    65d4:	92 41 00 14 	stw     r18,20(r1)
    65d8:	92 61 00 18 	stw     r19,24(r1)
    65dc:	4e 80 04 21 	bctrl
    65e0:	2f 83 00 00 	cmpwi   cr7,r3,0
    65e4:	7c 64 1b 78 	mr      r4,r3
    65e8:	90 76 00 22 	stw     r3,34(r22)
    65ec:	41 9e 06 f0 	beq     cr7,6cdc <_start-0x1490>
    65f0:	2f 9a 00 01 	cmpwi   cr7,r26,1
    65f4:	40 9e 02 9c 	bne     cr7,6890 <_start-0x18dc>
    65f8:	80 7f 00 1e 	lwz     r3,30(r31)
    65fc:	7f 25 cb 78 	mr      r5,r25
    6600:	7f 06 c3 78 	mr      r6,r24
    6604:	80 ff 00 62 	lwz     r7,98(r31)
    6608:	4b ff d9 05 	bl      3f0c <_start-0x4260>
    660c:	39 60 00 01 	li      r11,1
    6610:	41 92 02 78 	beq     cr4,6888 <_start-0x18e4>
    6614:	7f 39 0e 70 	srawi   r25,r25,1
    6618:	41 8e 00 08 	beq     cr3,6620 <_start-0x1b4c>
    661c:	7f 18 0e 70 	srawi   r24,r24,1
    6620:	57 7b f8 7f 	srwi.   r27,r27,1
    6624:	3b 5a 00 01 	addi    r26,r26,1
    6628:	3a d6 00 04 	addi    r22,r22,4
    662c:	40 82 ff 5c 	bne     6588 <_start-0x1be4>
    6630:	2f 97 00 00 	cmpwi   cr7,r23,0
    6634:	38 eb ff ff 	addi    r7,r11,-1
    6638:	41 9e 00 54 	beq     cr7,668c <_start-0x1ae0>
    663c:	38 0b 00 01 	addi    r0,r11,1
    6640:	39 2b 00 08 	addi    r9,r11,8
    6644:	2f 80 00 10 	cmpwi   cr7,r0,16
    6648:	55 29 10 3a 	slwi    r9,r9,2
    664c:	56 b5 10 3a 	slwi    r21,r21,2
    6650:	7d 3f 4a 14 	add     r9,r31,r9
    6654:	20 0b 00 10 	subfic  r0,r11,16
    6658:	7e f7 aa 14 	add     r23,r23,r21
    665c:	39 29 00 02 	addi    r9,r9,2
    6660:	7c 09 03 a6 	mtctr   r0
    6664:	41 9d 06 98 	bgt     cr7,6cfc <_start-0x1470>
    6668:	80 17 00 00 	lwz     r0,0(r23)
    666c:	2f 80 00 00 	cmpwi   cr7,r0,0
    6670:	41 9e 00 18 	beq     cr7,6688 <_start-0x1ae4>
    6674:	90 09 00 00 	stw     r0,0(r9)
    6678:	39 6b 00 01 	addi    r11,r11,1
    667c:	3a f7 00 04 	addi    r23,r23,4
    6680:	39 29 00 04 	addi    r9,r9,4
    6684:	42 00 ff e4 	bdnz    6668 <_start-0x1b04>
    6688:	38 eb ff ff 	addi    r7,r11,-1
    668c:	81 3e 00 c0 	lwz     r9,192(r30)
    6690:	7f c4 f3 78 	mr      r4,r30
    6694:	7f e5 fb 78 	mr      r5,r31
    6698:	38 c0 00 00 	li      r6,0
    669c:	80 09 00 d4 	lwz     r0,212(r9)
    66a0:	7d 23 4b 78 	mr      r3,r9
    66a4:	7c 09 03 a6 	mtctr   r0
    66a8:	4e 80 04 21 	bctrl
    66ac:	7c 7a 1b 79 	mr.     r26,r3
    66b0:	40 82 01 fc 	bne     68ac <_start-0x18c0>
    66b4:	81 3e 00 c0 	lwz     r9,192(r30)
    66b8:	7f c4 f3 78 	mr      r4,r30
    66bc:	7f e5 fb 78 	mr      r5,r31
    66c0:	38 c0 00 01 	li      r6,1
    66c4:	38 e0 00 01 	li      r7,1
    66c8:	80 09 00 b4 	lwz     r0,180(r9)
    66cc:	7d 23 4b 78 	mr      r3,r9
    66d0:	7c 09 03 a6 	mtctr   r0
    66d4:	4e 80 04 21 	bctrl
    66d8:	7c 7a 1b 79 	mr.     r26,r3
    66dc:	40 82 01 d0 	bne     68ac <_start-0x18c0>
    66e0:	83 7e 00 1c 	lwz     r27,28(r30)
    66e4:	7f c4 f3 78 	mr      r4,r30
    66e8:	7f e5 fb 78 	mr      r5,r31
    66ec:	81 3e 00 c0 	lwz     r9,192(r30)
    66f0:	38 c0 00 03 	li      r6,3
    66f4:	38 e0 00 00 	li      r7,0
    66f8:	57 60 07 34 	rlwinm  r0,r27,0,28,26
    66fc:	90 1e 00 1c 	stw     r0,28(r30)
    6700:	7d 23 4b 78 	mr      r3,r9
    6704:	80 09 00 c8 	lwz     r0,200(r9)
    6708:	7c 09 03 a6 	mtctr   r0
    670c:	4e 80 04 21 	bctrl
    6710:	7c 7a 1b 79 	mr.     r26,r3
    6714:	41 82 00 10 	beq     6724 <_start-0x1a48>
    6718:	73 60 00 10 	andi.   r0,r27,16
    671c:	93 7e 00 1c 	stw     r27,28(r30)
    6720:	41 82 01 8c 	beq     68ac <_start-0x18c0>
    6724:	81 3e 00 c0 	lwz     r9,192(r30)
    6728:	7f c4 f3 78 	mr      r4,r30
    672c:	7f e5 fb 78 	mr      r5,r31
    6730:	93 7e 00 1c 	stw     r27,28(r30)
    6734:	38 c0 00 01 	li      r6,1
    6738:	38 e0 00 01 	li      r7,1
    673c:	80 09 00 cc 	lwz     r0,204(r9)
    6740:	7d 23 4b 78 	mr      r3,r9
    6744:	39 00 00 00 	li      r8,0
    6748:	7c 09 03 a6 	mtctr   r0
    674c:	4e 80 04 21 	bctrl
    6750:	7c 7a 1b 79 	mr.     r26,r3
    6754:	40 82 01 58 	bne     68ac <_start-0x18c0>
    6758:	81 3c 04 e0 	lwz     r9,1248(r28)
    675c:	38 9e 00 5c 	addi    r4,r30,92
    6760:	7f e5 fb 78 	mr      r5,r31
    6764:	80 09 00 4c 	lwz     r0,76(r9)
    6768:	7d 23 4b 78 	mr      r3,r9
    676c:	7c 09 03 a6 	mtctr   r0
    6770:	4e 80 04 21 	bctrl
    6774:	2f 9d 00 00 	cmpwi   cr7,r29,0
    6778:	41 9e 00 18 	beq     cr7,6790 <_start-0x19dc>
    677c:	93 5d 00 00 	stw     r26,0(r29)
    6780:	48 00 00 10 	b       6790 <_start-0x19dc>
    6784:	2f 9d 00 00 	cmpwi   cr7,r29,0
    6788:	40 9e 00 74 	bne     cr7,67fc <_start-0x1970>
    678c:	3b e0 00 00 	li      r31,0
    6790:	80 01 00 84 	lwz     r0,132(r1)
    6794:	7f e3 fb 78 	mr      r3,r31
    6798:	81 81 00 34 	lwz     r12,52(r1)
    679c:	7c 08 03 a6 	mtlr    r0
    67a0:	81 c1 00 38 	lwz     r14,56(r1)
    67a4:	81 e1 00 3c 	lwz     r15,60(r1)
    67a8:	7d 82 01 20 	mtcrf   32,r12
    67ac:	7d 81 01 20 	mtcrf   16,r12
    67b0:	82 01 00 40 	lwz     r16,64(r1)
    67b4:	7d 80 81 20 	mtcrf   8,r12
    67b8:	82 21 00 44 	lwz     r17,68(r1)
    67bc:	82 41 00 48 	lwz     r18,72(r1)
    67c0:	82 61 00 4c 	lwz     r19,76(r1)
    67c4:	82 81 00 50 	lwz     r20,80(r1)
    67c8:	82 a1 00 54 	lwz     r21,84(r1)
    67cc:	82 c1 00 58 	lwz     r22,88(r1)
    67d0:	82 e1 00 5c 	lwz     r23,92(r1)
    67d4:	83 01 00 60 	lwz     r24,96(r1)
    67d8:	83 21 00 64 	lwz     r25,100(r1)
    67dc:	83 41 00 68 	lwz     r26,104(r1)
    67e0:	83 61 00 6c 	lwz     r27,108(r1)
    67e4:	83 81 00 70 	lwz     r28,112(r1)
    67e8:	83 a1 00 74 	lwz     r29,116(r1)
    67ec:	83 c1 00 78 	lwz     r30,120(r1)
    67f0:	83 e1 00 7c 	lwz     r31,124(r1)
    67f4:	38 21 00 80 	addi    r1,r1,128
    67f8:	4e 80 00 20 	blr
    67fc:	38 00 ff ed 	li      r0,-19
    6800:	3b e0 00 00 	li      r31,0
    6804:	90 1d 00 00 	stw     r0,0(r29)
    6808:	4b ff ff 88 	b       6790 <_start-0x19dc>
    680c:	81 36 04 c8 	lwz     r9,1224(r22)
    6810:	3c 80 80 20 	lis     r4,-32736
    6814:	7f 45 d3 78 	mr      r5,r26
    6818:	60 84 10 05 	ori     r4,r4,4101
    681c:	80 09 00 60 	lwz     r0,96(r9)
    6820:	7d 23 4b 78 	mr      r3,r9
    6824:	7c 09 03 a6 	mtctr   r0
    6828:	4e 80 04 21 	bctrl
    682c:	2c 03 00 00 	cmpwi   r3,0
    6830:	41 82 04 b4 	beq     6ce4 <_start-0x1488>
    6834:	82 43 00 04 	lwz     r18,4(r3)
    6838:	4b ff fa dc 	b       6314 <_start-0x1e58>
    683c:	2f 9d 00 00 	cmpwi   cr7,r29,0
    6840:	41 9e ff 4c 	beq     cr7,678c <_start-0x19e0>
    6844:	38 00 ff fe 	li      r0,-2
    6848:	3b e0 00 00 	li      r31,0
    684c:	90 1d 00 00 	stw     r0,0(r29)
    6850:	4b ff ff 40 	b       6790 <_start-0x19dc>
    6854:	41 8a 00 54 	beq     cr2,68a8 <_start-0x18c4>
    6858:	56 a0 10 3a 	slwi    r0,r21,2
    685c:	7c 17 00 2e 	lwzx    r0,r23,r0
    6860:	2f 80 00 00 	cmpwi   cr7,r0,0
    6864:	41 9e 00 44 	beq     cr7,68a8 <_start-0x18c4>
    6868:	90 16 00 22 	stw     r0,34(r22)
    686c:	3a b5 00 01 	addi    r21,r21,1
    6870:	2f 9a 00 0f 	cmpwi   cr7,r26,15
    6874:	7f 4b d3 78 	mr      r11,r26
    6878:	41 bd fd b8 	bgt     cr7,6630 <_start-0x1b3c>
    687c:	2e 19 00 01 	cmpwi   cr4,r25,1
    6880:	2d 98 00 01 	cmpwi   cr3,r24,1
    6884:	40 92 fd 90 	bne     cr4,6614 <_start-0x1b58>
    6888:	40 8e fd 94 	bne     cr3,661c <_start-0x1b50>
    688c:	4b ff fd a4 	b       6630 <_start-0x1b3c>
    6890:	80 76 00 1e 	lwz     r3,30(r22)
    6894:	7f 25 cb 78 	mr      r5,r25
    6898:	7f 06 c3 78 	mr      r6,r24
    689c:	80 ff 00 62 	lwz     r7,98(r31)
    68a0:	4b ff d6 6d 	bl      3f0c <_start-0x4260>
    68a4:	4b ff ff cc 	b       6870 <_start-0x18fc>
    68a8:	3b 40 ff fe 	li      r26,-2
    68ac:	2f 9d 00 00 	cmpwi   cr7,r29,0
    68b0:	41 9e 00 08 	beq     cr7,68b8 <_start-0x18b4>
    68b4:	93 5d 00 00 	stw     r26,0(r29)
    68b8:	83 df 00 1a 	lwz     r30,26(r31)
    68bc:	2f 9e 00 00 	cmpwi   cr7,r30,0
    68c0:	41 9e 02 fc 	beq     cr7,6bbc <_start-0x15b0>
    68c4:	73 c0 00 01 	andi.   r0,r30,1
    68c8:	41 82 00 24 	beq     68ec <_start-0x1880>
    68cc:	80 9f 00 22 	lwz     r4,34(r31)
    68d0:	2f 84 00 00 	cmpwi   cr7,r4,0
    68d4:	41 9e 00 18 	beq     cr7,68ec <_start-0x1880>
    68d8:	81 3c 04 e0 	lwz     r9,1248(r28)
    68dc:	80 09 00 ac 	lwz     r0,172(r9)
    68e0:	7d 23 4b 78 	mr      r3,r9
    68e4:	7c 09 03 a6 	mtctr   r0
    68e8:	4e 80 04 21 	bctrl
    68ec:	57 de f8 7f 	srwi.   r30,r30,1
    68f0:	41 82 02 cc 	beq     6bbc <_start-0x15b0>
    68f4:	73 c0 00 01 	andi.   r0,r30,1
    68f8:	41 82 00 24 	beq     691c <_start-0x1850>
    68fc:	80 9f 00 26 	lwz     r4,38(r31)
    6900:	2f 84 00 00 	cmpwi   cr7,r4,0
    6904:	41 9e 00 18 	beq     cr7,691c <_start-0x1850>
    6908:	81 3c 04 e0 	lwz     r9,1248(r28)
    690c:	80 09 00 ac 	lwz     r0,172(r9)
    6910:	7d 23 4b 78 	mr      r3,r9
    6914:	7c 09 03 a6 	mtctr   r0
    6918:	4e 80 04 21 	bctrl
    691c:	57 de f8 7f 	srwi.   r30,r30,1
    6920:	41 82 02 9c 	beq     6bbc <_start-0x15b0>
    6924:	73 c0 00 01 	andi.   r0,r30,1
    6928:	41 82 00 24 	beq     694c <_start-0x1820>
    692c:	80 9f 00 2a 	lwz     r4,42(r31)
    6930:	2f 84 00 00 	cmpwi   cr7,r4,0
    6934:	41 9e 00 18 	beq     cr7,694c <_start-0x1820>
    6938:	81 3c 04 e0 	lwz     r9,1248(r28)
    693c:	80 09 00 ac 	lwz     r0,172(r9)
    6940:	7d 23 4b 78 	mr      r3,r9
    6944:	7c 09 03 a6 	mtctr   r0
    6948:	4e 80 04 21 	bctrl
    694c:	57 de f8 7f 	srwi.   r30,r30,1
    6950:	41 82 02 6c 	beq     6bbc <_start-0x15b0>
    6954:	73 c0 00 01 	andi.   r0,r30,1
    6958:	41 82 00 24 	beq     697c <_start-0x17f0>
    695c:	80 9f 00 2e 	lwz     r4,46(r31)
    6960:	2f 84 00 00 	cmpwi   cr7,r4,0
    6964:	41 9e 00 18 	beq     cr7,697c <_start-0x17f0>
    6968:	81 3c 04 e0 	lwz     r9,1248(r28)
    696c:	80 09 00 ac 	lwz     r0,172(r9)
    6970:	7d 23 4b 78 	mr      r3,r9
    6974:	7c 09 03 a6 	mtctr   r0
    6978:	4e 80 04 21 	bctrl
    697c:	57 de f8 7f 	srwi.   r30,r30,1
    6980:	41 82 02 3c 	beq     6bbc <_start-0x15b0>
    6984:	73 c0 00 01 	andi.   r0,r30,1
    6988:	41 82 00 24 	beq     69ac <_start-0x17c0>
    698c:	80 9f 00 32 	lwz     r4,50(r31)
    6990:	2f 84 00 00 	cmpwi   cr7,r4,0
    6994:	41 9e 00 18 	beq     cr7,69ac <_start-0x17c0>
    6998:	81 3c 04 e0 	lwz     r9,1248(r28)
    699c:	80 09 00 ac 	lwz     r0,172(r9)
    69a0:	7d 23 4b 78 	mr      r3,r9
    69a4:	7c 09 03 a6 	mtctr   r0
    69a8:	4e 80 04 21 	bctrl
    69ac:	57 de f8 7f 	srwi.   r30,r30,1
    69b0:	41 82 02 0c 	beq     6bbc <_start-0x15b0>
    69b4:	73 c0 00 01 	andi.   r0,r30,1
    69b8:	41 82 00 24 	beq     69dc <_start-0x1790>
    69bc:	80 9f 00 36 	lwz     r4,54(r31)
    69c0:	2f 84 00 00 	cmpwi   cr7,r4,0
    69c4:	41 9e 00 18 	beq     cr7,69dc <_start-0x1790>
    69c8:	81 3c 04 e0 	lwz     r9,1248(r28)
    69cc:	80 09 00 ac 	lwz     r0,172(r9)
    69d0:	7d 23 4b 78 	mr      r3,r9
    69d4:	7c 09 03 a6 	mtctr   r0
    69d8:	4e 80 04 21 	bctrl
    69dc:	57 de f8 7f 	srwi.   r30,r30,1
    69e0:	41 82 01 dc 	beq     6bbc <_start-0x15b0>
    69e4:	73 c0 00 01 	andi.   r0,r30,1
    69e8:	41 82 00 24 	beq     6a0c <_start-0x1760>
    69ec:	80 9f 00 3a 	lwz     r4,58(r31)
    69f0:	2f 84 00 00 	cmpwi   cr7,r4,0
    69f4:	41 9e 00 18 	beq     cr7,6a0c <_start-0x1760>
    69f8:	81 3c 04 e0 	lwz     r9,1248(r28)
    69fc:	80 09 00 ac 	lwz     r0,172(r9)
    6a00:	7d 23 4b 78 	mr      r3,r9
    6a04:	7c 09 03 a6 	mtctr   r0
    6a08:	4e 80 04 21 	bctrl
    6a0c:	57 de f8 7f 	srwi.   r30,r30,1
    6a10:	41 82 01 ac 	beq     6bbc <_start-0x15b0>
    6a14:	73 c0 00 01 	andi.   r0,r30,1
    6a18:	41 82 00 24 	beq     6a3c <_start-0x1730>
    6a1c:	80 9f 00 3e 	lwz     r4,62(r31)
    6a20:	2f 84 00 00 	cmpwi   cr7,r4,0
    6a24:	41 9e 00 18 	beq     cr7,6a3c <_start-0x1730>
    6a28:	81 3c 04 e0 	lwz     r9,1248(r28)
    6a2c:	80 09 00 ac 	lwz     r0,172(r9)
    6a30:	7d 23 4b 78 	mr      r3,r9
    6a34:	7c 09 03 a6 	mtctr   r0
    6a38:	4e 80 04 21 	bctrl
    6a3c:	57 de f8 7f 	srwi.   r30,r30,1
    6a40:	41 82 01 7c 	beq     6bbc <_start-0x15b0>
    6a44:	73 c0 00 01 	andi.   r0,r30,1
    6a48:	41 82 00 24 	beq     6a6c <_start-0x1700>
    6a4c:	80 9f 00 42 	lwz     r4,66(r31)
    6a50:	2f 84 00 00 	cmpwi   cr7,r4,0
    6a54:	41 9e 00 18 	beq     cr7,6a6c <_start-0x1700>
    6a58:	81 3c 04 e0 	lwz     r9,1248(r28)
    6a5c:	80 09 00 ac 	lwz     r0,172(r9)
    6a60:	7d 23 4b 78 	mr      r3,r9
    6a64:	7c 09 03 a6 	mtctr   r0
    6a68:	4e 80 04 21 	bctrl
    6a6c:	57 de f8 7f 	srwi.   r30,r30,1
    6a70:	41 82 01 4c 	beq     6bbc <_start-0x15b0>
    6a74:	73 c0 00 01 	andi.   r0,r30,1
    6a78:	41 82 00 24 	beq     6a9c <_start-0x16d0>
    6a7c:	80 9f 00 46 	lwz     r4,70(r31)
    6a80:	2f 84 00 00 	cmpwi   cr7,r4,0
    6a84:	41 9e 00 18 	beq     cr7,6a9c <_start-0x16d0>
    6a88:	81 3c 04 e0 	lwz     r9,1248(r28)
    6a8c:	80 09 00 ac 	lwz     r0,172(r9)
    6a90:	7d 23 4b 78 	mr      r3,r9
    6a94:	7c 09 03 a6 	mtctr   r0
    6a98:	4e 80 04 21 	bctrl
    6a9c:	57 de f8 7f 	srwi.   r30,r30,1
    6aa0:	41 82 01 1c 	beq     6bbc <_start-0x15b0>
    6aa4:	73 c0 00 01 	andi.   r0,r30,1
    6aa8:	41 82 00 24 	beq     6acc <_start-0x16a0>
    6aac:	80 9f 00 4a 	lwz     r4,74(r31)
    6ab0:	2f 84 00 00 	cmpwi   cr7,r4,0
    6ab4:	41 9e 00 18 	beq     cr7,6acc <_start-0x16a0>
    6ab8:	81 3c 04 e0 	lwz     r9,1248(r28)
    6abc:	80 09 00 ac 	lwz     r0,172(r9)
    6ac0:	7d 23 4b 78 	mr      r3,r9
    6ac4:	7c 09 03 a6 	mtctr   r0
    6ac8:	4e 80 04 21 	bctrl
    6acc:	57 de f8 7f 	srwi.   r30,r30,1
    6ad0:	41 82 00 ec 	beq     6bbc <_start-0x15b0>
    6ad4:	73 c0 00 01 	andi.   r0,r30,1
    6ad8:	41 82 00 24 	beq     6afc <_start-0x1670>
    6adc:	80 9f 00 4e 	lwz     r4,78(r31)
    6ae0:	2f 84 00 00 	cmpwi   cr7,r4,0
    6ae4:	41 9e 00 18 	beq     cr7,6afc <_start-0x1670>
    6ae8:	81 3c 04 e0 	lwz     r9,1248(r28)
    6aec:	80 09 00 ac 	lwz     r0,172(r9)
    6af0:	7d 23 4b 78 	mr      r3,r9
    6af4:	7c 09 03 a6 	mtctr   r0
    6af8:	4e 80 04 21 	bctrl
    6afc:	57 de f8 7f 	srwi.   r30,r30,1
    6b00:	41 82 00 bc 	beq     6bbc <_start-0x15b0>
    6b04:	73 c0 00 01 	andi.   r0,r30,1
    6b08:	41 82 00 24 	beq     6b2c <_start-0x1640>
    6b0c:	80 9f 00 52 	lwz     r4,82(r31)
    6b10:	2f 84 00 00 	cmpwi   cr7,r4,0
    6b14:	41 9e 00 18 	beq     cr7,6b2c <_start-0x1640>
    6b18:	81 3c 04 e0 	lwz     r9,1248(r28)
    6b1c:	80 09 00 ac 	lwz     r0,172(r9)
    6b20:	7d 23 4b 78 	mr      r3,r9
    6b24:	7c 09 03 a6 	mtctr   r0
    6b28:	4e 80 04 21 	bctrl
    6b2c:	57 de f8 7f 	srwi.   r30,r30,1
    6b30:	41 82 00 8c 	beq     6bbc <_start-0x15b0>
    6b34:	73 c0 00 01 	andi.   r0,r30,1
    6b38:	41 82 00 24 	beq     6b5c <_start-0x1610>
    6b3c:	80 9f 00 56 	lwz     r4,86(r31)
    6b40:	2f 84 00 00 	cmpwi   cr7,r4,0
    6b44:	41 9e 00 18 	beq     cr7,6b5c <_start-0x1610>
    6b48:	81 3c 04 e0 	lwz     r9,1248(r28)
    6b4c:	80 09 00 ac 	lwz     r0,172(r9)
    6b50:	7d 23 4b 78 	mr      r3,r9
    6b54:	7c 09 03 a6 	mtctr   r0
    6b58:	4e 80 04 21 	bctrl
    6b5c:	57 de f8 7f 	srwi.   r30,r30,1
    6b60:	41 82 00 5c 	beq     6bbc <_start-0x15b0>
    6b64:	73 c0 00 01 	andi.   r0,r30,1
    6b68:	41 82 00 24 	beq     6b8c <_start-0x15e0>
    6b6c:	80 9f 00 5a 	lwz     r4,90(r31)
    6b70:	2f 84 00 00 	cmpwi   cr7,r4,0
    6b74:	41 9e 00 18 	beq     cr7,6b8c <_start-0x15e0>
    6b78:	81 3c 04 e0 	lwz     r9,1248(r28)
    6b7c:	80 09 00 ac 	lwz     r0,172(r9)
    6b80:	7d 23 4b 78 	mr      r3,r9
    6b84:	7c 09 03 a6 	mtctr   r0
    6b88:	4e 80 04 21 	bctrl
    6b8c:	57 de f8 7f 	srwi.   r30,r30,1
    6b90:	41 82 00 2c 	beq     6bbc <_start-0x15b0>
    6b94:	73 c0 00 01 	andi.   r0,r30,1
    6b98:	41 82 00 24 	beq     6bbc <_start-0x15b0>
    6b9c:	80 9f 00 5e 	lwz     r4,94(r31)
    6ba0:	2f 84 00 00 	cmpwi   cr7,r4,0
    6ba4:	41 9e 00 18 	beq     cr7,6bbc <_start-0x15b0>
    6ba8:	81 3c 04 e0 	lwz     r9,1248(r28)
    6bac:	80 09 00 ac 	lwz     r0,172(r9)
    6bb0:	7d 23 4b 78 	mr      r3,r9
    6bb4:	7c 09 03 a6 	mtctr   r0
    6bb8:	4e 80 04 21 	bctrl
    6bbc:	81 3c 04 e0 	lwz     r9,1248(r28)
    6bc0:	7f e4 fb 78 	mr      r4,r31
    6bc4:	38 a0 00 92 	li      r5,146
    6bc8:	80 09 02 90 	lwz     r0,656(r9)
    6bcc:	7d 23 4b 78 	mr      r3,r9
    6bd0:	7c 09 03 a6 	mtctr   r0
    6bd4:	4e 80 04 21 	bctrl
    6bd8:	81 3c 04 e0 	lwz     r9,1248(r28)
    6bdc:	7f e4 fb 78 	mr      r4,r31
    6be0:	3b e0 00 00 	li      r31,0
    6be4:	80 09 00 ac 	lwz     r0,172(r9)
    6be8:	7d 23 4b 78 	mr      r3,r9
    6bec:	7c 09 03 a6 	mtctr   r0
    6bf0:	4e 80 04 21 	bctrl
    6bf4:	4b ff fb 9c 	b       6790 <_start-0x19dc>
    6bf8:	38 80 00 01 	li      r4,1
    6bfc:	4b ff f9 c0 	b       65bc <_start-0x1bb0>
    6c00:	39 60 00 01 	li      r11,1
    6c04:	4b ff f9 a8 	b       65ac <_start-0x1bc0>
    6c08:	2f 97 00 00 	cmpwi   cr7,r23,0
    6c0c:	41 9e 00 ac 	beq     cr7,6cb8 <_start-0x14b4>
    6c10:	80 17 00 00 	lwz     r0,0(r23)
    6c14:	2f 80 00 00 	cmpwi   cr7,r0,0
    6c18:	41 9e 00 a0 	beq     cr7,6cb8 <_start-0x14b4>
    6c1c:	7f eb fb 78 	mr      r11,r31
    6c20:	39 20 00 00 	li      r9,0
    6c24:	90 0b 00 22 	stw     r0,34(r11)
    6c28:	39 29 00 01 	addi    r9,r9,1
    6c2c:	39 6b 00 04 	addi    r11,r11,4
    6c30:	55 20 10 3a 	slwi    r0,r9,2
    6c34:	7c 17 00 2e 	lwzx    r0,r23,r0
    6c38:	2f 80 00 00 	cmpwi   cr7,r0,0
    6c3c:	40 9e ff e8 	bne     cr7,6c24 <_start-0x1548>
    6c40:	38 e9 ff ff 	addi    r7,r9,-1
    6c44:	4b ff fa 48 	b       668c <_start-0x1ae0>
    6c48:	3d 20 00 01 	lis     r9,1
    6c4c:	56 80 10 3a 	slwi    r0,r20,2
    6c50:	39 29 b0 7c 	addi    r9,r9,-20356
    6c54:	7c 09 00 2e 	lwzx    r0,r9,r0
    6c58:	7d 20 4a 14 	add     r9,r0,r9
    6c5c:	7d 29 03 a6 	mtctr   r9
    6c60:	4e 80 04 20 	bctr
    6c64:	1e b5 00 03 	mulli   r21,r21,3
    6c68:	38 00 00 03 	li      r0,3
    6c6c:	90 1f 00 86 	stw     r0,134(r31)
    6c70:	92 bf 00 8a 	stw     r21,138(r31)
    6c74:	4b ff f8 80 	b       64f4 <_start-0x1c78>
    6c78:	56 b5 08 3c 	slwi    r21,r21,1
    6c7c:	38 00 00 02 	li      r0,2
    6c80:	90 1f 00 86 	stw     r0,134(r31)
    6c84:	92 bf 00 8a 	stw     r21,138(r31)
    6c88:	4b ff f8 6c 	b       64f4 <_start-0x1c78>
    6c8c:	38 00 00 01 	li      r0,1
    6c90:	92 bf 00 8a 	stw     r21,138(r31)
    6c94:	90 1f 00 86 	stw     r0,134(r31)
    6c98:	4b ff f8 5c 	b       64f4 <_start-0x1c78>
    6c9c:	56 b5 10 3a 	slwi    r21,r21,2
    6ca0:	38 00 00 04 	li      r0,4
    6ca4:	90 1f 00 86 	stw     r0,134(r31)
    6ca8:	92 bf 00 8a 	stw     r21,138(r31)
    6cac:	4b ff f8 48 	b       64f4 <_start-0x1c78>
    6cb0:	b0 7f 00 10 	sth     r3,16(r31)
    6cb4:	4b ff f8 14 	b       64c8 <_start-0x1ca4>
    6cb8:	38 e0 ff ff 	li      r7,-1
    6cbc:	4b ff f9 d0 	b       668c <_start-0x1ae0>
    6cc0:	2f 9d 00 00 	cmpwi   cr7,r29,0
    6cc4:	41 9e fa cc 	beq     cr7,6790 <_start-0x19dc>
    6cc8:	38 00 ff fd 	li      r0,-3
    6ccc:	90 1d 00 00 	stw     r0,0(r29)
    6cd0:	4b ff fa c0 	b       6790 <_start-0x19dc>
    6cd4:	3b 40 00 00 	li      r26,0
    6cd8:	4b ff fb d4 	b       68ac <_start-0x18c0>
    6cdc:	3b 40 ff fd 	li      r26,-3
    6ce0:	4b ff fb cc 	b       68ac <_start-0x18c0>
    6ce4:	2f 9d 00 00 	cmpwi   cr7,r29,0
    6ce8:	41 9e fa a4 	beq     cr7,678c <_start-0x19e0>
    6cec:	38 00 ff e8 	li      r0,-24
    6cf0:	3b e0 00 00 	li      r31,0
    6cf4:	90 1d 00 00 	stw     r0,0(r29)
    6cf8:	4b ff fa 98 	b       6790 <_start-0x19dc>
    6cfc:	38 00 00 01 	li      r0,1
    6d00:	7c 09 03 a6 	mtctr   r0
    6d04:	4b ff f9 64 	b       6668 <_start-0x1b04>
    6d08:	94 21 ff 90 	stwu    r1,-112(r1)
    6d0c:	7c 08 02 a6 	mflr    r0
    6d10:	90 01 00 74 	stw     r0,116(r1)
    6d14:	38 00 00 03 	li      r0,3
    6d18:	38 c1 00 78 	addi    r6,r1,120
    6d1c:	98 01 00 08 	stb     r0,8(r1)
    6d20:	38 00 00 00 	li      r0,0
    6d24:	98 01 00 09 	stb     r0,9(r1)
    6d28:	38 01 00 10 	addi    r0,r1,16
    6d2c:	90 01 00 10 	stw     r0,16(r1)
    6d30:	90 c1 00 0c 	stw     r6,12(r1)
    6d34:	80 03 00 7c 	lwz     r0,124(r3)
    6d38:	7c 09 03 a6 	mtctr   r0
    6d3c:	4e 80 04 21 	bctrl
    6d40:	80 01 00 74 	lwz     r0,116(r1)
    6d44:	38 21 00 70 	addi    r1,r1,112
    6d48:	7c 08 03 a6 	mtlr    r0
    6d4c:	4e 80 00 20 	blr
    6d50:	94 21 ff e0 	stwu    r1,-32(r1)
    6d54:	7c 08 02 a6 	mflr    r0
    6d58:	93 c1 00 18 	stw     r30,24(r1)
    6d5c:	7c 9e 23 79 	mr.     r30,r4
    6d60:	93 e1 00 1c 	stw     r31,28(r1)
    6d64:	7c bf 2b 78 	mr      r31,r5
    6d68:	90 01 00 24 	stw     r0,36(r1)
    6d6c:	93 a1 00 14 	stw     r29,20(r1)
    6d70:	41 82 03 fc 	beq     716c <_start-0x1000>
    6d74:	2f 85 00 00 	cmpwi   cr7,r5,0
    6d78:	41 9e 03 f4 	beq     cr7,716c <_start-0x1000>
    6d7c:	81 3e 00 c0 	lwz     r9,192(r30)
    6d80:	38 00 00 00 	li      r0,0
    6d84:	b0 05 00 16 	sth     r0,22(r5)
    6d88:	80 09 00 8c 	lwz     r0,140(r9)
    6d8c:	7d 23 4b 78 	mr      r3,r9
    6d90:	7c 09 03 a6 	mtctr   r0
    6d94:	4e 80 04 21 	bctrl
    6d98:	80 1e 01 64 	lwz     r0,356(r30)
    6d9c:	7f 80 f8 00 	cmpw    cr7,r0,r31
    6da0:	41 9e 05 80 	beq     cr7,7320 <_start-0xe4c>
    6da4:	80 1e 01 68 	lwz     r0,360(r30)
    6da8:	7f 80 f8 00 	cmpw    cr7,r0,r31
    6dac:	41 9e 05 ac 	beq     cr7,7358 <_start-0xe14>
    6db0:	80 1e 01 6c 	lwz     r0,364(r30)
    6db4:	7f 80 f8 00 	cmpw    cr7,r0,r31
    6db8:	41 9e 05 d8 	beq     cr7,7390 <_start-0xddc>
    6dbc:	80 1e 01 70 	lwz     r0,368(r30)
    6dc0:	7f 80 f8 00 	cmpw    cr7,r0,r31
    6dc4:	41 9e 06 04 	beq     cr7,73c8 <_start-0xda4>
    6dc8:	80 1e 01 74 	lwz     r0,372(r30)
    6dcc:	7f 80 f8 00 	cmpw    cr7,r0,r31
    6dd0:	41 9e 06 30 	beq     cr7,7400 <_start-0xd6c>
    6dd4:	80 1e 01 78 	lwz     r0,376(r30)
    6dd8:	7f 80 f8 00 	cmpw    cr7,r0,r31
    6ddc:	41 9e 06 5c 	beq     cr7,7438 <_start-0xd34>
    6de0:	80 1e 01 7c 	lwz     r0,380(r30)
    6de4:	7f 80 f8 00 	cmpw    cr7,r0,r31
    6de8:	41 9e 06 88 	beq     cr7,7470 <_start-0xcfc>
    6dec:	80 1e 01 80 	lwz     r0,384(r30)
    6df0:	7f 80 f8 00 	cmpw    cr7,r0,r31
    6df4:	41 9e 06 b4 	beq     cr7,74a8 <_start-0xcc4>
    6df8:	80 1e 01 84 	lwz     r0,388(r30)
    6dfc:	7f 80 f8 00 	cmpw    cr7,r0,r31
    6e00:	41 9e 06 e0 	beq     cr7,74e0 <_start-0xc8c>
    6e04:	80 1e 01 88 	lwz     r0,392(r30)
    6e08:	7f 80 f8 00 	cmpw    cr7,r0,r31
    6e0c:	41 9e 07 0c 	beq     cr7,7518 <_start-0xc54>
    6e10:	80 1e 01 8c 	lwz     r0,396(r30)
    6e14:	7f 80 f8 00 	cmpw    cr7,r0,r31
    6e18:	41 9e 03 b8 	beq     cr7,71d0 <_start-0xf9c>
    6e1c:	80 1e 01 90 	lwz     r0,400(r30)
    6e20:	7f 80 f8 00 	cmpw    cr7,r0,r31
    6e24:	41 9e 03 e4 	beq     cr7,7208 <_start-0xf64>
    6e28:	80 1e 01 94 	lwz     r0,404(r30)
    6e2c:	7f 80 f8 00 	cmpw    cr7,r0,r31
    6e30:	41 9e 04 10 	beq     cr7,7240 <_start-0xf2c>
    6e34:	80 1e 01 98 	lwz     r0,408(r30)
    6e38:	7f 80 f8 00 	cmpw    cr7,r0,r31
    6e3c:	41 9e 04 3c 	beq     cr7,7278 <_start-0xef4>
    6e40:	80 1e 01 9c 	lwz     r0,412(r30)
    6e44:	7f 80 f8 00 	cmpw    cr7,r0,r31
    6e48:	41 9e 04 68 	beq     cr7,72b0 <_start-0xebc>
    6e4c:	80 1e 01 a0 	lwz     r0,416(r30)
    6e50:	7f 80 f8 00 	cmpw    cr7,r0,r31
    6e54:	41 9e 04 94 	beq     cr7,72e8 <_start-0xe84>
    6e58:	83 bf 00 1a 	lwz     r29,26(r31)
    6e5c:	3f c0 00 01 	lis     r30,1
    6e60:	2f 9d 00 00 	cmpwi   cr7,r29,0
    6e64:	41 9e 02 bc 	beq     cr7,7120 <_start-0x104c>
    6e68:	73 a0 00 01 	andi.   r0,r29,1
    6e6c:	41 82 00 24 	beq     6e90 <_start-0x12dc>
    6e70:	80 9f 00 22 	lwz     r4,34(r31)
    6e74:	2f 84 00 00 	cmpwi   cr7,r4,0
    6e78:	41 9e 00 18 	beq     cr7,6e90 <_start-0x12dc>
    6e7c:	81 3e 04 e0 	lwz     r9,1248(r30)
    6e80:	80 09 00 ac 	lwz     r0,172(r9)
    6e84:	7d 23 4b 78 	mr      r3,r9
    6e88:	7c 09 03 a6 	mtctr   r0
    6e8c:	4e 80 04 21 	bctrl
    6e90:	57 bd f8 7f 	srwi.   r29,r29,1
    6e94:	41 82 02 8c 	beq     7120 <_start-0x104c>
    6e98:	73 a0 00 01 	andi.   r0,r29,1
    6e9c:	41 82 00 24 	beq     6ec0 <_start-0x12ac>
    6ea0:	80 9f 00 26 	lwz     r4,38(r31)
    6ea4:	2f 84 00 00 	cmpwi   cr7,r4,0
    6ea8:	41 9e 00 18 	beq     cr7,6ec0 <_start-0x12ac>
    6eac:	81 3e 04 e0 	lwz     r9,1248(r30)
    6eb0:	80 09 00 ac 	lwz     r0,172(r9)
    6eb4:	7d 23 4b 78 	mr      r3,r9
    6eb8:	7c 09 03 a6 	mtctr   r0
    6ebc:	4e 80 04 21 	bctrl
    6ec0:	57 bd f8 7f 	srwi.   r29,r29,1
    6ec4:	41 82 02 5c 	beq     7120 <_start-0x104c>
    6ec8:	73 a0 00 01 	andi.   r0,r29,1
    6ecc:	41 82 00 24 	beq     6ef0 <_start-0x127c>
    6ed0:	80 9f 00 2a 	lwz     r4,42(r31)
    6ed4:	2f 84 00 00 	cmpwi   cr7,r4,0
    6ed8:	41 9e 00 18 	beq     cr7,6ef0 <_start-0x127c>
    6edc:	81 3e 04 e0 	lwz     r9,1248(r30)
    6ee0:	80 09 00 ac 	lwz     r0,172(r9)
    6ee4:	7d 23 4b 78 	mr      r3,r9
    6ee8:	7c 09 03 a6 	mtctr   r0
    6eec:	4e 80 04 21 	bctrl
    6ef0:	57 bd f8 7f 	srwi.   r29,r29,1
    6ef4:	41 82 02 2c 	beq     7120 <_start-0x104c>
    6ef8:	73 a0 00 01 	andi.   r0,r29,1
    6efc:	41 82 00 24 	beq     6f20 <_start-0x124c>
    6f00:	80 9f 00 2e 	lwz     r4,46(r31)
    6f04:	2f 84 00 00 	cmpwi   cr7,r4,0
    6f08:	41 9e 00 18 	beq     cr7,6f20 <_start-0x124c>
    6f0c:	81 3e 04 e0 	lwz     r9,1248(r30)
    6f10:	80 09 00 ac 	lwz     r0,172(r9)
    6f14:	7d 23 4b 78 	mr      r3,r9
    6f18:	7c 09 03 a6 	mtctr   r0
    6f1c:	4e 80 04 21 	bctrl
    6f20:	57 bd f8 7f 	srwi.   r29,r29,1
    6f24:	41 82 01 fc 	beq     7120 <_start-0x104c>
    6f28:	73 a0 00 01 	andi.   r0,r29,1
    6f2c:	40 82 02 5c 	bne     7188 <_start-0xfe4>
    6f30:	57 bd f8 7f 	srwi.   r29,r29,1
    6f34:	41 82 01 ec 	beq     7120 <_start-0x104c>
    6f38:	73 a0 00 01 	andi.   r0,r29,1
    6f3c:	40 82 02 70 	bne     71ac <_start-0xfc0>
    6f40:	57 bd f8 7f 	srwi.   r29,r29,1
    6f44:	41 82 01 dc 	beq     7120 <_start-0x104c>
    6f48:	73 a0 00 01 	andi.   r0,r29,1
    6f4c:	41 82 00 24 	beq     6f70 <_start-0x11fc>
    6f50:	80 9f 00 3a 	lwz     r4,58(r31)
    6f54:	2f 84 00 00 	cmpwi   cr7,r4,0
    6f58:	41 9e 00 18 	beq     cr7,6f70 <_start-0x11fc>
    6f5c:	81 3e 04 e0 	lwz     r9,1248(r30)
    6f60:	80 09 00 ac 	lwz     r0,172(r9)
    6f64:	7d 23 4b 78 	mr      r3,r9
    6f68:	7c 09 03 a6 	mtctr   r0
    6f6c:	4e 80 04 21 	bctrl
    6f70:	57 bd f8 7f 	srwi.   r29,r29,1
    6f74:	41 82 01 ac 	beq     7120 <_start-0x104c>
    6f78:	73 a0 00 01 	andi.   r0,r29,1
    6f7c:	41 82 00 24 	beq     6fa0 <_start-0x11cc>
    6f80:	80 9f 00 3e 	lwz     r4,62(r31)
    6f84:	2f 84 00 00 	cmpwi   cr7,r4,0
    6f88:	41 9e 00 18 	beq     cr7,6fa0 <_start-0x11cc>
    6f8c:	81 3e 04 e0 	lwz     r9,1248(r30)
    6f90:	80 09 00 ac 	lwz     r0,172(r9)
    6f94:	7d 23 4b 78 	mr      r3,r9
    6f98:	7c 09 03 a6 	mtctr   r0
    6f9c:	4e 80 04 21 	bctrl
    6fa0:	57 bd f8 7f 	srwi.   r29,r29,1
    6fa4:	41 82 01 7c 	beq     7120 <_start-0x104c>
    6fa8:	73 a0 00 01 	andi.   r0,r29,1
    6fac:	41 82 00 24 	beq     6fd0 <_start-0x119c>
    6fb0:	80 9f 00 42 	lwz     r4,66(r31)
    6fb4:	2f 84 00 00 	cmpwi   cr7,r4,0
    6fb8:	41 9e 00 18 	beq     cr7,6fd0 <_start-0x119c>
    6fbc:	81 3e 04 e0 	lwz     r9,1248(r30)
    6fc0:	80 09 00 ac 	lwz     r0,172(r9)
    6fc4:	7d 23 4b 78 	mr      r3,r9
    6fc8:	7c 09 03 a6 	mtctr   r0
    6fcc:	4e 80 04 21 	bctrl
    6fd0:	57 bd f8 7f 	srwi.   r29,r29,1
    6fd4:	41 82 01 4c 	beq     7120 <_start-0x104c>
    6fd8:	73 a0 00 01 	andi.   r0,r29,1
    6fdc:	41 82 00 24 	beq     7000 <_start-0x116c>
    6fe0:	80 9f 00 46 	lwz     r4,70(r31)
    6fe4:	2f 84 00 00 	cmpwi   cr7,r4,0
    6fe8:	41 9e 00 18 	beq     cr7,7000 <_start-0x116c>
    6fec:	81 3e 04 e0 	lwz     r9,1248(r30)
    6ff0:	80 09 00 ac 	lwz     r0,172(r9)
    6ff4:	7d 23 4b 78 	mr      r3,r9
    6ff8:	7c 09 03 a6 	mtctr   r0
    6ffc:	4e 80 04 21 	bctrl
    7000:	57 bd f8 7f 	srwi.   r29,r29,1
    7004:	41 82 01 1c 	beq     7120 <_start-0x104c>
    7008:	73 a0 00 01 	andi.   r0,r29,1
    700c:	41 82 00 24 	beq     7030 <_start-0x113c>
    7010:	80 9f 00 4a 	lwz     r4,74(r31)
    7014:	2f 84 00 00 	cmpwi   cr7,r4,0
    7018:	41 9e 00 18 	beq     cr7,7030 <_start-0x113c>
    701c:	81 3e 04 e0 	lwz     r9,1248(r30)
    7020:	80 09 00 ac 	lwz     r0,172(r9)
    7024:	7d 23 4b 78 	mr      r3,r9
    7028:	7c 09 03 a6 	mtctr   r0
    702c:	4e 80 04 21 	bctrl
    7030:	57 bd f8 7f 	srwi.   r29,r29,1
    7034:	41 82 00 ec 	beq     7120 <_start-0x104c>
    7038:	73 a0 00 01 	andi.   r0,r29,1
    703c:	41 82 00 24 	beq     7060 <_start-0x110c>
    7040:	80 9f 00 4e 	lwz     r4,78(r31)
    7044:	2f 84 00 00 	cmpwi   cr7,r4,0
    7048:	41 9e 00 18 	beq     cr7,7060 <_start-0x110c>
    704c:	81 3e 04 e0 	lwz     r9,1248(r30)
    7050:	80 09 00 ac 	lwz     r0,172(r9)
    7054:	7d 23 4b 78 	mr      r3,r9
    7058:	7c 09 03 a6 	mtctr   r0
    705c:	4e 80 04 21 	bctrl
    7060:	57 bd f8 7f 	srwi.   r29,r29,1
    7064:	41 82 00 bc 	beq     7120 <_start-0x104c>
    7068:	73 a0 00 01 	andi.   r0,r29,1
    706c:	41 82 00 24 	beq     7090 <_start-0x10dc>
    7070:	80 9f 00 52 	lwz     r4,82(r31)
    7074:	2f 84 00 00 	cmpwi   cr7,r4,0
    7078:	41 9e 00 18 	beq     cr7,7090 <_start-0x10dc>
    707c:	81 3e 04 e0 	lwz     r9,1248(r30)
    7080:	80 09 00 ac 	lwz     r0,172(r9)
    7084:	7d 23 4b 78 	mr      r3,r9
    7088:	7c 09 03 a6 	mtctr   r0
    708c:	4e 80 04 21 	bctrl
    7090:	57 bd f8 7f 	srwi.   r29,r29,1
    7094:	41 82 00 8c 	beq     7120 <_start-0x104c>
    7098:	73 a0 00 01 	andi.   r0,r29,1
    709c:	41 82 00 24 	beq     70c0 <_start-0x10ac>
    70a0:	80 9f 00 56 	lwz     r4,86(r31)
    70a4:	2f 84 00 00 	cmpwi   cr7,r4,0
    70a8:	41 9e 00 18 	beq     cr7,70c0 <_start-0x10ac>
    70ac:	81 3e 04 e0 	lwz     r9,1248(r30)
    70b0:	80 09 00 ac 	lwz     r0,172(r9)
    70b4:	7d 23 4b 78 	mr      r3,r9
    70b8:	7c 09 03 a6 	mtctr   r0
    70bc:	4e 80 04 21 	bctrl
    70c0:	57 bd f8 7f 	srwi.   r29,r29,1
    70c4:	41 82 00 5c 	beq     7120 <_start-0x104c>
    70c8:	73 a0 00 01 	andi.   r0,r29,1
    70cc:	41 82 00 24 	beq     70f0 <_start-0x107c>
    70d0:	80 9f 00 5a 	lwz     r4,90(r31)
    70d4:	2f 84 00 00 	cmpwi   cr7,r4,0
    70d8:	41 9e 00 18 	beq     cr7,70f0 <_start-0x107c>
    70dc:	81 3e 04 e0 	lwz     r9,1248(r30)
    70e0:	80 09 00 ac 	lwz     r0,172(r9)
    70e4:	7d 23 4b 78 	mr      r3,r9
    70e8:	7c 09 03 a6 	mtctr   r0
    70ec:	4e 80 04 21 	bctrl
    70f0:	57 bd f8 7f 	srwi.   r29,r29,1
    70f4:	41 82 00 2c 	beq     7120 <_start-0x104c>
    70f8:	73 a0 00 01 	andi.   r0,r29,1
    70fc:	41 82 00 24 	beq     7120 <_start-0x104c>
    7100:	80 9f 00 5e 	lwz     r4,94(r31)
    7104:	2f 84 00 00 	cmpwi   cr7,r4,0
    7108:	41 9e 00 18 	beq     cr7,7120 <_start-0x104c>
    710c:	81 3e 04 e0 	lwz     r9,1248(r30)
    7110:	80 09 00 ac 	lwz     r0,172(r9)
    7114:	7d 23 4b 78 	mr      r3,r9
    7118:	7c 09 03 a6 	mtctr   r0
    711c:	4e 80 04 21 	bctrl
    7120:	81 3e 04 e0 	lwz     r9,1248(r30)
    7124:	7f e4 fb 78 	mr      r4,r31
    7128:	80 09 00 d8 	lwz     r0,216(r9)
    712c:	7d 23 4b 78 	mr      r3,r9
    7130:	7c 09 03 a6 	mtctr   r0
    7134:	4e 80 04 21 	bctrl
    7138:	81 3e 04 e0 	lwz     r9,1248(r30)
    713c:	7f e4 fb 78 	mr      r4,r31
    7140:	38 a0 00 92 	li      r5,146
    7144:	80 09 02 90 	lwz     r0,656(r9)
    7148:	7d 23 4b 78 	mr      r3,r9
    714c:	7c 09 03 a6 	mtctr   r0
    7150:	4e 80 04 21 	bctrl
    7154:	81 3e 04 e0 	lwz     r9,1248(r30)
    7158:	7f e4 fb 78 	mr      r4,r31
    715c:	80 09 00 ac 	lwz     r0,172(r9)
    7160:	7d 23 4b 78 	mr      r3,r9
    7164:	7c 09 03 a6 	mtctr   r0
    7168:	4e 80 04 21 	bctrl
    716c:	80 01 00 24 	lwz     r0,36(r1)
    7170:	83 a1 00 14 	lwz     r29,20(r1)
    7174:	7c 08 03 a6 	mtlr    r0
    7178:	83 c1 00 18 	lwz     r30,24(r1)
    717c:	83 e1 00 1c 	lwz     r31,28(r1)
    7180:	38 21 00 20 	addi    r1,r1,32
    7184:	4e 80 00 20 	blr
    7188:	80 9f 00 32 	lwz     r4,50(r31)
    718c:	2f 84 00 00 	cmpwi   cr7,r4,0
    7190:	41 be fd a0 	beq     cr7,6f30 <_start-0x123c>
    7194:	81 3e 04 e0 	lwz     r9,1248(r30)
    7198:	80 09 00 ac 	lwz     r0,172(r9)
    719c:	7d 23 4b 78 	mr      r3,r9
    71a0:	7c 09 03 a6 	mtctr   r0
    71a4:	4e 80 04 21 	bctrl
    71a8:	4b ff fd 88 	b       6f30 <_start-0x123c>
    71ac:	80 9f 00 36 	lwz     r4,54(r31)
    71b0:	2f 84 00 00 	cmpwi   cr7,r4,0
    71b4:	41 be fd 8c 	beq     cr7,6f40 <_start-0x122c>
    71b8:	81 3e 04 e0 	lwz     r9,1248(r30)
    71bc:	80 09 00 ac 	lwz     r0,172(r9)
    71c0:	7d 23 4b 78 	mr      r3,r9
    71c4:	7c 09 03 a6 	mtctr   r0
    71c8:	4e 80 04 21 	bctrl
    71cc:	4b ff fd 74 	b       6f40 <_start-0x122c>
    71d0:	80 1e 00 d0 	lwz     r0,208(r30)
    71d4:	2b 80 00 04 	cmplwi  cr7,r0,4
    71d8:	38 00 00 00 	li      r0,0
    71dc:	90 1e 01 8c 	stw     r0,396(r30)
    71e0:	40 9d fc 3c 	ble     cr7,6e1c <_start-0x1350>
    71e4:	81 3e 00 c0 	lwz     r9,192(r30)
    71e8:	7f c4 f3 78 	mr      r4,r30
    71ec:	38 a0 00 0a 	li      r5,10
    71f0:	38 c0 00 00 	li      r6,0
    71f4:	80 09 01 68 	lwz     r0,360(r9)
    71f8:	7d 23 4b 78 	mr      r3,r9
    71fc:	7c 09 03 a6 	mtctr   r0
    7200:	4e 80 04 21 	bctrl
    7204:	4b ff fc 18 	b       6e1c <_start-0x1350>
    7208:	80 1e 00 d0 	lwz     r0,208(r30)
    720c:	2b 80 00 04 	cmplwi  cr7,r0,4
    7210:	38 00 00 00 	li      r0,0
    7214:	90 1e 01 90 	stw     r0,400(r30)
    7218:	40 9d fc 10 	ble     cr7,6e28 <_start-0x1344>
    721c:	81 3e 00 c0 	lwz     r9,192(r30)
    7220:	7f c4 f3 78 	mr      r4,r30
    7224:	38 a0 00 0b 	li      r5,11
    7228:	38 c0 00 00 	li      r6,0
    722c:	80 09 01 68 	lwz     r0,360(r9)
    7230:	7d 23 4b 78 	mr      r3,r9
    7234:	7c 09 03 a6 	mtctr   r0
    7238:	4e 80 04 21 	bctrl
    723c:	4b ff fb ec 	b       6e28 <_start-0x1344>
    7240:	80 1e 00 d0 	lwz     r0,208(r30)
    7244:	2b 80 00 04 	cmplwi  cr7,r0,4
    7248:	38 00 00 00 	li      r0,0
    724c:	90 1e 01 94 	stw     r0,404(r30)
    7250:	40 9d fb e4 	ble     cr7,6e34 <_start-0x1338>
    7254:	81 3e 00 c0 	lwz     r9,192(r30)
    7258:	7f c4 f3 78 	mr      r4,r30
    725c:	38 a0 00 0c 	li      r5,12
    7260:	38 c0 00 00 	li      r6,0
    7264:	80 09 01 68 	lwz     r0,360(r9)
    7268:	7d 23 4b 78 	mr      r3,r9
    726c:	7c 09 03 a6 	mtctr   r0
    7270:	4e 80 04 21 	bctrl
    7274:	4b ff fb c0 	b       6e34 <_start-0x1338>
    7278:	80 1e 00 d0 	lwz     r0,208(r30)
    727c:	2b 80 00 04 	cmplwi  cr7,r0,4
    7280:	38 00 00 00 	li      r0,0
    7284:	90 1e 01 98 	stw     r0,408(r30)
    7288:	40 9d fb b8 	ble     cr7,6e40 <_start-0x132c>
    728c:	81 3e 00 c0 	lwz     r9,192(r30)
    7290:	7f c4 f3 78 	mr      r4,r30
    7294:	38 a0 00 0d 	li      r5,13
    7298:	38 c0 00 00 	li      r6,0
    729c:	80 09 01 68 	lwz     r0,360(r9)
    72a0:	7d 23 4b 78 	mr      r3,r9
    72a4:	7c 09 03 a6 	mtctr   r0
    72a8:	4e 80 04 21 	bctrl
    72ac:	4b ff fb 94 	b       6e40 <_start-0x132c>
    72b0:	80 1e 00 d0 	lwz     r0,208(r30)
    72b4:	2b 80 00 04 	cmplwi  cr7,r0,4
    72b8:	38 00 00 00 	li      r0,0
    72bc:	90 1e 01 9c 	stw     r0,412(r30)
    72c0:	40 9d fb 8c 	ble     cr7,6e4c <_start-0x1320>
    72c4:	81 3e 00 c0 	lwz     r9,192(r30)
    72c8:	7f c4 f3 78 	mr      r4,r30
    72cc:	38 a0 00 0e 	li      r5,14
    72d0:	38 c0 00 00 	li      r6,0
    72d4:	80 09 01 68 	lwz     r0,360(r9)
    72d8:	7d 23 4b 78 	mr      r3,r9
    72dc:	7c 09 03 a6 	mtctr   r0
    72e0:	4e 80 04 21 	bctrl
    72e4:	4b ff fb 68 	b       6e4c <_start-0x1320>
    72e8:	80 1e 00 d0 	lwz     r0,208(r30)
    72ec:	2b 80 00 04 	cmplwi  cr7,r0,4
    72f0:	38 00 00 00 	li      r0,0
    72f4:	90 1e 01 a0 	stw     r0,416(r30)
    72f8:	40 9d fb 60 	ble     cr7,6e58 <_start-0x1314>
    72fc:	81 3e 00 c0 	lwz     r9,192(r30)
    7300:	7f c4 f3 78 	mr      r4,r30
    7304:	38 a0 00 0f 	li      r5,15
    7308:	38 c0 00 00 	li      r6,0
    730c:	80 09 01 68 	lwz     r0,360(r9)
    7310:	7d 23 4b 78 	mr      r3,r9
    7314:	7c 09 03 a6 	mtctr   r0
    7318:	4e 80 04 21 	bctrl
    731c:	4b ff fb 3c 	b       6e58 <_start-0x1314>
    7320:	80 1e 00 d0 	lwz     r0,208(r30)
    7324:	2b 80 00 04 	cmplwi  cr7,r0,4
    7328:	38 00 00 00 	li      r0,0
    732c:	90 1e 01 64 	stw     r0,356(r30)
    7330:	40 9d fa 74 	ble     cr7,6da4 <_start-0x13c8>
    7334:	81 3e 00 c0 	lwz     r9,192(r30)
    7338:	7f c4 f3 78 	mr      r4,r30
    733c:	38 a0 00 00 	li      r5,0
    7340:	38 c0 00 00 	li      r6,0
    7344:	80 09 01 68 	lwz     r0,360(r9)
    7348:	7d 23 4b 78 	mr      r3,r9
    734c:	7c 09 03 a6 	mtctr   r0
    7350:	4e 80 04 21 	bctrl
    7354:	4b ff fa 50 	b       6da4 <_start-0x13c8>
    7358:	80 1e 00 d0 	lwz     r0,208(r30)
    735c:	2b 80 00 04 	cmplwi  cr7,r0,4
    7360:	38 00 00 00 	li      r0,0
    7364:	90 1e 01 68 	stw     r0,360(r30)
    7368:	40 9d fa 48 	ble     cr7,6db0 <_start-0x13bc>
    736c:	81 3e 00 c0 	lwz     r9,192(r30)
    7370:	7f c4 f3 78 	mr      r4,r30
    7374:	38 a0 00 01 	li      r5,1
    7378:	38 c0 00 00 	li      r6,0
    737c:	80 09 01 68 	lwz     r0,360(r9)
    7380:	7d 23 4b 78 	mr      r3,r9
    7384:	7c 09 03 a6 	mtctr   r0
    7388:	4e 80 04 21 	bctrl
    738c:	4b ff fa 24 	b       6db0 <_start-0x13bc>
    7390:	80 1e 00 d0 	lwz     r0,208(r30)
    7394:	2b 80 00 04 	cmplwi  cr7,r0,4
    7398:	38 00 00 00 	li      r0,0
    739c:	90 1e 01 6c 	stw     r0,364(r30)
    73a0:	40 9d fa 1c 	ble     cr7,6dbc <_start-0x13b0>
    73a4:	81 3e 00 c0 	lwz     r9,192(r30)
    73a8:	7f c4 f3 78 	mr      r4,r30
    73ac:	38 a0 00 02 	li      r5,2
    73b0:	38 c0 00 00 	li      r6,0
    73b4:	80 09 01 68 	lwz     r0,360(r9)
    73b8:	7d 23 4b 78 	mr      r3,r9
    73bc:	7c 09 03 a6 	mtctr   r0
    73c0:	4e 80 04 21 	bctrl
    73c4:	4b ff f9 f8 	b       6dbc <_start-0x13b0>
    73c8:	80 1e 00 d0 	lwz     r0,208(r30)
    73cc:	2b 80 00 04 	cmplwi  cr7,r0,4
    73d0:	38 00 00 00 	li      r0,0
    73d4:	90 1e 01 70 	stw     r0,368(r30)
    73d8:	40 9d f9 f0 	ble     cr7,6dc8 <_start-0x13a4>
    73dc:	81 3e 00 c0 	lwz     r9,192(r30)
    73e0:	7f c4 f3 78 	mr      r4,r30
    73e4:	38 a0 00 03 	li      r5,3
    73e8:	38 c0 00 00 	li      r6,0
    73ec:	80 09 01 68 	lwz     r0,360(r9)
    73f0:	7d 23 4b 78 	mr      r3,r9
    73f4:	7c 09 03 a6 	mtctr   r0
    73f8:	4e 80 04 21 	bctrl
    73fc:	4b ff f9 cc 	b       6dc8 <_start-0x13a4>
    7400:	80 1e 00 d0 	lwz     r0,208(r30)
    7404:	2b 80 00 04 	cmplwi  cr7,r0,4
    7408:	38 00 00 00 	li      r0,0
    740c:	90 1e 01 74 	stw     r0,372(r30)
    7410:	40 9d f9 c4 	ble     cr7,6dd4 <_start-0x1398>
    7414:	81 3e 00 c0 	lwz     r9,192(r30)
    7418:	7f c4 f3 78 	mr      r4,r30
    741c:	38 a0 00 04 	li      r5,4
    7420:	38 c0 00 00 	li      r6,0
    7424:	80 09 01 68 	lwz     r0,360(r9)
    7428:	7d 23 4b 78 	mr      r3,r9
    742c:	7c 09 03 a6 	mtctr   r0
    7430:	4e 80 04 21 	bctrl
    7434:	4b ff f9 a0 	b       6dd4 <_start-0x1398>
    7438:	80 1e 00 d0 	lwz     r0,208(r30)
    743c:	2b 80 00 04 	cmplwi  cr7,r0,4
    7440:	38 00 00 00 	li      r0,0
    7444:	90 1e 01 78 	stw     r0,376(r30)
    7448:	40 9d f9 98 	ble     cr7,6de0 <_start-0x138c>
    744c:	81 3e 00 c0 	lwz     r9,192(r30)
    7450:	7f c4 f3 78 	mr      r4,r30
    7454:	38 a0 00 05 	li      r5,5
    7458:	38 c0 00 00 	li      r6,0
    745c:	80 09 01 68 	lwz     r0,360(r9)
    7460:	7d 23 4b 78 	mr      r3,r9
    7464:	7c 09 03 a6 	mtctr   r0
    7468:	4e 80 04 21 	bctrl
    746c:	4b ff f9 74 	b       6de0 <_start-0x138c>
    7470:	80 1e 00 d0 	lwz     r0,208(r30)
    7474:	2b 80 00 04 	cmplwi  cr7,r0,4
    7478:	38 00 00 00 	li      r0,0
    747c:	90 1e 01 7c 	stw     r0,380(r30)
    7480:	40 9d f9 6c 	ble     cr7,6dec <_start-0x1380>
    7484:	81 3e 00 c0 	lwz     r9,192(r30)
    7488:	7f c4 f3 78 	mr      r4,r30
    748c:	38 a0 00 06 	li      r5,6
    7490:	38 c0 00 00 	li      r6,0
    7494:	80 09 01 68 	lwz     r0,360(r9)
    7498:	7d 23 4b 78 	mr      r3,r9
    749c:	7c 09 03 a6 	mtctr   r0
    74a0:	4e 80 04 21 	bctrl
    74a4:	4b ff f9 48 	b       6dec <_start-0x1380>
    74a8:	80 1e 00 d0 	lwz     r0,208(r30)
    74ac:	2b 80 00 04 	cmplwi  cr7,r0,4
    74b0:	38 00 00 00 	li      r0,0
    74b4:	90 1e 01 80 	stw     r0,384(r30)
    74b8:	40 9d f9 40 	ble     cr7,6df8 <_start-0x1374>
    74bc:	81 3e 00 c0 	lwz     r9,192(r30)
    74c0:	7f c4 f3 78 	mr      r4,r30
    74c4:	38 a0 00 07 	li      r5,7
    74c8:	38 c0 00 00 	li      r6,0
    74cc:	80 09 01 68 	lwz     r0,360(r9)
    74d0:	7d 23 4b 78 	mr      r3,r9
    74d4:	7c 09 03 a6 	mtctr   r0
    74d8:	4e 80 04 21 	bctrl
    74dc:	4b ff f9 1c 	b       6df8 <_start-0x1374>
    74e0:	80 1e 00 d0 	lwz     r0,208(r30)
    74e4:	2b 80 00 04 	cmplwi  cr7,r0,4
    74e8:	38 00 00 00 	li      r0,0
    74ec:	90 1e 01 84 	stw     r0,388(r30)
    74f0:	40 9d f9 14 	ble     cr7,6e04 <_start-0x1368>
    74f4:	81 3e 00 c0 	lwz     r9,192(r30)
    74f8:	7f c4 f3 78 	mr      r4,r30
    74fc:	38 a0 00 08 	li      r5,8
    7500:	38 c0 00 00 	li      r6,0
    7504:	80 09 01 68 	lwz     r0,360(r9)
    7508:	7d 23 4b 78 	mr      r3,r9
    750c:	7c 09 03 a6 	mtctr   r0
    7510:	4e 80 04 21 	bctrl
    7514:	4b ff f8 f0 	b       6e04 <_start-0x1368>
    7518:	80 1e 00 d0 	lwz     r0,208(r30)
    751c:	2b 80 00 04 	cmplwi  cr7,r0,4
    7520:	38 00 00 00 	li      r0,0
    7524:	90 1e 01 88 	stw     r0,392(r30)
    7528:	40 9d f8 e8 	ble     cr7,6e10 <_start-0x135c>
    752c:	81 3e 00 c0 	lwz     r9,192(r30)
    7530:	7f c4 f3 78 	mr      r4,r30
    7534:	38 a0 00 09 	li      r5,9
    7538:	38 c0 00 00 	li      r6,0
    753c:	80 09 01 68 	lwz     r0,360(r9)
    7540:	7d 23 4b 78 	mr      r3,r9
    7544:	7c 09 03 a6 	mtctr   r0
    7548:	4e 80 04 21 	bctrl
    754c:	4b ff f8 c4 	b       6e10 <_start-0x135c>
    7550:	7c 89 23 79 	mr.     r9,r4
    7554:	94 21 ff f0 	stwu    r1,-16(r1)
    7558:	7c 08 02 a6 	mflr    r0
    755c:	90 01 00 14 	stw     r0,20(r1)
    7560:	41 82 00 60 	beq     75c0 <_start-0xbac>
    7564:	2b 87 00 02 	cmplwi  cr7,r7,2
    7568:	41 9d 00 58 	bgt     cr7,75c0 <_start-0xbac>
    756c:	80 09 00 d0 	lwz     r0,208(r9)
    7570:	38 60 00 00 	li      r3,0
    7574:	90 a9 00 d4 	stw     r5,212(r9)
    7578:	2b 80 00 03 	cmplwi  cr7,r0,3
    757c:	90 e9 00 dc 	stw     r7,220(r9)
    7580:	91 09 00 e0 	stw     r8,224(r9)
    7584:	90 c9 00 d8 	stw     r6,216(r9)
    7588:	41 9d 00 14 	bgt     cr7,759c <_start-0xbd0>
    758c:	80 01 00 14 	lwz     r0,20(r1)
    7590:	38 21 00 10 	addi    r1,r1,16
    7594:	7c 08 03 a6 	mtlr    r0
    7598:	4e 80 00 20 	blr
    759c:	81 29 00 c0 	lwz     r9,192(r9)
    75a0:	80 09 01 50 	lwz     r0,336(r9)
    75a4:	7d 23 4b 78 	mr      r3,r9
    75a8:	7c 09 03 a6 	mtctr   r0
    75ac:	4e 80 04 21 	bctrl
    75b0:	80 01 00 14 	lwz     r0,20(r1)
    75b4:	38 21 00 10 	addi    r1,r1,16
    75b8:	7c 08 03 a6 	mtlr    r0
    75bc:	4e 80 00 20 	blr
    75c0:	80 01 00 14 	lwz     r0,20(r1)
    75c4:	38 60 ff fe 	li      r3,-2
    75c8:	38 21 00 10 	addi    r1,r1,16
    75cc:	7c 08 03 a6 	mtlr    r0
    75d0:	4e 80 00 20 	blr
    75d4:	7c 8b 23 79 	mr.     r11,r4
    75d8:	94 21 ff e0 	stwu    r1,-32(r1)
    75dc:	7c 08 02 a6 	mflr    r0
    75e0:	93 a1 00 14 	stw     r29,20(r1)
    75e4:	90 01 00 24 	stw     r0,36(r1)
    75e8:	93 c1 00 18 	stw     r30,24(r1)
    75ec:	93 e1 00 1c 	stw     r31,28(r1)
    75f0:	41 82 00 bc 	beq     76ac <_start-0xac0>
    75f4:	2b 87 00 0f 	cmplwi  cr7,r7,15
    75f8:	41 9d 00 b4 	bgt     cr7,76ac <_start-0xac0>
    75fc:	80 0b 00 d0 	lwz     r0,208(r11)
    7600:	3b a7 00 38 	addi    r29,r7,56
    7604:	3b c7 00 48 	addi    r30,r7,72
    7608:	3b e7 00 68 	addi    r31,r7,104
    760c:	39 87 00 78 	addi    r12,r7,120
    7610:	2b 80 00 03 	cmplwi  cr7,r0,3
    7614:	38 67 00 88 	addi    r3,r7,136
    7618:	57 bd 10 3a 	slwi    r29,r29,2
    761c:	57 de 10 3a 	slwi    r30,r30,2
    7620:	57 ff 10 3a 	slwi    r31,r31,2
    7624:	55 8c 10 3a 	slwi    r12,r12,2
    7628:	54 63 10 3a 	slwi    r3,r3,2
    762c:	7f ab ea 14 	add     r29,r11,r29
    7630:	7c 6b 1a 14 	add     r3,r11,r3
    7634:	7f cb f2 14 	add     r30,r11,r30
    7638:	90 bd 00 04 	stw     r5,4(r29)
    763c:	7f eb fa 14 	add     r31,r11,r31
    7640:	7d 8b 62 14 	add     r12,r11,r12
    7644:	91 43 00 04 	stw     r10,4(r3)
    7648:	90 de 00 04 	stw     r6,4(r30)
    764c:	38 60 00 00 	li      r3,0
    7650:	91 1f 00 04 	stw     r8,4(r31)
    7654:	91 2c 00 04 	stw     r9,4(r12)
    7658:	41 9d 00 20 	bgt     cr7,7678 <_start-0xaf4>
    765c:	80 01 00 24 	lwz     r0,36(r1)
    7660:	83 a1 00 14 	lwz     r29,20(r1)
    7664:	7c 08 03 a6 	mtlr    r0
    7668:	83 c1 00 18 	lwz     r30,24(r1)
    766c:	83 e1 00 1c 	lwz     r31,28(r1)
    7670:	38 21 00 20 	addi    r1,r1,32
    7674:	4e 80 00 20 	blr
    7678:	81 2b 00 c0 	lwz     r9,192(r11)
    767c:	7c e5 3b 78 	mr      r5,r7
    7680:	80 09 01 54 	lwz     r0,340(r9)
    7684:	7d 23 4b 78 	mr      r3,r9
    7688:	7c 09 03 a6 	mtctr   r0
    768c:	4e 80 04 21 	bctrl
    7690:	80 01 00 24 	lwz     r0,36(r1)
    7694:	83 a1 00 14 	lwz     r29,20(r1)
    7698:	7c 08 03 a6 	mtlr    r0
    769c:	83 c1 00 18 	lwz     r30,24(r1)
    76a0:	83 e1 00 1c 	lwz     r31,28(r1)
    76a4:	38 21 00 20 	addi    r1,r1,32
    76a8:	4e 80 00 20 	blr
    76ac:	80 01 00 24 	lwz     r0,36(r1)
    76b0:	38 60 ff fe 	li      r3,-2
    76b4:	83 a1 00 14 	lwz     r29,20(r1)
    76b8:	7c 08 03 a6 	mtlr    r0
    76bc:	83 c1 00 18 	lwz     r30,24(r1)
    76c0:	83 e1 00 1c 	lwz     r31,28(r1)
    76c4:	38 21 00 20 	addi    r1,r1,32
    76c8:	4e 80 00 20 	blr
    76cc:	7c 8b 23 79 	mr.     r11,r4
    76d0:	94 21 ff f0 	stwu    r1,-16(r1)
    76d4:	7c 08 02 a6 	mflr    r0
    76d8:	90 01 00 14 	stw     r0,20(r1)
    76dc:	41 82 00 68 	beq     7744 <_start-0xa28>
    76e0:	38 08 ff ff 	addi    r0,r8,-1
    76e4:	2b 80 00 0f 	cmplwi  cr7,r0,15
    76e8:	41 9d 00 5c 	bgt     cr7,7744 <_start-0xa28>
    76ec:	3c 00 3f ff 	lis     r0,16383
    76f0:	60 00 ff ff 	ori     r0,r0,65535
    76f4:	7f 87 00 40 	cmplw   cr7,r7,r0
    76f8:	40 9d 00 4c 	ble     cr7,7744 <_start-0xa28>
    76fc:	3c 00 80 00 	lis     r0,-32768
    7700:	7f 87 00 40 	cmplw   cr7,r7,r0
    7704:	41 9d 00 40 	bgt     cr7,7744 <_start-0xa28>
    7708:	80 0b 00 d0 	lwz     r0,208(r11)
    770c:	7d 07 3b 78 	or      r7,r8,r7
    7710:	38 60 00 00 	li      r3,0
    7714:	90 ab 02 64 	stw     r5,612(r11)
    7718:	2b 80 00 03 	cmplwi  cr7,r0,3
    771c:	90 cb 02 68 	stw     r6,616(r11)
    7720:	90 eb 02 6c 	stw     r7,620(r11)
    7724:	91 2b 02 70 	stw     r9,624(r11)
    7728:	40 bd 00 20 	ble     cr7,7748 <_start-0xa24>
    772c:	81 2b 00 c0 	lwz     r9,192(r11)
    7730:	80 09 01 58 	lwz     r0,344(r9)
    7734:	7d 23 4b 78 	mr      r3,r9
    7738:	7c 09 03 a6 	mtctr   r0
    773c:	4e 80 04 21 	bctrl
    7740:	48 00 00 08 	b       7748 <_start-0xa24>
    7744:	38 60 ff fe 	li      r3,-2
    7748:	80 01 00 14 	lwz     r0,20(r1)
    774c:	38 21 00 10 	addi    r1,r1,16
    7750:	7c 08 03 a6 	mtlr    r0
    7754:	4e 80 00 20 	blr
    7758:	7c 8b 23 79 	mr.     r11,r4
    775c:	94 21 ff f0 	stwu    r1,-16(r1)
    7760:	7c 08 02 a6 	mflr    r0
    7764:	90 01 00 14 	stw     r0,20(r1)
    7768:	41 82 00 60 	beq     77c8 <_start-0x9a4>
    776c:	2b 85 00 0f 	cmplwi  cr7,r5,15
    7770:	41 9d 00 58 	bgt     cr7,77c8 <_start-0x9a4>
    7774:	81 4b 00 d0 	lwz     r10,208(r11)
    7778:	39 25 00 58 	addi    r9,r5,88
    777c:	38 60 00 00 	li      r3,0
    7780:	55 29 10 3a 	slwi    r9,r9,2
    7784:	2b 8a 00 04 	cmplwi  cr7,r10,4
    7788:	7d 2b 4a 14 	add     r9,r11,r9
    778c:	90 c9 00 04 	stw     r6,4(r9)
    7790:	41 9d 00 14 	bgt     cr7,77a4 <_start-0x9c8>
    7794:	80 01 00 14 	lwz     r0,20(r1)
    7798:	38 21 00 10 	addi    r1,r1,16
    779c:	7c 08 03 a6 	mtlr    r0
    77a0:	4e 80 00 20 	blr
    77a4:	81 2b 00 c0 	lwz     r9,192(r11)
    77a8:	80 09 01 68 	lwz     r0,360(r9)
    77ac:	7d 23 4b 78 	mr      r3,r9
    77b0:	7c 09 03 a6 	mtctr   r0
    77b4:	4e 80 04 21 	bctrl
    77b8:	80 01 00 14 	lwz     r0,20(r1)
    77bc:	38 21 00 10 	addi    r1,r1,16
    77c0:	7c 08 03 a6 	mtlr    r0
    77c4:	4e 80 00 20 	blr
    77c8:	80 01 00 14 	lwz     r0,20(r1)
    77cc:	38 60 ff fe 	li      r3,-2
    77d0:	38 21 00 10 	addi    r1,r1,16
    77d4:	7c 08 03 a6 	mtlr    r0
    77d8:	4e 80 00 20 	blr
    77dc:	2c 04 00 00 	cmpwi   r4,0
    77e0:	94 21 ff f0 	stwu    r1,-16(r1)
    77e4:	7c 08 02 a6 	mflr    r0
    77e8:	90 01 00 14 	stw     r0,20(r1)
    77ec:	41 82 00 14 	beq     7800 <_start-0x96c>
    77f0:	2f 88 00 00 	cmpwi   cr7,r8,0
    77f4:	41 9e 00 0c 	beq     cr7,7800 <_start-0x96c>
    77f8:	2b 86 00 02 	cmplwi  cr7,r6,2
    77fc:	40 9d 00 18 	ble     cr7,7814 <_start-0x958>
    7800:	38 60 ff fe 	li      r3,-2
    7804:	80 01 00 14 	lwz     r0,20(r1)
    7808:	38 21 00 10 	addi    r1,r1,16
    780c:	7c 08 03 a6 	mtlr    r0
    7810:	4e 80 00 20 	blr
    7814:	2f 87 00 00 	cmpwi   cr7,r7,0
    7818:	41 be ff e8 	beq     cr7,7800 <_start-0x96c>
    781c:	80 04 00 d0 	lwz     r0,208(r4)
    7820:	38 60 ff e2 	li      r3,-30
    7824:	2b 80 00 03 	cmplwi  cr7,r0,3
    7828:	40 bd ff dc 	ble     cr7,7804 <_start-0x968>
    782c:	2b 85 00 06 	cmplwi  cr7,r5,6
    7830:	41 bd ff d0 	bgt     cr7,7800 <_start-0x96c>
    7834:	3d 20 00 01 	lis     r9,1
    7838:	54 a0 10 3a 	slwi    r0,r5,2
    783c:	39 29 b0 ac 	addi    r9,r9,-20308
    7840:	7c 09 00 2e 	lwzx    r0,r9,r0
    7844:	7d 20 4a 14 	add     r9,r0,r9
    7848:	7d 29 03 a6 	mtctr   r9
    784c:	4e 80 04 20 	bctr
    7850:	2b 87 00 01 	cmplwi  cr7,r7,1
    7854:	40 bd ff ac 	ble     cr7,7800 <_start-0x96c>
    7858:	81 24 00 c0 	lwz     r9,192(r4)
    785c:	80 09 01 60 	lwz     r0,352(r9)
    7860:	7d 23 4b 78 	mr      r3,r9
    7864:	7c 09 03 a6 	mtctr   r0
    7868:	4e 80 04 21 	bctrl
    786c:	4b ff ff 98 	b       7804 <_start-0x968>
    7870:	70 e0 00 01 	andi.   r0,r7,1
    7874:	41 82 ff e4 	beq     7858 <_start-0x914>
    7878:	4b ff ff 88 	b       7800 <_start-0x96c>
    787c:	2b 87 00 02 	cmplwi  cr7,r7,2
    7880:	41 9d ff d8 	bgt     cr7,7858 <_start-0x914>
    7884:	4b ff ff 7c 	b       7800 <_start-0x96c>
    7888:	3c 00 aa aa 	lis     r0,-21846
    788c:	60 00 aa ab 	ori     r0,r0,43691
    7890:	7c 07 00 16 	mulhwu  r0,r7,r0
    7894:	54 00 f8 7e 	srwi    r0,r0,1
    7898:	1c 00 00 03 	mulli   r0,r0,3
    789c:	7f 87 00 00 	cmpw    cr7,r7,r0
    78a0:	41 9e ff b8 	beq     cr7,7858 <_start-0x914>
    78a4:	4b ff ff 5c 	b       7800 <_start-0x96c>
    78a8:	7c 8b 23 79 	mr.     r11,r4
    78ac:	94 21 ff f0 	stwu    r1,-16(r1)
    78b0:	7c 08 02 a6 	mflr    r0
    78b4:	90 01 00 14 	stw     r0,20(r1)
    78b8:	41 82 00 74 	beq     792c <_start-0x840>
    78bc:	38 08 ff ff 	addi    r0,r8,-1
    78c0:	2b 80 00 0f 	cmplwi  cr7,r0,15
    78c4:	41 9d 00 68 	bgt     cr7,792c <_start-0x840>
    78c8:	3c 00 3f ff 	lis     r0,16383
    78cc:	60 00 ff ff 	ori     r0,r0,65535
    78d0:	7f 87 00 40 	cmplw   cr7,r7,r0
    78d4:	40 9d 00 58 	ble     cr7,792c <_start-0x840>
    78d8:	3c 00 80 00 	lis     r0,-32768
    78dc:	7f 87 00 40 	cmplw   cr7,r7,r0
    78e0:	41 9d 00 4c 	bgt     cr7,792c <_start-0x840>
    78e4:	80 0b 00 d0 	lwz     r0,208(r11)
    78e8:	7d 07 3b 78 	or      r7,r8,r7
    78ec:	38 60 ff e2 	li      r3,-30
    78f0:	90 ab 02 7c 	stw     r5,636(r11)
    78f4:	2b 80 00 04 	cmplwi  cr7,r0,4
    78f8:	90 cb 02 80 	stw     r6,640(r11)
    78fc:	90 eb 02 84 	stw     r7,644(r11)
    7900:	91 2b 02 88 	stw     r9,648(r11)
    7904:	40 bd 00 2c 	ble     cr7,7930 <_start-0x83c>
    7908:	81 2b 00 c0 	lwz     r9,192(r11)
    790c:	80 09 01 70 	lwz     r0,368(r9)
    7910:	7d 23 4b 78 	mr      r3,r9
    7914:	7c 09 03 a6 	mtctr   r0
    7918:	4e 80 04 21 	bctrl
    791c:	80 01 00 14 	lwz     r0,20(r1)
    7920:	38 21 00 10 	addi    r1,r1,16
    7924:	7c 08 03 a6 	mtlr    r0
    7928:	4e 80 00 20 	blr
    792c:	38 60 ff fe 	li      r3,-2
    7930:	80 01 00 14 	lwz     r0,20(r1)
    7934:	38 21 00 10 	addi    r1,r1,16
    7938:	7c 08 03 a6 	mtlr    r0
    793c:	4e 80 00 20 	blr
    7940:	7c 89 23 79 	mr.     r9,r4
    7944:	94 21 ff f0 	stwu    r1,-16(r1)
    7948:	7c 08 02 a6 	mflr    r0
    794c:	90 01 00 14 	stw     r0,20(r1)
    7950:	41 82 00 0c 	beq     795c <_start-0x810>
    7954:	2b 87 00 01 	cmplwi  cr7,r7,1
    7958:	40 9d 00 18 	ble     cr7,7970 <_start-0x7fc>
    795c:	38 60 ff fe 	li      r3,-2
    7960:	80 01 00 14 	lwz     r0,20(r1)
    7964:	38 21 00 10 	addi    r1,r1,16
    7968:	7c 08 03 a6 	mtlr    r0
    796c:	4e 80 00 20 	blr
    7970:	80 09 00 d0 	lwz     r0,208(r9)
    7974:	38 60 ff e2 	li      r3,-30
    7978:	90 a9 02 8c 	stw     r5,652(r9)
    797c:	2b 80 00 04 	cmplwi  cr7,r0,4
    7980:	90 e9 02 90 	stw     r7,656(r9)
    7984:	91 09 02 98 	stw     r8,664(r9)
    7988:	90 c9 02 94 	stw     r6,660(r9)
    798c:	40 9d ff d4 	ble     cr7,7960 <_start-0x80c>
    7990:	81 29 00 c0 	lwz     r9,192(r9)
    7994:	80 09 01 74 	lwz     r0,372(r9)
    7998:	7d 23 4b 78 	mr      r3,r9
    799c:	7c 09 03 a6 	mtctr   r0
    79a0:	4e 80 04 21 	bctrl
    79a4:	80 01 00 14 	lwz     r0,20(r1)
    79a8:	38 21 00 10 	addi    r1,r1,16
    79ac:	7c 08 03 a6 	mtlr    r0
    79b0:	4e 80 00 20 	blr
    79b4:	7c 89 23 79 	mr.     r9,r4
    79b8:	94 21 ff f0 	stwu    r1,-16(r1)
    79bc:	7c 08 02 a6 	mflr    r0
    79c0:	38 60 ff fe 	li      r3,-2
    79c4:	90 01 00 14 	stw     r0,20(r1)
    79c8:	41 82 00 28 	beq     79f0 <_start-0x77c>
    79cc:	80 09 00 d0 	lwz     r0,208(r9)
    79d0:	38 60 ff e2 	li      r3,-30
    79d4:	2b 80 00 04 	cmplwi  cr7,r0,4
    79d8:	40 bd 00 18 	ble     cr7,79f0 <_start-0x77c>
    79dc:	81 29 00 c0 	lwz     r9,192(r9)
    79e0:	80 09 01 78 	lwz     r0,376(r9)
    79e4:	7d 23 4b 78 	mr      r3,r9
    79e8:	7c 09 03 a6 	mtctr   r0
    79ec:	4e 80 04 21 	bctrl
    79f0:	80 01 00 14 	lwz     r0,20(r1)
    79f4:	38 21 00 10 	addi    r1,r1,16
    79f8:	7c 08 03 a6 	mtlr    r0
    79fc:	4e 80 00 20 	blr
    7a00:	2c 04 00 00 	cmpwi   r4,0
    7a04:	94 21 ff f0 	stwu    r1,-16(r1)
    7a08:	7c 08 02 a6 	mflr    r0
    7a0c:	38 60 ff fe 	li      r3,-2
    7a10:	90 01 00 14 	stw     r0,20(r1)
    7a14:	41 82 00 28 	beq     7a3c <_start-0x730>
    7a18:	2f 87 00 00 	cmpwi   cr7,r7,0
    7a1c:	41 9e 00 1c 	beq     cr7,7a38 <_start-0x734>
    7a20:	80 04 00 d0 	lwz     r0,208(r4)
    7a24:	38 60 ff e2 	li      r3,-30
    7a28:	2b 80 00 03 	cmplwi  cr7,r0,3
    7a2c:	40 9d 00 10 	ble     cr7,7a3c <_start-0x730>
    7a30:	2b 85 00 06 	cmplwi  cr7,r5,6
    7a34:	40 9d 00 18 	ble     cr7,7a4c <_start-0x720>
    7a38:	38 60 ff fe 	li      r3,-2
    7a3c:	80 01 00 14 	lwz     r0,20(r1)
    7a40:	38 21 00 10 	addi    r1,r1,16
    7a44:	7c 08 03 a6 	mtlr    r0
    7a48:	4e 80 00 20 	blr
    7a4c:	3d 20 00 01 	lis     r9,1
    7a50:	54 a0 10 3a 	slwi    r0,r5,2
    7a54:	39 29 b0 c8 	addi    r9,r9,-20280
    7a58:	7c 09 00 2e 	lwzx    r0,r9,r0
    7a5c:	7d 20 4a 14 	add     r9,r0,r9
    7a60:	7d 29 03 a6 	mtctr   r9
    7a64:	4e 80 04 20 	bctr
    7a68:	2b 87 00 01 	cmplwi  cr7,r7,1
    7a6c:	40 bd ff cc 	ble     cr7,7a38 <_start-0x734>
    7a70:	81 24 00 c0 	lwz     r9,192(r4)
    7a74:	80 09 01 5c 	lwz     r0,348(r9)
    7a78:	7d 23 4b 78 	mr      r3,r9
    7a7c:	7c 09 03 a6 	mtctr   r0
    7a80:	4e 80 04 21 	bctrl
    7a84:	80 01 00 14 	lwz     r0,20(r1)
    7a88:	38 21 00 10 	addi    r1,r1,16
    7a8c:	7c 08 03 a6 	mtlr    r0
    7a90:	4e 80 00 20 	blr
    7a94:	70 e0 00 01 	andi.   r0,r7,1
    7a98:	41 82 ff d8 	beq     7a70 <_start-0x6fc>
    7a9c:	4b ff ff 9c 	b       7a38 <_start-0x734>
    7aa0:	2b 87 00 02 	cmplwi  cr7,r7,2
    7aa4:	41 9d ff cc 	bgt     cr7,7a70 <_start-0x6fc>
    7aa8:	4b ff ff 90 	b       7a38 <_start-0x734>
    7aac:	3c 00 aa aa 	lis     r0,-21846
    7ab0:	60 00 aa ab 	ori     r0,r0,43691
    7ab4:	7c 07 00 16 	mulhwu  r0,r7,r0
    7ab8:	54 00 f8 7e 	srwi    r0,r0,1
    7abc:	1c 00 00 03 	mulli   r0,r0,3
    7ac0:	7f 87 00 00 	cmpw    cr7,r7,r0
    7ac4:	41 9e ff ac 	beq     cr7,7a70 <_start-0x6fc>
    7ac8:	4b ff ff 70 	b       7a38 <_start-0x734>
    7acc:	7c 89 23 79 	mr.     r9,r4
    7ad0:	94 21 ff f0 	stwu    r1,-16(r1)
    7ad4:	7c 08 02 a6 	mflr    r0
    7ad8:	38 60 ff fe 	li      r3,-2
    7adc:	90 01 00 14 	stw     r0,20(r1)
    7ae0:	41 82 00 18 	beq     7af8 <_start-0x674>
    7ae4:	81 29 00 c0 	lwz     r9,192(r9)
    7ae8:	80 09 00 5c 	lwz     r0,92(r9)
    7aec:	7d 23 4b 78 	mr      r3,r9
    7af0:	7c 09 03 a6 	mtctr   r0
    7af4:	4e 80 04 21 	bctrl
    7af8:	80 01 00 14 	lwz     r0,20(r1)
    7afc:	38 21 00 10 	addi    r1,r1,16
    7b00:	7c 08 03 a6 	mtlr    r0
    7b04:	4e 80 00 20 	blr
    7b08:	7c 89 23 79 	mr.     r9,r4
    7b0c:	94 21 ff f0 	stwu    r1,-16(r1)
    7b10:	7c 08 02 a6 	mflr    r0
    7b14:	38 60 ff fe 	li      r3,-2
    7b18:	90 01 00 14 	stw     r0,20(r1)
    7b1c:	41 82 00 28 	beq     7b44 <_start-0x628>
    7b20:	a8 09 00 44 	lha     r0,68(r9)
    7b24:	38 60 ff e9 	li      r3,-23
    7b28:	2f 80 00 00 	cmpwi   cr7,r0,0
    7b2c:	41 be 00 18 	beq     cr7,7b44 <_start-0x628>
    7b30:	81 29 00 c0 	lwz     r9,192(r9)
    7b34:	80 09 00 90 	lwz     r0,144(r9)
    7b38:	7d 23 4b 78 	mr      r3,r9
    7b3c:	7c 09 03 a6 	mtctr   r0
    7b40:	4e 80 04 21 	bctrl
    7b44:	80 01 00 14 	lwz     r0,20(r1)
    7b48:	38 21 00 10 	addi    r1,r1,16
    7b4c:	7c 08 03 a6 	mtlr    r0
    7b50:	4e 80 00 20 	blr
    7b54:	7c 89 23 79 	mr.     r9,r4
    7b58:	94 21 ff f0 	stwu    r1,-16(r1)
    7b5c:	7c 08 02 a6 	mflr    r0
    7b60:	38 60 ff fe 	li      r3,-2
    7b64:	90 01 00 14 	stw     r0,20(r1)
    7b68:	41 82 00 28 	beq     7b90 <_start-0x5dc>
    7b6c:	a8 09 00 44 	lha     r0,68(r9)
    7b70:	38 60 ff e9 	li      r3,-23
    7b74:	2f 80 00 00 	cmpwi   cr7,r0,0
    7b78:	41 be 00 18 	beq     cr7,7b90 <_start-0x5dc>
    7b7c:	81 29 00 c0 	lwz     r9,192(r9)
    7b80:	80 09 00 68 	lwz     r0,104(r9)
    7b84:	7d 23 4b 78 	mr      r3,r9
    7b88:	7c 09 03 a6 	mtctr   r0
    7b8c:	4e 80 04 21 	bctrl
    7b90:	80 01 00 14 	lwz     r0,20(r1)
    7b94:	38 21 00 10 	addi    r1,r1,16
    7b98:	7c 08 03 a6 	mtlr    r0
    7b9c:	4e 80 00 20 	blr
    7ba0:	7c 89 23 79 	mr.     r9,r4
    7ba4:	94 21 ff f0 	stwu    r1,-16(r1)
    7ba8:	7c 08 02 a6 	mflr    r0
    7bac:	90 01 00 14 	stw     r0,20(r1)
    7bb0:	41 82 00 6c 	beq     7c1c <_start-0x550>
    7bb4:	2f 87 00 00 	cmpwi   cr7,r7,0
    7bb8:	41 9e 00 64 	beq     cr7,7c1c <_start-0x550>
    7bbc:	a8 09 00 44 	lha     r0,68(r9)
    7bc0:	38 60 ff e9 	li      r3,-23
    7bc4:	2f 80 00 00 	cmpwi   cr7,r0,0
    7bc8:	41 9e 00 20 	beq     cr7,7be8 <_start-0x584>
    7bcc:	80 09 00 34 	lwz     r0,52(r9)
    7bd0:	7f 80 28 40 	cmplw   cr7,r0,r5
    7bd4:	40 9d 00 10 	ble     cr7,7be4 <_start-0x588>
    7bd8:	80 09 00 38 	lwz     r0,56(r9)
    7bdc:	7f 80 30 40 	cmplw   cr7,r0,r6
    7be0:	41 9d 00 18 	bgt     cr7,7bf8 <_start-0x574>
    7be4:	38 60 ff f7 	li      r3,-9
    7be8:	80 01 00 14 	lwz     r0,20(r1)
    7bec:	38 21 00 10 	addi    r1,r1,16
    7bf0:	7c 08 03 a6 	mtlr    r0
    7bf4:	4e 80 00 20 	blr
    7bf8:	81 29 00 c0 	lwz     r9,192(r9)
    7bfc:	80 09 00 a4 	lwz     r0,164(r9)
    7c00:	7d 23 4b 78 	mr      r3,r9
    7c04:	7c 09 03 a6 	mtctr   r0
    7c08:	4e 80 04 21 	bctrl
    7c0c:	80 01 00 14 	lwz     r0,20(r1)
    7c10:	38 21 00 10 	addi    r1,r1,16
    7c14:	7c 08 03 a6 	mtlr    r0
    7c18:	4e 80 00 20 	blr
    7c1c:	80 01 00 14 	lwz     r0,20(r1)
    7c20:	38 60 ff fe 	li      r3,-2
    7c24:	38 21 00 10 	addi    r1,r1,16
    7c28:	7c 08 03 a6 	mtlr    r0
    7c2c:	4e 80 00 20 	blr
    7c30:	2c 04 00 00 	cmpwi   r4,0
    7c34:	94 21 ff f0 	stwu    r1,-16(r1)
    7c38:	7c 08 02 a6 	mflr    r0
    7c3c:	90 01 00 14 	stw     r0,20(r1)
    7c40:	41 82 00 80 	beq     7cc0 <_start-0x4ac>
    7c44:	2f 88 00 00 	cmpwi   cr7,r8,0
    7c48:	41 9e 00 78 	beq     cr7,7cc0 <_start-0x4ac>
    7c4c:	a8 04 00 44 	lha     r0,68(r4)
    7c50:	38 60 ff e9 	li      r3,-23
    7c54:	2f 80 00 00 	cmpwi   cr7,r0,0
    7c58:	41 9e 00 44 	beq     cr7,7c9c <_start-0x4d0>
    7c5c:	80 04 00 34 	lwz     r0,52(r4)
    7c60:	81 24 00 38 	lwz     r9,56(r4)
    7c64:	7f 80 28 40 	cmplw   cr7,r0,r5
    7c68:	40 9d 00 44 	ble     cr7,7cac <_start-0x4c0>
    7c6c:	7f 89 30 40 	cmplw   cr7,r9,r6
    7c70:	40 9d 00 3c 	ble     cr7,7cac <_start-0x4c0>
    7c74:	7d 27 2a 14 	add     r9,r7,r5
    7c78:	7f 80 48 40 	cmplw   cr7,r0,r9
    7c7c:	40 9c 00 0c 	bge     cr7,7c88 <_start-0x4e4>
    7c80:	7c e7 02 14 	add     r7,r7,r0
    7c84:	7c e9 38 50 	subf    r7,r9,r7
    7c88:	81 24 00 c0 	lwz     r9,192(r4)
    7c8c:	80 09 00 a8 	lwz     r0,168(r9)
    7c90:	7d 23 4b 78 	mr      r3,r9
    7c94:	7c 09 03 a6 	mtctr   r0
    7c98:	4e 80 04 21 	bctrl
    7c9c:	80 01 00 14 	lwz     r0,20(r1)
    7ca0:	38 21 00 10 	addi    r1,r1,16
    7ca4:	7c 08 03 a6 	mtlr    r0
    7ca8:	4e 80 00 20 	blr
    7cac:	80 01 00 14 	lwz     r0,20(r1)
    7cb0:	38 60 ff f7 	li      r3,-9
    7cb4:	38 21 00 10 	addi    r1,r1,16
    7cb8:	7c 08 03 a6 	mtlr    r0
    7cbc:	4e 80 00 20 	blr
    7cc0:	80 01 00 14 	lwz     r0,20(r1)
    7cc4:	38 60 ff fe 	li      r3,-2
    7cc8:	38 21 00 10 	addi    r1,r1,16
    7ccc:	7c 08 03 a6 	mtlr    r0
    7cd0:	4e 80 00 20 	blr
    7cd4:	7c 8b 23 79 	mr.     r11,r4
    7cd8:	94 21 ff f0 	stwu    r1,-16(r1)
    7cdc:	7c 08 02 a6 	mflr    r0
    7ce0:	90 01 00 14 	stw     r0,20(r1)
    7ce4:	41 82 00 10 	beq     7cf4 <_start-0x478>
    7ce8:	39 25 ff ff 	addi    r9,r5,-1
    7cec:	2b 89 00 07 	cmplwi  cr7,r9,7
    7cf0:	40 9d 00 18 	ble     cr7,7d08 <_start-0x464>
    7cf4:	80 01 00 14 	lwz     r0,20(r1)
    7cf8:	38 60 ff fe 	li      r3,-2
    7cfc:	38 21 00 10 	addi    r1,r1,16
    7d00:	7c 08 03 a6 	mtlr    r0
    7d04:	4e 80 00 20 	blr
    7d08:	81 2b 00 c0 	lwz     r9,192(r11)
    7d0c:	80 09 00 d0 	lwz     r0,208(r9)
    7d10:	7d 23 4b 78 	mr      r3,r9
    7d14:	7c 09 03 a6 	mtctr   r0
    7d18:	4e 80 04 21 	bctrl
    7d1c:	80 01 00 14 	lwz     r0,20(r1)
    7d20:	38 21 00 10 	addi    r1,r1,16
    7d24:	7c 08 03 a6 	mtlr    r0
    7d28:	4e 80 00 20 	blr
    7d2c:	7c 89 23 79 	mr.     r9,r4
    7d30:	94 21 ff f0 	stwu    r1,-16(r1)
    7d34:	7c 08 02 a6 	mflr    r0
    7d38:	90 01 00 14 	stw     r0,20(r1)
    7d3c:	41 82 00 6c 	beq     7da8 <_start-0x3c4>
    7d40:	2f 87 00 00 	cmpwi   cr7,r7,0
    7d44:	41 9e 00 64 	beq     cr7,7da8 <_start-0x3c4>
    7d48:	a8 09 00 44 	lha     r0,68(r9)
    7d4c:	38 60 ff e9 	li      r3,-23
    7d50:	2f 80 00 00 	cmpwi   cr7,r0,0
    7d54:	41 9e 00 20 	beq     cr7,7d74 <_start-0x3f8>
    7d58:	80 09 00 34 	lwz     r0,52(r9)
    7d5c:	7f 80 28 40 	cmplw   cr7,r0,r5
    7d60:	41 9c 00 10 	blt     cr7,7d70 <_start-0x3fc>
    7d64:	80 09 00 38 	lwz     r0,56(r9)
    7d68:	7f 80 30 40 	cmplw   cr7,r0,r6
    7d6c:	40 9c 00 18 	bge     cr7,7d84 <_start-0x3e8>
    7d70:	38 60 ff f7 	li      r3,-9
    7d74:	80 01 00 14 	lwz     r0,20(r1)
    7d78:	38 21 00 10 	addi    r1,r1,16
    7d7c:	7c 08 03 a6 	mtlr    r0
    7d80:	4e 80 00 20 	blr
    7d84:	81 29 00 c0 	lwz     r9,192(r9)
    7d88:	80 09 01 00 	lwz     r0,256(r9)
    7d8c:	7d 23 4b 78 	mr      r3,r9
    7d90:	7c 09 03 a6 	mtctr   r0
    7d94:	4e 80 04 21 	bctrl
    7d98:	80 01 00 14 	lwz     r0,20(r1)
    7d9c:	38 21 00 10 	addi    r1,r1,16
    7da0:	7c 08 03 a6 	mtlr    r0
    7da4:	4e 80 00 20 	blr
    7da8:	80 01 00 14 	lwz     r0,20(r1)
    7dac:	38 60 ff fe 	li      r3,-2
    7db0:	38 21 00 10 	addi    r1,r1,16
    7db4:	7c 08 03 a6 	mtlr    r0
    7db8:	4e 80 00 20 	blr
    7dbc:	2c 04 00 00 	cmpwi   r4,0
    7dc0:	94 21 ff f0 	stwu    r1,-16(r1)
    7dc4:	7c 08 02 a6 	mflr    r0
    7dc8:	90 01 00 14 	stw     r0,20(r1)
    7dcc:	41 82 00 80 	beq     7e4c <_start-0x320>
    7dd0:	2f 88 00 00 	cmpwi   cr7,r8,0
    7dd4:	41 9e 00 78 	beq     cr7,7e4c <_start-0x320>
    7dd8:	a8 04 00 44 	lha     r0,68(r4)
    7ddc:	38 60 ff e9 	li      r3,-23
    7de0:	2f 80 00 00 	cmpwi   cr7,r0,0
    7de4:	41 9e 00 44 	beq     cr7,7e28 <_start-0x344>
    7de8:	80 04 00 34 	lwz     r0,52(r4)
    7dec:	81 64 00 38 	lwz     r11,56(r4)
    7df0:	7f 80 28 40 	cmplw   cr7,r0,r5
    7df4:	40 9d 00 44 	ble     cr7,7e38 <_start-0x334>
    7df8:	7f 8b 30 40 	cmplw   cr7,r11,r6
    7dfc:	40 9d 00 3c 	ble     cr7,7e38 <_start-0x334>
    7e00:	7d 67 2a 14 	add     r11,r7,r5
    7e04:	7f 80 58 40 	cmplw   cr7,r0,r11
    7e08:	40 9c 00 0c 	bge     cr7,7e14 <_start-0x358>
    7e0c:	7c e7 02 14 	add     r7,r7,r0
    7e10:	7c eb 38 50 	subf    r7,r11,r7
    7e14:	81 64 00 c0 	lwz     r11,192(r4)
    7e18:	80 0b 01 04 	lwz     r0,260(r11)
    7e1c:	7d 63 5b 78 	mr      r3,r11
    7e20:	7c 09 03 a6 	mtctr   r0
    7e24:	4e 80 04 21 	bctrl
    7e28:	80 01 00 14 	lwz     r0,20(r1)
    7e2c:	38 21 00 10 	addi    r1,r1,16
    7e30:	7c 08 03 a6 	mtlr    r0
    7e34:	4e 80 00 20 	blr
    7e38:	80 01 00 14 	lwz     r0,20(r1)
    7e3c:	38 60 ff f7 	li      r3,-9
    7e40:	38 21 00 10 	addi    r1,r1,16
    7e44:	7c 08 03 a6 	mtlr    r0
    7e48:	4e 80 00 20 	blr
    7e4c:	80 01 00 14 	lwz     r0,20(r1)
    7e50:	38 60 ff fe 	li      r3,-2
    7e54:	38 21 00 10 	addi    r1,r1,16
    7e58:	7c 08 03 a6 	mtlr    r0
    7e5c:	4e 80 00 20 	blr
    7e60:	94 21 ff f0 	stwu    r1,-16(r1)
    7e64:	7c 08 02 a6 	mflr    r0
    7e68:	93 c1 00 08 	stw     r30,8(r1)
    7e6c:	3f c0 00 01 	lis     r30,1
    7e70:	80 9e 04 b0 	lwz     r4,1200(r30)
    7e74:	90 01 00 14 	stw     r0,20(r1)
    7e78:	2f 84 00 00 	cmpwi   cr7,r4,0
    7e7c:	93 e1 00 0c 	stw     r31,12(r1)
    7e80:	41 9e 00 1c 	beq     cr7,7e9c <_start-0x2d0>
    7e84:	3d 20 00 01 	lis     r9,1
    7e88:	81 29 04 e0 	lwz     r9,1248(r9)
    7e8c:	80 09 01 c8 	lwz     r0,456(r9)
    7e90:	7d 23 4b 78 	mr      r3,r9
    7e94:	7c 09 03 a6 	mtctr   r0
    7e98:	4e 80 04 21 	bctrl
    7e9c:	3f e0 00 01 	lis     r31,1
    7ea0:	38 00 00 00 	li      r0,0
    7ea4:	80 9f 04 ac 	lwz     r4,1196(r31)
    7ea8:	90 1e 04 b0 	stw     r0,1200(r30)
    7eac:	2f 84 00 00 	cmpwi   cr7,r4,0
    7eb0:	41 9e 00 1c 	beq     cr7,7ecc <_start-0x2a0>
    7eb4:	3d 20 00 01 	lis     r9,1
    7eb8:	81 29 04 e0 	lwz     r9,1248(r9)
    7ebc:	80 09 01 ac 	lwz     r0,428(r9)
    7ec0:	7d 23 4b 78 	mr      r3,r9
    7ec4:	7c 09 03 a6 	mtctr   r0
    7ec8:	4e 80 04 21 	bctrl
    7ecc:	3f c0 00 01 	lis     r30,1
    7ed0:	38 00 00 00 	li      r0,0
    7ed4:	80 9e 04 b8 	lwz     r4,1208(r30)
    7ed8:	90 1f 04 ac 	stw     r0,1196(r31)
    7edc:	2f 84 00 00 	cmpwi   cr7,r4,0
    7ee0:	41 9e 00 1c 	beq     cr7,7efc <_start-0x270>
    7ee4:	3d 20 00 01 	lis     r9,1
    7ee8:	81 29 04 e0 	lwz     r9,1248(r9)
    7eec:	80 09 01 c8 	lwz     r0,456(r9)
    7ef0:	7d 23 4b 78 	mr      r3,r9
    7ef4:	7c 09 03 a6 	mtctr   r0
    7ef8:	4e 80 04 21 	bctrl
    7efc:	3f e0 00 01 	lis     r31,1
    7f00:	38 00 00 00 	li      r0,0
    7f04:	80 9f 04 b4 	lwz     r4,1204(r31)
    7f08:	90 1e 04 b8 	stw     r0,1208(r30)
    7f0c:	2f 84 00 00 	cmpwi   cr7,r4,0
    7f10:	41 9e 00 1c 	beq     cr7,7f2c <_start-0x240>
    7f14:	3d 20 00 01 	lis     r9,1
    7f18:	81 29 04 e0 	lwz     r9,1248(r9)
    7f1c:	80 09 01 ac 	lwz     r0,428(r9)
    7f20:	7d 23 4b 78 	mr      r3,r9
    7f24:	7c 09 03 a6 	mtctr   r0
    7f28:	4e 80 04 21 	bctrl
    7f2c:	3f c0 00 01 	lis     r30,1
    7f30:	38 00 00 00 	li      r0,0
    7f34:	80 9e 04 c0 	lwz     r4,1216(r30)
    7f38:	90 1f 04 b4 	stw     r0,1204(r31)
    7f3c:	2f 84 00 00 	cmpwi   cr7,r4,0
    7f40:	41 9e 00 1c 	beq     cr7,7f5c <_start-0x210>
    7f44:	3d 20 00 01 	lis     r9,1
    7f48:	81 29 04 e0 	lwz     r9,1248(r9)
    7f4c:	80 09 01 c8 	lwz     r0,456(r9)
    7f50:	7d 23 4b 78 	mr      r3,r9
    7f54:	7c 09 03 a6 	mtctr   r0
    7f58:	4e 80 04 21 	bctrl
    7f5c:	3f e0 00 01 	lis     r31,1
    7f60:	38 00 00 00 	li      r0,0
    7f64:	80 9f 04 bc 	lwz     r4,1212(r31)
    7f68:	90 1e 04 c0 	stw     r0,1216(r30)
    7f6c:	2f 84 00 00 	cmpwi   cr7,r4,0
    7f70:	41 9e 00 1c 	beq     cr7,7f8c <_start-0x1e0>
    7f74:	3d 20 00 01 	lis     r9,1
    7f78:	81 29 04 e0 	lwz     r9,1248(r9)
    7f7c:	80 09 01 ac 	lwz     r0,428(r9)
    7f80:	7d 23 4b 78 	mr      r3,r9
    7f84:	7c 09 03 a6 	mtctr   r0
    7f88:	4e 80 04 21 	bctrl
    7f8c:	3f c0 00 01 	lis     r30,1
    7f90:	38 00 00 00 	li      r0,0
    7f94:	80 9e 04 c8 	lwz     r4,1224(r30)
    7f98:	90 1f 04 bc 	stw     r0,1212(r31)
    7f9c:	2f 84 00 00 	cmpwi   cr7,r4,0
    7fa0:	41 9e 00 1c 	beq     cr7,7fbc <_start-0x1b0>
    7fa4:	3d 20 00 01 	lis     r9,1
    7fa8:	81 29 04 e0 	lwz     r9,1248(r9)
    7fac:	80 09 01 c8 	lwz     r0,456(r9)
    7fb0:	7d 23 4b 78 	mr      r3,r9
    7fb4:	7c 09 03 a6 	mtctr   r0
    7fb8:	4e 80 04 21 	bctrl
    7fbc:	3f e0 00 01 	lis     r31,1
    7fc0:	38 00 00 00 	li      r0,0
    7fc4:	80 9f 04 c4 	lwz     r4,1220(r31)
    7fc8:	90 1e 04 c8 	stw     r0,1224(r30)
    7fcc:	2f 84 00 00 	cmpwi   cr7,r4,0
    7fd0:	41 9e 00 1c 	beq     cr7,7fec <_start-0x180>
    7fd4:	3d 20 00 01 	lis     r9,1
    7fd8:	81 29 04 e0 	lwz     r9,1248(r9)
    7fdc:	80 09 01 ac 	lwz     r0,428(r9)
    7fe0:	7d 23 4b 78 	mr      r3,r9
    7fe4:	7c 09 03 a6 	mtctr   r0
    7fe8:	4e 80 04 21 	bctrl
    7fec:	3f c0 00 01 	lis     r30,1
    7ff0:	38 00 00 00 	li      r0,0
    7ff4:	80 9e 04 d0 	lwz     r4,1232(r30)
    7ff8:	90 1f 04 c4 	stw     r0,1220(r31)
    7ffc:	2f 84 00 00 	cmpwi   cr7,r4,0
    8000:	41 9e 00 1c 	beq     cr7,801c <_start-0x150>
    8004:	3d 20 00 01 	lis     r9,1
    8008:	81 29 04 e0 	lwz     r9,1248(r9)
    800c:	80 09 01 c8 	lwz     r0,456(r9)
    8010:	7d 23 4b 78 	mr      r3,r9
    8014:	7c 09 03 a6 	mtctr   r0
    8018:	4e 80 04 21 	bctrl
    801c:	3f e0 00 01 	lis     r31,1
    8020:	38 00 00 00 	li      r0,0
    8024:	80 9f 04 cc 	lwz     r4,1228(r31)
    8028:	90 1e 04 d0 	stw     r0,1232(r30)
    802c:	2f 84 00 00 	cmpwi   cr7,r4,0
    8030:	41 9e 00 1c 	beq     cr7,804c <_start-0x120>
    8034:	3d 20 00 01 	lis     r9,1
    8038:	81 29 04 e0 	lwz     r9,1248(r9)
    803c:	80 09 01 ac 	lwz     r0,428(r9)
    8040:	7d 23 4b 78 	mr      r3,r9
    8044:	7c 09 03 a6 	mtctr   r0
    8048:	4e 80 04 21 	bctrl
    804c:	3f c0 00 01 	lis     r30,1
    8050:	38 00 00 00 	li      r0,0
    8054:	80 9e 04 d8 	lwz     r4,1240(r30)
    8058:	90 1f 04 cc 	stw     r0,1228(r31)
    805c:	2f 84 00 00 	cmpwi   cr7,r4,0
    8060:	41 9e 00 1c 	beq     cr7,807c <_start-0xf0>
    8064:	3d 20 00 01 	lis     r9,1
    8068:	81 29 04 e0 	lwz     r9,1248(r9)
    806c:	80 09 01 c8 	lwz     r0,456(r9)
    8070:	7d 23 4b 78 	mr      r3,r9
    8074:	7c 09 03 a6 	mtctr   r0
    8078:	4e 80 04 21 	bctrl
    807c:	3f e0 00 01 	lis     r31,1
    8080:	38 00 00 00 	li      r0,0
    8084:	80 9f 04 d4 	lwz     r4,1236(r31)
    8088:	90 1e 04 d8 	stw     r0,1240(r30)
    808c:	2f 84 00 00 	cmpwi   cr7,r4,0
    8090:	41 9e 00 1c 	beq     cr7,80ac <_start-0xc0>
    8094:	3d 20 00 01 	lis     r9,1
    8098:	81 29 04 e0 	lwz     r9,1248(r9)
    809c:	80 09 01 ac 	lwz     r0,428(r9)
    80a0:	7d 23 4b 78 	mr      r3,r9
    80a4:	7c 09 03 a6 	mtctr   r0
    80a8:	4e 80 04 21 	bctrl
    80ac:	3d 20 00 01 	lis     r9,1
    80b0:	38 00 00 00 	li      r0,0
    80b4:	81 29 04 dc 	lwz     r9,1244(r9)
    80b8:	90 1f 04 d4 	stw     r0,1236(r31)
    80bc:	2f 89 00 00 	cmpwi   cr7,r9,0
    80c0:	41 9e 00 3c 	beq     cr7,80fc <_start-0x70>
    80c4:	3f e0 00 01 	lis     r31,1
    80c8:	7d 24 4b 78 	mr      r4,r9
    80cc:	83 c9 00 10 	lwz     r30,16(r9)
    80d0:	81 7f 04 e0 	lwz     r11,1248(r31)
    80d4:	80 0b 01 c8 	lwz     r0,456(r11)
    80d8:	7d 63 5b 78 	mr      r3,r11
    80dc:	7c 09 03 a6 	mtctr   r0
    80e0:	4e 80 04 21 	bctrl
    80e4:	81 3f 04 e0 	lwz     r9,1248(r31)
    80e8:	7f c4 f3 78 	mr      r4,r30
    80ec:	80 09 01 ac 	lwz     r0,428(r9)
    80f0:	7d 23 4b 78 	mr      r3,r9
    80f4:	7c 09 03 a6 	mtctr   r0
    80f8:	4e 80 04 21 	bctrl
    80fc:	80 01 00 14 	lwz     r0,20(r1)
    8100:	83 c1 00 08 	lwz     r30,8(r1)
    8104:	7c 08 03 a6 	mtlr    r0
    8108:	83 e1 00 0c 	lwz     r31,12(r1)
    810c:	38 21 00 10 	addi    r1,r1,16
    8110:	4e 80 00 20 	blr
    8114:	81 23 00 10 	lwz     r9,16(r3)
    8118:	a1 69 00 20 	lhz     r11,32(r9)
    811c:	7d 23 4b 78 	mr      r3,r9
    8120:	38 0b 00 01 	addi    r0,r11,1
    8124:	b0 09 00 20 	sth     r0,32(r9)
    8128:	4e 80 00 20 	blr
    812c:	81 23 00 10 	lwz     r9,16(r3)
    8130:	38 60 00 00 	li      r3,0
    8134:	a1 69 00 20 	lhz     r11,32(r9)
    8138:	38 0b ff ff 	addi    r0,r11,-1
    813c:	b0 09 00 20 	sth     r0,32(r9)
    8140:	4e 80 00 20 	blr
    8144:	81 23 00 14 	lwz     r9,20(r3)
    8148:	38 09 00 01 	addi    r0,r9,1
    814c:	90 03 00 14 	stw     r0,20(r3)
    8150:	7d 23 4b 78 	mr      r3,r9
    8154:	4e 80 00 20 	blr
    8158:	81 23 00 14 	lwz     r9,20(r3)
    815c:	38 09 ff ff 	addi    r0,r9,-1
    8160:	90 03 00 14 	stw     r0,20(r3)
    8164:	7d 23 4b 78 	mr      r3,r9
    8168:	4e 80 00 20 	blr

0000816c <_start>:
    816c:	4e 80 00 20 	blr
    8170:	94 21 ff e0 	stwu    r1,-32(r1)
    8174:	7c 08 02 a6 	mflr    r0
    8178:	3d 60 00 01 	lis     r11,1
    817c:	7c a9 2b 78 	mr      r9,r5
    8180:	39 6b b2 78 	addi    r11,r11,-19848
    8184:	90 01 00 24 	stw     r0,36(r1)
    8188:	38 00 00 09 	li      r0,9
    818c:	93 c1 00 18 	stw     r30,24(r1)
    8190:	3f c0 00 01 	lis     r30,1
    8194:	93 a1 00 14 	stw     r29,20(r1)
    8198:	3f a0 00 01 	lis     r29,1
    819c:	93 e1 00 1c 	stw     r31,28(r1)
    81a0:	7c 7f 1b 78 	mr      r31,r3
    81a4:	90 be 04 e0 	stw     r5,1248(r30)
    81a8:	98 03 00 08 	stb     r0,8(r3)
    81ac:	38 00 00 00 	li      r0,0
    81b0:	98 03 00 09 	stb     r0,9(r3)
    81b4:	38 00 00 06 	li      r0,6
    81b8:	98 03 00 0e 	stb     r0,14(r3)
    81bc:	91 63 00 0a 	stw     r11,10(r3)
    81c0:	39 60 00 35 	li      r11,53
    81c4:	b1 63 00 14 	sth     r11,20(r3)
    81c8:	39 60 00 16 	li      r11,22
    81cc:	80 1d 04 ac 	lwz     r0,1196(r29)
    81d0:	b1 63 00 16 	sth     r11,22(r3)
    81d4:	3d 60 00 01 	lis     r11,1
    81d8:	2f 80 00 00 	cmpwi   cr7,r0,0
    81dc:	39 6b b2 88 	addi    r11,r11,-19832
    81e0:	90 83 00 24 	stw     r4,36(r3)
    81e4:	91 63 00 18 	stw     r11,24(r3)
    81e8:	41 9e 01 88 	beq     cr7,8370 <_start+0x204>
    81ec:	3f a0 00 01 	lis     r29,1
    81f0:	81 7d 04 b0 	lwz     r11,1200(r29)
    81f4:	2f 8b 00 00 	cmpwi   cr7,r11,0
    81f8:	41 9e 01 ac 	beq     cr7,83a4 <_start+0x238>
    81fc:	3f a0 00 01 	lis     r29,1
    8200:	80 9d 04 b4 	lwz     r4,1204(r29)
    8204:	2f 84 00 00 	cmpwi   cr7,r4,0
    8208:	41 9e 01 d4 	beq     cr7,83dc <_start+0x270>
    820c:	3f a0 00 01 	lis     r29,1
    8210:	80 1d 04 b8 	lwz     r0,1208(r29)
    8214:	2f 80 00 00 	cmpwi   cr7,r0,0
    8218:	41 9e 01 f8 	beq     cr7,8410 <_start+0x2a4>
    821c:	3f a0 00 01 	lis     r29,1
    8220:	80 9d 04 bc 	lwz     r4,1212(r29)
    8224:	2f 84 00 00 	cmpwi   cr7,r4,0
    8228:	41 9e 02 1c 	beq     cr7,8444 <_start+0x2d8>
    822c:	3f a0 00 01 	lis     r29,1
    8230:	80 1d 04 c0 	lwz     r0,1216(r29)
    8234:	2f 80 00 00 	cmpwi   cr7,r0,0
    8238:	41 9e 02 40 	beq     cr7,8478 <_start+0x30c>
    823c:	3f a0 00 01 	lis     r29,1
    8240:	80 9d 04 c4 	lwz     r4,1220(r29)
    8244:	2f 84 00 00 	cmpwi   cr7,r4,0
    8248:	41 9e 02 64 	beq     cr7,84ac <_start+0x340>
    824c:	3f a0 00 01 	lis     r29,1
    8250:	80 1d 04 c8 	lwz     r0,1224(r29)
    8254:	2f 80 00 00 	cmpwi   cr7,r0,0
    8258:	41 9e 02 88 	beq     cr7,84e0 <_start+0x374>
    825c:	3f a0 00 01 	lis     r29,1
    8260:	80 9d 04 cc 	lwz     r4,1228(r29)
    8264:	2f 84 00 00 	cmpwi   cr7,r4,0
    8268:	41 9e 02 ac 	beq     cr7,8514 <_start+0x3a8>
    826c:	3f a0 00 01 	lis     r29,1
    8270:	80 1d 04 d0 	lwz     r0,1232(r29)
    8274:	2f 80 00 00 	cmpwi   cr7,r0,0
    8278:	41 9e 02 d0 	beq     cr7,8548 <_start+0x3dc>
    827c:	3f a0 00 01 	lis     r29,1
    8280:	80 9d 04 d4 	lwz     r4,1236(r29)
    8284:	2f 84 00 00 	cmpwi   cr7,r4,0
    8288:	41 9e 02 f4 	beq     cr7,857c <_start+0x410>
    828c:	3f a0 00 01 	lis     r29,1
    8290:	80 1d 04 d8 	lwz     r0,1240(r29)
    8294:	2f 80 00 00 	cmpwi   cr7,r0,0
    8298:	41 9e 00 7c 	beq     cr7,8314 <_start+0x1a8>
    829c:	80 09 01 a8 	lwz     r0,424(r9)
    82a0:	3c 80 00 01 	lis     r4,1
    82a4:	7d 23 4b 78 	mr      r3,r9
    82a8:	38 84 b3 14 	addi    r4,r4,-19692
    82ac:	38 a0 00 34 	li      r5,52
    82b0:	7c 09 03 a6 	mtctr   r0
    82b4:	4e 80 04 21 	bctrl
    82b8:	7c 64 1b 79 	mr.     r4,r3
    82bc:	41 82 00 8c 	beq     8348 <_start+0x1dc>
    82c0:	81 3e 04 e0 	lwz     r9,1248(r30)
    82c4:	3c a0 00 01 	lis     r5,1
    82c8:	38 c0 00 01 	li      r6,1
    82cc:	38 a5 b2 c0 	addi    r5,r5,-19776
    82d0:	38 e0 00 00 	li      r7,0
    82d4:	80 09 01 c0 	lwz     r0,448(r9)
    82d8:	7d 23 4b 78 	mr      r3,r9
    82dc:	7c 09 03 a6 	mtctr   r0
    82e0:	4e 80 04 21 	bctrl
    82e4:	3d 20 00 01 	lis     r9,1
    82e8:	90 69 04 dc 	stw     r3,1244(r9)
    82ec:	7f e3 fb 78 	mr      r3,r31
    82f0:	48 00 06 31 	bl      8920 <_start+0x7b4>
    82f4:	80 01 00 24 	lwz     r0,36(r1)
    82f8:	7f e3 fb 78 	mr      r3,r31
    82fc:	83 a1 00 14 	lwz     r29,20(r1)
    8300:	7c 08 03 a6 	mtlr    r0
    8304:	83 c1 00 18 	lwz     r30,24(r1)
    8308:	83 e1 00 1c 	lwz     r31,28(r1)
    830c:	38 21 00 20 	addi    r1,r1,32
    8310:	4e 80 00 20 	blr
    8314:	80 09 01 c0 	lwz     r0,448(r9)
    8318:	3c a0 00 01 	lis     r5,1
    831c:	7d 23 4b 78 	mr      r3,r9
    8320:	38 a5 b2 c0 	addi    r5,r5,-19776
    8324:	38 c0 00 01 	li      r6,1
    8328:	38 e0 00 00 	li      r7,0
    832c:	7c 09 03 a6 	mtctr   r0
    8330:	4e 80 04 21 	bctrl
    8334:	2f 83 00 00 	cmpwi   cr7,r3,0
    8338:	90 7d 04 d8 	stw     r3,1240(r29)
    833c:	41 9e 00 28 	beq     cr7,8364 <_start+0x1f8>
    8340:	81 3e 04 e0 	lwz     r9,1248(r30)
    8344:	4b ff ff 58 	b       829c <_start+0x130>
    8348:	81 3e 04 e0 	lwz     r9,1248(r30)
    834c:	3c 80 00 03 	lis     r4,3
    8350:	60 84 80 0e 	ori     r4,r4,32782
    8354:	80 09 02 3c 	lwz     r0,572(r9)
    8358:	7d 23 4b 78 	mr      r3,r9
    835c:	7c 09 03 a6 	mtctr   r0
    8360:	4e 80 04 21 	bctrl
    8364:	4b ff fa fd 	bl      7e60 <_start-0x30c>
    8368:	3b e0 00 00 	li      r31,0
    836c:	4b ff ff 88 	b       82f4 <_start+0x188>
    8370:	80 05 01 a8 	lwz     r0,424(r5)
    8374:	3c 80 00 01 	lis     r4,1
    8378:	7c a3 2b 78 	mr      r3,r5
    837c:	38 84 b2 ac 	addi    r4,r4,-19796
    8380:	38 a0 00 00 	li      r5,0
    8384:	7c 09 03 a6 	mtctr   r0
    8388:	4e 80 04 21 	bctrl
    838c:	2f 83 00 00 	cmpwi   cr7,r3,0
    8390:	7c 60 1b 78 	mr      r0,r3
    8394:	90 7d 04 ac 	stw     r3,1196(r29)
    8398:	41 be ff cc 	beq     cr7,8364 <_start+0x1f8>
    839c:	81 3e 04 e0 	lwz     r9,1248(r30)
    83a0:	4b ff fe 4c 	b       81ec <_start+0x80>
    83a4:	7c 04 03 78 	mr      r4,r0
    83a8:	80 09 01 c0 	lwz     r0,448(r9)
    83ac:	3c a0 00 01 	lis     r5,1
    83b0:	7d 23 4b 78 	mr      r3,r9
    83b4:	38 a5 b2 c0 	addi    r5,r5,-19776
    83b8:	38 c0 00 01 	li      r6,1
    83bc:	38 e0 00 00 	li      r7,0
    83c0:	7c 09 03 a6 	mtctr   r0
    83c4:	4e 80 04 21 	bctrl
    83c8:	2f 83 00 00 	cmpwi   cr7,r3,0
    83cc:	90 7d 04 b0 	stw     r3,1200(r29)
    83d0:	41 be ff 94 	beq     cr7,8364 <_start+0x1f8>
    83d4:	81 3e 04 e0 	lwz     r9,1248(r30)
    83d8:	4b ff fe 24 	b       81fc <_start+0x90>
    83dc:	80 09 01 a8 	lwz     r0,424(r9)
    83e0:	3c 80 00 01 	lis     r4,1
    83e4:	7d 23 4b 78 	mr      r3,r9
    83e8:	38 84 b2 c8 	addi    r4,r4,-19768
    83ec:	38 a0 00 32 	li      r5,50
    83f0:	7c 09 03 a6 	mtctr   r0
    83f4:	4e 80 04 21 	bctrl
    83f8:	2f 83 00 00 	cmpwi   cr7,r3,0
    83fc:	7c 64 1b 78 	mr      r4,r3
    8400:	90 7d 04 b4 	stw     r3,1204(r29)
    8404:	41 be ff 60 	beq     cr7,8364 <_start+0x1f8>
    8408:	81 3e 04 e0 	lwz     r9,1248(r30)
    840c:	4b ff fe 00 	b       820c <_start+0xa0>
    8410:	80 09 01 c0 	lwz     r0,448(r9)
    8414:	3c a0 00 01 	lis     r5,1
    8418:	7d 23 4b 78 	mr      r3,r9
    841c:	38 a5 b2 c0 	addi    r5,r5,-19776
    8420:	38 c0 00 01 	li      r6,1
    8424:	38 e0 00 00 	li      r7,0
    8428:	7c 09 03 a6 	mtctr   r0
    842c:	4e 80 04 21 	bctrl
    8430:	2f 83 00 00 	cmpwi   cr7,r3,0
    8434:	90 7d 04 b8 	stw     r3,1208(r29)
    8438:	41 be ff 2c 	beq     cr7,8364 <_start+0x1f8>
    843c:	81 3e 04 e0 	lwz     r9,1248(r30)
    8440:	4b ff fd dc 	b       821c <_start+0xb0>
    8444:	80 09 01 a8 	lwz     r0,424(r9)
    8448:	3c 80 00 01 	lis     r4,1
    844c:	7d 23 4b 78 	mr      r3,r9
    8450:	38 84 b2 d4 	addi    r4,r4,-19756
    8454:	38 a0 00 32 	li      r5,50
    8458:	7c 09 03 a6 	mtctr   r0
    845c:	4e 80 04 21 	bctrl
    8460:	2f 83 00 00 	cmpwi   cr7,r3,0
    8464:	7c 64 1b 78 	mr      r4,r3
    8468:	90 7d 04 bc 	stw     r3,1212(r29)
    846c:	41 be fe f8 	beq     cr7,8364 <_start+0x1f8>
    8470:	81 3e 04 e0 	lwz     r9,1248(r30)
    8474:	4b ff fd b8 	b       822c <_start+0xc0>
    8478:	80 09 01 c0 	lwz     r0,448(r9)
    847c:	3c a0 00 01 	lis     r5,1
    8480:	7d 23 4b 78 	mr      r3,r9
    8484:	38 a5 b2 c0 	addi    r5,r5,-19776
    8488:	38 c0 00 01 	li      r6,1
    848c:	38 e0 00 00 	li      r7,0
    8490:	7c 09 03 a6 	mtctr   r0
    8494:	4e 80 04 21 	bctrl
    8498:	2f 83 00 00 	cmpwi   cr7,r3,0
    849c:	90 7d 04 c0 	stw     r3,1216(r29)
    84a0:	41 be fe c4 	beq     cr7,8364 <_start+0x1f8>
    84a4:	81 3e 04 e0 	lwz     r9,1248(r30)
    84a8:	4b ff fd 94 	b       823c <_start+0xd0>
    84ac:	80 09 01 a8 	lwz     r0,424(r9)
    84b0:	3c 80 00 01 	lis     r4,1
    84b4:	7d 23 4b 78 	mr      r3,r9
    84b8:	38 84 b2 e0 	addi    r4,r4,-19744
    84bc:	38 a0 00 32 	li      r5,50
    84c0:	7c 09 03 a6 	mtctr   r0
    84c4:	4e 80 04 21 	bctrl
    84c8:	2f 83 00 00 	cmpwi   cr7,r3,0
    84cc:	7c 64 1b 78 	mr      r4,r3
    84d0:	90 7d 04 c4 	stw     r3,1220(r29)
    84d4:	41 be fe 90 	beq     cr7,8364 <_start+0x1f8>
    84d8:	81 3e 04 e0 	lwz     r9,1248(r30)
    84dc:	4b ff fd 70 	b       824c <_start+0xe0>
    84e0:	80 09 01 c0 	lwz     r0,448(r9)
    84e4:	3c a0 00 01 	lis     r5,1
    84e8:	7d 23 4b 78 	mr      r3,r9
    84ec:	38 a5 b2 c0 	addi    r5,r5,-19776
    84f0:	38 c0 00 01 	li      r6,1
    84f4:	38 e0 00 00 	li      r7,0
    84f8:	7c 09 03 a6 	mtctr   r0
    84fc:	4e 80 04 21 	bctrl
    8500:	2f 83 00 00 	cmpwi   cr7,r3,0
    8504:	90 7d 04 c8 	stw     r3,1224(r29)
    8508:	41 be fe 5c 	beq     cr7,8364 <_start+0x1f8>
    850c:	81 3e 04 e0 	lwz     r9,1248(r30)
    8510:	4b ff fd 4c 	b       825c <_start+0xf0>
    8514:	80 09 01 a8 	lwz     r0,424(r9)
    8518:	3c 80 00 01 	lis     r4,1
    851c:	7d 23 4b 78 	mr      r3,r9
    8520:	38 84 b2 f0 	addi    r4,r4,-19728
    8524:	38 a0 00 32 	li      r5,50
    8528:	7c 09 03 a6 	mtctr   r0
    852c:	4e 80 04 21 	bctrl
    8530:	2f 83 00 00 	cmpwi   cr7,r3,0
    8534:	7c 64 1b 78 	mr      r4,r3
    8538:	90 7d 04 cc 	stw     r3,1228(r29)
    853c:	41 be fe 28 	beq     cr7,8364 <_start+0x1f8>
    8540:	81 3e 04 e0 	lwz     r9,1248(r30)
    8544:	4b ff fd 28 	b       826c <_start+0x100>
    8548:	80 09 01 c0 	lwz     r0,448(r9)
    854c:	3c a0 00 01 	lis     r5,1
    8550:	7d 23 4b 78 	mr      r3,r9
    8554:	38 a5 b2 c0 	addi    r5,r5,-19776
    8558:	38 c0 00 01 	li      r6,1
    855c:	38 e0 00 00 	li      r7,0
    8560:	7c 09 03 a6 	mtctr   r0
    8564:	4e 80 04 21 	bctrl
    8568:	2f 83 00 00 	cmpwi   cr7,r3,0
    856c:	90 7d 04 d0 	stw     r3,1232(r29)
    8570:	41 be fd f4 	beq     cr7,8364 <_start+0x1f8>
    8574:	81 3e 04 e0 	lwz     r9,1248(r30)
    8578:	4b ff fd 04 	b       827c <_start+0x110>
    857c:	80 09 01 a8 	lwz     r0,424(r9)
    8580:	3c 80 00 01 	lis     r4,1
    8584:	7d 23 4b 78 	mr      r3,r9
    8588:	38 84 b3 04 	addi    r4,r4,-19708
    858c:	38 a0 00 32 	li      r5,50
    8590:	7c 09 03 a6 	mtctr   r0
    8594:	4e 80 04 21 	bctrl
    8598:	2f 83 00 00 	cmpwi   cr7,r3,0
    859c:	7c 64 1b 78 	mr      r4,r3
    85a0:	90 7d 04 d4 	stw     r3,1236(r29)
    85a4:	41 be fd c0 	beq     cr7,8364 <_start+0x1f8>
    85a8:	81 3e 04 e0 	lwz     r9,1248(r30)
    85ac:	4b ff fc e0 	b       828c <_start+0x120>
    85b0:	94 21 ff e0 	stwu    r1,-32(r1)
    85b4:	7c 08 02 a6 	mflr    r0
    85b8:	39 20 00 04 	li      r9,4
    85bc:	90 01 00 24 	stw     r0,36(r1)
    85c0:	93 e1 00 1c 	stw     r31,28(r1)
    85c4:	93 c1 00 18 	stw     r30,24(r1)
    85c8:	83 e3 00 10 	lwz     r31,16(r3)
    85cc:	81 29 00 00 	lwz     r9,0(r9)
    85d0:	a0 1f 00 20 	lhz     r0,32(r31)
    85d4:	93 a1 00 14 	stw     r29,20(r1)
    85d8:	2f 80 00 00 	cmpwi   cr7,r0,0
    85dc:	83 c9 02 78 	lwz     r30,632(r9)
    85e0:	40 9e 00 58 	bne     cr7,8638 <_start+0x4cc>
    85e4:	83 bf 00 24 	lwz     r29,36(r31)
    85e8:	48 00 01 d9 	bl      87c0 <_start+0x654>
    85ec:	4b ff f8 75 	bl      7e60 <_start-0x30c>
    85f0:	80 1e 00 d8 	lwz     r0,216(r30)
    85f4:	7f c3 f3 78 	mr      r3,r30
    85f8:	7f e4 fb 78 	mr      r4,r31
    85fc:	7c 09 03 a6 	mtctr   r0
    8600:	4e 80 04 21 	bctrl
    8604:	80 1e 01 e4 	lwz     r0,484(r30)
    8608:	7f c3 f3 78 	mr      r3,r30
    860c:	7f e4 fb 78 	mr      r4,r31
    8610:	7c 09 03 a6 	mtctr   r0
    8614:	4e 80 04 21 	bctrl
    8618:	80 01 00 24 	lwz     r0,36(r1)
    861c:	7f a3 eb 78 	mr      r3,r29
    8620:	83 a1 00 14 	lwz     r29,20(r1)
    8624:	7c 08 03 a6 	mtlr    r0
    8628:	83 c1 00 18 	lwz     r30,24(r1)
    862c:	83 e1 00 1c 	lwz     r31,28(r1)
    8630:	38 21 00 20 	addi    r1,r1,32
    8634:	4e 80 00 20 	blr
    8638:	88 1f 00 0e 	lbz     r0,14(r31)
    863c:	3b a0 00 00 	li      r29,0
    8640:	7f a3 eb 78 	mr      r3,r29
    8644:	60 00 00 08 	ori     r0,r0,8
    8648:	98 1f 00 0e 	stb     r0,14(r31)
    864c:	80 01 00 24 	lwz     r0,36(r1)
    8650:	83 a1 00 14 	lwz     r29,20(r1)
    8654:	7c 08 03 a6 	mtlr    r0
    8658:	83 c1 00 18 	lwz     r30,24(r1)
    865c:	83 e1 00 1c 	lwz     r31,28(r1)
    8660:	38 21 00 20 	addi    r1,r1,32
    8664:	4e 80 00 20 	blr
    8668:	94 21 ff d0 	stwu    r1,-48(r1)
    866c:	7c 08 02 a6 	mflr    r0
    8670:	38 80 01 00 	li      r4,256
    8674:	90 01 00 34 	stw     r0,52(r1)
    8678:	3c 00 80 00 	lis     r0,-32768
    867c:	60 00 00 01 	ori     r0,r0,1
    8680:	93 c1 00 28 	stw     r30,40(r1)
    8684:	3f c0 00 01 	lis     r30,1
    8688:	90 01 00 08 	stw     r0,8(r1)
    868c:	38 00 08 00 	li      r0,2048
    8690:	90 01 00 0c 	stw     r0,12(r1)
    8694:	38 00 00 00 	li      r0,0
    8698:	90 01 00 10 	stw     r0,16(r1)
    869c:	81 3e 04 e0 	lwz     r9,1248(r30)
    86a0:	93 81 00 20 	stw     r28,32(r1)
    86a4:	3f 80 00 01 	lis     r28,1
    86a8:	80 09 03 a8 	lwz     r0,936(r9)
    86ac:	93 a1 00 24 	stw     r29,36(r1)
    86b0:	7c 7d 1b 78 	mr      r29,r3
    86b4:	7d 23 4b 78 	mr      r3,r9
    86b8:	7c 09 03 a6 	mtctr   r0
    86bc:	93 e1 00 2c 	stw     r31,44(r1)
    86c0:	4e 80 04 21 	bctrl
    86c4:	81 3c 04 b8 	lwz     r9,1208(r28)
    86c8:	7f a4 eb 78 	mr      r4,r29
    86cc:	7c 7f 1b 78 	mr      r31,r3
    86d0:	80 09 02 b8 	lwz     r0,696(r9)
    86d4:	7d 23 4b 78 	mr      r3,r9
    86d8:	7c 09 03 a6 	mtctr   r0
    86dc:	4e 80 04 21 	bctrl
    86e0:	2f 9f 00 00 	cmpwi   cr7,r31,0
    86e4:	7c 7d 1b 78 	mr      r29,r3
    86e8:	38 60 00 00 	li      r3,0
    86ec:	41 9e 00 78 	beq     cr7,8764 <_start+0x5f8>
    86f0:	81 3c 04 b8 	lwz     r9,1208(r28)
    86f4:	3c 80 00 01 	lis     r4,1
    86f8:	7f e5 fb 78 	mr      r5,r31
    86fc:	38 84 b3 30 	addi    r4,r4,-19664
    8700:	38 c0 01 00 	li      r6,256
    8704:	80 09 02 d0 	lwz     r0,720(r9)
    8708:	7d 23 4b 78 	mr      r3,r9
    870c:	38 e0 00 00 	li      r7,0
    8710:	7c 09 03 a6 	mtctr   r0
    8714:	4e 80 04 21 	bctrl
    8718:	2f 83 ff ff 	cmpwi   cr7,r3,-1
    871c:	41 9e 00 2c 	beq     cr7,8748 <_start+0x5dc>
    8720:	3d 20 00 01 	lis     r9,1
    8724:	7f a5 eb 78 	mr      r5,r29
    8728:	81 29 04 c8 	lwz     r9,1224(r9)
    872c:	7f e4 fb 78 	mr      r4,r31
    8730:	80 09 01 0c 	lwz     r0,268(r9)
    8734:	7d 23 4b 78 	mr      r3,r9
    8738:	7c 09 03 a6 	mtctr   r0
    873c:	4e 80 04 21 	bctrl
    8740:	2f 83 00 00 	cmpwi   cr7,r3,0
    8744:	41 9e 00 40 	beq     cr7,8784 <_start+0x618>
    8748:	81 3e 04 e0 	lwz     r9,1248(r30)
    874c:	7f e4 fb 78 	mr      r4,r31
    8750:	80 09 00 ac 	lwz     r0,172(r9)
    8754:	7d 23 4b 78 	mr      r3,r9
    8758:	7c 09 03 a6 	mtctr   r0
    875c:	4e 80 04 21 	bctrl
    8760:	38 60 00 00 	li      r3,0
    8764:	80 01 00 34 	lwz     r0,52(r1)
    8768:	83 81 00 20 	lwz     r28,32(r1)
    876c:	7c 08 03 a6 	mtlr    r0
    8770:	83 a1 00 24 	lwz     r29,36(r1)
    8774:	83 c1 00 28 	lwz     r30,40(r1)
    8778:	83 e1 00 2c 	lwz     r31,44(r1)
    877c:	38 21 00 30 	addi    r1,r1,48
    8780:	4e 80 00 20 	blr
    8784:	81 3e 04 e0 	lwz     r9,1248(r30)
    8788:	7f e4 fb 78 	mr      r4,r31
    878c:	80 09 00 ac 	lwz     r0,172(r9)
    8790:	7d 23 4b 78 	mr      r3,r9
    8794:	7c 09 03 a6 	mtctr   r0
    8798:	4e 80 04 21 	bctrl
    879c:	80 01 00 34 	lwz     r0,52(r1)
    87a0:	38 60 00 01 	li      r3,1
    87a4:	83 81 00 20 	lwz     r28,32(r1)
    87a8:	7c 08 03 a6 	mtlr    r0
    87ac:	83 a1 00 24 	lwz     r29,36(r1)
    87b0:	83 c1 00 28 	lwz     r30,40(r1)
    87b4:	83 e1 00 2c 	lwz     r31,44(r1)
    87b8:	38 21 00 30 	addi    r1,r1,48
    87bc:	4e 80 00 20 	blr
    87c0:	94 21 ff e0 	stwu    r1,-32(r1)
    87c4:	7c 08 02 a6 	mflr    r0
    87c8:	93 e1 00 1c 	stw     r31,28(r1)
    87cc:	3f e0 00 01 	lis     r31,1
    87d0:	80 9f 05 18 	lwz     r4,1304(r31)
    87d4:	90 01 00 24 	stw     r0,36(r1)
    87d8:	2f 84 00 00 	cmpwi   cr7,r4,0
    87dc:	93 61 00 0c 	stw     r27,12(r1)
    87e0:	93 81 00 10 	stw     r28,16(r1)
    87e4:	93 a1 00 14 	stw     r29,20(r1)
    87e8:	93 c1 00 18 	stw     r30,24(r1)
    87ec:	41 9e 00 24 	beq     cr7,8810 <_start+0x6a4>
    87f0:	3d 20 00 01 	lis     r9,1
    87f4:	81 29 04 e0 	lwz     r9,1248(r9)
    87f8:	80 09 00 ac 	lwz     r0,172(r9)
    87fc:	7d 23 4b 78 	mr      r3,r9
    8800:	7c 09 03 a6 	mtctr   r0
    8804:	4e 80 04 21 	bctrl
    8808:	38 00 00 00 	li      r0,0
    880c:	90 1f 05 18 	stw     r0,1304(r31)
    8810:	3f 60 00 01 	lis     r27,1
    8814:	80 1b 05 08 	lwz     r0,1288(r27)
    8818:	2f 80 00 00 	cmpwi   cr7,r0,0
    881c:	40 9d 00 70 	ble     cr7,888c <_start+0x720>
    8820:	3f e0 00 01 	lis     r31,1
    8824:	3f a0 00 01 	lis     r29,1
    8828:	3b ff 05 88 	addi    r31,r31,1416
    882c:	3b bd 04 e0 	addi    r29,r29,1248
    8830:	3b c0 00 00 	li      r30,0
    8834:	3b 9b 05 08 	addi    r28,r27,1288
    8838:	80 9f 00 00 	lwz     r4,0(r31)
    883c:	3b de 00 01 	addi    r30,r30,1
    8840:	2f 84 00 00 	cmpwi   cr7,r4,0
    8844:	41 9e 00 18 	beq     cr7,885c <_start+0x6f0>
    8848:	81 3d 00 00 	lwz     r9,0(r29)
    884c:	80 09 01 c8 	lwz     r0,456(r9)
    8850:	7d 23 4b 78 	mr      r3,r9
    8854:	7c 09 03 a6 	mtctr   r0
    8858:	4e 80 04 21 	bctrl
    885c:	80 9f ff fc 	lwz     r4,-4(r31)
    8860:	3b ff 00 1c 	addi    r31,r31,28
    8864:	2f 84 00 00 	cmpwi   cr7,r4,0
    8868:	41 9e 00 18 	beq     cr7,8880 <_start+0x714>
    886c:	81 3d 00 00 	lwz     r9,0(r29)
    8870:	80 09 01 ac 	lwz     r0,428(r9)
    8874:	7d 23 4b 78 	mr      r3,r9
    8878:	7c 09 03 a6 	mtctr   r0
    887c:	4e 80 04 21 	bctrl
    8880:	80 1c 00 00 	lwz     r0,0(r28)
    8884:	7f 80 f0 00 	cmpw    cr7,r0,r30
    8888:	41 9d ff b0 	bgt     cr7,8838 <_start+0x6cc>
    888c:	3f e0 00 01 	lis     r31,1
    8890:	80 9f 04 f4 	lwz     r4,1268(r31)
    8894:	2f 84 00 00 	cmpwi   cr7,r4,0
    8898:	41 9e 00 24 	beq     cr7,88bc <_start+0x750>
    889c:	3d 20 00 01 	lis     r9,1
    88a0:	81 29 04 e0 	lwz     r9,1248(r9)
    88a4:	80 09 01 ac 	lwz     r0,428(r9)
    88a8:	7d 23 4b 78 	mr      r3,r9
    88ac:	7c 09 03 a6 	mtctr   r0
    88b0:	4e 80 04 21 	bctrl
    88b4:	38 00 00 00 	li      r0,0
    88b8:	90 1f 04 f4 	stw     r0,1268(r31)
    88bc:	38 00 00 00 	li      r0,0
    88c0:	3d 20 00 01 	lis     r9,1
    88c4:	83 81 00 10 	lwz     r28,16(r1)
    88c8:	90 09 04 e4 	stw     r0,1252(r9)
    88cc:	3d 20 00 01 	lis     r9,1
    88d0:	90 1b 05 08 	stw     r0,1288(r27)
    88d4:	90 09 04 ec 	stw     r0,1260(r9)
    88d8:	80 01 00 24 	lwz     r0,36(r1)
    88dc:	83 61 00 0c 	lwz     r27,12(r1)
    88e0:	7c 08 03 a6 	mtlr    r0
    88e4:	83 a1 00 14 	lwz     r29,20(r1)
    88e8:	83 c1 00 18 	lwz     r30,24(r1)
    88ec:	83 e1 00 1c 	lwz     r31,28(r1)
    88f0:	38 21 00 20 	addi    r1,r1,32
    88f4:	4e 80 00 20 	blr
    88f8:	81 23 00 14 	lwz     r9,20(r3)
    88fc:	38 09 00 01 	addi    r0,r9,1
    8900:	90 03 00 14 	stw     r0,20(r3)
    8904:	7d 23 4b 78 	mr      r3,r9
    8908:	4e 80 00 20 	blr
    890c:	81 23 00 14 	lwz     r9,20(r3)
    8910:	38 09 ff ff 	addi    r0,r9,-1
    8914:	90 03 00 14 	stw     r0,20(r3)
    8918:	7d 23 4b 78 	mr      r3,r9
    891c:	4e 80 00 20 	blr
    8920:	94 21 ff 70 	stwu    r1,-144(r1)
    8924:	7c 08 02 a6 	mflr    r0
    8928:	7d 80 00 26 	mfcr    r12
    892c:	90 01 00 94 	stw     r0,148(r1)
    8930:	38 00 00 14 	li      r0,20
    8934:	93 c1 00 88 	stw     r30,136(r1)
    8938:	3f c0 00 01 	lis     r30,1
    893c:	7c 09 03 a6 	mtctr   r0
    8940:	91 c1 00 48 	stw     r14,72(r1)
    8944:	91 e1 00 4c 	stw     r15,76(r1)
    8948:	92 01 00 50 	stw     r16,80(r1)
    894c:	92 21 00 54 	stw     r17,84(r1)
    8950:	92 41 00 58 	stw     r18,88(r1)
    8954:	92 61 00 5c 	stw     r19,92(r1)
    8958:	92 a1 00 64 	stw     r21,100(r1)
    895c:	92 c1 00 68 	stw     r22,104(r1)
    8960:	92 e1 00 6c 	stw     r23,108(r1)
    8964:	93 01 00 70 	stw     r24,112(r1)
    8968:	93 21 00 74 	stw     r25,116(r1)
    896c:	93 41 00 78 	stw     r26,120(r1)
    8970:	93 61 00 7c 	stw     r27,124(r1)
    8974:	93 81 00 80 	stw     r28,128(r1)
    8978:	93 a1 00 84 	stw     r29,132(r1)
    897c:	91 81 00 44 	stw     r12,68(r1)
    8980:	92 81 00 60 	stw     r20,96(r1)
    8984:	3a 9e 05 24 	addi    r20,r30,1316
    8988:	93 e1 00 8c 	stw     r31,140(r1)
    898c:	7e 89 a3 78 	mr      r9,r20
    8990:	3b e0 00 00 	li      r31,0
    8994:	93 e9 00 00 	stw     r31,0(r9)
    8998:	39 29 00 04 	addi    r9,r9,4
    899c:	42 00 ff f8 	bdnz    8994 <_start+0x828>
    89a0:	3c 00 80 00 	lis     r0,-32768
    89a4:	93 e1 00 14 	stw     r31,20(r1)
    89a8:	3f 60 00 01 	lis     r27,1
    89ac:	60 00 00 01 	ori     r0,r0,1
    89b0:	93 e1 00 18 	stw     r31,24(r1)
    89b4:	38 80 04 00 	li      r4,1024
    89b8:	90 01 00 08 	stw     r0,8(r1)
    89bc:	38 00 08 00 	li      r0,2048
    89c0:	90 01 00 0c 	stw     r0,12(r1)
    89c4:	3c 00 80 00 	lis     r0,-32768
    89c8:	60 00 00 06 	ori     r0,r0,6
    89cc:	81 3b 04 e0 	lwz     r9,1248(r27)
    89d0:	90 01 00 10 	stw     r0,16(r1)
    89d4:	7d 23 4b 78 	mr      r3,r9
    89d8:	80 09 03 a8 	lwz     r0,936(r9)
    89dc:	7c 09 03 a6 	mtctr   r0
    89e0:	4e 80 04 21 	bctrl
    89e4:	2d 83 00 00 	cmpwi   cr3,r3,0
    89e8:	7c 7a 1b 78 	mr      r26,r3
    89ec:	41 8e 08 c0 	beq     cr3,92ac <_start+0x1140>
    89f0:	3f 20 00 01 	lis     r25,1
    89f4:	3c 80 00 01 	lis     r4,1
    89f8:	81 39 04 b8 	lwz     r9,1208(r25)
    89fc:	38 84 b3 40 	addi    r4,r4,-19648
    8a00:	7f 45 d3 78 	mr      r5,r26
    8a04:	38 c0 04 00 	li      r6,1024
    8a08:	38 e0 00 00 	li      r7,0
    8a0c:	80 09 02 d0 	lwz     r0,720(r9)
    8a10:	7d 23 4b 78 	mr      r3,r9
    8a14:	7c 09 03 a6 	mtctr   r0
    8a18:	4e 80 04 21 	bctrl
    8a1c:	2f 83 ff ff 	cmpwi   cr7,r3,-1
    8a20:	41 9e 07 18 	beq     cr7,9138 <_start+0xfcc>
    8a24:	7f 43 d3 78 	mr      r3,r26
    8a28:	48 00 21 45 	bl      ab6c <_start+0x2a00>
    8a2c:	3d 20 00 01 	lis     r9,1
    8a30:	3c 80 00 01 	lis     r4,1
    8a34:	90 69 05 04 	stw     r3,1284(r9)
    8a38:	38 84 b3 54 	addi    r4,r4,-19628
    8a3c:	7f 45 d3 78 	mr      r5,r26
    8a40:	81 39 04 b8 	lwz     r9,1208(r25)
    8a44:	38 c0 04 00 	li      r6,1024
    8a48:	38 e0 00 00 	li      r7,0
    8a4c:	80 09 02 d0 	lwz     r0,720(r9)
    8a50:	7d 23 4b 78 	mr      r3,r9
    8a54:	7c 09 03 a6 	mtctr   r0
    8a58:	4e 80 04 21 	bctrl
    8a5c:	2f 83 ff ff 	cmpwi   cr7,r3,-1
    8a60:	41 9e 07 10 	beq     cr7,9170 <_start+0x1004>
    8a64:	7f 43 d3 78 	mr      r3,r26
    8a68:	3b e0 00 01 	li      r31,1
    8a6c:	48 00 21 19 	bl      ab84 <_start+0x2a18>
    8a70:	3d 20 80 00 	lis     r9,-32768
    8a74:	38 00 00 00 	li      r0,0
    8a78:	93 e1 00 24 	stw     r31,36(r1)
    8a7c:	61 29 00 01 	ori     r9,r9,1
    8a80:	90 01 00 28 	stw     r0,40(r1)
    8a84:	38 83 00 01 	addi    r4,r3,1
    8a88:	91 21 00 08 	stw     r9,8(r1)
    8a8c:	39 20 10 00 	li      r9,4096
    8a90:	3e e0 00 01 	lis     r23,1
    8a94:	91 21 00 0c 	stw     r9,12(r1)
    8a98:	3d 20 80 00 	lis     r9,-32768
    8a9c:	3f 80 00 01 	lis     r28,1
    8aa0:	61 29 00 03 	ori     r9,r9,3
    8aa4:	90 01 00 14 	stw     r0,20(r1)
    8aa8:	91 21 00 10 	stw     r9,16(r1)
    8aac:	3d 20 80 00 	lis     r9,-32768
    8ab0:	61 29 00 06 	ori     r9,r9,6
    8ab4:	90 01 00 1c 	stw     r0,28(r1)
    8ab8:	91 21 00 18 	stw     r9,24(r1)
    8abc:	3d 20 80 00 	lis     r9,-32768
    8ac0:	61 29 00 08 	ori     r9,r9,8
    8ac4:	91 21 00 20 	stw     r9,32(r1)
    8ac8:	81 3b 04 e0 	lwz     r9,1248(r27)
    8acc:	80 09 03 a8 	lwz     r0,936(r9)
    8ad0:	7d 23 4b 78 	mr      r3,r9
    8ad4:	7c 09 03 a6 	mtctr   r0
    8ad8:	4e 80 04 21 	bctrl
    8adc:	2f 83 00 00 	cmpwi   cr7,r3,0
    8ae0:	90 77 05 18 	stw     r3,1304(r23)
    8ae4:	41 9e 07 10 	beq     cr7,91f4 <_start+0x1088>
    8ae8:	7f 44 d3 78 	mr      r4,r26
    8aec:	3f a0 00 01 	lis     r29,1
    8af0:	48 00 20 8d 	bl      ab7c <_start+0x2a10>
    8af4:	81 3c 04 e0 	lwz     r9,1248(r28)
    8af8:	38 a0 00 00 	li      r5,0
    8afc:	3a c0 00 00 	li      r22,0
    8b00:	80 97 05 18 	lwz     r4,1304(r23)
    8b04:	80 09 01 a8 	lwz     r0,424(r9)
    8b08:	7d 23 4b 78 	mr      r3,r9
    8b0c:	7c 09 03 a6 	mtctr   r0
    8b10:	4e 80 04 21 	bctrl
    8b14:	2f 83 00 00 	cmpwi   cr7,r3,0
    8b18:	90 7d 04 ec 	stw     r3,1260(r29)
    8b1c:	41 9e 00 88 	beq     cr7,8ba4 <_start+0xa38>
    8b20:	81 3c 04 e0 	lwz     r9,1248(r28)
    8b24:	3c a0 00 01 	lis     r5,1
    8b28:	7c 64 1b 78 	mr      r4,r3
    8b2c:	38 a5 b2 c0 	addi    r5,r5,-19776
    8b30:	38 c0 00 01 	li      r6,1
    8b34:	80 09 01 c0 	lwz     r0,448(r9)
    8b38:	7d 23 4b 78 	mr      r3,r9
    8b3c:	38 e0 00 00 	li      r7,0
    8b40:	3a c0 00 01 	li      r22,1
    8b44:	7c 09 03 a6 	mtctr   r0
    8b48:	4e 80 04 21 	bctrl
    8b4c:	3d 60 00 01 	lis     r11,1
    8b50:	80 03 01 20 	lwz     r0,288(r3)
    8b54:	3b 8b 05 74 	addi    r28,r11,1396
    8b58:	93 eb 05 74 	stw     r31,1396(r11)
    8b5c:	7c 09 03 a6 	mtctr   r0
    8b60:	90 7c 00 14 	stw     r3,20(r28)
    8b64:	4e 80 04 21 	bctrl
    8b68:	81 3c 00 14 	lwz     r9,20(r28)
    8b6c:	90 7c 00 04 	stw     r3,4(r28)
    8b70:	80 09 01 30 	lwz     r0,304(r9)
    8b74:	7d 23 4b 78 	mr      r3,r9
    8b78:	7c 09 03 a6 	mtctr   r0
    8b7c:	4e 80 04 21 	bctrl
    8b80:	3d 20 00 01 	lis     r9,1
    8b84:	80 1d 04 ec 	lwz     r0,1260(r29)
    8b88:	81 69 05 08 	lwz     r11,1288(r9)
    8b8c:	93 9e 05 24 	stw     r28,1316(r30)
    8b90:	39 6b 00 01 	addi    r11,r11,1
    8b94:	90 7c 00 08 	stw     r3,8(r28)
    8b98:	91 69 05 08 	stw     r11,1288(r9)
    8b9c:	b3 fc 00 0c 	sth     r31,12(r28)
    8ba0:	90 1c 00 10 	stw     r0,16(r28)
    8ba4:	81 39 04 b8 	lwz     r9,1208(r25)
    8ba8:	3c 80 00 01 	lis     r4,1
    8bac:	7f 45 d3 78 	mr      r5,r26
    8bb0:	38 84 b3 68 	addi    r4,r4,-19608
    8bb4:	38 c0 04 00 	li      r6,1024
    8bb8:	80 09 02 d0 	lwz     r0,720(r9)
    8bbc:	7d 23 4b 78 	mr      r3,r9
    8bc0:	38 e0 00 00 	li      r7,0
    8bc4:	7c 09 03 a6 	mtctr   r0
    8bc8:	4e 80 04 21 	bctrl
    8bcc:	2f 83 ff ff 	cmpwi   cr7,r3,-1
    8bd0:	41 9e 05 e0 	beq     cr7,91b0 <_start+0x1044>
    8bd4:	7f 43 d3 78 	mr      r3,r26
    8bd8:	48 00 1f 95 	bl      ab6c <_start+0x2a00>
    8bdc:	3d 20 00 01 	lis     r9,1
    8be0:	2f 83 1f ff 	cmpwi   cr7,r3,8191
    8be4:	90 69 05 20 	stw     r3,1312(r9)
    8be8:	40 9d 06 cc 	ble     cr7,92b4 <_start+0x1148>
    8bec:	3c 00 80 00 	lis     r0,-32768
    8bf0:	3b e0 00 00 	li      r31,0
    8bf4:	81 39 04 b8 	lwz     r9,1208(r25)
    8bf8:	60 00 07 d6 	ori     r0,r0,2006
    8bfc:	93 e1 00 0c 	stw     r31,12(r1)
    8c00:	38 80 00 06 	li      r4,6
    8c04:	93 e1 00 10 	stw     r31,16(r1)
    8c08:	7d 23 4b 78 	mr      r3,r9
    8c0c:	90 01 00 08 	stw     r0,8(r1)
    8c10:	80 09 00 d8 	lwz     r0,216(r9)
    8c14:	7c 09 03 a6 	mtctr   r0
    8c18:	4e 80 04 21 	bctrl
    8c1c:	3c 00 80 00 	lis     r0,-32768
    8c20:	93 e1 00 28 	stw     r31,40(r1)
    8c24:	38 80 01 00 	li      r4,256
    8c28:	60 00 00 01 	ori     r0,r0,1
    8c2c:	93 e1 00 14 	stw     r31,20(r1)
    8c30:	7c 7e 1b 78 	mr      r30,r3
    8c34:	90 01 00 08 	stw     r0,8(r1)
    8c38:	38 00 10 00 	li      r0,4096
    8c3c:	90 01 00 0c 	stw     r0,12(r1)
    8c40:	3c 00 80 00 	lis     r0,-32768
    8c44:	60 00 00 03 	ori     r0,r0,3
    8c48:	93 e1 00 1c 	stw     r31,28(r1)
    8c4c:	90 01 00 10 	stw     r0,16(r1)
    8c50:	3c 00 80 00 	lis     r0,-32768
    8c54:	60 00 00 06 	ori     r0,r0,6
    8c58:	81 3b 04 e0 	lwz     r9,1248(r27)
    8c5c:	90 01 00 18 	stw     r0,24(r1)
    8c60:	3c 00 80 00 	lis     r0,-32768
    8c64:	60 00 00 08 	ori     r0,r0,8
    8c68:	7d 23 4b 78 	mr      r3,r9
    8c6c:	90 01 00 20 	stw     r0,32(r1)
    8c70:	38 00 00 01 	li      r0,1
    8c74:	90 01 00 24 	stw     r0,36(r1)
    8c78:	80 09 03 a8 	lwz     r0,936(r9)
    8c7c:	7c 09 03 a6 	mtctr   r0
    8c80:	4e 80 04 21 	bctrl
    8c84:	2f 9e 00 00 	cmpwi   cr7,r30,0
    8c88:	7c 7f 1b 78 	mr      r31,r3
    8c8c:	2e 03 00 00 	cmpwi   cr4,r3,0
    8c90:	41 9e 05 48 	beq     cr7,91d8 <_start+0x106c>
    8c94:	41 92 05 2c 	beq     cr4,91c0 <_start+0x1054>
    8c98:	3d 20 00 01 	lis     r9,1
    8c9c:	3c 80 00 01 	lis     r4,1
    8ca0:	81 29 04 b8 	lwz     r9,1208(r9)
    8ca4:	38 84 b3 7c 	addi    r4,r4,-19588
    8ca8:	7f c5 f3 78 	mr      r5,r30
    8cac:	3e 60 00 01 	lis     r19,1
    8cb0:	80 09 02 98 	lwz     r0,664(r9)
    8cb4:	7d 23 4b 78 	mr      r3,r9
    8cb8:	7c 09 03 a6 	mtctr   r0
    8cbc:	4e 80 04 21 	bctrl
    8cc0:	2f 83 00 00 	cmpwi   cr7,r3,0
    8cc4:	40 9e 00 a8 	bne     cr7,8d6c <_start+0xc00>
    8cc8:	3f a0 00 01 	lis     r29,1
    8ccc:	3f 80 00 01 	lis     r28,1
    8cd0:	3b bd b3 a0 	addi    r29,r29,-19552
    8cd4:	3b 9c 04 e0 	addi    r28,r28,1248
    8cd8:	3a be 00 38 	addi    r21,r30,56
    8cdc:	3b 13 04 f4 	addi    r24,r19,1268
    8ce0:	3a 59 04 b8 	addi    r18,r25,1208
    8ce4:	48 00 00 20 	b       8d04 <_start+0xb98>
    8ce8:	81 32 00 00 	lwz     r9,0(r18)
    8cec:	80 09 02 9c 	lwz     r0,668(r9)
    8cf0:	7d 23 4b 78 	mr      r3,r9
    8cf4:	7c 09 03 a6 	mtctr   r0
    8cf8:	4e 80 04 21 	bctrl
    8cfc:	2f 83 00 00 	cmpwi   cr7,r3,0
    8d00:	40 9e 00 6c 	bne     cr7,8d6c <_start+0xc00>
    8d04:	81 5d 00 00 	lwz     r10,0(r29)
    8d08:	7e a4 ab 78 	mr      r4,r21
    8d0c:	7f e3 fb 78 	mr      r3,r31
    8d10:	81 7d 00 04 	lwz     r11,4(r29)
    8d14:	81 3d 00 08 	lwz     r9,8(r29)
    8d18:	80 1d 00 0c 	lwz     r0,12(r29)
    8d1c:	91 5f 00 00 	stw     r10,0(r31)
    8d20:	91 7f 00 04 	stw     r11,4(r31)
    8d24:	91 3f 00 08 	stw     r9,8(r31)
    8d28:	90 1f 00 0c 	stw     r0,12(r31)
    8d2c:	a1 3d 00 10 	lhz     r9,16(r29)
    8d30:	88 1d 00 12 	lbz     r0,18(r29)
    8d34:	b1 3f 00 10 	sth     r9,16(r31)
    8d38:	98 1f 00 12 	stb     r0,18(r31)
    8d3c:	48 00 1e 39 	bl      ab74 <_start+0x2a08>
    8d40:	81 3c 00 00 	lwz     r9,0(r28)
    8d44:	7f e4 fb 78 	mr      r4,r31
    8d48:	38 a0 00 00 	li      r5,0
    8d4c:	80 09 01 a8 	lwz     r0,424(r9)
    8d50:	7d 23 4b 78 	mr      r3,r9
    8d54:	7c 09 03 a6 	mtctr   r0
    8d58:	4e 80 04 21 	bctrl
    8d5c:	7f c4 f3 78 	mr      r4,r30
    8d60:	2f 83 00 00 	cmpwi   cr7,r3,0
    8d64:	90 78 00 00 	stw     r3,0(r24)
    8d68:	41 9e ff 80 	beq     cr7,8ce8 <_start+0xb7c>
    8d6c:	81 39 04 b8 	lwz     r9,1208(r25)
    8d70:	7f c4 f3 78 	mr      r4,r30
    8d74:	3e 20 00 01 	lis     r17,1
    8d78:	80 09 02 a0 	lwz     r0,672(r9)
    8d7c:	7d 23 4b 78 	mr      r3,r9
    8d80:	7c 09 03 a6 	mtctr   r0
    8d84:	4e 80 04 21 	bctrl
    8d88:	80 93 04 f4 	lwz     r4,1268(r19)
    8d8c:	2f 84 00 00 	cmpwi   cr7,r4,0
    8d90:	41 9e 04 30 	beq     cr7,91c0 <_start+0x1054>
    8d94:	81 3b 04 e0 	lwz     r9,1248(r27)
    8d98:	3e 00 00 01 	lis     r16,1
    8d9c:	38 c0 00 01 	li      r6,1
    8da0:	3a 10 b2 c0 	addi    r16,r16,-19776
    8da4:	38 e0 00 00 	li      r7,0
    8da8:	80 09 01 c0 	lwz     r0,448(r9)
    8dac:	7d 23 4b 78 	mr      r3,r9
    8db0:	7e 05 83 78 	mr      r5,r16
    8db4:	7c 09 03 a6 	mtctr   r0
    8db8:	4e 80 04 21 	bctrl
    8dbc:	3d 60 00 01 	lis     r11,1
    8dc0:	2f 83 00 00 	cmpwi   cr7,r3,0
    8dc4:	90 6b 04 f8 	stw     r3,1272(r11)
    8dc8:	41 9e 03 f8 	beq     cr7,91c0 <_start+0x1054>
    8dcc:	80 03 00 64 	lwz     r0,100(r3)
    8dd0:	3e 40 00 01 	lis     r18,1
    8dd4:	7c 09 03 a6 	mtctr   r0
    8dd8:	4e 80 04 21 	bctrl
    8ddc:	81 31 04 b8 	lwz     r9,1208(r17)
    8de0:	3c 80 00 01 	lis     r4,1
    8de4:	7f c5 f3 78 	mr      r5,r30
    8de8:	90 72 05 0c 	stw     r3,1292(r18)
    8dec:	38 84 b3 b4 	addi    r4,r4,-19532
    8df0:	80 09 02 98 	lwz     r0,664(r9)
    8df4:	7d 23 4b 78 	mr      r3,r9
    8df8:	7c 09 03 a6 	mtctr   r0
    8dfc:	4e 80 04 21 	bctrl
    8e00:	2f 83 00 00 	cmpwi   cr7,r3,0
    8e04:	40 9e 02 a0 	bne     cr7,90a4 <_start+0xf38>
    8e08:	3f 80 00 01 	lis     r28,1
    8e0c:	3e a0 00 01 	lis     r21,1
    8e10:	3b 9c 04 e0 	addi    r28,r28,1248
    8e14:	3f 00 00 01 	lis     r24,1
    8e18:	3f a0 00 01 	lis     r29,1
    8e1c:	3d e0 00 01 	lis     r15,1
    8e20:	3d c0 00 01 	lis     r14,1
    8e24:	3a b5 04 fc 	addi    r21,r21,1276
    8e28:	3b 18 05 00 	addi    r24,r24,1280
    8e2c:	3a 31 04 b8 	addi    r17,r17,1208
    8e30:	3b bd b3 d8 	addi    r29,r29,-19496
    8e34:	39 ef 05 74 	addi    r15,r15,1396
    8e38:	39 ce 05 08 	addi    r14,r14,1288
    8e3c:	3a 5e 00 38 	addi    r18,r30,56
    8e40:	7f 93 e3 78 	mr      r19,r28
    8e44:	48 00 00 88 	b       8ecc <_start+0xd60>
    8e48:	3c e0 00 01 	lis     r7,1
    8e4c:	38 e7 04 ec 	addi    r7,r7,1260
    8e50:	81 27 00 00 	lwz     r9,0(r7)
    8e54:	2f 89 00 00 	cmpwi   cr7,r9,0
    8e58:	41 9e 01 30 	beq     cr7,8f88 <_start+0xe1c>
    8e5c:	81 33 00 00 	lwz     r9,0(r19)
    8e60:	3c e0 00 01 	lis     r7,1
    8e64:	38 e7 05 00 	addi    r7,r7,1280
    8e68:	80 09 01 c8 	lwz     r0,456(r9)
    8e6c:	7d 23 4b 78 	mr      r3,r9
    8e70:	80 87 00 00 	lwz     r4,0(r7)
    8e74:	7c 09 03 a6 	mtctr   r0
    8e78:	4e 80 04 21 	bctrl
    8e7c:	81 33 00 00 	lwz     r9,0(r19)
    8e80:	3c e0 00 01 	lis     r7,1
    8e84:	38 e7 04 fc 	addi    r7,r7,1276
    8e88:	80 09 01 ac 	lwz     r0,428(r9)
    8e8c:	7d 23 4b 78 	mr      r3,r9
    8e90:	80 87 00 00 	lwz     r4,0(r7)
    8e94:	7c 09 03 a6 	mtctr   r0
    8e98:	4e 80 04 21 	bctrl
    8e9c:	3c e0 00 01 	lis     r7,1
    8ea0:	38 00 00 00 	li      r0,0
    8ea4:	38 e7 04 fc 	addi    r7,r7,1276
    8ea8:	90 07 00 00 	stw     r0,0(r7)
    8eac:	81 31 00 00 	lwz     r9,0(r17)
    8eb0:	7f c4 f3 78 	mr      r4,r30
    8eb4:	80 09 02 9c 	lwz     r0,668(r9)
    8eb8:	7d 23 4b 78 	mr      r3,r9
    8ebc:	7c 09 03 a6 	mtctr   r0
    8ec0:	4e 80 04 21 	bctrl
    8ec4:	2f 83 00 00 	cmpwi   cr7,r3,0
    8ec8:	40 9e 01 dc 	bne     cr7,90a4 <_start+0xf38>
    8ecc:	81 5d 00 00 	lwz     r10,0(r29)
    8ed0:	7e 44 93 78 	mr      r4,r18
    8ed4:	7f e3 fb 78 	mr      r3,r31
    8ed8:	81 7d 00 04 	lwz     r11,4(r29)
    8edc:	81 3d 00 08 	lwz     r9,8(r29)
    8ee0:	80 1d 00 0c 	lwz     r0,12(r29)
    8ee4:	91 5f 00 00 	stw     r10,0(r31)
    8ee8:	91 7f 00 04 	stw     r11,4(r31)
    8eec:	91 3f 00 08 	stw     r9,8(r31)
    8ef0:	90 1f 00 0c 	stw     r0,12(r31)
    8ef4:	a0 1d 00 10 	lhz     r0,16(r29)
    8ef8:	b0 1f 00 10 	sth     r0,16(r31)
    8efc:	48 00 1c 79 	bl      ab74 <_start+0x2a08>
    8f00:	81 3c 00 00 	lwz     r9,0(r28)
    8f04:	7f e4 fb 78 	mr      r4,r31
    8f08:	38 a0 00 00 	li      r5,0
    8f0c:	80 09 01 a8 	lwz     r0,424(r9)
    8f10:	7d 23 4b 78 	mr      r3,r9
    8f14:	7c 09 03 a6 	mtctr   r0
    8f18:	4e 80 04 21 	bctrl
    8f1c:	2f 83 00 00 	cmpwi   cr7,r3,0
    8f20:	90 75 00 00 	stw     r3,0(r21)
    8f24:	41 be ff 88 	beq     cr7,8eac <_start+0xd40>
    8f28:	81 33 00 00 	lwz     r9,0(r19)
    8f2c:	7c 64 1b 78 	mr      r4,r3
    8f30:	7e 05 83 78 	mr      r5,r16
    8f34:	38 c0 00 01 	li      r6,1
    8f38:	38 e0 00 00 	li      r7,0
    8f3c:	80 09 01 c0 	lwz     r0,448(r9)
    8f40:	7d 23 4b 78 	mr      r3,r9
    8f44:	7c 09 03 a6 	mtctr   r0
    8f48:	4e 80 04 21 	bctrl
    8f4c:	2f 83 00 00 	cmpwi   cr7,r3,0
    8f50:	90 78 00 00 	stw     r3,0(r24)
    8f54:	41 be ff 58 	beq     cr7,8eac <_start+0xd40>
    8f58:	80 03 00 94 	lwz     r0,148(r3)
    8f5c:	3c e0 00 01 	lis     r7,1
    8f60:	3d 00 00 01 	lis     r8,1
    8f64:	38 e7 04 f4 	addi    r7,r7,1268
    8f68:	39 08 05 0c 	addi    r8,r8,1292
    8f6c:	7c 09 03 a6 	mtctr   r0
    8f70:	80 87 00 00 	lwz     r4,0(r7)
    8f74:	80 a8 00 00 	lwz     r5,0(r8)
    8f78:	4e 80 04 21 	bctrl
    8f7c:	2d 03 00 01 	cmpwi   cr2,r3,1
    8f80:	7c 60 1b 78 	mr      r0,r3
    8f84:	41 aa fe c4 	beq     cr2,8e48 <_start+0xcdc>
    8f88:	1d 76 00 1c 	mulli   r11,r22,28
    8f8c:	80 7e 00 2c 	lwz     r3,44(r30)
    8f90:	90 01 00 38 	stw     r0,56(r1)
    8f94:	91 61 00 3c 	stw     r11,60(r1)
    8f98:	4b ff f6 d1 	bl      8668 <_start+0x4fc>
    8f9c:	81 61 00 3c 	lwz     r11,60(r1)
    8fa0:	7c 6a 1b 78 	mr      r10,r3
    8fa4:	81 38 00 00 	lwz     r9,0(r24)
    8fa8:	7d 0f 5a 14 	add     r8,r15,r11
    8fac:	80 01 00 38 	lwz     r0,56(r1)
    8fb0:	91 01 00 30 	stw     r8,48(r1)
    8fb4:	7d 23 4b 78 	mr      r3,r9
    8fb8:	56 c8 10 3a 	slwi    r8,r22,2
    8fbc:	81 29 01 20 	lwz     r9,288(r9)
    8fc0:	7c 0f 59 2e 	stwx    r0,r15,r11
    8fc4:	80 e1 00 30 	lwz     r7,48(r1)
    8fc8:	7d 29 03 a6 	mtctr   r9
    8fcc:	91 41 00 34 	stw     r10,52(r1)
    8fd0:	7c f4 41 2e 	stwx    r7,r20,r8
    8fd4:	4e 80 04 21 	bctrl
    8fd8:	81 38 00 00 	lwz     r9,0(r24)
    8fdc:	80 e1 00 30 	lwz     r7,48(r1)
    8fe0:	90 67 00 04 	stw     r3,4(r7)
    8fe4:	7d 23 4b 78 	mr      r3,r9
    8fe8:	81 29 01 30 	lwz     r9,304(r9)
    8fec:	7d 29 03 a6 	mtctr   r9
    8ff0:	4e 80 04 21 	bctrl
    8ff4:	81 38 00 00 	lwz     r9,0(r24)
    8ff8:	80 e1 00 30 	lwz     r7,48(r1)
    8ffc:	90 67 00 08 	stw     r3,8(r7)
    9000:	7d 23 4b 78 	mr      r3,r9
    9004:	81 29 00 4c 	lwz     r9,76(r9)
    9008:	7d 29 03 a6 	mtctr   r9
    900c:	4e 80 04 21 	bctrl
    9010:	80 e1 00 30 	lwz     r7,48(r1)
    9014:	80 01 00 38 	lwz     r0,56(r1)
    9018:	90 67 00 18 	stw     r3,24(r7)
    901c:	81 41 00 34 	lwz     r10,52(r1)
    9020:	81 61 00 3c 	lwz     r11,60(r1)
    9024:	41 8a 02 9c 	beq     cr2,92c0 <_start+0x1154>
    9028:	39 00 00 00 	li      r8,0
    902c:	b1 07 00 0c 	sth     r8,12(r7)
    9030:	2f 8a 00 00 	cmpwi   cr7,r10,0
    9034:	80 15 00 00 	lwz     r0,0(r21)
    9038:	7d 6f 5a 14 	add     r11,r15,r11
    903c:	81 38 00 00 	lwz     r9,0(r24)
    9040:	90 0b 00 10 	stw     r0,16(r11)
    9044:	91 2b 00 14 	stw     r9,20(r11)
    9048:	41 9e 00 1c 	beq     cr7,9064 <_start+0xef8>
    904c:	3d 60 00 01 	lis     r11,1
    9050:	3c e0 00 01 	lis     r7,1
    9054:	39 6b 04 e4 	addi    r11,r11,1252
    9058:	38 e7 04 e8 	addi    r7,r7,1256
    905c:	90 0b 00 00 	stw     r0,0(r11)
    9060:	91 27 00 00 	stw     r9,0(r7)
    9064:	80 09 00 e4 	lwz     r0,228(r9)
    9068:	7d 23 4b 78 	mr      r3,r9
    906c:	3a d6 00 01 	addi    r22,r22,1
    9070:	7c 09 03 a6 	mtctr   r0
    9074:	4e 80 04 21 	bctrl
    9078:	81 2e 00 00 	lwz     r9,0(r14)
    907c:	7f c4 f3 78 	mr      r4,r30
    9080:	38 09 00 01 	addi    r0,r9,1
    9084:	81 31 00 00 	lwz     r9,0(r17)
    9088:	90 0e 00 00 	stw     r0,0(r14)
    908c:	80 09 02 9c 	lwz     r0,668(r9)
    9090:	7d 23 4b 78 	mr      r3,r9
    9094:	7c 09 03 a6 	mtctr   r0
    9098:	4e 80 04 21 	bctrl
    909c:	2f 83 00 00 	cmpwi   cr7,r3,0
    90a0:	41 9e fe 2c 	beq     cr7,8ecc <_start+0xd60>
    90a4:	81 39 04 b8 	lwz     r9,1208(r25)
    90a8:	7f c4 f3 78 	mr      r4,r30
    90ac:	80 09 02 a0 	lwz     r0,672(r9)
    90b0:	7d 23 4b 78 	mr      r3,r9
    90b4:	7c 09 03 a6 	mtctr   r0
    90b8:	4e 80 04 21 	bctrl
    90bc:	3c e0 00 01 	lis     r7,1
    90c0:	3d 00 00 01 	lis     r8,1
    90c4:	81 67 04 e4 	lwz     r11,1252(r7)
    90c8:	2f 8b 00 00 	cmpwi   cr7,r11,0
    90cc:	41 9e 01 fc 	beq     cr7,92c8 <_start+0x115c>
    90d0:	3d 20 00 01 	lis     r9,1
    90d4:	80 08 04 e8 	lwz     r0,1256(r8)
    90d8:	91 69 04 a8 	stw     r11,1192(r9)
    90dc:	3d 20 00 01 	lis     r9,1
    90e0:	90 09 04 a4 	stw     r0,1188(r9)
    90e4:	81 39 04 b8 	lwz     r9,1208(r25)
    90e8:	7f c5 f3 78 	mr      r5,r30
    90ec:	38 80 00 06 	li      r4,6
    90f0:	80 09 00 dc 	lwz     r0,220(r9)
    90f4:	7d 23 4b 78 	mr      r3,r9
    90f8:	7c 09 03 a6 	mtctr   r0
    90fc:	4e 80 04 21 	bctrl
    9100:	81 3b 04 e0 	lwz     r9,1248(r27)
    9104:	7f e4 fb 78 	mr      r4,r31
    9108:	80 09 00 ac 	lwz     r0,172(r9)
    910c:	7d 23 4b 78 	mr      r3,r9
    9110:	7c 09 03 a6 	mtctr   r0
    9114:	4e 80 04 21 	bctrl
    9118:	81 3b 04 e0 	lwz     r9,1248(r27)
    911c:	7f 44 d3 78 	mr      r4,r26
    9120:	80 09 00 ac 	lwz     r0,172(r9)
    9124:	7d 23 4b 78 	mr      r3,r9
    9128:	7c 09 03 a6 	mtctr   r0
    912c:	4e 80 04 21 	bctrl
    9130:	38 60 00 01 	li      r3,1
    9134:	48 00 01 10 	b       9244 <_start+0x10d8>
    9138:	3d 20 00 01 	lis     r9,1
    913c:	3c 80 00 01 	lis     r4,1
    9140:	93 e9 05 04 	stw     r31,1284(r9)
    9144:	38 84 b3 54 	addi    r4,r4,-19628
    9148:	7f 45 d3 78 	mr      r5,r26
    914c:	81 39 04 b8 	lwz     r9,1208(r25)
    9150:	38 c0 04 00 	li      r6,1024
    9154:	38 e0 00 00 	li      r7,0
    9158:	80 09 02 d0 	lwz     r0,720(r9)
    915c:	7d 23 4b 78 	mr      r3,r9
    9160:	7c 09 03 a6 	mtctr   r0
    9164:	4e 80 04 21 	bctrl
    9168:	2f 83 ff ff 	cmpwi   cr7,r3,-1
    916c:	40 be f8 f8 	bne     cr7,8a64 <_start+0x8f8>
    9170:	81 39 04 b8 	lwz     r9,1208(r25)
    9174:	38 00 00 00 	li      r0,0
    9178:	3e e0 00 01 	lis     r23,1
    917c:	90 17 05 18 	stw     r0,1304(r23)
    9180:	3c 80 00 01 	lis     r4,1
    9184:	7f 45 d3 78 	mr      r5,r26
    9188:	80 09 02 d0 	lwz     r0,720(r9)
    918c:	7d 23 4b 78 	mr      r3,r9
    9190:	38 84 b3 68 	addi    r4,r4,-19608
    9194:	38 c0 04 00 	li      r6,1024
    9198:	38 e0 00 00 	li      r7,0
    919c:	7c 09 03 a6 	mtctr   r0
    91a0:	3a c0 00 00 	li      r22,0
    91a4:	4e 80 04 21 	bctrl
    91a8:	2f 83 ff ff 	cmpwi   cr7,r3,-1
    91ac:	40 be fa 28 	bne     cr7,8bd4 <_start+0xa68>
    91b0:	3c 00 00 01 	lis     r0,1
    91b4:	3d 20 00 01 	lis     r9,1
    91b8:	90 09 05 20 	stw     r0,1312(r9)
    91bc:	4b ff fa 30 	b       8bec <_start+0xa80>
    91c0:	81 3b 04 e0 	lwz     r9,1248(r27)
    91c4:	7f c4 f3 78 	mr      r4,r30
    91c8:	80 09 00 ac 	lwz     r0,172(r9)
    91cc:	7d 23 4b 78 	mr      r3,r9
    91d0:	7c 09 03 a6 	mtctr   r0
    91d4:	4e 80 04 21 	bctrl
    91d8:	41 92 00 1c 	beq     cr4,91f4 <_start+0x1088>
    91dc:	81 3b 04 e0 	lwz     r9,1248(r27)
    91e0:	7f e4 fb 78 	mr      r4,r31
    91e4:	80 09 00 ac 	lwz     r0,172(r9)
    91e8:	7d 23 4b 78 	mr      r3,r9
    91ec:	7c 09 03 a6 	mtctr   r0
    91f0:	4e 80 04 21 	bctrl
    91f4:	41 8e 00 1c 	beq     cr3,9210 <_start+0x10a4>
    91f8:	81 3b 04 e0 	lwz     r9,1248(r27)
    91fc:	7f 44 d3 78 	mr      r4,r26
    9200:	80 09 00 ac 	lwz     r0,172(r9)
    9204:	7d 23 4b 78 	mr      r3,r9
    9208:	7c 09 03 a6 	mtctr   r0
    920c:	4e 80 04 21 	bctrl
    9210:	80 97 05 18 	lwz     r4,1304(r23)
    9214:	38 60 00 00 	li      r3,0
    9218:	2f 84 00 00 	cmpwi   cr7,r4,0
    921c:	41 9e 00 28 	beq     cr7,9244 <_start+0x10d8>
    9220:	81 3b 04 e0 	lwz     r9,1248(r27)
    9224:	80 09 00 ac 	lwz     r0,172(r9)
    9228:	7d 23 4b 78 	mr      r3,r9
    922c:	7c 09 03 a6 	mtctr   r0
    9230:	4e 80 04 21 	bctrl
    9234:	38 00 00 00 	li      r0,0
    9238:	3d 20 00 01 	lis     r9,1
    923c:	90 09 05 18 	stw     r0,1304(r9)
    9240:	38 60 00 00 	li      r3,0
    9244:	80 01 00 94 	lwz     r0,148(r1)
    9248:	81 81 00 44 	lwz     r12,68(r1)
    924c:	7c 08 03 a6 	mtlr    r0
    9250:	81 c1 00 48 	lwz     r14,72(r1)
    9254:	81 e1 00 4c 	lwz     r15,76(r1)
    9258:	7d 82 01 20 	mtcrf   32,r12
    925c:	7d 81 01 20 	mtcrf   16,r12
    9260:	82 01 00 50 	lwz     r16,80(r1)
    9264:	7d 80 81 20 	mtcrf   8,r12
    9268:	82 21 00 54 	lwz     r17,84(r1)
    926c:	82 41 00 58 	lwz     r18,88(r1)
    9270:	82 61 00 5c 	lwz     r19,92(r1)
    9274:	82 81 00 60 	lwz     r20,96(r1)
    9278:	82 a1 00 64 	lwz     r21,100(r1)
    927c:	82 c1 00 68 	lwz     r22,104(r1)
    9280:	82 e1 00 6c 	lwz     r23,108(r1)
    9284:	83 01 00 70 	lwz     r24,112(r1)
    9288:	83 21 00 74 	lwz     r25,116(r1)
    928c:	83 41 00 78 	lwz     r26,120(r1)
    9290:	83 61 00 7c 	lwz     r27,124(r1)
    9294:	83 81 00 80 	lwz     r28,128(r1)
    9298:	83 a1 00 84 	lwz     r29,132(r1)
    929c:	83 c1 00 88 	lwz     r30,136(r1)
    92a0:	83 e1 00 8c 	lwz     r31,140(r1)
    92a4:	38 21 00 90 	addi    r1,r1,144
    92a8:	4e 80 00 20 	blr
    92ac:	3e e0 00 01 	lis     r23,1
    92b0:	4b ff ff 44 	b       91f4 <_start+0x1088>
    92b4:	38 00 20 00 	li      r0,8192
    92b8:	90 09 05 20 	stw     r0,1312(r9)
    92bc:	4b ff f9 30 	b       8bec <_start+0xa80>
    92c0:	b0 07 00 0c 	sth     r0,12(r7)
    92c4:	4b ff fd 6c 	b       9030 <_start+0xec4>
    92c8:	3d 20 00 01 	lis     r9,1
    92cc:	80 09 05 08 	lwz     r0,1288(r9)
    92d0:	2f 80 00 00 	cmpwi   cr7,r0,0
    92d4:	40 9d 00 4c 	ble     cr7,9320 <_start+0x11b4>
    92d8:	1c 00 00 1c 	mulli   r0,r0,28
    92dc:	3d 20 00 01 	lis     r9,1
    92e0:	80 e8 04 e8 	lwz     r7,1256(r8)
    92e4:	39 29 05 84 	addi    r9,r9,1412
    92e8:	7d 49 02 14 	add     r10,r9,r0
    92ec:	a8 09 ff fc 	lha     r0,-4(r9)
    92f0:	2f 80 00 00 	cmpwi   cr7,r0,0
    92f4:	40 9e 00 0c 	bne     cr7,9300 <_start+0x1194>
    92f8:	81 69 00 00 	lwz     r11,0(r9)
    92fc:	80 e9 00 04 	lwz     r7,4(r9)
    9300:	39 29 00 1c 	addi    r9,r9,28
    9304:	7f 89 50 00 	cmpw    cr7,r9,r10
    9308:	40 9e ff e4 	bne     cr7,92ec <_start+0x1180>
    930c:	2f 8b 00 00 	cmpwi   cr7,r11,0
    9310:	3d 20 00 01 	lis     r9,1
    9314:	90 e8 04 e8 	stw     r7,1256(r8)
    9318:	91 69 04 e4 	stw     r11,1252(r9)
    931c:	40 be fd b4 	bne     cr7,90d0 <_start+0xf64>
    9320:	3d 20 00 01 	lis     r9,1
    9324:	80 09 04 ec 	lwz     r0,1260(r9)
    9328:	2f 80 00 00 	cmpwi   cr7,r0,0
    932c:	41 be fe 94 	beq     cr7,91c0 <_start+0x1054>
    9330:	3d 20 00 01 	lis     r9,1
    9334:	81 69 04 e8 	lwz     r11,1256(r9)
    9338:	3d 20 00 01 	lis     r9,1
    933c:	90 09 04 a8 	stw     r0,1192(r9)
    9340:	3d 20 00 01 	lis     r9,1
    9344:	91 69 04 a4 	stw     r11,1188(r9)
    9348:	4b ff fd 9c 	b       90e4 <_start+0xf78>
    934c:	94 21 ff f0 	stwu    r1,-16(r1)
    9350:	7c 08 02 a6 	mflr    r0
    9354:	38 80 00 00 	li      r4,0
    9358:	90 01 00 14 	stw     r0,20(r1)
    935c:	81 23 00 38 	lwz     r9,56(r3)
    9360:	a0 09 00 12 	lhz     r0,18(r9)
    9364:	7d 29 02 14 	add     r9,r9,r0
    9368:	81 29 00 04 	lwz     r9,4(r9)
    936c:	80 09 00 4c 	lwz     r0,76(r9)
    9370:	7d 23 4b 78 	mr      r3,r9
    9374:	7c 09 03 a6 	mtctr   r0
    9378:	4e 80 04 21 	bctrl
    937c:	80 01 00 14 	lwz     r0,20(r1)
    9380:	38 21 00 10 	addi    r1,r1,16
    9384:	7c 08 03 a6 	mtlr    r0
    9388:	4e 80 00 20 	blr
    938c:	94 21 ff f0 	stwu    r1,-16(r1)
    9390:	7c 08 02 a6 	mflr    r0
    9394:	90 01 00 14 	stw     r0,20(r1)
    9398:	81 23 00 38 	lwz     r9,56(r3)
    939c:	a0 09 00 12 	lhz     r0,18(r9)
    93a0:	7d 29 02 14 	add     r9,r9,r0
    93a4:	81 29 00 04 	lwz     r9,4(r9)
    93a8:	80 09 00 50 	lwz     r0,80(r9)
    93ac:	7d 23 4b 78 	mr      r3,r9
    93b0:	7c 09 03 a6 	mtctr   r0
    93b4:	4e 80 04 21 	bctrl
    93b8:	80 01 00 14 	lwz     r0,20(r1)
    93bc:	38 21 00 10 	addi    r1,r1,16
    93c0:	7c 08 03 a6 	mtlr    r0
    93c4:	4e 80 00 20 	blr
    93c8:	38 60 00 00 	li      r3,0
    93cc:	4e 80 00 20 	blr
    93d0:	38 60 00 00 	li      r3,0
    93d4:	4e 80 00 20 	blr
    93d8:	94 21 ff f0 	stwu    r1,-16(r1)
    93dc:	7c 08 02 a6 	mflr    r0
    93e0:	90 01 00 14 	stw     r0,20(r1)
    93e4:	81 23 00 38 	lwz     r9,56(r3)
    93e8:	80 a3 00 24 	lwz     r5,36(r3)
    93ec:	a0 09 00 12 	lhz     r0,18(r9)
    93f0:	80 83 00 20 	lwz     r4,32(r3)
    93f4:	7d 29 02 14 	add     r9,r9,r0
    93f8:	81 29 00 20 	lwz     r9,32(r9)
    93fc:	80 09 00 4c 	lwz     r0,76(r9)
    9400:	7d 23 4b 78 	mr      r3,r9
    9404:	7c 09 03 a6 	mtctr   r0
    9408:	4e 80 04 21 	bctrl
    940c:	80 01 00 14 	lwz     r0,20(r1)
    9410:	38 21 00 10 	addi    r1,r1,16
    9414:	7c 08 03 a6 	mtlr    r0
    9418:	4e 80 00 20 	blr
    941c:	94 21 ff f0 	stwu    r1,-16(r1)
    9420:	7c 08 02 a6 	mflr    r0
    9424:	90 01 00 14 	stw     r0,20(r1)
    9428:	81 23 00 38 	lwz     r9,56(r3)
    942c:	80 83 00 20 	lwz     r4,32(r3)
    9430:	a0 09 00 12 	lhz     r0,18(r9)
    9434:	7d 29 02 14 	add     r9,r9,r0
    9438:	81 29 00 20 	lwz     r9,32(r9)
    943c:	80 09 00 54 	lwz     r0,84(r9)
    9440:	7d 23 4b 78 	mr      r3,r9
    9444:	7c 09 03 a6 	mtctr   r0
    9448:	4e 80 04 21 	bctrl
    944c:	80 01 00 14 	lwz     r0,20(r1)
    9450:	38 21 00 10 	addi    r1,r1,16
    9454:	7c 08 03 a6 	mtlr    r0
    9458:	4e 80 00 20 	blr
    945c:	94 21 ff f0 	stwu    r1,-16(r1)
    9460:	7c 08 02 a6 	mflr    r0
    9464:	90 01 00 14 	stw     r0,20(r1)
    9468:	81 23 00 38 	lwz     r9,56(r3)
    946c:	80 a3 00 04 	lwz     r5,4(r3)
    9470:	a0 09 00 12 	lhz     r0,18(r9)
    9474:	80 83 00 20 	lwz     r4,32(r3)
    9478:	7d 29 02 14 	add     r9,r9,r0
    947c:	81 29 00 20 	lwz     r9,32(r9)
    9480:	80 09 00 58 	lwz     r0,88(r9)
    9484:	7d 23 4b 78 	mr      r3,r9
    9488:	7c 09 03 a6 	mtctr   r0
    948c:	4e 80 04 21 	bctrl
    9490:	80 01 00 14 	lwz     r0,20(r1)
    9494:	38 21 00 10 	addi    r1,r1,16
    9498:	7c 08 03 a6 	mtlr    r0
    949c:	4e 80 00 20 	blr
    94a0:	94 21 ff f0 	stwu    r1,-16(r1)
    94a4:	7c 08 02 a6 	mflr    r0
    94a8:	90 01 00 14 	stw     r0,20(r1)
    94ac:	81 23 00 38 	lwz     r9,56(r3)
    94b0:	80 c3 00 04 	lwz     r6,4(r3)
    94b4:	a0 09 00 12 	lhz     r0,18(r9)
    94b8:	80 83 00 20 	lwz     r4,32(r3)
    94bc:	7d 29 02 14 	add     r9,r9,r0
    94c0:	80 a3 00 00 	lwz     r5,0(r3)
    94c4:	81 29 00 20 	lwz     r9,32(r9)
    94c8:	80 09 00 5c 	lwz     r0,92(r9)
    94cc:	7d 23 4b 78 	mr      r3,r9
    94d0:	7c 09 03 a6 	mtctr   r0
    94d4:	4e 80 04 21 	bctrl
    94d8:	80 01 00 14 	lwz     r0,20(r1)
    94dc:	38 21 00 10 	addi    r1,r1,16
    94e0:	7c 08 03 a6 	mtlr    r0
    94e4:	4e 80 00 20 	blr
    94e8:	94 21 ff f0 	stwu    r1,-16(r1)
    94ec:	7c 08 02 a6 	mflr    r0
    94f0:	90 01 00 14 	stw     r0,20(r1)
    94f4:	81 23 00 38 	lwz     r9,56(r3)
    94f8:	a0 09 00 12 	lhz     r0,18(r9)
    94fc:	7d 29 02 14 	add     r9,r9,r0
    9500:	81 29 00 20 	lwz     r9,32(r9)
    9504:	80 09 00 60 	lwz     r0,96(r9)
    9508:	7d 23 4b 78 	mr      r3,r9
    950c:	7c 09 03 a6 	mtctr   r0
    9510:	4e 80 04 21 	bctrl
    9514:	80 01 00 14 	lwz     r0,20(r1)
    9518:	38 21 00 10 	addi    r1,r1,16
    951c:	7c 08 03 a6 	mtlr    r0
    9520:	4e 80 00 20 	blr
    9524:	94 21 ff f0 	stwu    r1,-16(r1)
    9528:	7c 08 02 a6 	mflr    r0
    952c:	90 01 00 14 	stw     r0,20(r1)
    9530:	81 23 00 38 	lwz     r9,56(r3)
    9534:	80 83 00 20 	lwz     r4,32(r3)
    9538:	a0 09 00 12 	lhz     r0,18(r9)
    953c:	7d 29 02 14 	add     r9,r9,r0
    9540:	81 29 00 20 	lwz     r9,32(r9)
    9544:	80 09 00 64 	lwz     r0,100(r9)
    9548:	7d 23 4b 78 	mr      r3,r9
    954c:	7c 09 03 a6 	mtctr   r0
    9550:	4e 80 04 21 	bctrl
    9554:	80 01 00 14 	lwz     r0,20(r1)
    9558:	38 21 00 10 	addi    r1,r1,16
    955c:	7c 08 03 a6 	mtlr    r0
    9560:	4e 80 00 20 	blr
    9564:	94 21 ff f0 	stwu    r1,-16(r1)
    9568:	7c 08 02 a6 	mflr    r0
    956c:	90 01 00 14 	stw     r0,20(r1)
    9570:	81 23 00 38 	lwz     r9,56(r3)
    9574:	80 83 00 20 	lwz     r4,32(r3)
    9578:	a0 09 00 12 	lhz     r0,18(r9)
    957c:	7d 29 02 14 	add     r9,r9,r0
    9580:	81 29 00 20 	lwz     r9,32(r9)
    9584:	80 09 00 68 	lwz     r0,104(r9)
    9588:	7d 23 4b 78 	mr      r3,r9
    958c:	7c 09 03 a6 	mtctr   r0
    9590:	4e 80 04 21 	bctrl
    9594:	80 01 00 14 	lwz     r0,20(r1)
    9598:	38 21 00 10 	addi    r1,r1,16
    959c:	7c 08 03 a6 	mtlr    r0
    95a0:	4e 80 00 20 	blr
    95a4:	94 21 ff f0 	stwu    r1,-16(r1)
    95a8:	7c 08 02 a6 	mflr    r0
    95ac:	90 01 00 14 	stw     r0,20(r1)
    95b0:	81 23 00 38 	lwz     r9,56(r3)
    95b4:	80 83 00 20 	lwz     r4,32(r3)
    95b8:	a0 09 00 12 	lhz     r0,18(r9)
    95bc:	7d 29 02 14 	add     r9,r9,r0
    95c0:	81 29 00 20 	lwz     r9,32(r9)
    95c4:	80 09 00 6c 	lwz     r0,108(r9)
    95c8:	7d 23 4b 78 	mr      r3,r9
    95cc:	7c 09 03 a6 	mtctr   r0
    95d0:	4e 80 04 21 	bctrl
    95d4:	80 01 00 14 	lwz     r0,20(r1)
    95d8:	38 21 00 10 	addi    r1,r1,16
    95dc:	7c 08 03 a6 	mtlr    r0
    95e0:	4e 80 00 20 	blr
    95e4:	94 21 ff f0 	stwu    r1,-16(r1)
    95e8:	7c 08 02 a6 	mflr    r0
    95ec:	90 01 00 14 	stw     r0,20(r1)
    95f0:	81 23 00 38 	lwz     r9,56(r3)
    95f4:	80 83 00 20 	lwz     r4,32(r3)
    95f8:	a0 09 00 12 	lhz     r0,18(r9)
    95fc:	7d 29 02 14 	add     r9,r9,r0
    9600:	81 29 00 20 	lwz     r9,32(r9)
    9604:	80 09 00 70 	lwz     r0,112(r9)
    9608:	7d 23 4b 78 	mr      r3,r9
    960c:	7c 09 03 a6 	mtctr   r0
    9610:	4e 80 04 21 	bctrl
    9614:	80 01 00 14 	lwz     r0,20(r1)
    9618:	38 21 00 10 	addi    r1,r1,16
    961c:	7c 08 03 a6 	mtlr    r0
    9620:	4e 80 00 20 	blr
    9624:	94 21 ff f0 	stwu    r1,-16(r1)
    9628:	7c 08 02 a6 	mflr    r0
    962c:	90 01 00 14 	stw     r0,20(r1)
    9630:	81 23 00 38 	lwz     r9,56(r3)
    9634:	80 c3 00 04 	lwz     r6,4(r3)
    9638:	a0 09 00 12 	lhz     r0,18(r9)
    963c:	80 83 00 20 	lwz     r4,32(r3)
    9640:	7d 29 02 14 	add     r9,r9,r0
    9644:	80 a3 00 00 	lwz     r5,0(r3)
    9648:	81 29 00 20 	lwz     r9,32(r9)
    964c:	80 09 00 74 	lwz     r0,116(r9)
    9650:	7d 23 4b 78 	mr      r3,r9
    9654:	7c 09 03 a6 	mtctr   r0
    9658:	4e 80 04 21 	bctrl
    965c:	80 01 00 14 	lwz     r0,20(r1)
    9660:	38 21 00 10 	addi    r1,r1,16
    9664:	7c 08 03 a6 	mtlr    r0
    9668:	4e 80 00 20 	blr
    966c:	94 21 ff f0 	stwu    r1,-16(r1)
    9670:	7c 08 02 a6 	mflr    r0
    9674:	90 01 00 14 	stw     r0,20(r1)
    9678:	81 23 00 38 	lwz     r9,56(r3)
    967c:	80 c3 00 04 	lwz     r6,4(r3)
    9680:	a0 09 00 12 	lhz     r0,18(r9)
    9684:	80 83 00 20 	lwz     r4,32(r3)
    9688:	7d 29 02 14 	add     r9,r9,r0
    968c:	80 a3 00 00 	lwz     r5,0(r3)
    9690:	81 29 00 20 	lwz     r9,32(r9)
    9694:	80 09 00 78 	lwz     r0,120(r9)
    9698:	7d 23 4b 78 	mr      r3,r9
    969c:	7c 09 03 a6 	mtctr   r0
    96a0:	4e 80 04 21 	bctrl
    96a4:	80 01 00 14 	lwz     r0,20(r1)
    96a8:	38 21 00 10 	addi    r1,r1,16
    96ac:	7c 08 03 a6 	mtlr    r0
    96b0:	4e 80 00 20 	blr
    96b4:	94 21 ff f0 	stwu    r1,-16(r1)
    96b8:	7c 08 02 a6 	mflr    r0
    96bc:	90 01 00 14 	stw     r0,20(r1)
    96c0:	81 23 00 38 	lwz     r9,56(r3)
    96c4:	80 c3 00 28 	lwz     r6,40(r3)
    96c8:	a0 09 00 12 	lhz     r0,18(r9)
    96cc:	80 83 00 20 	lwz     r4,32(r3)
    96d0:	7d 29 02 14 	add     r9,r9,r0
    96d4:	80 a3 00 24 	lwz     r5,36(r3)
    96d8:	81 29 00 20 	lwz     r9,32(r9)
    96dc:	80 09 00 7c 	lwz     r0,124(r9)
    96e0:	7d 23 4b 78 	mr      r3,r9
    96e4:	7c 09 03 a6 	mtctr   r0
    96e8:	4e 80 04 21 	bctrl
    96ec:	80 01 00 14 	lwz     r0,20(r1)
    96f0:	38 21 00 10 	addi    r1,r1,16
    96f4:	7c 08 03 a6 	mtlr    r0
    96f8:	4e 80 00 20 	blr
    96fc:	94 21 ff f0 	stwu    r1,-16(r1)
    9700:	7c 08 02 a6 	mflr    r0
    9704:	90 01 00 14 	stw     r0,20(r1)
    9708:	81 23 00 38 	lwz     r9,56(r3)
    970c:	80 a3 00 24 	lwz     r5,36(r3)
    9710:	a0 09 00 12 	lhz     r0,18(r9)
    9714:	80 83 00 20 	lwz     r4,32(r3)
    9718:	7d 29 02 14 	add     r9,r9,r0
    971c:	81 29 00 20 	lwz     r9,32(r9)
    9720:	80 09 00 84 	lwz     r0,132(r9)
    9724:	7d 23 4b 78 	mr      r3,r9
    9728:	7c 09 03 a6 	mtctr   r0
    972c:	4e 80 04 21 	bctrl
    9730:	80 01 00 14 	lwz     r0,20(r1)
    9734:	38 21 00 10 	addi    r1,r1,16
    9738:	7c 08 03 a6 	mtlr    r0
    973c:	4e 80 00 20 	blr
    9740:	94 21 ff f0 	stwu    r1,-16(r1)
    9744:	7c 08 02 a6 	mflr    r0
    9748:	90 01 00 14 	stw     r0,20(r1)
    974c:	81 23 00 38 	lwz     r9,56(r3)
    9750:	80 a3 00 24 	lwz     r5,36(r3)
    9754:	a0 09 00 12 	lhz     r0,18(r9)
    9758:	80 83 00 20 	lwz     r4,32(r3)
    975c:	7d 29 02 14 	add     r9,r9,r0
    9760:	81 29 00 20 	lwz     r9,32(r9)
    9764:	80 09 00 88 	lwz     r0,136(r9)
    9768:	7d 23 4b 78 	mr      r3,r9
    976c:	7c 09 03 a6 	mtctr   r0
    9770:	4e 80 04 21 	bctrl
    9774:	80 01 00 14 	lwz     r0,20(r1)
    9778:	38 21 00 10 	addi    r1,r1,16
    977c:	7c 08 03 a6 	mtlr    r0
    9780:	4e 80 00 20 	blr
    9784:	94 21 ff f0 	stwu    r1,-16(r1)
    9788:	7c 08 02 a6 	mflr    r0
    978c:	90 01 00 14 	stw     r0,20(r1)
    9790:	81 23 00 38 	lwz     r9,56(r3)
    9794:	80 83 00 20 	lwz     r4,32(r3)
    9798:	a0 09 00 12 	lhz     r0,18(r9)
    979c:	7d 29 02 14 	add     r9,r9,r0
    97a0:	81 29 00 20 	lwz     r9,32(r9)
    97a4:	80 09 00 8c 	lwz     r0,140(r9)
    97a8:	7d 23 4b 78 	mr      r3,r9
    97ac:	7c 09 03 a6 	mtctr   r0
    97b0:	4e 80 04 21 	bctrl
    97b4:	80 01 00 14 	lwz     r0,20(r1)
    97b8:	38 21 00 10 	addi    r1,r1,16
    97bc:	7c 08 03 a6 	mtlr    r0
    97c0:	4e 80 00 20 	blr
    97c4:	94 21 ff f0 	stwu    r1,-16(r1)
    97c8:	7c 08 02 a6 	mflr    r0
    97cc:	7c 69 1b 78 	mr      r9,r3
    97d0:	90 01 00 14 	stw     r0,20(r1)
    97d4:	81 63 00 38 	lwz     r11,56(r3)
    97d8:	80 e3 00 04 	lwz     r7,4(r3)
    97dc:	a0 0b 00 12 	lhz     r0,18(r11)
    97e0:	80 83 00 20 	lwz     r4,32(r3)
    97e4:	7d 6b 02 14 	add     r11,r11,r0
    97e8:	80 a3 00 24 	lwz     r5,36(r3)
    97ec:	81 6b 00 20 	lwz     r11,32(r11)
    97f0:	80 c9 00 00 	lwz     r6,0(r9)
    97f4:	80 0b 00 90 	lwz     r0,144(r11)
    97f8:	7d 63 5b 78 	mr      r3,r11
    97fc:	7c 09 03 a6 	mtctr   r0
    9800:	4e 80 04 21 	bctrl
    9804:	80 01 00 14 	lwz     r0,20(r1)
    9808:	38 21 00 10 	addi    r1,r1,16
    980c:	7c 08 03 a6 	mtlr    r0
    9810:	4e 80 00 20 	blr
    9814:	94 21 ff f0 	stwu    r1,-16(r1)
    9818:	7c 08 02 a6 	mflr    r0
    981c:	7c 69 1b 78 	mr      r9,r3
    9820:	90 01 00 14 	stw     r0,20(r1)
    9824:	81 63 00 38 	lwz     r11,56(r3)
    9828:	80 e3 00 28 	lwz     r7,40(r3)
    982c:	a0 0b 00 12 	lhz     r0,18(r11)
    9830:	80 83 00 20 	lwz     r4,32(r3)
    9834:	7d 6b 02 14 	add     r11,r11,r0
    9838:	80 a3 00 24 	lwz     r5,36(r3)
    983c:	81 6b 00 20 	lwz     r11,32(r11)
    9840:	80 c9 00 04 	lwz     r6,4(r9)
    9844:	80 0b 00 94 	lwz     r0,148(r11)
    9848:	7d 63 5b 78 	mr      r3,r11
    984c:	7c 09 03 a6 	mtctr   r0
    9850:	4e 80 04 21 	bctrl
    9854:	80 01 00 14 	lwz     r0,20(r1)
    9858:	38 21 00 10 	addi    r1,r1,16
    985c:	7c 08 03 a6 	mtlr    r0
    9860:	4e 80 00 20 	blr
    9864:	94 21 ff f0 	stwu    r1,-16(r1)
    9868:	7c 08 02 a6 	mflr    r0
    986c:	7c 69 1b 78 	mr      r9,r3
    9870:	90 01 00 14 	stw     r0,20(r1)
    9874:	81 63 00 38 	lwz     r11,56(r3)
    9878:	81 03 00 28 	lwz     r8,40(r3)
    987c:	a0 0b 00 12 	lhz     r0,18(r11)
    9880:	80 83 00 20 	lwz     r4,32(r3)
    9884:	7d 6b 02 14 	add     r11,r11,r0
    9888:	80 a3 00 24 	lwz     r5,36(r3)
    988c:	81 6b 00 20 	lwz     r11,32(r11)
    9890:	80 c9 00 00 	lwz     r6,0(r9)
    9894:	80 0b 00 98 	lwz     r0,152(r11)
    9898:	7d 63 5b 78 	mr      r3,r11
    989c:	80 e9 00 04 	lwz     r7,4(r9)
    98a0:	7c 09 03 a6 	mtctr   r0
    98a4:	4e 80 04 21 	bctrl
    98a8:	80 01 00 14 	lwz     r0,20(r1)
    98ac:	38 21 00 10 	addi    r1,r1,16
    98b0:	7c 08 03 a6 	mtlr    r0
    98b4:	4e 80 00 20 	blr
    98b8:	94 21 ff f0 	stwu    r1,-16(r1)
    98bc:	7c 08 02 a6 	mflr    r0
    98c0:	7c 69 1b 78 	mr      r9,r3
    98c4:	90 01 00 14 	stw     r0,20(r1)
    98c8:	81 63 00 38 	lwz     r11,56(r3)
    98cc:	81 03 00 2c 	lwz     r8,44(r3)
    98d0:	a0 0b 00 12 	lhz     r0,18(r11)
    98d4:	80 83 00 20 	lwz     r4,32(r3)
    98d8:	7d 6b 02 14 	add     r11,r11,r0
    98dc:	80 a3 00 24 	lwz     r5,36(r3)
    98e0:	81 6b 00 20 	lwz     r11,32(r11)
    98e4:	80 c9 00 28 	lwz     r6,40(r9)
    98e8:	80 0b 00 9c 	lwz     r0,156(r11)
    98ec:	7d 63 5b 78 	mr      r3,r11
    98f0:	80 e9 00 04 	lwz     r7,4(r9)
    98f4:	7c 09 03 a6 	mtctr   r0
    98f8:	4e 80 04 21 	bctrl
    98fc:	80 01 00 14 	lwz     r0,20(r1)
    9900:	38 21 00 10 	addi    r1,r1,16
    9904:	7c 08 03 a6 	mtlr    r0
    9908:	4e 80 00 20 	blr
    990c:	94 21 ff f0 	stwu    r1,-16(r1)
    9910:	7c 08 02 a6 	mflr    r0
    9914:	90 01 00 14 	stw     r0,20(r1)
    9918:	81 23 00 38 	lwz     r9,56(r3)
    991c:	80 a3 00 24 	lwz     r5,36(r3)
    9920:	a0 09 00 12 	lhz     r0,18(r9)
    9924:	80 83 00 20 	lwz     r4,32(r3)
    9928:	7d 29 02 14 	add     r9,r9,r0
    992c:	81 29 00 20 	lwz     r9,32(r9)
    9930:	80 09 00 a0 	lwz     r0,160(r9)
    9934:	7d 23 4b 78 	mr      r3,r9
    9938:	7c 09 03 a6 	mtctr   r0
    993c:	4e 80 04 21 	bctrl
    9940:	80 01 00 14 	lwz     r0,20(r1)
    9944:	38 21 00 10 	addi    r1,r1,16
    9948:	7c 08 03 a6 	mtlr    r0
    994c:	4e 80 00 20 	blr
    9950:	94 21 ff f0 	stwu    r1,-16(r1)
    9954:	7c 08 02 a6 	mflr    r0
    9958:	90 01 00 14 	stw     r0,20(r1)
    995c:	81 23 00 38 	lwz     r9,56(r3)
    9960:	80 a3 00 24 	lwz     r5,36(r3)
    9964:	a0 09 00 12 	lhz     r0,18(r9)
    9968:	80 83 00 20 	lwz     r4,32(r3)
    996c:	7d 29 02 14 	add     r9,r9,r0
    9970:	81 29 00 20 	lwz     r9,32(r9)
    9974:	80 09 00 a4 	lwz     r0,164(r9)
    9978:	7d 23 4b 78 	mr      r3,r9
    997c:	7c 09 03 a6 	mtctr   r0
    9980:	4e 80 04 21 	bctrl
    9984:	80 01 00 14 	lwz     r0,20(r1)
    9988:	38 21 00 10 	addi    r1,r1,16
    998c:	7c 08 03 a6 	mtlr    r0
    9990:	4e 80 00 20 	blr
    9994:	94 21 ff f0 	stwu    r1,-16(r1)
    9998:	7c 08 02 a6 	mflr    r0
    999c:	90 01 00 14 	stw     r0,20(r1)
    99a0:	81 23 00 38 	lwz     r9,56(r3)
    99a4:	80 a3 00 24 	lwz     r5,36(r3)
    99a8:	a0 09 00 12 	lhz     r0,18(r9)
    99ac:	80 83 00 20 	lwz     r4,32(r3)
    99b0:	7d 29 02 14 	add     r9,r9,r0
    99b4:	81 29 00 20 	lwz     r9,32(r9)
    99b8:	80 09 00 a8 	lwz     r0,168(r9)
    99bc:	7d 23 4b 78 	mr      r3,r9
    99c0:	7c 09 03 a6 	mtctr   r0
    99c4:	4e 80 04 21 	bctrl
    99c8:	80 01 00 14 	lwz     r0,20(r1)
    99cc:	38 21 00 10 	addi    r1,r1,16
    99d0:	7c 08 03 a6 	mtlr    r0
    99d4:	4e 80 00 20 	blr
    99d8:	94 21 ff f0 	stwu    r1,-16(r1)
    99dc:	7c 08 02 a6 	mflr    r0
    99e0:	90 01 00 14 	stw     r0,20(r1)
    99e4:	81 23 00 38 	lwz     r9,56(r3)
    99e8:	80 a3 00 24 	lwz     r5,36(r3)
    99ec:	a0 09 00 12 	lhz     r0,18(r9)
    99f0:	80 83 00 20 	lwz     r4,32(r3)
    99f4:	7d 29 02 14 	add     r9,r9,r0
    99f8:	81 29 00 20 	lwz     r9,32(r9)
    99fc:	80 09 00 ac 	lwz     r0,172(r9)
    9a00:	7d 23 4b 78 	mr      r3,r9
    9a04:	7c 09 03 a6 	mtctr   r0
    9a08:	4e 80 04 21 	bctrl
    9a0c:	80 01 00 14 	lwz     r0,20(r1)
    9a10:	38 21 00 10 	addi    r1,r1,16
    9a14:	7c 08 03 a6 	mtlr    r0
    9a18:	4e 80 00 20 	blr
    9a1c:	94 21 ff f0 	stwu    r1,-16(r1)
    9a20:	7c 08 02 a6 	mflr    r0
    9a24:	90 01 00 14 	stw     r0,20(r1)
    9a28:	81 23 00 38 	lwz     r9,56(r3)
    9a2c:	80 a3 00 24 	lwz     r5,36(r3)
    9a30:	a0 09 00 12 	lhz     r0,18(r9)
    9a34:	80 83 00 20 	lwz     r4,32(r3)
    9a38:	7d 29 02 14 	add     r9,r9,r0
    9a3c:	81 29 00 20 	lwz     r9,32(r9)
    9a40:	80 09 00 b0 	lwz     r0,176(r9)
    9a44:	7d 23 4b 78 	mr      r3,r9
    9a48:	7c 09 03 a6 	mtctr   r0
    9a4c:	4e 80 04 21 	bctrl
    9a50:	80 01 00 14 	lwz     r0,20(r1)
    9a54:	38 21 00 10 	addi    r1,r1,16
    9a58:	7c 08 03 a6 	mtlr    r0
    9a5c:	4e 80 00 20 	blr
    9a60:	94 21 ff f0 	stwu    r1,-16(r1)
    9a64:	7c 08 02 a6 	mflr    r0
    9a68:	90 01 00 14 	stw     r0,20(r1)
    9a6c:	81 23 00 38 	lwz     r9,56(r3)
    9a70:	80 a3 00 24 	lwz     r5,36(r3)
    9a74:	a0 09 00 12 	lhz     r0,18(r9)
    9a78:	80 83 00 20 	lwz     r4,32(r3)
    9a7c:	7d 29 02 14 	add     r9,r9,r0
    9a80:	81 29 00 20 	lwz     r9,32(r9)
    9a84:	80 09 00 b4 	lwz     r0,180(r9)
    9a88:	7d 23 4b 78 	mr      r3,r9
    9a8c:	7c 09 03 a6 	mtctr   r0
    9a90:	4e 80 04 21 	bctrl
    9a94:	80 01 00 14 	lwz     r0,20(r1)
    9a98:	38 21 00 10 	addi    r1,r1,16
    9a9c:	7c 08 03 a6 	mtlr    r0
    9aa0:	4e 80 00 20 	blr
    9aa4:	94 21 ff f0 	stwu    r1,-16(r1)
    9aa8:	7c 08 02 a6 	mflr    r0
    9aac:	90 01 00 14 	stw     r0,20(r1)
    9ab0:	81 23 00 38 	lwz     r9,56(r3)
    9ab4:	80 c3 00 24 	lwz     r6,36(r3)
    9ab8:	a0 09 00 12 	lhz     r0,18(r9)
    9abc:	80 83 00 20 	lwz     r4,32(r3)
    9ac0:	7d 29 02 14 	add     r9,r9,r0
    9ac4:	80 a3 00 04 	lwz     r5,4(r3)
    9ac8:	81 29 00 20 	lwz     r9,32(r9)
    9acc:	80 09 00 b8 	lwz     r0,184(r9)
    9ad0:	7d 23 4b 78 	mr      r3,r9
    9ad4:	7c 09 03 a6 	mtctr   r0
    9ad8:	4e 80 04 21 	bctrl
    9adc:	80 01 00 14 	lwz     r0,20(r1)
    9ae0:	38 21 00 10 	addi    r1,r1,16
    9ae4:	7c 08 03 a6 	mtlr    r0
    9ae8:	4e 80 00 20 	blr
    9aec:	94 21 ff f0 	stwu    r1,-16(r1)
    9af0:	7c 08 02 a6 	mflr    r0
    9af4:	90 01 00 14 	stw     r0,20(r1)
    9af8:	81 23 00 38 	lwz     r9,56(r3)
    9afc:	80 c3 00 04 	lwz     r6,4(r3)
    9b00:	a0 09 00 12 	lhz     r0,18(r9)
    9b04:	80 83 00 20 	lwz     r4,32(r3)
    9b08:	7d 29 02 14 	add     r9,r9,r0
    9b0c:	80 a3 00 00 	lwz     r5,0(r3)
    9b10:	81 29 00 20 	lwz     r9,32(r9)
    9b14:	80 09 00 bc 	lwz     r0,188(r9)
    9b18:	7d 23 4b 78 	mr      r3,r9
    9b1c:	7c 09 03 a6 	mtctr   r0
    9b20:	4e 80 04 21 	bctrl
    9b24:	80 01 00 14 	lwz     r0,20(r1)
    9b28:	38 21 00 10 	addi    r1,r1,16
    9b2c:	7c 08 03 a6 	mtlr    r0
    9b30:	4e 80 00 20 	blr
    9b34:	94 21 ff f0 	stwu    r1,-16(r1)
    9b38:	7c 08 02 a6 	mflr    r0
    9b3c:	7c 69 1b 78 	mr      r9,r3
    9b40:	90 01 00 14 	stw     r0,20(r1)
    9b44:	81 63 00 38 	lwz     r11,56(r3)
    9b48:	80 e3 00 28 	lwz     r7,40(r3)
    9b4c:	a0 0b 00 12 	lhz     r0,18(r11)
    9b50:	80 83 00 20 	lwz     r4,32(r3)
    9b54:	7d 6b 02 14 	add     r11,r11,r0
    9b58:	80 a3 00 24 	lwz     r5,36(r3)
    9b5c:	81 6b 00 20 	lwz     r11,32(r11)
    9b60:	80 c9 00 04 	lwz     r6,4(r9)
    9b64:	80 0b 00 c0 	lwz     r0,192(r11)
    9b68:	7d 63 5b 78 	mr      r3,r11
    9b6c:	7c 09 03 a6 	mtctr   r0
    9b70:	4e 80 04 21 	bctrl
    9b74:	80 01 00 14 	lwz     r0,20(r1)
    9b78:	38 21 00 10 	addi    r1,r1,16
    9b7c:	7c 08 03 a6 	mtlr    r0
    9b80:	4e 80 00 20 	blr
    9b84:	94 21 ff f0 	stwu    r1,-16(r1)
    9b88:	7c 08 02 a6 	mflr    r0
    9b8c:	90 01 00 14 	stw     r0,20(r1)
    9b90:	81 23 00 38 	lwz     r9,56(r3)
    9b94:	80 c3 00 04 	lwz     r6,4(r3)
    9b98:	a0 09 00 12 	lhz     r0,18(r9)
    9b9c:	80 83 00 20 	lwz     r4,32(r3)
    9ba0:	7d 29 02 14 	add     r9,r9,r0
    9ba4:	80 a3 00 24 	lwz     r5,36(r3)
    9ba8:	81 29 00 20 	lwz     r9,32(r9)
    9bac:	80 09 00 c4 	lwz     r0,196(r9)
    9bb0:	7d 23 4b 78 	mr      r3,r9
    9bb4:	7c 09 03 a6 	mtctr   r0
    9bb8:	4e 80 04 21 	bctrl
    9bbc:	80 01 00 14 	lwz     r0,20(r1)
    9bc0:	38 21 00 10 	addi    r1,r1,16
    9bc4:	7c 08 03 a6 	mtlr    r0
    9bc8:	4e 80 00 20 	blr
    9bcc:	94 21 ff f0 	stwu    r1,-16(r1)
    9bd0:	7c 08 02 a6 	mflr    r0
    9bd4:	7c 69 1b 78 	mr      r9,r3
    9bd8:	90 01 00 14 	stw     r0,20(r1)
    9bdc:	81 63 00 38 	lwz     r11,56(r3)
    9be0:	a9 03 00 0e 	lha     r8,14(r3)
    9be4:	a0 0b 00 12 	lhz     r0,18(r11)
    9be8:	80 83 00 20 	lwz     r4,32(r3)
    9bec:	7d 6b 02 14 	add     r11,r11,r0
    9bf0:	a8 a3 00 02 	lha     r5,2(r3)
    9bf4:	81 6b 00 20 	lwz     r11,32(r11)
    9bf8:	a8 c9 00 06 	lha     r6,6(r9)
    9bfc:	80 0b 00 c8 	lwz     r0,200(r11)
    9c00:	7d 63 5b 78 	mr      r3,r11
    9c04:	a8 e9 00 0a 	lha     r7,10(r9)
    9c08:	7c 09 03 a6 	mtctr   r0
    9c0c:	4e 80 04 21 	bctrl
    9c10:	80 01 00 14 	lwz     r0,20(r1)
    9c14:	38 21 00 10 	addi    r1,r1,16
    9c18:	7c 08 03 a6 	mtlr    r0
    9c1c:	4e 80 00 20 	blr
    9c20:	94 21 ff f0 	stwu    r1,-16(r1)
    9c24:	7c 08 02 a6 	mflr    r0
    9c28:	7c 69 1b 78 	mr      r9,r3
    9c2c:	90 01 00 14 	stw     r0,20(r1)
    9c30:	81 63 00 38 	lwz     r11,56(r3)
    9c34:	80 e3 00 08 	lwz     r7,8(r3)
    9c38:	a0 0b 00 12 	lhz     r0,18(r11)
    9c3c:	80 83 00 20 	lwz     r4,32(r3)
    9c40:	7d 6b 02 14 	add     r11,r11,r0
    9c44:	80 a3 00 00 	lwz     r5,0(r3)
    9c48:	81 6b 00 20 	lwz     r11,32(r11)
    9c4c:	80 c9 00 04 	lwz     r6,4(r9)
    9c50:	80 0b 00 cc 	lwz     r0,204(r11)
    9c54:	7d 63 5b 78 	mr      r3,r11
    9c58:	7c 09 03 a6 	mtctr   r0
    9c5c:	4e 80 04 21 	bctrl
    9c60:	80 01 00 14 	lwz     r0,20(r1)
    9c64:	38 21 00 10 	addi    r1,r1,16
    9c68:	7c 08 03 a6 	mtlr    r0
    9c6c:	4e 80 00 20 	blr
    9c70:	94 21 ff f0 	stwu    r1,-16(r1)
    9c74:	7c 08 02 a6 	mflr    r0
    9c78:	90 01 00 14 	stw     r0,20(r1)
    9c7c:	81 23 00 38 	lwz     r9,56(r3)
    9c80:	80 83 00 20 	lwz     r4,32(r3)
    9c84:	a0 09 00 12 	lhz     r0,18(r9)
    9c88:	7d 29 02 14 	add     r9,r9,r0
    9c8c:	81 29 00 20 	lwz     r9,32(r9)
    9c90:	80 09 00 d0 	lwz     r0,208(r9)
    9c94:	7d 23 4b 78 	mr      r3,r9
    9c98:	7c 09 03 a6 	mtctr   r0
    9c9c:	4e 80 04 21 	bctrl
    9ca0:	80 01 00 14 	lwz     r0,20(r1)
    9ca4:	38 21 00 10 	addi    r1,r1,16
    9ca8:	7c 08 03 a6 	mtlr    r0
    9cac:	4e 80 00 20 	blr
    9cb0:	94 21 ff f0 	stwu    r1,-16(r1)
    9cb4:	7c 08 02 a6 	mflr    r0
    9cb8:	90 01 00 14 	stw     r0,20(r1)
    9cbc:	81 23 00 38 	lwz     r9,56(r3)
    9cc0:	80 83 00 20 	lwz     r4,32(r3)
    9cc4:	a0 09 00 12 	lhz     r0,18(r9)
    9cc8:	7d 29 02 14 	add     r9,r9,r0
    9ccc:	81 29 00 20 	lwz     r9,32(r9)
    9cd0:	80 09 00 d4 	lwz     r0,212(r9)
    9cd4:	7d 23 4b 78 	mr      r3,r9
    9cd8:	7c 09 03 a6 	mtctr   r0
    9cdc:	4e 80 04 21 	bctrl
    9ce0:	80 01 00 14 	lwz     r0,20(r1)
    9ce4:	38 21 00 10 	addi    r1,r1,16
    9ce8:	7c 08 03 a6 	mtlr    r0
    9cec:	4e 80 00 20 	blr
    9cf0:	94 21 ff f0 	stwu    r1,-16(r1)
    9cf4:	7c 08 02 a6 	mflr    r0
    9cf8:	90 01 00 14 	stw     r0,20(r1)
    9cfc:	81 23 00 38 	lwz     r9,56(r3)
    9d00:	80 a3 00 24 	lwz     r5,36(r3)
    9d04:	a0 09 00 12 	lhz     r0,18(r9)
    9d08:	80 83 00 20 	lwz     r4,32(r3)
    9d0c:	7d 29 02 14 	add     r9,r9,r0
    9d10:	81 29 00 20 	lwz     r9,32(r9)
    9d14:	80 09 00 d8 	lwz     r0,216(r9)
    9d18:	7d 23 4b 78 	mr      r3,r9
    9d1c:	7c 09 03 a6 	mtctr   r0
    9d20:	4e 80 04 21 	bctrl
    9d24:	80 01 00 14 	lwz     r0,20(r1)
    9d28:	38 21 00 10 	addi    r1,r1,16
    9d2c:	7c 08 03 a6 	mtlr    r0
    9d30:	4e 80 00 20 	blr
    9d34:	94 21 ff f0 	stwu    r1,-16(r1)
    9d38:	7c 08 02 a6 	mflr    r0
    9d3c:	7c 69 1b 78 	mr      r9,r3
    9d40:	90 01 00 14 	stw     r0,20(r1)
    9d44:	81 63 00 38 	lwz     r11,56(r3)
    9d48:	80 e3 00 24 	lwz     r7,36(r3)
    9d4c:	a0 0b 00 12 	lhz     r0,18(r11)
    9d50:	80 83 00 20 	lwz     r4,32(r3)
    9d54:	7d 6b 02 14 	add     r11,r11,r0
    9d58:	80 a3 00 00 	lwz     r5,0(r3)
    9d5c:	81 6b 00 20 	lwz     r11,32(r11)
    9d60:	80 c9 00 04 	lwz     r6,4(r9)
    9d64:	80 0b 00 dc 	lwz     r0,220(r11)
    9d68:	7d 63 5b 78 	mr      r3,r11
    9d6c:	7c 09 03 a6 	mtctr   r0
    9d70:	4e 80 04 21 	bctrl
    9d74:	80 01 00 14 	lwz     r0,20(r1)
    9d78:	38 21 00 10 	addi    r1,r1,16
    9d7c:	7c 08 03 a6 	mtlr    r0
    9d80:	4e 80 00 20 	blr
    9d84:	94 21 ff f0 	stwu    r1,-16(r1)
    9d88:	7c 08 02 a6 	mflr    r0
    9d8c:	7c 69 1b 78 	mr      r9,r3
    9d90:	90 01 00 14 	stw     r0,20(r1)
    9d94:	81 63 00 38 	lwz     r11,56(r3)
    9d98:	81 03 00 24 	lwz     r8,36(r3)
    9d9c:	a0 0b 00 12 	lhz     r0,18(r11)
    9da0:	80 83 00 20 	lwz     r4,32(r3)
    9da4:	7d 6b 02 14 	add     r11,r11,r0
    9da8:	80 a3 00 00 	lwz     r5,0(r3)
    9dac:	81 6b 00 20 	lwz     r11,32(r11)
    9db0:	80 c9 00 04 	lwz     r6,4(r9)
    9db4:	80 0b 00 e0 	lwz     r0,224(r11)
    9db8:	7d 63 5b 78 	mr      r3,r11
    9dbc:	80 e9 00 08 	lwz     r7,8(r9)
    9dc0:	7c 09 03 a6 	mtctr   r0
    9dc4:	4e 80 04 21 	bctrl
    9dc8:	80 01 00 14 	lwz     r0,20(r1)
    9dcc:	38 21 00 10 	addi    r1,r1,16
    9dd0:	7c 08 03 a6 	mtlr    r0
    9dd4:	4e 80 00 20 	blr
    9dd8:	94 21 ff f0 	stwu    r1,-16(r1)
    9ddc:	7c 08 02 a6 	mflr    r0
    9de0:	90 01 00 14 	stw     r0,20(r1)
    9de4:	81 23 00 38 	lwz     r9,56(r3)
    9de8:	80 a3 00 04 	lwz     r5,4(r3)
    9dec:	a0 09 00 12 	lhz     r0,18(r9)
    9df0:	80 83 00 20 	lwz     r4,32(r3)
    9df4:	7d 29 02 14 	add     r9,r9,r0
    9df8:	81 29 00 20 	lwz     r9,32(r9)
    9dfc:	80 09 00 e4 	lwz     r0,228(r9)
    9e00:	7d 23 4b 78 	mr      r3,r9
    9e04:	7c 09 03 a6 	mtctr   r0
    9e08:	4e 80 04 21 	bctrl
    9e0c:	80 01 00 14 	lwz     r0,20(r1)
    9e10:	38 21 00 10 	addi    r1,r1,16
    9e14:	7c 08 03 a6 	mtlr    r0
    9e18:	4e 80 00 20 	blr
    9e1c:	94 21 ff f0 	stwu    r1,-16(r1)
    9e20:	7c 08 02 a6 	mflr    r0
    9e24:	90 01 00 14 	stw     r0,20(r1)
    9e28:	81 23 00 38 	lwz     r9,56(r3)
    9e2c:	80 83 00 20 	lwz     r4,32(r3)
    9e30:	a0 09 00 12 	lhz     r0,18(r9)
    9e34:	7d 29 02 14 	add     r9,r9,r0
    9e38:	81 29 00 20 	lwz     r9,32(r9)
    9e3c:	80 09 00 e8 	lwz     r0,232(r9)
    9e40:	7d 23 4b 78 	mr      r3,r9
    9e44:	7c 09 03 a6 	mtctr   r0
    9e48:	4e 80 04 21 	bctrl
    9e4c:	80 01 00 14 	lwz     r0,20(r1)
    9e50:	38 21 00 10 	addi    r1,r1,16
    9e54:	7c 08 03 a6 	mtlr    r0
    9e58:	4e 80 00 20 	blr
    9e5c:	94 21 ff f0 	stwu    r1,-16(r1)
    9e60:	7c 08 02 a6 	mflr    r0
    9e64:	90 01 00 14 	stw     r0,20(r1)
    9e68:	81 23 00 38 	lwz     r9,56(r3)
    9e6c:	80 a3 00 24 	lwz     r5,36(r3)
    9e70:	a0 09 00 12 	lhz     r0,18(r9)
    9e74:	80 83 00 20 	lwz     r4,32(r3)
    9e78:	7d 29 02 14 	add     r9,r9,r0
    9e7c:	81 29 00 20 	lwz     r9,32(r9)
    9e80:	80 09 00 ec 	lwz     r0,236(r9)
    9e84:	7d 23 4b 78 	mr      r3,r9
    9e88:	7c 09 03 a6 	mtctr   r0
    9e8c:	4e 80 04 21 	bctrl
    9e90:	80 01 00 14 	lwz     r0,20(r1)
    9e94:	38 21 00 10 	addi    r1,r1,16
    9e98:	7c 08 03 a6 	mtlr    r0
    9e9c:	4e 80 00 20 	blr
    9ea0:	94 21 ff f0 	stwu    r1,-16(r1)
    9ea4:	7c 08 02 a6 	mflr    r0
    9ea8:	7c 69 1b 78 	mr      r9,r3
    9eac:	90 01 00 14 	stw     r0,20(r1)
    9eb0:	81 63 00 38 	lwz     r11,56(r3)
    9eb4:	81 43 00 24 	lwz     r10,36(r3)
    9eb8:	a0 0b 00 12 	lhz     r0,18(r11)
    9ebc:	80 83 00 20 	lwz     r4,32(r3)
    9ec0:	7d 6b 02 14 	add     r11,r11,r0
    9ec4:	80 a3 00 00 	lwz     r5,0(r3)
    9ec8:	81 6b 00 20 	lwz     r11,32(r11)
    9ecc:	80 c9 00 04 	lwz     r6,4(r9)
    9ed0:	80 0b 00 f0 	lwz     r0,240(r11)
    9ed4:	7d 63 5b 78 	mr      r3,r11
    9ed8:	80 e9 00 08 	lwz     r7,8(r9)
    9edc:	81 09 00 0c 	lwz     r8,12(r9)
    9ee0:	7c 09 03 a6 	mtctr   r0
    9ee4:	81 29 00 10 	lwz     r9,16(r9)
    9ee8:	4e 80 04 21 	bctrl
    9eec:	80 01 00 14 	lwz     r0,20(r1)
    9ef0:	38 21 00 10 	addi    r1,r1,16
    9ef4:	7c 08 03 a6 	mtlr    r0
    9ef8:	4e 80 00 20 	blr
    9efc:	94 21 ff f0 	stwu    r1,-16(r1)
    9f00:	7c 08 02 a6 	mflr    r0
    9f04:	90 01 00 14 	stw     r0,20(r1)
    9f08:	81 23 00 38 	lwz     r9,56(r3)
    9f0c:	80 83 00 20 	lwz     r4,32(r3)
    9f10:	a0 09 00 12 	lhz     r0,18(r9)
    9f14:	7d 29 02 14 	add     r9,r9,r0
    9f18:	81 29 00 20 	lwz     r9,32(r9)
    9f1c:	80 09 00 f4 	lwz     r0,244(r9)
    9f20:	7d 23 4b 78 	mr      r3,r9
    9f24:	7c 09 03 a6 	mtctr   r0
    9f28:	4e 80 04 21 	bctrl
    9f2c:	80 01 00 14 	lwz     r0,20(r1)
    9f30:	38 21 00 10 	addi    r1,r1,16
    9f34:	7c 08 03 a6 	mtlr    r0
    9f38:	4e 80 00 20 	blr
    9f3c:	94 21 ff f0 	stwu    r1,-16(r1)
    9f40:	7c 08 02 a6 	mflr    r0
    9f44:	7c 69 1b 78 	mr      r9,r3
    9f48:	90 01 00 14 	stw     r0,20(r1)
    9f4c:	81 63 00 38 	lwz     r11,56(r3)
    9f50:	80 e3 00 24 	lwz     r7,36(r3)
    9f54:	a0 0b 00 12 	lhz     r0,18(r11)
    9f58:	80 83 00 20 	lwz     r4,32(r3)
    9f5c:	7d 6b 02 14 	add     r11,r11,r0
    9f60:	80 a3 00 00 	lwz     r5,0(r3)
    9f64:	81 6b 00 20 	lwz     r11,32(r11)
    9f68:	80 c9 00 04 	lwz     r6,4(r9)
    9f6c:	80 0b 00 f8 	lwz     r0,248(r11)
    9f70:	7d 63 5b 78 	mr      r3,r11
    9f74:	7c 09 03 a6 	mtctr   r0
    9f78:	4e 80 04 21 	bctrl
    9f7c:	80 01 00 14 	lwz     r0,20(r1)
    9f80:	38 21 00 10 	addi    r1,r1,16
    9f84:	7c 08 03 a6 	mtlr    r0
    9f88:	4e 80 00 20 	blr
    9f8c:	94 21 ff f0 	stwu    r1,-16(r1)
    9f90:	7c 08 02 a6 	mflr    r0
    9f94:	7c 69 1b 78 	mr      r9,r3
    9f98:	90 01 00 14 	stw     r0,20(r1)
    9f9c:	81 63 00 38 	lwz     r11,56(r3)
    9fa0:	81 03 00 24 	lwz     r8,36(r3)
    9fa4:	a0 0b 00 12 	lhz     r0,18(r11)
    9fa8:	80 83 00 20 	lwz     r4,32(r3)
    9fac:	7d 6b 02 14 	add     r11,r11,r0
    9fb0:	80 a3 00 00 	lwz     r5,0(r3)
    9fb4:	81 6b 00 20 	lwz     r11,32(r11)
    9fb8:	80 c9 00 04 	lwz     r6,4(r9)
    9fbc:	80 0b 00 fc 	lwz     r0,252(r11)
    9fc0:	7d 63 5b 78 	mr      r3,r11
    9fc4:	80 e9 00 08 	lwz     r7,8(r9)
    9fc8:	7c 09 03 a6 	mtctr   r0
    9fcc:	4e 80 04 21 	bctrl
    9fd0:	80 01 00 14 	lwz     r0,20(r1)
    9fd4:	38 21 00 10 	addi    r1,r1,16
    9fd8:	7c 08 03 a6 	mtlr    r0
    9fdc:	4e 80 00 20 	blr
    9fe0:	94 21 ff f0 	stwu    r1,-16(r1)
    9fe4:	7c 08 02 a6 	mflr    r0
    9fe8:	90 01 00 14 	stw     r0,20(r1)
    9fec:	81 23 00 38 	lwz     r9,56(r3)
    9ff0:	80 a3 00 04 	lwz     r5,4(r3)
    9ff4:	a0 09 00 12 	lhz     r0,18(r9)
    9ff8:	80 83 00 20 	lwz     r4,32(r3)
    9ffc:	7d 29 02 14 	add     r9,r9,r0
    a000:	81 29 00 20 	lwz     r9,32(r9)
    a004:	80 09 01 00 	lwz     r0,256(r9)
    a008:	7d 23 4b 78 	mr      r3,r9
    a00c:	7c 09 03 a6 	mtctr   r0
    a010:	4e 80 04 21 	bctrl
    a014:	80 01 00 14 	lwz     r0,20(r1)
    a018:	38 21 00 10 	addi    r1,r1,16
    a01c:	7c 08 03 a6 	mtlr    r0
    a020:	4e 80 00 20 	blr
    a024:	94 21 ff f0 	stwu    r1,-16(r1)
    a028:	7c 08 02 a6 	mflr    r0
    a02c:	90 01 00 14 	stw     r0,20(r1)
    a030:	81 23 00 38 	lwz     r9,56(r3)
    a034:	80 c3 00 04 	lwz     r6,4(r3)
    a038:	a0 09 00 12 	lhz     r0,18(r9)
    a03c:	80 83 00 20 	lwz     r4,32(r3)
    a040:	7d 29 02 14 	add     r9,r9,r0
    a044:	80 a3 00 00 	lwz     r5,0(r3)
    a048:	81 29 00 20 	lwz     r9,32(r9)
    a04c:	80 09 01 04 	lwz     r0,260(r9)
    a050:	7d 23 4b 78 	mr      r3,r9
    a054:	7c 09 03 a6 	mtctr   r0
    a058:	4e 80 04 21 	bctrl
    a05c:	80 01 00 14 	lwz     r0,20(r1)
    a060:	38 21 00 10 	addi    r1,r1,16
    a064:	7c 08 03 a6 	mtlr    r0
    a068:	4e 80 00 20 	blr
    a06c:	94 21 ff f0 	stwu    r1,-16(r1)
    a070:	7c 08 02 a6 	mflr    r0
    a074:	90 01 00 14 	stw     r0,20(r1)
    a078:	81 23 00 38 	lwz     r9,56(r3)
    a07c:	80 c3 00 28 	lwz     r6,40(r3)
    a080:	a0 09 00 12 	lhz     r0,18(r9)
    a084:	80 83 00 20 	lwz     r4,32(r3)
    a088:	7d 29 02 14 	add     r9,r9,r0
    a08c:	80 a3 00 24 	lwz     r5,36(r3)
    a090:	81 29 00 20 	lwz     r9,32(r9)
    a094:	80 09 01 08 	lwz     r0,264(r9)
    a098:	7d 23 4b 78 	mr      r3,r9
    a09c:	7c 09 03 a6 	mtctr   r0
    a0a0:	4e 80 04 21 	bctrl
    a0a4:	80 01 00 14 	lwz     r0,20(r1)
    a0a8:	38 21 00 10 	addi    r1,r1,16
    a0ac:	7c 08 03 a6 	mtlr    r0
    a0b0:	4e 80 00 20 	blr
    a0b4:	94 21 ff f0 	stwu    r1,-16(r1)
    a0b8:	7c 08 02 a6 	mflr    r0
    a0bc:	90 01 00 14 	stw     r0,20(r1)
    a0c0:	81 23 00 38 	lwz     r9,56(r3)
    a0c4:	80 83 00 20 	lwz     r4,32(r3)
    a0c8:	a0 09 00 12 	lhz     r0,18(r9)
    a0cc:	7d 29 02 14 	add     r9,r9,r0
    a0d0:	81 29 00 20 	lwz     r9,32(r9)
    a0d4:	80 09 01 0c 	lwz     r0,268(r9)
    a0d8:	7d 23 4b 78 	mr      r3,r9
    a0dc:	7c 09 03 a6 	mtctr   r0
    a0e0:	4e 80 04 21 	bctrl
    a0e4:	80 01 00 14 	lwz     r0,20(r1)
    a0e8:	38 21 00 10 	addi    r1,r1,16
    a0ec:	7c 08 03 a6 	mtlr    r0
    a0f0:	4e 80 00 20 	blr
    a0f4:	94 21 ff f0 	stwu    r1,-16(r1)
    a0f8:	7c 08 02 a6 	mflr    r0
    a0fc:	90 01 00 14 	stw     r0,20(r1)
    a100:	81 23 00 38 	lwz     r9,56(r3)
    a104:	80 83 00 20 	lwz     r4,32(r3)
    a108:	a0 09 00 12 	lhz     r0,18(r9)
    a10c:	7d 29 02 14 	add     r9,r9,r0
    a110:	81 29 00 20 	lwz     r9,32(r9)
    a114:	80 09 01 10 	lwz     r0,272(r9)
    a118:	7d 23 4b 78 	mr      r3,r9
    a11c:	7c 09 03 a6 	mtctr   r0
    a120:	4e 80 04 21 	bctrl
    a124:	80 01 00 14 	lwz     r0,20(r1)
    a128:	38 21 00 10 	addi    r1,r1,16
    a12c:	7c 08 03 a6 	mtlr    r0
    a130:	4e 80 00 20 	blr
    a134:	94 21 ff f0 	stwu    r1,-16(r1)
    a138:	7c 08 02 a6 	mflr    r0
    a13c:	90 01 00 14 	stw     r0,20(r1)
    a140:	81 23 00 38 	lwz     r9,56(r3)
    a144:	80 a3 00 04 	lwz     r5,4(r3)
    a148:	a0 09 00 12 	lhz     r0,18(r9)
    a14c:	80 83 00 20 	lwz     r4,32(r3)
    a150:	7d 29 02 14 	add     r9,r9,r0
    a154:	81 29 00 20 	lwz     r9,32(r9)
    a158:	80 09 01 14 	lwz     r0,276(r9)
    a15c:	7d 23 4b 78 	mr      r3,r9
    a160:	7c 09 03 a6 	mtctr   r0
    a164:	4e 80 04 21 	bctrl
    a168:	80 01 00 14 	lwz     r0,20(r1)
    a16c:	38 21 00 10 	addi    r1,r1,16
    a170:	7c 08 03 a6 	mtlr    r0
    a174:	4e 80 00 20 	blr
    a178:	94 21 ff f0 	stwu    r1,-16(r1)
    a17c:	7c 08 02 a6 	mflr    r0
    a180:	7c 69 1b 78 	mr      r9,r3
    a184:	90 01 00 14 	stw     r0,20(r1)
    a188:	81 63 00 38 	lwz     r11,56(r3)
    a18c:	80 e3 00 08 	lwz     r7,8(r3)
    a190:	a0 0b 00 12 	lhz     r0,18(r11)
    a194:	80 83 00 20 	lwz     r4,32(r3)
    a198:	7d 6b 02 14 	add     r11,r11,r0
    a19c:	80 a3 00 00 	lwz     r5,0(r3)
    a1a0:	81 6b 00 20 	lwz     r11,32(r11)
    a1a4:	80 c9 00 04 	lwz     r6,4(r9)
    a1a8:	80 0b 01 18 	lwz     r0,280(r11)
    a1ac:	7d 63 5b 78 	mr      r3,r11
    a1b0:	7c 09 03 a6 	mtctr   r0
    a1b4:	4e 80 04 21 	bctrl
    a1b8:	80 01 00 14 	lwz     r0,20(r1)
    a1bc:	38 21 00 10 	addi    r1,r1,16
    a1c0:	7c 08 03 a6 	mtlr    r0
    a1c4:	4e 80 00 20 	blr
    a1c8:	94 21 ff f0 	stwu    r1,-16(r1)
    a1cc:	7c 08 02 a6 	mflr    r0
    a1d0:	90 01 00 14 	stw     r0,20(r1)
    a1d4:	81 23 00 38 	lwz     r9,56(r3)
    a1d8:	80 a3 00 04 	lwz     r5,4(r3)
    a1dc:	a0 09 00 12 	lhz     r0,18(r9)
    a1e0:	80 83 00 20 	lwz     r4,32(r3)
    a1e4:	7d 29 02 14 	add     r9,r9,r0
    a1e8:	81 29 00 20 	lwz     r9,32(r9)
    a1ec:	80 09 01 1c 	lwz     r0,284(r9)
    a1f0:	7d 23 4b 78 	mr      r3,r9
    a1f4:	7c 09 03 a6 	mtctr   r0
    a1f8:	4e 80 04 21 	bctrl
    a1fc:	80 01 00 14 	lwz     r0,20(r1)
    a200:	38 21 00 10 	addi    r1,r1,16
    a204:	7c 08 03 a6 	mtlr    r0
    a208:	4e 80 00 20 	blr
    a20c:	94 21 ff f0 	stwu    r1,-16(r1)
    a210:	7c 08 02 a6 	mflr    r0
    a214:	7c 69 1b 78 	mr      r9,r3
    a218:	90 01 00 14 	stw     r0,20(r1)
    a21c:	81 63 00 38 	lwz     r11,56(r3)
    a220:	80 e3 00 08 	lwz     r7,8(r3)
    a224:	a0 0b 00 12 	lhz     r0,18(r11)
    a228:	80 83 00 20 	lwz     r4,32(r3)
    a22c:	7d 6b 02 14 	add     r11,r11,r0
    a230:	80 a3 00 00 	lwz     r5,0(r3)
    a234:	81 6b 00 20 	lwz     r11,32(r11)
    a238:	80 c9 00 04 	lwz     r6,4(r9)
    a23c:	80 0b 01 20 	lwz     r0,288(r11)
    a240:	7d 63 5b 78 	mr      r3,r11
    a244:	7c 09 03 a6 	mtctr   r0
    a248:	4e 80 04 21 	bctrl
    a24c:	80 01 00 14 	lwz     r0,20(r1)
    a250:	38 21 00 10 	addi    r1,r1,16
    a254:	7c 08 03 a6 	mtlr    r0
    a258:	4e 80 00 20 	blr
    a25c:	94 21 ff f0 	stwu    r1,-16(r1)
    a260:	7c 08 02 a6 	mflr    r0
    a264:	7c 6b 1b 78 	mr      r11,r3
    a268:	90 01 00 14 	stw     r0,20(r1)
    a26c:	81 43 00 38 	lwz     r10,56(r3)
    a270:	81 23 00 28 	lwz     r9,40(r3)
    a274:	a0 0a 00 12 	lhz     r0,18(r10)
    a278:	80 83 00 20 	lwz     r4,32(r3)
    a27c:	7d 4a 02 14 	add     r10,r10,r0
    a280:	80 a3 00 00 	lwz     r5,0(r3)
    a284:	81 4a 00 20 	lwz     r10,32(r10)
    a288:	80 cb 00 04 	lwz     r6,4(r11)
    a28c:	80 0a 01 24 	lwz     r0,292(r10)
    a290:	7d 43 53 78 	mr      r3,r10
    a294:	80 eb 00 08 	lwz     r7,8(r11)
    a298:	7c 09 03 a6 	mtctr   r0
    a29c:	81 0b 00 24 	lwz     r8,36(r11)
    a2a0:	4e 80 04 21 	bctrl
    a2a4:	80 01 00 14 	lwz     r0,20(r1)
    a2a8:	38 21 00 10 	addi    r1,r1,16
    a2ac:	7c 08 03 a6 	mtlr    r0
    a2b0:	4e 80 00 20 	blr
    a2b4:	94 21 ff f0 	stwu    r1,-16(r1)
    a2b8:	7c 08 02 a6 	mflr    r0
    a2bc:	7c 69 1b 78 	mr      r9,r3
    a2c0:	90 01 00 14 	stw     r0,20(r1)
    a2c4:	81 63 00 38 	lwz     r11,56(r3)
    a2c8:	80 e3 00 24 	lwz     r7,36(r3)
    a2cc:	a0 0b 00 12 	lhz     r0,18(r11)
    a2d0:	80 83 00 20 	lwz     r4,32(r3)
    a2d4:	7d 6b 02 14 	add     r11,r11,r0
    a2d8:	80 a3 00 00 	lwz     r5,0(r3)
    a2dc:	81 6b 00 20 	lwz     r11,32(r11)
    a2e0:	80 c9 00 04 	lwz     r6,4(r9)
    a2e4:	80 0b 01 28 	lwz     r0,296(r11)
    a2e8:	7d 63 5b 78 	mr      r3,r11
    a2ec:	7c 09 03 a6 	mtctr   r0
    a2f0:	4e 80 04 21 	bctrl
    a2f4:	80 01 00 14 	lwz     r0,20(r1)
    a2f8:	38 21 00 10 	addi    r1,r1,16
    a2fc:	7c 08 03 a6 	mtlr    r0
    a300:	4e 80 00 20 	blr
    a304:	94 21 ff f0 	stwu    r1,-16(r1)
    a308:	7c 08 02 a6 	mflr    r0
    a30c:	7c 6b 1b 78 	mr      r11,r3
    a310:	90 01 00 14 	stw     r0,20(r1)
    a314:	81 43 00 38 	lwz     r10,56(r3)
    a318:	81 23 00 28 	lwz     r9,40(r3)
    a31c:	a0 0a 00 12 	lhz     r0,18(r10)
    a320:	80 83 00 20 	lwz     r4,32(r3)
    a324:	7d 4a 02 14 	add     r10,r10,r0
    a328:	80 a3 00 00 	lwz     r5,0(r3)
    a32c:	81 4a 00 20 	lwz     r10,32(r10)
    a330:	80 cb 00 04 	lwz     r6,4(r11)
    a334:	80 0a 01 2c 	lwz     r0,300(r10)
    a338:	7d 43 53 78 	mr      r3,r10
    a33c:	80 eb 00 08 	lwz     r7,8(r11)
    a340:	7c 09 03 a6 	mtctr   r0
    a344:	81 0b 00 24 	lwz     r8,36(r11)
    a348:	4e 80 04 21 	bctrl
    a34c:	80 01 00 14 	lwz     r0,20(r1)
    a350:	38 21 00 10 	addi    r1,r1,16
    a354:	7c 08 03 a6 	mtlr    r0
    a358:	4e 80 00 20 	blr
    a35c:	94 21 ff f0 	stwu    r1,-16(r1)
    a360:	7c 08 02 a6 	mflr    r0
    a364:	90 01 00 14 	stw     r0,20(r1)
    a368:	81 23 00 38 	lwz     r9,56(r3)
    a36c:	80 a3 00 24 	lwz     r5,36(r3)
    a370:	a0 09 00 12 	lhz     r0,18(r9)
    a374:	80 83 00 20 	lwz     r4,32(r3)
    a378:	7d 29 02 14 	add     r9,r9,r0
    a37c:	81 29 00 20 	lwz     r9,32(r9)
    a380:	80 09 01 30 	lwz     r0,304(r9)
    a384:	7d 23 4b 78 	mr      r3,r9
    a388:	7c 09 03 a6 	mtctr   r0
    a38c:	4e 80 04 21 	bctrl
    a390:	80 01 00 14 	lwz     r0,20(r1)
    a394:	38 21 00 10 	addi    r1,r1,16
    a398:	7c 08 03 a6 	mtlr    r0
    a39c:	4e 80 00 20 	blr
    a3a0:	94 21 ff f0 	stwu    r1,-16(r1)
    a3a4:	7c 08 02 a6 	mflr    r0
    a3a8:	90 01 00 14 	stw     r0,20(r1)
    a3ac:	81 23 00 38 	lwz     r9,56(r3)
    a3b0:	80 a3 00 04 	lwz     r5,4(r3)
    a3b4:	a0 09 00 12 	lhz     r0,18(r9)
    a3b8:	80 83 00 20 	lwz     r4,32(r3)
    a3bc:	7d 29 02 14 	add     r9,r9,r0
    a3c0:	81 29 00 20 	lwz     r9,32(r9)
    a3c4:	80 09 01 34 	lwz     r0,308(r9)
    a3c8:	7d 23 4b 78 	mr      r3,r9
    a3cc:	7c 09 03 a6 	mtctr   r0
    a3d0:	4e 80 04 21 	bctrl
    a3d4:	80 01 00 14 	lwz     r0,20(r1)
    a3d8:	38 21 00 10 	addi    r1,r1,16
    a3dc:	7c 08 03 a6 	mtlr    r0
    a3e0:	4e 80 00 20 	blr
    a3e4:	94 21 ff f0 	stwu    r1,-16(r1)
    a3e8:	7c 08 02 a6 	mflr    r0
    a3ec:	7c 69 1b 78 	mr      r9,r3
    a3f0:	90 01 00 14 	stw     r0,20(r1)
    a3f4:	81 63 00 38 	lwz     r11,56(r3)
    a3f8:	81 43 00 00 	lwz     r10,0(r3)
    a3fc:	a0 0b 00 12 	lhz     r0,18(r11)
    a400:	80 83 00 20 	lwz     r4,32(r3)
    a404:	7d 6b 02 14 	add     r11,r11,r0
    a408:	80 a3 00 24 	lwz     r5,36(r3)
    a40c:	81 6b 00 20 	lwz     r11,32(r11)
    a410:	80 c9 00 28 	lwz     r6,40(r9)
    a414:	80 0b 01 38 	lwz     r0,312(r11)
    a418:	7d 63 5b 78 	mr      r3,r11
    a41c:	80 e9 00 04 	lwz     r7,4(r9)
    a420:	81 09 00 2c 	lwz     r8,44(r9)
    a424:	7c 09 03 a6 	mtctr   r0
    a428:	81 29 00 30 	lwz     r9,48(r9)
    a42c:	4e 80 04 21 	bctrl
    a430:	80 01 00 14 	lwz     r0,20(r1)
    a434:	38 21 00 10 	addi    r1,r1,16
    a438:	7c 08 03 a6 	mtlr    r0
    a43c:	4e 80 00 20 	blr
    a440:	94 21 ff f0 	stwu    r1,-16(r1)
    a444:	7c 08 02 a6 	mflr    r0
    a448:	90 01 00 14 	stw     r0,20(r1)
    a44c:	81 23 00 38 	lwz     r9,56(r3)
    a450:	80 83 00 20 	lwz     r4,32(r3)
    a454:	a0 09 00 12 	lhz     r0,18(r9)
    a458:	7d 29 02 14 	add     r9,r9,r0
    a45c:	81 29 00 20 	lwz     r9,32(r9)
    a460:	80 09 01 3c 	lwz     r0,316(r9)
    a464:	7d 23 4b 78 	mr      r3,r9
    a468:	7c 09 03 a6 	mtctr   r0
    a46c:	4e 80 04 21 	bctrl
    a470:	80 01 00 14 	lwz     r0,20(r1)
    a474:	38 21 00 10 	addi    r1,r1,16
    a478:	7c 08 03 a6 	mtlr    r0
    a47c:	4e 80 00 20 	blr
    a480:	94 21 ff f0 	stwu    r1,-16(r1)
    a484:	7c 08 02 a6 	mflr    r0
    a488:	90 01 00 14 	stw     r0,20(r1)
    a48c:	81 23 00 38 	lwz     r9,56(r3)
    a490:	a0 09 00 12 	lhz     r0,18(r9)
    a494:	7d 29 02 14 	add     r9,r9,r0
    a498:	81 29 00 20 	lwz     r9,32(r9)
    a49c:	80 09 01 40 	lwz     r0,320(r9)
    a4a0:	7d 23 4b 78 	mr      r3,r9
    a4a4:	7c 09 03 a6 	mtctr   r0
    a4a8:	4e 80 04 21 	bctrl
    a4ac:	80 01 00 14 	lwz     r0,20(r1)
    a4b0:	38 21 00 10 	addi    r1,r1,16
    a4b4:	7c 08 03 a6 	mtlr    r0
    a4b8:	4e 80 00 20 	blr
    a4bc:	94 21 ff f0 	stwu    r1,-16(r1)
    a4c0:	7c 08 02 a6 	mflr    r0
    a4c4:	90 01 00 14 	stw     r0,20(r1)
    a4c8:	81 23 00 38 	lwz     r9,56(r3)
    a4cc:	80 a3 00 24 	lwz     r5,36(r3)
    a4d0:	a0 09 00 12 	lhz     r0,18(r9)
    a4d4:	80 83 00 20 	lwz     r4,32(r3)
    a4d8:	7d 29 02 14 	add     r9,r9,r0
    a4dc:	81 29 00 20 	lwz     r9,32(r9)
    a4e0:	80 09 01 44 	lwz     r0,324(r9)
    a4e4:	7d 23 4b 78 	mr      r3,r9
    a4e8:	7c 09 03 a6 	mtctr   r0
    a4ec:	4e 80 04 21 	bctrl
    a4f0:	80 01 00 14 	lwz     r0,20(r1)
    a4f4:	38 21 00 10 	addi    r1,r1,16
    a4f8:	7c 08 03 a6 	mtlr    r0
    a4fc:	4e 80 00 20 	blr
    a500:	94 21 ff f0 	stwu    r1,-16(r1)
    a504:	7c 08 02 a6 	mflr    r0
    a508:	90 01 00 14 	stw     r0,20(r1)
    a50c:	81 23 00 38 	lwz     r9,56(r3)
    a510:	80 a3 00 24 	lwz     r5,36(r3)
    a514:	a0 09 00 12 	lhz     r0,18(r9)
    a518:	80 83 00 20 	lwz     r4,32(r3)
    a51c:	7d 29 02 14 	add     r9,r9,r0
    a520:	81 29 00 20 	lwz     r9,32(r9)
    a524:	80 09 01 48 	lwz     r0,328(r9)
    a528:	7d 23 4b 78 	mr      r3,r9
    a52c:	7c 09 03 a6 	mtctr   r0
    a530:	4e 80 04 21 	bctrl
    a534:	80 01 00 14 	lwz     r0,20(r1)
    a538:	38 21 00 10 	addi    r1,r1,16
    a53c:	7c 08 03 a6 	mtlr    r0
    a540:	4e 80 00 20 	blr
    a544:	94 21 ff f0 	stwu    r1,-16(r1)
    a548:	7c 08 02 a6 	mflr    r0
    a54c:	90 01 00 14 	stw     r0,20(r1)
    a550:	81 23 00 38 	lwz     r9,56(r3)
    a554:	a0 09 00 12 	lhz     r0,18(r9)
    a558:	7d 29 02 14 	add     r9,r9,r0
    a55c:	81 29 00 20 	lwz     r9,32(r9)
    a560:	80 09 01 4c 	lwz     r0,332(r9)
    a564:	7d 23 4b 78 	mr      r3,r9
    a568:	7c 09 03 a6 	mtctr   r0
    a56c:	4e 80 04 21 	bctrl
    a570:	80 01 00 14 	lwz     r0,20(r1)
    a574:	38 21 00 10 	addi    r1,r1,16
    a578:	7c 08 03 a6 	mtlr    r0
    a57c:	4e 80 00 20 	blr
    a580:	94 21 ff f0 	stwu    r1,-16(r1)
    a584:	7c 08 02 a6 	mflr    r0
    a588:	90 01 00 14 	stw     r0,20(r1)
    a58c:	81 23 00 38 	lwz     r9,56(r3)
    a590:	80 c3 00 04 	lwz     r6,4(r3)
    a594:	a0 09 00 12 	lhz     r0,18(r9)
    a598:	80 83 00 20 	lwz     r4,32(r3)
    a59c:	7d 29 02 14 	add     r9,r9,r0
    a5a0:	80 a3 00 00 	lwz     r5,0(r3)
    a5a4:	81 29 00 20 	lwz     r9,32(r9)
    a5a8:	80 09 01 50 	lwz     r0,336(r9)
    a5ac:	7d 23 4b 78 	mr      r3,r9
    a5b0:	7c 09 03 a6 	mtctr   r0
    a5b4:	4e 80 04 21 	bctrl
    a5b8:	80 01 00 14 	lwz     r0,20(r1)
    a5bc:	38 21 00 10 	addi    r1,r1,16
    a5c0:	7c 08 03 a6 	mtlr    r0
    a5c4:	4e 80 00 20 	blr
    a5c8:	94 21 ff f0 	stwu    r1,-16(r1)
    a5cc:	7c 08 02 a6 	mflr    r0
    a5d0:	90 01 00 14 	stw     r0,20(r1)
    a5d4:	81 23 00 38 	lwz     r9,56(r3)
    a5d8:	80 c3 00 04 	lwz     r6,4(r3)
    a5dc:	a0 09 00 12 	lhz     r0,18(r9)
    a5e0:	80 83 00 20 	lwz     r4,32(r3)
    a5e4:	7d 29 02 14 	add     r9,r9,r0
    a5e8:	80 a3 00 00 	lwz     r5,0(r3)
    a5ec:	81 29 00 20 	lwz     r9,32(r9)
    a5f0:	80 09 01 54 	lwz     r0,340(r9)
    a5f4:	7d 23 4b 78 	mr      r3,r9
    a5f8:	7c 09 03 a6 	mtctr   r0
    a5fc:	4e 80 04 21 	bctrl
    a600:	80 01 00 14 	lwz     r0,20(r1)
    a604:	38 21 00 10 	addi    r1,r1,16
    a608:	7c 08 03 a6 	mtlr    r0
    a60c:	4e 80 00 20 	blr
    a610:	94 21 ff f0 	stwu    r1,-16(r1)
    a614:	7c 08 02 a6 	mflr    r0
    a618:	90 01 00 14 	stw     r0,20(r1)
    a61c:	81 23 00 38 	lwz     r9,56(r3)
    a620:	80 83 00 20 	lwz     r4,32(r3)
    a624:	a0 09 00 12 	lhz     r0,18(r9)
    a628:	7d 29 02 14 	add     r9,r9,r0
    a62c:	81 29 00 20 	lwz     r9,32(r9)
    a630:	80 09 01 58 	lwz     r0,344(r9)
    a634:	7d 23 4b 78 	mr      r3,r9
    a638:	7c 09 03 a6 	mtctr   r0
    a63c:	4e 80 04 21 	bctrl
    a640:	80 01 00 14 	lwz     r0,20(r1)
    a644:	38 21 00 10 	addi    r1,r1,16
    a648:	7c 08 03 a6 	mtlr    r0
    a64c:	4e 80 00 20 	blr
    a650:	94 21 ff f0 	stwu    r1,-16(r1)
    a654:	7c 08 02 a6 	mflr    r0
    a658:	90 01 00 14 	stw     r0,20(r1)
    a65c:	81 23 00 38 	lwz     r9,56(r3)
    a660:	80 a3 00 24 	lwz     r5,36(r3)
    a664:	a0 09 00 12 	lhz     r0,18(r9)
    a668:	80 83 00 20 	lwz     r4,32(r3)
    a66c:	7d 29 02 14 	add     r9,r9,r0
    a670:	81 29 00 20 	lwz     r9,32(r9)
    a674:	80 09 01 60 	lwz     r0,352(r9)
    a678:	7d 23 4b 78 	mr      r3,r9
    a67c:	7c 09 03 a6 	mtctr   r0
    a680:	4e 80 04 21 	bctrl
    a684:	80 01 00 14 	lwz     r0,20(r1)
    a688:	38 21 00 10 	addi    r1,r1,16
    a68c:	7c 08 03 a6 	mtlr    r0
    a690:	4e 80 00 20 	blr
    a694:	94 21 ff f0 	stwu    r1,-16(r1)
    a698:	7c 08 02 a6 	mflr    r0
    a69c:	90 01 00 14 	stw     r0,20(r1)
    a6a0:	81 23 00 38 	lwz     r9,56(r3)
    a6a4:	80 83 00 20 	lwz     r4,32(r3)
    a6a8:	a0 09 00 12 	lhz     r0,18(r9)
    a6ac:	7d 29 02 14 	add     r9,r9,r0
    a6b0:	81 29 00 20 	lwz     r9,32(r9)
    a6b4:	80 09 01 64 	lwz     r0,356(r9)
    a6b8:	7d 23 4b 78 	mr      r3,r9
    a6bc:	7c 09 03 a6 	mtctr   r0
    a6c0:	4e 80 04 21 	bctrl
    a6c4:	80 01 00 14 	lwz     r0,20(r1)
    a6c8:	38 21 00 10 	addi    r1,r1,16
    a6cc:	7c 08 03 a6 	mtlr    r0
    a6d0:	4e 80 00 20 	blr
    a6d4:	94 21 ff f0 	stwu    r1,-16(r1)
    a6d8:	7c 08 02 a6 	mflr    r0
    a6dc:	90 01 00 14 	stw     r0,20(r1)
    a6e0:	81 23 00 38 	lwz     r9,56(r3)
    a6e4:	80 83 00 00 	lwz     r4,0(r3)
    a6e8:	a0 09 00 12 	lhz     r0,18(r9)
    a6ec:	7d 29 02 14 	add     r9,r9,r0
    a6f0:	81 29 00 20 	lwz     r9,32(r9)
    a6f4:	80 09 01 68 	lwz     r0,360(r9)
    a6f8:	7d 23 4b 78 	mr      r3,r9
    a6fc:	7c 09 03 a6 	mtctr   r0
    a700:	4e 80 04 21 	bctrl
    a704:	80 01 00 14 	lwz     r0,20(r1)
    a708:	38 21 00 10 	addi    r1,r1,16
    a70c:	7c 08 03 a6 	mtlr    r0
    a710:	4e 80 00 20 	blr
    a714:	94 21 ff f0 	stwu    r1,-16(r1)
    a718:	7c 08 02 a6 	mflr    r0
    a71c:	7c 69 1b 78 	mr      r9,r3
    a720:	90 01 00 14 	stw     r0,20(r1)
    a724:	81 63 00 38 	lwz     r11,56(r3)
    a728:	81 03 00 08 	lwz     r8,8(r3)
    a72c:	a0 0b 00 12 	lhz     r0,18(r11)
    a730:	80 83 00 20 	lwz     r4,32(r3)
    a734:	7d 6b 02 14 	add     r11,r11,r0
    a738:	80 a3 00 24 	lwz     r5,36(r3)
    a73c:	81 6b 00 20 	lwz     r11,32(r11)
    a740:	80 c9 00 00 	lwz     r6,0(r9)
    a744:	80 0b 01 6c 	lwz     r0,364(r11)
    a748:	7d 63 5b 78 	mr      r3,r11
    a74c:	80 e9 00 04 	lwz     r7,4(r9)
    a750:	7c 09 03 a6 	mtctr   r0
    a754:	4e 80 04 21 	bctrl
    a758:	80 01 00 14 	lwz     r0,20(r1)
    a75c:	38 21 00 10 	addi    r1,r1,16
    a760:	7c 08 03 a6 	mtlr    r0
    a764:	4e 80 00 20 	blr
    a768:	94 21 ff f0 	stwu    r1,-16(r1)
    a76c:	7c 08 02 a6 	mflr    r0
    a770:	90 01 00 14 	stw     r0,20(r1)
    a774:	81 23 00 38 	lwz     r9,56(r3)
    a778:	80 a3 00 00 	lwz     r5,0(r3)
    a77c:	a0 09 00 12 	lhz     r0,18(r9)
    a780:	80 83 00 20 	lwz     r4,32(r3)
    a784:	7d 29 02 14 	add     r9,r9,r0
    a788:	81 29 00 20 	lwz     r9,32(r9)
    a78c:	80 09 01 70 	lwz     r0,368(r9)
    a790:	7d 23 4b 78 	mr      r3,r9
    a794:	7c 09 03 a6 	mtctr   r0
    a798:	4e 80 04 21 	bctrl
    a79c:	80 01 00 14 	lwz     r0,20(r1)
    a7a0:	38 21 00 10 	addi    r1,r1,16
    a7a4:	7c 08 03 a6 	mtlr    r0
    a7a8:	4e 80 00 20 	blr
    a7ac:	94 21 ff f0 	stwu    r1,-16(r1)
    a7b0:	7c 08 02 a6 	mflr    r0
    a7b4:	90 01 00 14 	stw     r0,20(r1)
    a7b8:	81 23 00 38 	lwz     r9,56(r3)
    a7bc:	80 a3 00 24 	lwz     r5,36(r3)
    a7c0:	a0 09 00 12 	lhz     r0,18(r9)
    a7c4:	80 83 00 20 	lwz     r4,32(r3)
    a7c8:	7d 29 02 14 	add     r9,r9,r0
    a7cc:	81 29 00 20 	lwz     r9,32(r9)
    a7d0:	80 09 01 74 	lwz     r0,372(r9)
    a7d4:	7d 23 4b 78 	mr      r3,r9
    a7d8:	7c 09 03 a6 	mtctr   r0
    a7dc:	4e 80 04 21 	bctrl
    a7e0:	80 01 00 14 	lwz     r0,20(r1)
    a7e4:	38 21 00 10 	addi    r1,r1,16
    a7e8:	7c 08 03 a6 	mtlr    r0
    a7ec:	4e 80 00 20 	blr
    a7f0:	94 21 ff f0 	stwu    r1,-16(r1)
    a7f4:	7c 08 02 a6 	mflr    r0
    a7f8:	90 01 00 14 	stw     r0,20(r1)
    a7fc:	81 23 00 38 	lwz     r9,56(r3)
    a800:	80 a3 00 24 	lwz     r5,36(r3)
    a804:	a0 09 00 12 	lhz     r0,18(r9)
    a808:	80 83 00 20 	lwz     r4,32(r3)
    a80c:	7d 29 02 14 	add     r9,r9,r0
    a810:	81 29 00 20 	lwz     r9,32(r9)
    a814:	80 09 01 78 	lwz     r0,376(r9)
    a818:	7d 23 4b 78 	mr      r3,r9
    a81c:	7c 09 03 a6 	mtctr   r0
    a820:	4e 80 04 21 	bctrl
    a824:	80 01 00 14 	lwz     r0,20(r1)
    a828:	38 21 00 10 	addi    r1,r1,16
    a82c:	7c 08 03 a6 	mtlr    r0
    a830:	4e 80 00 20 	blr
    a834:	94 21 ff f0 	stwu    r1,-16(r1)
    a838:	7c 08 02 a6 	mflr    r0
    a83c:	90 01 00 14 	stw     r0,20(r1)
    a840:	81 23 00 38 	lwz     r9,56(r3)
    a844:	80 a3 00 24 	lwz     r5,36(r3)
    a848:	a0 09 00 12 	lhz     r0,18(r9)
    a84c:	80 83 00 20 	lwz     r4,32(r3)
    a850:	7d 29 02 14 	add     r9,r9,r0
    a854:	81 29 00 20 	lwz     r9,32(r9)
    a858:	80 09 01 7c 	lwz     r0,380(r9)
    a85c:	7d 23 4b 78 	mr      r3,r9
    a860:	7c 09 03 a6 	mtctr   r0
    a864:	4e 80 04 21 	bctrl
    a868:	80 01 00 14 	lwz     r0,20(r1)
    a86c:	38 21 00 10 	addi    r1,r1,16
    a870:	7c 08 03 a6 	mtlr    r0
    a874:	4e 80 00 20 	blr
    a878:	94 21 ff f0 	stwu    r1,-16(r1)
    a87c:	7c 08 02 a6 	mflr    r0
    a880:	90 01 00 14 	stw     r0,20(r1)
    a884:	81 23 00 38 	lwz     r9,56(r3)
    a888:	a0 09 00 12 	lhz     r0,18(r9)
    a88c:	7d 29 02 14 	add     r9,r9,r0
    a890:	81 29 00 20 	lwz     r9,32(r9)
    a894:	80 09 01 80 	lwz     r0,384(r9)
    a898:	7d 23 4b 78 	mr      r3,r9
    a89c:	7c 09 03 a6 	mtctr   r0
    a8a0:	4e 80 04 21 	bctrl
    a8a4:	80 01 00 14 	lwz     r0,20(r1)
    a8a8:	38 21 00 10 	addi    r1,r1,16
    a8ac:	7c 08 03 a6 	mtlr    r0
    a8b0:	4e 80 00 20 	blr
    a8b4:	94 21 ff f0 	stwu    r1,-16(r1)
    a8b8:	7c 08 02 a6 	mflr    r0
    a8bc:	90 01 00 14 	stw     r0,20(r1)
    a8c0:	81 23 00 38 	lwz     r9,56(r3)
    a8c4:	80 83 00 20 	lwz     r4,32(r3)
    a8c8:	a0 09 00 12 	lhz     r0,18(r9)
    a8cc:	7d 29 02 14 	add     r9,r9,r0
    a8d0:	81 29 00 20 	lwz     r9,32(r9)
    a8d4:	80 09 01 84 	lwz     r0,388(r9)
    a8d8:	7d 23 4b 78 	mr      r3,r9
    a8dc:	7c 09 03 a6 	mtctr   r0
    a8e0:	4e 80 04 21 	bctrl
    a8e4:	80 01 00 14 	lwz     r0,20(r1)
    a8e8:	38 21 00 10 	addi    r1,r1,16
    a8ec:	7c 08 03 a6 	mtlr    r0
    a8f0:	4e 80 00 20 	blr
    a8f4:	94 21 ff f0 	stwu    r1,-16(r1)
    a8f8:	7c 08 02 a6 	mflr    r0
    a8fc:	90 01 00 14 	stw     r0,20(r1)
    a900:	81 23 00 38 	lwz     r9,56(r3)
    a904:	80 83 00 20 	lwz     r4,32(r3)
    a908:	a0 09 00 12 	lhz     r0,18(r9)
    a90c:	7d 29 02 14 	add     r9,r9,r0
    a910:	81 29 00 20 	lwz     r9,32(r9)
    a914:	80 09 01 88 	lwz     r0,392(r9)
    a918:	7d 23 4b 78 	mr      r3,r9
    a91c:	7c 09 03 a6 	mtctr   r0
    a920:	4e 80 04 21 	bctrl
    a924:	80 01 00 14 	lwz     r0,20(r1)
    a928:	38 21 00 10 	addi    r1,r1,16
    a92c:	7c 08 03 a6 	mtlr    r0
    a930:	4e 80 00 20 	blr
    a934:	94 21 ff f0 	stwu    r1,-16(r1)
    a938:	7c 08 02 a6 	mflr    r0
    a93c:	7c 69 1b 78 	mr      r9,r3
    a940:	90 01 00 14 	stw     r0,20(r1)
    a944:	81 63 00 38 	lwz     r11,56(r3)
    a948:	81 03 00 08 	lwz     r8,8(r3)
    a94c:	a0 0b 00 12 	lhz     r0,18(r11)
    a950:	80 83 00 20 	lwz     r4,32(r3)
    a954:	7d 6b 02 14 	add     r11,r11,r0
    a958:	80 a3 00 24 	lwz     r5,36(r3)
    a95c:	81 6b 00 20 	lwz     r11,32(r11)
    a960:	80 c9 00 00 	lwz     r6,0(r9)
    a964:	80 0b 01 90 	lwz     r0,400(r11)
    a968:	7d 63 5b 78 	mr      r3,r11
    a96c:	80 e9 00 04 	lwz     r7,4(r9)
    a970:	7c 09 03 a6 	mtctr   r0
    a974:	4e 80 04 21 	bctrl
    a978:	80 01 00 14 	lwz     r0,20(r1)
    a97c:	38 21 00 10 	addi    r1,r1,16
    a980:	7c 08 03 a6 	mtlr    r0
    a984:	4e 80 00 20 	blr
    a988:	94 21 ff f0 	stwu    r1,-16(r1)
    a98c:	7c 08 02 a6 	mflr    r0
    a990:	7c 69 1b 78 	mr      r9,r3
    a994:	90 01 00 14 	stw     r0,20(r1)
    a998:	81 63 00 38 	lwz     r11,56(r3)
    a99c:	81 43 00 10 	lwz     r10,16(r3)
    a9a0:	a0 0b 00 12 	lhz     r0,18(r11)
    a9a4:	80 83 00 20 	lwz     r4,32(r3)
    a9a8:	7d 6b 02 14 	add     r11,r11,r0
    a9ac:	80 a3 00 24 	lwz     r5,36(r3)
    a9b0:	81 6b 00 20 	lwz     r11,32(r11)
    a9b4:	80 c9 00 00 	lwz     r6,0(r9)
    a9b8:	80 0b 01 94 	lwz     r0,404(r11)
    a9bc:	7d 63 5b 78 	mr      r3,r11
    a9c0:	80 e9 00 04 	lwz     r7,4(r9)
    a9c4:	81 09 00 08 	lwz     r8,8(r9)
    a9c8:	7c 09 03 a6 	mtctr   r0
    a9cc:	81 29 00 0c 	lwz     r9,12(r9)
    a9d0:	4e 80 04 21 	bctrl
    a9d4:	80 01 00 14 	lwz     r0,20(r1)
    a9d8:	38 21 00 10 	addi    r1,r1,16
    a9dc:	7c 08 03 a6 	mtlr    r0
    a9e0:	4e 80 00 20 	blr
    a9e4:	94 21 ff f0 	stwu    r1,-16(r1)
    a9e8:	7c 08 02 a6 	mflr    r0
    a9ec:	7c 6b 1b 78 	mr      r11,r3
    a9f0:	90 01 00 14 	stw     r0,20(r1)
    a9f4:	81 43 00 38 	lwz     r10,56(r3)
    a9f8:	81 23 00 0c 	lwz     r9,12(r3)
    a9fc:	a0 0a 00 12 	lhz     r0,18(r10)
    aa00:	80 83 00 20 	lwz     r4,32(r3)
    aa04:	7d 4a 02 14 	add     r10,r10,r0
    aa08:	80 a3 00 24 	lwz     r5,36(r3)
    aa0c:	81 4a 00 20 	lwz     r10,32(r10)
    aa10:	80 cb 00 00 	lwz     r6,0(r11)
    aa14:	80 0a 01 98 	lwz     r0,408(r10)
    aa18:	7d 43 53 78 	mr      r3,r10
    aa1c:	80 eb 00 04 	lwz     r7,4(r11)
    aa20:	7c 09 03 a6 	mtctr   r0
    aa24:	81 0b 00 08 	lwz     r8,8(r11)
    aa28:	4e 80 04 21 	bctrl
    aa2c:	80 01 00 14 	lwz     r0,20(r1)
    aa30:	38 21 00 10 	addi    r1,r1,16
    aa34:	7c 08 03 a6 	mtlr    r0
    aa38:	4e 80 00 20 	blr
    aa3c:	94 21 ff f0 	stwu    r1,-16(r1)
    aa40:	7c 08 02 a6 	mflr    r0
    aa44:	90 01 00 14 	stw     r0,20(r1)
    aa48:	81 23 00 38 	lwz     r9,56(r3)
    aa4c:	80 c3 00 24 	lwz     r6,36(r3)
    aa50:	a0 09 00 12 	lhz     r0,18(r9)
    aa54:	80 83 00 20 	lwz     r4,32(r3)
    aa58:	7d 29 02 14 	add     r9,r9,r0
    aa5c:	80 a3 00 00 	lwz     r5,0(r3)
    aa60:	81 29 00 20 	lwz     r9,32(r9)
    aa64:	80 09 01 9c 	lwz     r0,412(r9)
    aa68:	7d 23 4b 78 	mr      r3,r9
    aa6c:	7c 09 03 a6 	mtctr   r0
    aa70:	4e 80 04 21 	bctrl
    aa74:	80 01 00 14 	lwz     r0,20(r1)
    aa78:	38 21 00 10 	addi    r1,r1,16
    aa7c:	7c 08 03 a6 	mtlr    r0
    aa80:	4e 80 00 20 	blr
    aa84:	94 21 ff f0 	stwu    r1,-16(r1)
    aa88:	7c 08 02 a6 	mflr    r0
    aa8c:	7c 69 1b 78 	mr      r9,r3
    aa90:	90 01 00 14 	stw     r0,20(r1)
    aa94:	81 63 00 38 	lwz     r11,56(r3)
    aa98:	80 e3 00 08 	lwz     r7,8(r3)
    aa9c:	a0 0b 00 12 	lhz     r0,18(r11)
    aaa0:	80 83 00 20 	lwz     r4,32(r3)
    aaa4:	7d 6b 02 14 	add     r11,r11,r0
    aaa8:	80 a3 00 00 	lwz     r5,0(r3)
    aaac:	81 6b 00 20 	lwz     r11,32(r11)
    aab0:	80 c9 00 04 	lwz     r6,4(r9)
    aab4:	80 0b 01 a0 	lwz     r0,416(r11)
    aab8:	7d 63 5b 78 	mr      r3,r11
    aabc:	7c 09 03 a6 	mtctr   r0
    aac0:	4e 80 04 21 	bctrl
    aac4:	80 01 00 14 	lwz     r0,20(r1)
    aac8:	38 21 00 10 	addi    r1,r1,16
    aacc:	7c 08 03 a6 	mtlr    r0
    aad0:	4e 80 00 20 	blr
    aad4:	94 21 ff f0 	stwu    r1,-16(r1)
    aad8:	7c 08 02 a6 	mflr    r0
    aadc:	7c 69 1b 78 	mr      r9,r3
    aae0:	90 01 00 14 	stw     r0,20(r1)
    aae4:	81 63 00 38 	lwz     r11,56(r3)
    aae8:	81 03 00 24 	lwz     r8,36(r3)
    aaec:	a0 0b 00 12 	lhz     r0,18(r11)
    aaf0:	80 83 00 20 	lwz     r4,32(r3)
    aaf4:	7d 6b 02 14 	add     r11,r11,r0
    aaf8:	80 a3 00 00 	lwz     r5,0(r3)
    aafc:	81 6b 00 20 	lwz     r11,32(r11)
    ab00:	80 c9 00 04 	lwz     r6,4(r9)
    ab04:	80 0b 01 a4 	lwz     r0,420(r11)
    ab08:	7d 63 5b 78 	mr      r3,r11
    ab0c:	80 e9 00 08 	lwz     r7,8(r9)
    ab10:	7c 09 03 a6 	mtctr   r0
    ab14:	4e 80 04 21 	bctrl
    ab18:	80 01 00 14 	lwz     r0,20(r1)
    ab1c:	38 21 00 10 	addi    r1,r1,16
    ab20:	7c 08 03 a6 	mtlr    r0
    ab24:	4e 80 00 20 	blr
    ab28:	94 21 ff f0 	stwu    r1,-16(r1)
    ab2c:	7c 08 02 a6 	mflr    r0
    ab30:	90 01 00 14 	stw     r0,20(r1)
    ab34:	81 23 00 38 	lwz     r9,56(r3)
    ab38:	80 a3 00 00 	lwz     r5,0(r3)
    ab3c:	a0 09 00 12 	lhz     r0,18(r9)
    ab40:	80 83 00 20 	lwz     r4,32(r3)
    ab44:	7d 29 02 14 	add     r9,r9,r0
    ab48:	81 29 00 20 	lwz     r9,32(r9)
    ab4c:	80 09 01 a8 	lwz     r0,424(r9)
    ab50:	7d 23 4b 78 	mr      r3,r9
    ab54:	7c 09 03 a6 	mtctr   r0
    ab58:	4e 80 04 21 	bctrl
    ab5c:	80 01 00 14 	lwz     r0,20(r1)
    ab60:	38 21 00 10 	addi    r1,r1,16
    ab64:	7c 08 03 a6 	mtlr    r0
    ab68:	4e 80 00 20 	blr
    ab6c:	39 80 06 3c 	li      r12,1596
    ab70:	48 00 00 24 	b       ab94 <_start+0x2a28>
    ab74:	39 80 07 a0 	li      r12,1952
    ab78:	48 00 00 1c 	b       ab94 <_start+0x2a28>
    ab7c:	39 80 07 b0 	li      r12,1968
    ab80:	48 00 00 14 	b       ab94 <_start+0x2a28>
    ab84:	39 80 07 bc 	li      r12,1980
    ab88:	48 00 00 0c 	b       ab94 <_start+0x2a28>
    ab8c:	39 80 07 c8 	li      r12,1992
    ab90:	48 00 00 04 	b       ab94 <_start+0x2a28>
    ab94:	3d 60 00 01 	lis     r11,1
    ab98:	80 0b 04 dc 	lwz     r0,1244(r11)
    ab9c:	7d 6c 00 2e 	lwzx    r11,r12,r0
    aba0:	7d 69 03 a6 	mtctr   r11
    aba4:	4e 80 04 20 	bctr
