
/src/tmp_re/W3D_R200.library:     file format elf32-powerpc-amigaos


Disassembly of section .text:

00000000 <_start-0x114c>:
       0:	94 21 ff f0 	stwu    r1,-16(r1)
       4:	7c 08 02 a6 	mflr    r0
       8:	3d 20 00 02 	lis     r9,2
       c:	38 80 00 00 	li      r4,0
      10:	81 29 03 48 	lwz     r9,840(r9)
      14:	93 e1 00 0c 	stw     r31,12(r1)
      18:	7d 23 4b 78 	mr      r3,r9
      1c:	90 01 00 14 	stw     r0,20(r1)
      20:	93 c1 00 08 	stw     r30,8(r1)
      24:	80 09 01 04 	lwz     r0,260(r9)
      28:	7c 09 03 a6 	mtctr   r0
      2c:	4e 80 04 21 	bctrl
      30:	88 03 00 08 	lbz     r0,8(r3)
      34:	7c 7f 1b 78 	mr      r31,r3
      38:	2f 80 00 0d 	cmpwi   cr7,r0,13
      3c:	41 9e 00 54 	beq     cr7,90 <_start-0x10bc>
      40:	80 7f 00 0a 	lwz     r3,10(r31)
      44:	3f c0 00 02 	lis     r30,2
      48:	2f 83 00 00 	cmpwi   cr7,r3,0
      4c:	41 9e 00 2c 	beq     cr7,78 <_start-0x10d4>
      50:	81 3e 03 5c 	lwz     r9,860(r30)
      54:	7c 64 1b 78 	mr      r4,r3
      58:	80 09 02 b8 	lwz     r0,696(r9)
      5c:	7d 23 4b 78 	mr      r3,r9
      60:	7c 09 03 a6 	mtctr   r0
      64:	4e 80 04 21 	bctrl
      68:	88 03 00 00 	lbz     r0,0(r3)
      6c:	7c 00 00 d0 	neg     r0,r0
      70:	7c 00 fe 70 	srawi   r0,r0,31
      74:	7c 63 00 38 	and     r3,r3,r0
      78:	80 01 00 14 	lwz     r0,20(r1)
      7c:	83 c1 00 08 	lwz     r30,8(r1)
      80:	7c 08 03 a6 	mtlr    r0
      84:	83 e1 00 0c 	lwz     r31,12(r1)
      88:	38 21 00 10 	addi    r1,r1,16
      8c:	4e 80 00 20 	blr
      90:	80 03 00 ac 	lwz     r0,172(r3)
      94:	54 09 10 3b 	slwi.   r9,r0,2
      98:	41 a2 ff a8 	beq     40 <_start-0x110c>
      9c:	80 09 00 3c 	lwz     r0,60(r9)
      a0:	2f 80 00 00 	cmpwi   cr7,r0,0
      a4:	41 be ff 9c 	beq     cr7,40 <_start-0x110c>
      a8:	80 09 00 10 	lwz     r0,16(r9)
      ac:	54 09 10 3b 	slwi.   r9,r0,2
      b0:	41 a2 ff 90 	beq     40 <_start-0x110c>
      b4:	89 69 00 00 	lbz     r11,0(r9)
      b8:	2f 8b 00 00 	cmpwi   cr7,r11,0
      bc:	41 be ff 84 	beq     cr7,40 <_start-0x110c>
      c0:	38 89 00 01 	addi    r4,r9,1
      c4:	7c 04 58 ae 	lbzx    r0,r4,r11
      c8:	2f 80 00 00 	cmpwi   cr7,r0,0
      cc:	40 9e ff 74 	bne     cr7,40 <_start-0x110c>
      d0:	3f c0 00 02 	lis     r30,2
      d4:	81 3e 03 5c 	lwz     r9,860(r30)
      d8:	80 09 02 b8 	lwz     r0,696(r9)
      dc:	7d 23 4b 78 	mr      r3,r9
      e0:	7c 09 03 a6 	mtctr   r0
      e4:	4e 80 04 21 	bctrl
      e8:	88 03 00 00 	lbz     r0,0(r3)
      ec:	2f 80 00 00 	cmpwi   cr7,r0,0
      f0:	41 be ff 50 	beq     cr7,40 <_start-0x110c>
      f4:	4b ff ff 5c 	b       50 <_start-0x10fc>
      f8:	94 21 ff f0 	stwu    r1,-16(r1)
      fc:	7c 08 02 a6 	mflr    r0
     100:	93 e1 00 0c 	stw     r31,12(r1)
     104:	7c 7f 1b 79 	mr.     r31,r3
     108:	90 01 00 14 	stw     r0,20(r1)
     10c:	93 c1 00 08 	stw     r30,8(r1)
     110:	41 82 00 60 	beq     170 <_start-0xfdc>
     114:	80 bf 00 00 	lwz     r5,0(r31)
     118:	3f c0 00 02 	lis     r30,2
     11c:	2f 85 00 00 	cmpwi   cr7,r5,0
     120:	41 9e 00 1c 	beq     cr7,13c <_start-0x1010>
     124:	81 3e 03 48 	lwz     r9,840(r30)
     128:	38 80 00 08 	li      r4,8
     12c:	80 09 02 c4 	lwz     r0,708(r9)
     130:	7d 23 4b 78 	mr      r3,r9
     134:	7c 09 03 a6 	mtctr   r0
     138:	4e 80 04 21 	bctrl
     13c:	81 3e 03 48 	lwz     r9,840(r30)
     140:	7f e4 fb 78 	mr      r4,r31
     144:	38 a0 00 14 	li      r5,20
     148:	80 09 02 90 	lwz     r0,656(r9)
     14c:	7d 23 4b 78 	mr      r3,r9
     150:	7c 09 03 a6 	mtctr   r0
     154:	4e 80 04 21 	bctrl
     158:	81 3e 03 48 	lwz     r9,840(r30)
     15c:	7f e4 fb 78 	mr      r4,r31
     160:	80 09 00 ac 	lwz     r0,172(r9)
     164:	7d 23 4b 78 	mr      r3,r9
     168:	7c 09 03 a6 	mtctr   r0
     16c:	4e 80 04 21 	bctrl
     170:	80 01 00 14 	lwz     r0,20(r1)
     174:	83 c1 00 08 	lwz     r30,8(r1)
     178:	7c 08 03 a6 	mtlr    r0
     17c:	83 e1 00 0c 	lwz     r31,12(r1)
     180:	38 21 00 10 	addi    r1,r1,16
     184:	4e 80 00 20 	blr
     188:	94 21 ff e0 	stwu    r1,-32(r1)
     18c:	7c 08 02 a6 	mflr    r0
     190:	93 c1 00 10 	stw     r30,16(r1)
     194:	7c 9e 23 78 	mr      r30,r4
     198:	93 e1 00 14 	stw     r31,20(r1)
     19c:	7c 7f 1b 78 	mr      r31,r3
     1a0:	90 01 00 24 	stw     r0,36(r1)
     1a4:	db e1 00 18 	stfd    f31,24(r1)
     1a8:	80 03 00 08 	lwz     r0,8(r3)
     1ac:	2f 80 00 00 	cmpwi   cr7,r0,0
     1b0:	41 9e 00 28 	beq     cr7,1d8 <_start-0xf74>
     1b4:	7c 09 03 a6 	mtctr   r0
     1b8:	4e 80 04 21 	bctrl
     1bc:	80 01 00 24 	lwz     r0,36(r1)
     1c0:	83 c1 00 10 	lwz     r30,16(r1)
     1c4:	7c 08 03 a6 	mtlr    r0
     1c8:	83 e1 00 14 	lwz     r31,20(r1)
     1cc:	cb e1 00 18 	lfd     f31,24(r1)
     1d0:	38 21 00 20 	addi    r1,r1,32
     1d4:	4e 80 00 20 	blr
     1d8:	88 03 00 0c 	lbz     r0,12(r3)
     1dc:	38 60 00 04 	li      r3,4
     1e0:	2b 80 00 04 	cmplwi  cr7,r0,4
     1e4:	41 bd ff d8 	bgt     cr7,1bc <_start-0xf90>
     1e8:	3d 20 00 01 	lis     r9,1
     1ec:	54 00 10 3a 	slwi    r0,r0,2
     1f0:	39 29 60 00 	addi    r9,r9,24576
     1f4:	7c 09 00 2e 	lwzx    r0,r9,r0
     1f8:	7d 20 4a 14 	add     r9,r0,r9
     1fc:	7d 29 03 a6 	mtctr   r9
     200:	4e 80 04 20 	bctr
     204:	7c 83 23 78 	mr      r3,r4
     208:	38 a0 00 10 	li      r5,16
     20c:	38 80 00 00 	li      r4,0
     210:	48 01 51 bd 	bl      153cc <_start+0x14280>
     214:	7c 7e 1b 78 	mr      r30,r3
     218:	48 01 51 8d 	bl      153a4 <_start+0x14258>
     21c:	80 03 00 00 	lwz     r0,0(r3)
     220:	2f 80 00 22 	cmpwi   cr7,r0,34
     224:	41 9e 01 00 	beq     cr7,324 <_start-0xe28>
     228:	93 df 00 04 	stw     r30,4(r31)
     22c:	38 60 00 01 	li      r3,1
     230:	80 01 00 24 	lwz     r0,36(r1)
     234:	83 c1 00 10 	lwz     r30,16(r1)
     238:	7c 08 03 a6 	mtlr    r0
     23c:	83 e1 00 14 	lwz     r31,20(r1)
     240:	cb e1 00 18 	lfd     f31,24(r1)
     244:	38 21 00 20 	addi    r1,r1,32
     248:	4e 80 00 20 	blr
     24c:	7c 83 23 78 	mr      r3,r4
     250:	38 a0 00 0a 	li      r5,10
     254:	38 80 00 00 	li      r4,0
     258:	48 01 51 75 	bl      153cc <_start+0x14280>
     25c:	4b ff ff b8 	b       214 <_start-0xf38>
     260:	3c 80 00 01 	lis     r4,1
     264:	7f c3 f3 78 	mr      r3,r30
     268:	38 84 61 6c 	addi    r4,r4,24940
     26c:	48 01 51 49 	bl      153b4 <_start+0x14268>
     270:	2f 83 00 00 	cmpwi   cr7,r3,0
     274:	41 9e 00 d0 	beq     cr7,344 <_start-0xe08>
     278:	3c 80 00 01 	lis     r4,1
     27c:	7f c3 f3 78 	mr      r3,r30
     280:	38 84 60 20 	addi    r4,r4,24608
     284:	48 01 51 31 	bl      153b4 <_start+0x14268>
     288:	2f 83 00 00 	cmpwi   cr7,r3,0
     28c:	41 9e 00 b8 	beq     cr7,344 <_start-0xe08>
     290:	3c 80 00 01 	lis     r4,1
     294:	7f c3 f3 78 	mr      r3,r30
     298:	38 84 60 28 	addi    r4,r4,24616
     29c:	48 01 51 19 	bl      153b4 <_start+0x14268>
     2a0:	2f 83 00 00 	cmpwi   cr7,r3,0
     2a4:	41 9e 00 1c 	beq     cr7,2c0 <_start-0xe8c>
     2a8:	3c 80 00 01 	lis     r4,1
     2ac:	7f c3 f3 78 	mr      r3,r30
     2b0:	38 84 60 2c 	addi    r4,r4,24620
     2b4:	48 01 51 01 	bl      153b4 <_start+0x14268>
     2b8:	2f 83 00 00 	cmpwi   cr7,r3,0
     2bc:	40 9e 00 68 	bne     cr7,324 <_start-0xe28>
     2c0:	38 00 00 00 	li      r0,0
     2c4:	38 60 00 01 	li      r3,1
     2c8:	90 1f 00 04 	stw     r0,4(r31)
     2cc:	4b ff fe f0 	b       1bc <_start-0xf90>
     2d0:	7c 83 23 78 	mr      r3,r4
     2d4:	38 80 00 00 	li      r4,0
     2d8:	48 01 50 e5 	bl      153bc <_start+0x14270>
     2dc:	ff e0 08 90 	fmr     f31,f1
     2e0:	48 01 50 c5 	bl      153a4 <_start+0x14258>
     2e4:	80 03 00 00 	lwz     r0,0(r3)
     2e8:	2f 80 00 22 	cmpwi   cr7,r0,34
     2ec:	41 9e 00 38 	beq     cr7,324 <_start-0xe28>
     2f0:	3d 20 00 01 	lis     r9,1
     2f4:	c8 09 60 18 	lfd     f0,24600(r9)
     2f8:	ff 9f 00 00 	fcmpu   cr7,f31,f0
     2fc:	41 9d 00 28 	bgt     cr7,324 <_start-0xe28>
     300:	ff e0 f8 18 	frsp    f31,f31
     304:	38 60 00 01 	li      r3,1
     308:	d3 ff 00 04 	stfs    f31,4(r31)
     30c:	4b ff fe b0 	b       1bc <_start-0xf90>
     310:	7c 83 23 78 	mr      r3,r4
     314:	38 a0 00 0a 	li      r5,10
     318:	38 80 00 00 	li      r4,0
     31c:	48 01 50 a9 	bl      153c4 <_start+0x14278>
     320:	4b ff fe f4 	b       214 <_start-0xf38>
     324:	80 01 00 24 	lwz     r0,36(r1)
     328:	38 60 00 03 	li      r3,3
     32c:	83 c1 00 10 	lwz     r30,16(r1)
     330:	7c 08 03 a6 	mtlr    r0
     334:	83 e1 00 14 	lwz     r31,20(r1)
     338:	cb e1 00 18 	lfd     f31,24(r1)
     33c:	38 21 00 20 	addi    r1,r1,32
     340:	4e 80 00 20 	blr
     344:	38 00 00 01 	li      r0,1
     348:	38 60 00 01 	li      r3,1
     34c:	90 1f 00 04 	stw     r0,4(r31)
     350:	4b ff fe 6c 	b       1bc <_start-0xf90>
     354:	94 21 ff c0 	stwu    r1,-64(r1)
     358:	7c 08 02 a6 	mflr    r0
     35c:	93 21 00 24 	stw     r25,36(r1)
     360:	3f 20 00 02 	lis     r25,2
     364:	93 c1 00 38 	stw     r30,56(r1)
     368:	7c 9e 23 78 	mr      r30,r4
     36c:	38 80 00 00 	li      r4,0
     370:	93 e1 00 3c 	stw     r31,60(r1)
     374:	7c 7f 1b 78 	mr      r31,r3
     378:	90 01 00 44 	stw     r0,68(r1)
     37c:	92 a1 00 14 	stw     r21,20(r1)
     380:	92 c1 00 18 	stw     r22,24(r1)
     384:	92 e1 00 1c 	stw     r23,28(r1)
     388:	93 01 00 20 	stw     r24,32(r1)
     38c:	93 41 00 28 	stw     r26,40(r1)
     390:	93 61 00 2c 	stw     r27,44(r1)
     394:	93 81 00 30 	stw     r28,48(r1)
     398:	93 a1 00 34 	stw     r29,52(r1)
     39c:	81 39 03 48 	lwz     r9,840(r25)
     3a0:	80 09 01 04 	lwz     r0,260(r9)
     3a4:	7d 23 4b 78 	mr      r3,r9
     3a8:	7c 09 03 a6 	mtctr   r0
     3ac:	4e 80 04 21 	bctrl
     3b0:	88 03 00 08 	lbz     r0,8(r3)
     3b4:	2f 80 00 0d 	cmpwi   cr7,r0,13
     3b8:	41 9e 00 40 	beq     cr7,3f8 <_start-0xd54>
     3bc:	80 01 00 44 	lwz     r0,68(r1)
     3c0:	82 a1 00 14 	lwz     r21,20(r1)
     3c4:	7c 08 03 a6 	mtlr    r0
     3c8:	82 c1 00 18 	lwz     r22,24(r1)
     3cc:	82 e1 00 1c 	lwz     r23,28(r1)
     3d0:	83 01 00 20 	lwz     r24,32(r1)
     3d4:	83 21 00 24 	lwz     r25,36(r1)
     3d8:	83 41 00 28 	lwz     r26,40(r1)
     3dc:	83 61 00 2c 	lwz     r27,44(r1)
     3e0:	83 81 00 30 	lwz     r28,48(r1)
     3e4:	83 a1 00 34 	lwz     r29,52(r1)
     3e8:	83 c1 00 38 	lwz     r30,56(r1)
     3ec:	83 e1 00 3c 	lwz     r31,60(r1)
     3f0:	38 21 00 40 	addi    r1,r1,64
     3f4:	4e 80 00 20 	blr
     3f8:	2f 9f 00 00 	cmpwi   cr7,r31,0
     3fc:	41 be ff c0 	beq     cr7,3bc <_start-0xd90>
     400:	80 1f 00 0c 	lwz     r0,12(r31)
     404:	2f 80 00 00 	cmpwi   cr7,r0,0
     408:	41 be ff b4 	beq     cr7,3bc <_start-0xd90>
     40c:	80 1f 00 10 	lwz     r0,16(r31)
     410:	2f 80 00 00 	cmpwi   cr7,r0,0
     414:	41 be ff a8 	beq     cr7,3bc <_start-0xd90>
     418:	81 39 03 48 	lwz     r9,840(r25)
     41c:	38 80 04 00 	li      r4,1024
     420:	3c a0 00 01 	lis     r5,1
     424:	80 09 00 70 	lwz     r0,112(r9)
     428:	7d 23 4b 78 	mr      r3,r9
     42c:	7c 09 03 a6 	mtctr   r0
     430:	4e 80 04 21 	bctrl
     434:	7c 7c 1b 79 	mr.     r28,r3
     438:	41 a2 ff 84 	beq     3bc <_start-0xd90>
     43c:	73 c0 00 01 	andi.   r0,r30,1
     440:	3b 7c 03 00 	addi    r27,r28,768
     444:	41 82 01 a0 	beq     5e4 <_start-0xb68>
     448:	38 00 00 00 	li      r0,0
     44c:	90 1f 00 08 	stw     r0,8(r31)
     450:	80 1f 00 0c 	lwz     r0,12(r31)
     454:	2f 80 00 00 	cmpwi   cr7,r0,0
     458:	41 9e 01 38 	beq     cr7,590 <_start-0xbbc>
     45c:	3e c0 00 01 	lis     r22,1
     460:	3f 00 00 02 	lis     r24,2
     464:	3e e0 00 01 	lis     r23,1
     468:	3a d6 60 34 	addi    r22,r22,24628
     46c:	3b 18 03 5c 	addi    r24,r24,860
     470:	3a f7 60 44 	addi    r23,r23,24644
     474:	3b a0 00 00 	li      r29,0
     478:	3b 40 00 00 	li      r26,0
     47c:	81 3f 00 10 	lwz     r9,16(r31)
     480:	57 be 20 36 	slwi    r30,r29,4
     484:	38 80 03 00 	li      r4,768
     488:	7e c5 b3 78 	mr      r5,r22
     48c:	7f 83 e3 78 	mr      r3,r28
     490:	7d 29 f2 14 	add     r9,r9,r30
     494:	3b bd 00 01 	addi    r29,r29,1
     498:	9b 49 00 0e 	stb     r26,14(r9)
     49c:	81 3f 00 10 	lwz     r9,16(r31)
     4a0:	7d 29 f2 14 	add     r9,r9,r30
     4a4:	9b 49 00 0d 	stb     r26,13(r9)
     4a8:	80 1f 00 08 	lwz     r0,8(r31)
     4ac:	2f 80 00 00 	cmpwi   cr7,r0,0
     4b0:	7c 07 03 78 	mr      r7,r0
     4b4:	41 9e 00 5c 	beq     cr7,510 <_start-0xc3c>
     4b8:	81 3f 00 10 	lwz     r9,16(r31)
     4bc:	80 df 00 04 	lwz     r6,4(r31)
     4c0:	7d 09 f0 2e 	lwzx    r8,r9,r30
     4c4:	4c c6 31 82 	crclr   4*cr1+eq
     4c8:	48 01 4e e5 	bl      153ac <_start+0x14260>
     4cc:	81 38 00 00 	lwz     r9,0(r24)
     4d0:	7f 84 e3 78 	mr      r4,r28
     4d4:	7f 65 db 78 	mr      r5,r27
     4d8:	38 c0 01 00 	li      r6,256
     4dc:	38 e0 00 00 	li      r7,0
     4e0:	80 09 02 d0 	lwz     r0,720(r9)
     4e4:	7d 23 4b 78 	mr      r3,r9
     4e8:	7c 09 03 a6 	mtctr   r0
     4ec:	4e 80 04 21 	bctrl
     4f0:	7f 64 db 78 	mr      r4,r27
     4f4:	7c 65 1b 79 	mr.     r5,r3
     4f8:	40 81 00 18 	ble     510 <_start-0xc3c>
     4fc:	82 bf 00 10 	lwz     r21,16(r31)
     500:	7e b5 f2 14 	add     r21,r21,r30
     504:	7e a3 ab 78 	mr      r3,r21
     508:	4b ff fc 81 	bl      188 <_start-0xfc4>
     50c:	98 75 00 0e 	stb     r3,14(r21)
     510:	81 3f 00 10 	lwz     r9,16(r31)
     514:	38 80 03 00 	li      r4,768
     518:	7e e5 bb 78 	mr      r5,r23
     51c:	7f 83 e3 78 	mr      r3,r28
     520:	7d 69 f2 14 	add     r11,r9,r30
     524:	88 0b 00 0e 	lbz     r0,14(r11)
     528:	2f 80 00 01 	cmpwi   cr7,r0,1
     52c:	41 9e 00 58 	beq     cr7,584 <_start-0xbc8>
     530:	7c e9 f0 2e 	lwzx    r7,r9,r30
     534:	80 df 00 04 	lwz     r6,4(r31)
     538:	4c c6 31 82 	crclr   4*cr1+eq
     53c:	48 01 4e 71 	bl      153ac <_start+0x14260>
     540:	81 38 00 00 	lwz     r9,0(r24)
     544:	7f 84 e3 78 	mr      r4,r28
     548:	7f 65 db 78 	mr      r5,r27
     54c:	38 c0 01 00 	li      r6,256
     550:	38 e0 00 00 	li      r7,0
     554:	80 09 02 d0 	lwz     r0,720(r9)
     558:	7d 23 4b 78 	mr      r3,r9
     55c:	7c 09 03 a6 	mtctr   r0
     560:	4e 80 04 21 	bctrl
     564:	7f 64 db 78 	mr      r4,r27
     568:	7c 65 1b 79 	mr.     r5,r3
     56c:	40 81 00 18 	ble     584 <_start-0xbc8>
     570:	80 1f 00 10 	lwz     r0,16(r31)
     574:	7f c0 f2 14 	add     r30,r0,r30
     578:	7f c3 f3 78 	mr      r3,r30
     57c:	4b ff fc 0d 	bl      188 <_start-0xfc4>
     580:	98 7e 00 0d 	stb     r3,13(r30)
     584:	80 1f 00 0c 	lwz     r0,12(r31)
     588:	7f 80 e8 40 	cmplw   cr7,r0,r29
     58c:	41 9d fe f0 	bgt     cr7,47c <_start-0xcd0>
     590:	81 39 03 48 	lwz     r9,840(r25)
     594:	7f 84 e3 78 	mr      r4,r28
     598:	80 09 00 ac 	lwz     r0,172(r9)
     59c:	7d 23 4b 78 	mr      r3,r9
     5a0:	7c 09 03 a6 	mtctr   r0
     5a4:	4e 80 04 21 	bctrl
     5a8:	80 01 00 44 	lwz     r0,68(r1)
     5ac:	82 a1 00 14 	lwz     r21,20(r1)
     5b0:	7c 08 03 a6 	mtlr    r0
     5b4:	82 c1 00 18 	lwz     r22,24(r1)
     5b8:	82 e1 00 1c 	lwz     r23,28(r1)
     5bc:	83 01 00 20 	lwz     r24,32(r1)
     5c0:	83 21 00 24 	lwz     r25,36(r1)
     5c4:	83 41 00 28 	lwz     r26,40(r1)
     5c8:	83 61 00 2c 	lwz     r27,44(r1)
     5cc:	83 81 00 30 	lwz     r28,48(r1)
     5d0:	83 a1 00 34 	lwz     r29,52(r1)
     5d4:	83 c1 00 38 	lwz     r30,56(r1)
     5d8:	83 e1 00 3c 	lwz     r31,60(r1)
     5dc:	38 21 00 40 	addi    r1,r1,64
     5e0:	4e 80 00 20 	blr
     5e4:	4b ff fa 1d 	bl      0 <_start-0x114c>
     5e8:	90 7f 00 08 	stw     r3,8(r31)
     5ec:	4b ff fe 64 	b       450 <_start-0xcfc>
     5f0:	94 21 ff c0 	stwu    r1,-64(r1)
     5f4:	7c 08 02 a6 	mflr    r0
     5f8:	90 01 00 44 	stw     r0,68(r1)
     5fc:	3c 00 80 00 	lis     r0,-32768
     600:	60 00 00 01 	ori     r0,r0,1
     604:	93 61 00 2c 	stw     r27,44(r1)
     608:	7c 7b 1b 78 	mr      r27,r3
     60c:	90 01 00 08 	stw     r0,8(r1)
     610:	38 00 10 00 	li      r0,4096
     614:	90 01 00 0c 	stw     r0,12(r1)
     618:	3c 00 80 00 	lis     r0,-32768
     61c:	60 00 00 03 	ori     r0,r0,3
     620:	93 81 00 30 	stw     r28,48(r1)
     624:	7c bc 2b 78 	mr      r28,r5
     628:	90 01 00 10 	stw     r0,16(r1)
     62c:	38 00 00 01 	li      r0,1
     630:	90 01 00 14 	stw     r0,20(r1)
     634:	38 00 00 00 	li      r0,0
     638:	93 a1 00 34 	stw     r29,52(r1)
     63c:	7c 9d 23 78 	mr      r29,r4
     640:	38 80 00 14 	li      r4,20
     644:	93 c1 00 38 	stw     r30,56(r1)
     648:	3f c0 00 02 	lis     r30,2
     64c:	93 e1 00 3c 	stw     r31,60(r1)
     650:	90 01 00 18 	stw     r0,24(r1)
     654:	81 3e 03 48 	lwz     r9,840(r30)
     658:	80 09 03 a8 	lwz     r0,936(r9)
     65c:	7d 23 4b 78 	mr      r3,r9
     660:	7c 09 03 a6 	mtctr   r0
     664:	4e 80 04 21 	bctrl
     668:	7c 7f 1b 79 	mr.     r31,r3
     66c:	41 82 00 9c 	beq     708 <_start-0xa44>
     670:	81 3e 03 48 	lwz     r9,840(r30)
     674:	38 80 00 08 	li      r4,8
     678:	38 a0 00 00 	li      r5,0
     67c:	80 09 02 bc 	lwz     r0,700(r9)
     680:	7d 23 4b 78 	mr      r3,r9
     684:	7c 09 03 a6 	mtctr   r0
     688:	4e 80 04 21 	bctrl
     68c:	2f 83 00 00 	cmpwi   cr7,r3,0
     690:	90 7f 00 00 	stw     r3,0(r31)
     694:	41 9e 01 04 	beq     cr7,798 <_start-0x9b4>
     698:	93 7f 00 04 	stw     r27,4(r31)
     69c:	38 80 00 00 	li      r4,0
     6a0:	81 3e 03 48 	lwz     r9,840(r30)
     6a4:	80 09 01 04 	lwz     r0,260(r9)
     6a8:	7d 23 4b 78 	mr      r3,r9
     6ac:	7c 09 03 a6 	mtctr   r0
     6b0:	4e 80 04 21 	bctrl
     6b4:	88 03 00 08 	lbz     r0,8(r3)
     6b8:	7c 7e 1b 78 	mr      r30,r3
     6bc:	2f 80 00 0d 	cmpwi   cr7,r0,13
     6c0:	41 9e 00 70 	beq     cr7,730 <_start-0xa1c>
     6c4:	80 7e 00 0a 	lwz     r3,10(r30)
     6c8:	3f 60 00 02 	lis     r27,2
     6cc:	2f 83 00 00 	cmpwi   cr7,r3,0
     6d0:	41 9e 00 2c 	beq     cr7,6fc <_start-0xa50>
     6d4:	81 3b 03 5c 	lwz     r9,860(r27)
     6d8:	7c 64 1b 78 	mr      r4,r3
     6dc:	80 09 02 b8 	lwz     r0,696(r9)
     6e0:	7d 23 4b 78 	mr      r3,r9
     6e4:	7c 09 03 a6 	mtctr   r0
     6e8:	4e 80 04 21 	bctrl
     6ec:	88 03 00 00 	lbz     r0,0(r3)
     6f0:	7c 00 00 d0 	neg     r0,r0
     6f4:	7c 00 fe 70 	srawi   r0,r0,31
     6f8:	7c 63 00 38 	and     r3,r3,r0
     6fc:	90 7f 00 08 	stw     r3,8(r31)
     700:	93 bf 00 0c 	stw     r29,12(r31)
     704:	93 9f 00 10 	stw     r28,16(r31)
     708:	80 01 00 44 	lwz     r0,68(r1)
     70c:	7f e3 fb 78 	mr      r3,r31
     710:	83 61 00 2c 	lwz     r27,44(r1)
     714:	7c 08 03 a6 	mtlr    r0
     718:	83 81 00 30 	lwz     r28,48(r1)
     71c:	83 a1 00 34 	lwz     r29,52(r1)
     720:	83 c1 00 38 	lwz     r30,56(r1)
     724:	83 e1 00 3c 	lwz     r31,60(r1)
     728:	38 21 00 40 	addi    r1,r1,64
     72c:	4e 80 00 20 	blr
     730:	80 03 00 ac 	lwz     r0,172(r3)
     734:	54 09 10 3b 	slwi.   r9,r0,2
     738:	41 a2 ff 8c 	beq     6c4 <_start-0xa88>
     73c:	80 09 00 3c 	lwz     r0,60(r9)
     740:	2f 80 00 00 	cmpwi   cr7,r0,0
     744:	41 be ff 80 	beq     cr7,6c4 <_start-0xa88>
     748:	80 09 00 10 	lwz     r0,16(r9)
     74c:	54 09 10 3b 	slwi.   r9,r0,2
     750:	41 a2 ff 74 	beq     6c4 <_start-0xa88>
     754:	89 69 00 00 	lbz     r11,0(r9)
     758:	2f 8b 00 00 	cmpwi   cr7,r11,0
     75c:	41 be ff 68 	beq     cr7,6c4 <_start-0xa88>
     760:	38 89 00 01 	addi    r4,r9,1
     764:	7c 04 58 ae 	lbzx    r0,r4,r11
     768:	2f 80 00 00 	cmpwi   cr7,r0,0
     76c:	40 9e ff 58 	bne     cr7,6c4 <_start-0xa88>
     770:	3f 60 00 02 	lis     r27,2
     774:	81 3b 03 5c 	lwz     r9,860(r27)
     778:	80 09 02 b8 	lwz     r0,696(r9)
     77c:	7d 23 4b 78 	mr      r3,r9
     780:	7c 09 03 a6 	mtctr   r0
     784:	4e 80 04 21 	bctrl
     788:	88 03 00 00 	lbz     r0,0(r3)
     78c:	2f 80 00 00 	cmpwi   cr7,r0,0
     790:	41 be ff 34 	beq     cr7,6c4 <_start-0xa88>
     794:	4b ff ff 40 	b       6d4 <_start-0xa78>
     798:	81 3e 03 48 	lwz     r9,840(r30)
     79c:	7f e4 fb 78 	mr      r4,r31
     7a0:	3b e0 00 00 	li      r31,0
     7a4:	80 09 00 ac 	lwz     r0,172(r9)
     7a8:	7d 23 4b 78 	mr      r3,r9
     7ac:	7c 09 03 a6 	mtctr   r0
     7b0:	4e 80 04 21 	bctrl
     7b4:	4b ff ff 54 	b       708 <_start-0xa44>
     7b8:	81 23 00 10 	lwz     r9,16(r3)
     7bc:	88 09 00 0e 	lbz     r0,14(r9)
     7c0:	2f 80 00 01 	cmpwi   cr7,r0,1
     7c4:	41 9e 03 60 	beq     cr7,b24 <_start-0x628>
     7c8:	3d 60 00 02 	lis     r11,2
     7cc:	39 6b 00 00 	addi    r11,r11,0
     7d0:	88 0b 00 0d 	lbz     r0,13(r11)
     7d4:	2f 80 00 01 	cmpwi   cr7,r0,1
     7d8:	41 9e 03 54 	beq     cr7,b2c <_start-0x620>
     7dc:	88 09 00 1e 	lbz     r0,30(r9)
     7e0:	2f 80 00 01 	cmpwi   cr7,r0,1
     7e4:	41 9e 03 14 	beq     cr7,af8 <_start-0x654>
     7e8:	88 0b 00 1d 	lbz     r0,29(r11)
     7ec:	2f 80 00 01 	cmpwi   cr7,r0,1
     7f0:	41 9e 03 08 	beq     cr7,af8 <_start-0x654>
     7f4:	88 09 00 2e 	lbz     r0,46(r9)
     7f8:	2f 80 00 01 	cmpwi   cr7,r0,1
     7fc:	41 9e 02 d0 	beq     cr7,acc <_start-0x680>
     800:	88 0b 00 2d 	lbz     r0,45(r11)
     804:	2f 80 00 01 	cmpwi   cr7,r0,1
     808:	41 9e 02 c4 	beq     cr7,acc <_start-0x680>
     80c:	88 09 00 3e 	lbz     r0,62(r9)
     810:	2f 80 00 01 	cmpwi   cr7,r0,1
     814:	41 9e 02 8c 	beq     cr7,aa0 <_start-0x6ac>
     818:	88 0b 00 3d 	lbz     r0,61(r11)
     81c:	2f 80 00 01 	cmpwi   cr7,r0,1
     820:	41 9e 02 80 	beq     cr7,aa0 <_start-0x6ac>
     824:	88 09 00 4e 	lbz     r0,78(r9)
     828:	2f 80 00 01 	cmpwi   cr7,r0,1
     82c:	41 9e 02 48 	beq     cr7,a74 <_start-0x6d8>
     830:	88 0b 00 4d 	lbz     r0,77(r11)
     834:	2f 80 00 01 	cmpwi   cr7,r0,1
     838:	41 9e 02 3c 	beq     cr7,a74 <_start-0x6d8>
     83c:	88 09 00 ce 	lbz     r0,206(r9)
     840:	2f 80 00 01 	cmpwi   cr7,r0,1
     844:	41 9e 02 04 	beq     cr7,a48 <_start-0x704>
     848:	88 0b 00 cd 	lbz     r0,205(r11)
     84c:	2f 80 00 01 	cmpwi   cr7,r0,1
     850:	41 9e 01 f8 	beq     cr7,a48 <_start-0x704>
     854:	88 09 00 de 	lbz     r0,222(r9)
     858:	2f 80 00 01 	cmpwi   cr7,r0,1
     85c:	41 9e 01 c0 	beq     cr7,a1c <_start-0x730>
     860:	88 0b 00 dd 	lbz     r0,221(r11)
     864:	2f 80 00 01 	cmpwi   cr7,r0,1
     868:	41 9e 01 b4 	beq     cr7,a1c <_start-0x730>
     86c:	88 09 00 5e 	lbz     r0,94(r9)
     870:	2f 80 00 01 	cmpwi   cr7,r0,1
     874:	41 9e 01 7c 	beq     cr7,9f0 <_start-0x75c>
     878:	88 0b 00 5d 	lbz     r0,93(r11)
     87c:	2f 80 00 01 	cmpwi   cr7,r0,1
     880:	41 9e 01 70 	beq     cr7,9f0 <_start-0x75c>
     884:	88 09 00 6e 	lbz     r0,110(r9)
     888:	2f 80 00 01 	cmpwi   cr7,r0,1
     88c:	41 9e 01 44 	beq     cr7,9d0 <_start-0x77c>
     890:	88 0b 00 6d 	lbz     r0,109(r11)
     894:	2f 80 00 01 	cmpwi   cr7,r0,1
     898:	41 9e 01 38 	beq     cr7,9d0 <_start-0x77c>
     89c:	88 09 00 7e 	lbz     r0,126(r9)
     8a0:	2f 80 00 01 	cmpwi   cr7,r0,1
     8a4:	41 9e 01 0c 	beq     cr7,9b0 <_start-0x79c>
     8a8:	88 0b 00 7d 	lbz     r0,125(r11)
     8ac:	2f 80 00 01 	cmpwi   cr7,r0,1
     8b0:	41 9e 01 00 	beq     cr7,9b0 <_start-0x79c>
     8b4:	88 09 00 8e 	lbz     r0,142(r9)
     8b8:	2f 80 00 01 	cmpwi   cr7,r0,1
     8bc:	41 9e 00 d4 	beq     cr7,990 <_start-0x7bc>
     8c0:	88 0b 00 8d 	lbz     r0,141(r11)
     8c4:	2f 80 00 01 	cmpwi   cr7,r0,1
     8c8:	41 9e 00 c8 	beq     cr7,990 <_start-0x7bc>
     8cc:	88 09 00 9e 	lbz     r0,158(r9)
     8d0:	2f 80 00 01 	cmpwi   cr7,r0,1
     8d4:	41 9e 00 ac 	beq     cr7,980 <_start-0x7cc>
     8d8:	88 0b 00 9d 	lbz     r0,157(r11)
     8dc:	2f 80 00 01 	cmpwi   cr7,r0,1
     8e0:	41 9e 00 a0 	beq     cr7,980 <_start-0x7cc>
     8e4:	88 09 00 ae 	lbz     r0,174(r9)
     8e8:	2f 80 00 01 	cmpwi   cr7,r0,1
     8ec:	41 9e 00 84 	beq     cr7,970 <_start-0x7dc>
     8f0:	88 0b 00 ad 	lbz     r0,173(r11)
     8f4:	2f 80 00 01 	cmpwi   cr7,r0,1
     8f8:	41 9e 00 78 	beq     cr7,970 <_start-0x7dc>
     8fc:	88 09 00 be 	lbz     r0,190(r9)
     900:	2f 80 00 01 	cmpwi   cr7,r0,1
     904:	41 9e 00 58 	beq     cr7,95c <_start-0x7f0>
     908:	88 0b 00 bd 	lbz     r0,189(r11)
     90c:	2f 80 00 01 	cmpwi   cr7,r0,1
     910:	41 9e 00 4c 	beq     cr7,95c <_start-0x7f0>
     914:	88 09 00 ee 	lbz     r0,238(r9)
     918:	2f 80 00 01 	cmpwi   cr7,r0,1
     91c:	41 9e 00 10 	beq     cr7,92c <_start-0x820>
     920:	88 0b 00 ed 	lbz     r0,237(r11)
     924:	2f 80 00 01 	cmpwi   cr7,r0,1
     928:	4c be 00 20 	bnelr+  cr7
     92c:	81 2b 00 e4 	lwz     r9,228(r11)
     930:	38 00 02 00 	li      r0,512
     934:	2b 89 01 ff 	cmplwi  cr7,r9,511
     938:	41 9d 00 0c 	bgt     cr7,944 <_start-0x808>
     93c:	90 04 00 14 	stw     r0,20(r4)
     940:	4e 80 00 20 	blr
     944:	2b 89 0f fe 	cmplwi  cr7,r9,4094
     948:	7d 20 4b 78 	mr      r0,r9
     94c:	40 bd ff f0 	ble     cr7,93c <_start-0x810>
     950:	38 00 0f fe 	li      r0,4094
     954:	90 04 00 14 	stw     r0,20(r4)
     958:	4e 80 00 20 	blr
     95c:	80 04 00 00 	lwz     r0,0(r4)
     960:	60 00 00 20 	ori     r0,r0,32
     964:	90 04 00 00 	stw     r0,0(r4)
     968:	81 23 00 10 	lwz     r9,16(r3)
     96c:	4b ff ff a8 	b       914 <_start-0x838>
     970:	80 0b 00 a4 	lwz     r0,164(r11)
     974:	90 04 00 10 	stw     r0,16(r4)
     978:	81 23 00 10 	lwz     r9,16(r3)
     97c:	4b ff ff 80 	b       8fc <_start-0x850>
     980:	80 0b 00 94 	lwz     r0,148(r11)
     984:	90 04 00 0c 	stw     r0,12(r4)
     988:	81 23 00 10 	lwz     r9,16(r3)
     98c:	4b ff ff 58 	b       8e4 <_start-0x868>
     990:	80 04 00 04 	lwz     r0,4(r4)
     994:	54 00 00 be 	clrlwi  r0,r0,2
     998:	90 04 00 04 	stw     r0,4(r4)
     99c:	81 2b 00 84 	lwz     r9,132(r11)
     9a0:	7c 00 4b 78 	or      r0,r0,r9
     9a4:	90 04 00 04 	stw     r0,4(r4)
     9a8:	81 23 00 10 	lwz     r9,16(r3)
     9ac:	4b ff ff 20 	b       8cc <_start-0x880>
     9b0:	80 04 00 04 	lwz     r0,4(r4)
     9b4:	54 00 01 02 	rlwinm  r0,r0,0,4,1
     9b8:	90 04 00 04 	stw     r0,4(r4)
     9bc:	81 2b 00 74 	lwz     r9,116(r11)
     9c0:	7c 00 4b 78 	or      r0,r0,r9
     9c4:	90 04 00 04 	stw     r0,4(r4)
     9c8:	81 23 00 10 	lwz     r9,16(r3)
     9cc:	4b ff fe e8 	b       8b4 <_start-0x898>
     9d0:	80 04 00 04 	lwz     r0,4(r4)
     9d4:	54 00 01 46 	rlwinm  r0,r0,0,5,3
     9d8:	90 04 00 04 	stw     r0,4(r4)
     9dc:	81 2b 00 64 	lwz     r9,100(r11)
     9e0:	7c 00 4b 78 	or      r0,r0,r9
     9e4:	90 04 00 04 	stw     r0,4(r4)
     9e8:	81 23 00 10 	lwz     r9,16(r3)
     9ec:	4b ff fe b0 	b       89c <_start-0x8b0>
     9f0:	80 04 00 00 	lwz     r0,0(r4)
     9f4:	54 00 07 fa 	rlwinm  r0,r0,0,31,29
     9f8:	90 04 00 00 	stw     r0,0(r4)
     9fc:	81 23 00 10 	lwz     r9,16(r3)
     a00:	81 49 00 54 	lwz     r10,84(r9)
     a04:	2f 8a 00 00 	cmpwi   cr7,r10,0
     a08:	41 be fe 7c 	beq     cr7,884 <_start-0x8c8>
     a0c:	60 00 00 02 	ori     r0,r0,2
     a10:	90 04 00 00 	stw     r0,0(r4)
     a14:	81 23 00 10 	lwz     r9,16(r3)
     a18:	4b ff fe 6c 	b       884 <_start-0x8c8>
     a1c:	80 04 00 00 	lwz     r0,0(r4)
     a20:	54 00 06 6e 	rlwinm  r0,r0,0,25,23
     a24:	90 04 00 00 	stw     r0,0(r4)
     a28:	81 23 00 10 	lwz     r9,16(r3)
     a2c:	81 49 00 d4 	lwz     r10,212(r9)
     a30:	2f 8a 00 00 	cmpwi   cr7,r10,0
     a34:	41 be fe 38 	beq     cr7,86c <_start-0x8e0>
     a38:	60 00 00 80 	ori     r0,r0,128
     a3c:	90 04 00 00 	stw     r0,0(r4)
     a40:	81 23 00 10 	lwz     r9,16(r3)
     a44:	4b ff fe 28 	b       86c <_start-0x8e0>
     a48:	80 04 00 00 	lwz     r0,0(r4)
     a4c:	54 00 06 b0 	rlwinm  r0,r0,0,26,24
     a50:	90 04 00 00 	stw     r0,0(r4)
     a54:	81 23 00 10 	lwz     r9,16(r3)
     a58:	81 49 00 c4 	lwz     r10,196(r9)
     a5c:	2f 8a 00 00 	cmpwi   cr7,r10,0
     a60:	41 be fd f4 	beq     cr7,854 <_start-0x8f8>
     a64:	60 00 00 40 	ori     r0,r0,64
     a68:	90 04 00 00 	stw     r0,0(r4)
     a6c:	81 23 00 10 	lwz     r9,16(r3)
     a70:	4b ff fd e4 	b       854 <_start-0x8f8>
     a74:	80 04 00 00 	lwz     r0,0(r4)
     a78:	54 00 07 34 	rlwinm  r0,r0,0,28,26
     a7c:	90 04 00 00 	stw     r0,0(r4)
     a80:	81 23 00 10 	lwz     r9,16(r3)
     a84:	81 49 00 44 	lwz     r10,68(r9)
     a88:	2f 8a 00 00 	cmpwi   cr7,r10,0
     a8c:	41 be fd b0 	beq     cr7,83c <_start-0x910>
     a90:	60 00 00 10 	ori     r0,r0,16
     a94:	90 04 00 00 	stw     r0,0(r4)
     a98:	81 23 00 10 	lwz     r9,16(r3)
     a9c:	4b ff fd a0 	b       83c <_start-0x910>
     aa0:	80 04 00 00 	lwz     r0,0(r4)
     aa4:	54 00 07 76 	rlwinm  r0,r0,0,29,27
     aa8:	90 04 00 00 	stw     r0,0(r4)
     aac:	81 23 00 10 	lwz     r9,16(r3)
     ab0:	81 49 00 84 	lwz     r10,132(r9)
     ab4:	2f 8a 00 00 	cmpwi   cr7,r10,0
     ab8:	41 be fd 6c 	beq     cr7,824 <_start-0x928>
     abc:	60 00 00 08 	ori     r0,r0,8
     ac0:	90 04 00 00 	stw     r0,0(r4)
     ac4:	81 23 00 10 	lwz     r9,16(r3)
     ac8:	4b ff fd 5c 	b       824 <_start-0x928>
     acc:	80 04 00 00 	lwz     r0,0(r4)
     ad0:	54 00 07 b8 	rlwinm  r0,r0,0,30,28
     ad4:	90 04 00 00 	stw     r0,0(r4)
     ad8:	81 23 00 10 	lwz     r9,16(r3)
     adc:	81 49 00 24 	lwz     r10,36(r9)
     ae0:	2f 8a 00 00 	cmpwi   cr7,r10,0
     ae4:	41 be fd 28 	beq     cr7,80c <_start-0x940>
     ae8:	60 00 00 04 	ori     r0,r0,4
     aec:	90 04 00 00 	stw     r0,0(r4)
     af0:	81 23 00 10 	lwz     r9,16(r3)
     af4:	4b ff fd 18 	b       80c <_start-0x940>
     af8:	80 04 00 08 	lwz     r0,8(r4)
     afc:	54 00 07 76 	rlwinm  r0,r0,0,29,27
     b00:	90 04 00 08 	stw     r0,8(r4)
     b04:	81 23 00 10 	lwz     r9,16(r3)
     b08:	81 49 00 14 	lwz     r10,20(r9)
     b0c:	2f 8a 00 00 	cmpwi   cr7,r10,0
     b10:	41 be fc e4 	beq     cr7,7f4 <_start-0x958>
     b14:	60 00 00 08 	ori     r0,r0,8
     b18:	90 04 00 08 	stw     r0,8(r4)
     b1c:	81 23 00 10 	lwz     r9,16(r3)
     b20:	4b ff fc d4 	b       7f4 <_start-0x958>
     b24:	3d 60 00 02 	lis     r11,2
     b28:	39 6b 00 00 	addi    r11,r11,0
     b2c:	80 04 00 08 	lwz     r0,8(r4)
     b30:	54 00 07 b8 	rlwinm  r0,r0,0,30,28
     b34:	90 04 00 08 	stw     r0,8(r4)
     b38:	81 23 00 10 	lwz     r9,16(r3)
     b3c:	81 49 00 04 	lwz     r10,4(r9)
     b40:	2f 8a 00 00 	cmpwi   cr7,r10,0
     b44:	41 be fc 98 	beq     cr7,7dc <_start-0x970>
     b48:	60 00 00 04 	ori     r0,r0,4
     b4c:	90 04 00 08 	stw     r0,8(r4)
     b50:	81 23 00 10 	lwz     r9,16(r3)
     b54:	4b ff fc 88 	b       7dc <_start-0x970>
     b58:	94 21 ff f0 	stwu    r1,-16(r1)
     b5c:	7c 08 02 a6 	mflr    r0
     b60:	93 e1 00 0c 	stw     r31,12(r1)
     b64:	3f e0 00 02 	lis     r31,2
     b68:	80 7f 03 3c 	lwz     r3,828(r31)
     b6c:	90 01 00 14 	stw     r0,20(r1)
     b70:	4b ff f5 89 	bl      f8 <_start-0x1054>
     b74:	38 00 00 00 	li      r0,0
     b78:	90 1f 03 3c 	stw     r0,828(r31)
     b7c:	80 01 00 14 	lwz     r0,20(r1)
     b80:	83 e1 00 0c 	lwz     r31,12(r1)
     b84:	38 21 00 10 	addi    r1,r1,16
     b88:	7c 08 03 a6 	mtlr    r0
     b8c:	4e 80 00 20 	blr
     b90:	94 21 ff e0 	stwu    r1,-32(r1)
     b94:	7c 08 02 a6 	mflr    r0
     b98:	93 a1 00 14 	stw     r29,20(r1)
     b9c:	7c 7d 1b 78 	mr      r29,r3
     ba0:	93 c1 00 18 	stw     r30,24(r1)
     ba4:	3f c0 00 02 	lis     r30,2
     ba8:	93 e1 00 1c 	stw     r31,28(r1)
     bac:	3f e0 00 02 	lis     r31,2
     bb0:	90 01 00 24 	stw     r0,36(r1)
     bb4:	81 3e 03 48 	lwz     r9,840(r30)
     bb8:	81 7f 03 3c 	lwz     r11,828(r31)
     bbc:	80 09 01 70 	lwz     r0,368(r9)
     bc0:	7d 23 4b 78 	mr      r3,r9
     bc4:	80 8b 00 00 	lwz     r4,0(r11)
     bc8:	7c 09 03 a6 	mtctr   r0
     bcc:	4e 80 04 21 	bctrl
     bd0:	80 7f 03 3c 	lwz     r3,828(r31)
     bd4:	38 80 00 00 	li      r4,0
     bd8:	4b ff f7 7d 	bl      354 <_start-0xdf8>
     bdc:	80 7f 03 3c 	lwz     r3,828(r31)
     be0:	7f a4 eb 78 	mr      r4,r29
     be4:	4b ff fb d5 	bl      7b8 <_start-0x994>
     be8:	81 3e 03 48 	lwz     r9,840(r30)
     bec:	81 7f 03 3c 	lwz     r11,828(r31)
     bf0:	80 09 01 80 	lwz     r0,384(r9)
     bf4:	7d 23 4b 78 	mr      r3,r9
     bf8:	80 8b 00 00 	lwz     r4,0(r11)
     bfc:	7c 09 03 a6 	mtctr   r0
     c00:	4e 80 04 21 	bctrl
     c04:	80 01 00 24 	lwz     r0,36(r1)
     c08:	83 a1 00 14 	lwz     r29,20(r1)
     c0c:	7c 08 03 a6 	mtlr    r0
     c10:	83 c1 00 18 	lwz     r30,24(r1)
     c14:	83 e1 00 1c 	lwz     r31,28(r1)
     c18:	38 21 00 20 	addi    r1,r1,32
     c1c:	4e 80 00 20 	blr
     c20:	94 21 ff e0 	stwu    r1,-32(r1)
     c24:	7c 08 02 a6 	mflr    r0
     c28:	93 e1 00 1c 	stw     r31,28(r1)
     c2c:	3f e0 00 02 	lis     r31,2
     c30:	90 01 00 24 	stw     r0,36(r1)
     c34:	80 1f 03 3c 	lwz     r0,828(r31)
     c38:	93 c1 00 18 	stw     r30,24(r1)
     c3c:	7c 7e 1b 78 	mr      r30,r3
     c40:	2f 80 00 00 	cmpwi   cr7,r0,0
     c44:	93 a1 00 14 	stw     r29,20(r1)
     c48:	41 9e 00 20 	beq     cr7,c68 <_start-0x4e4>
     c4c:	80 01 00 24 	lwz     r0,36(r1)
     c50:	83 a1 00 14 	lwz     r29,20(r1)
     c54:	7c 08 03 a6 	mtlr    r0
     c58:	83 c1 00 18 	lwz     r30,24(r1)
     c5c:	83 e1 00 1c 	lwz     r31,28(r1)
     c60:	38 21 00 20 	addi    r1,r1,32
     c64:	4e 80 00 20 	blr
     c68:	3c 60 00 01 	lis     r3,1
     c6c:	3c a0 00 02 	lis     r5,2
     c70:	38 63 60 98 	addi    r3,r3,24728
     c74:	38 a5 00 00 	addi    r5,r5,0
     c78:	38 80 00 0f 	li      r4,15
     c7c:	4b ff f9 75 	bl      5f0 <_start-0xb5c>
     c80:	2f 83 00 00 	cmpwi   cr7,r3,0
     c84:	90 7f 03 3c 	stw     r3,828(r31)
     c88:	41 be ff c4 	beq     cr7,c4c <_start-0x500>
     c8c:	3f a0 00 02 	lis     r29,2
     c90:	80 83 00 00 	lwz     r4,0(r3)
     c94:	81 3d 03 48 	lwz     r9,840(r29)
     c98:	80 09 01 70 	lwz     r0,368(r9)
     c9c:	7d 23 4b 78 	mr      r3,r9
     ca0:	7c 09 03 a6 	mtctr   r0
     ca4:	4e 80 04 21 	bctrl
     ca8:	80 7f 03 3c 	lwz     r3,828(r31)
     cac:	38 80 00 01 	li      r4,1
     cb0:	4b ff f6 a5 	bl      354 <_start-0xdf8>
     cb4:	80 7f 03 3c 	lwz     r3,828(r31)
     cb8:	7f c4 f3 78 	mr      r4,r30
     cbc:	4b ff fa fd 	bl      7b8 <_start-0x994>
     cc0:	81 3d 03 48 	lwz     r9,840(r29)
     cc4:	81 7f 03 3c 	lwz     r11,828(r31)
     cc8:	80 09 01 80 	lwz     r0,384(r9)
     ccc:	7d 23 4b 78 	mr      r3,r9
     cd0:	80 8b 00 00 	lwz     r4,0(r11)
     cd4:	7c 09 03 a6 	mtctr   r0
     cd8:	4e 80 04 21 	bctrl
     cdc:	4b ff ff 70 	b       c4c <_start-0x500>
     ce0:	94 21 ff f0 	stwu    r1,-16(r1)
     ce4:	7c 08 02 a6 	mflr    r0
     ce8:	93 e1 00 0c 	stw     r31,12(r1)
     cec:	7c 9f 23 78 	mr      r31,r4
     cf0:	3c 80 00 01 	lis     r4,1
     cf4:	93 c1 00 08 	stw     r30,8(r1)
     cf8:	38 84 60 a4 	addi    r4,r4,24740
     cfc:	7c 7e 1b 78 	mr      r30,r3
     d00:	7f e3 fb 78 	mr      r3,r31
     d04:	90 01 00 14 	stw     r0,20(r1)
     d08:	48 01 46 ad 	bl      153b4 <_start+0x14268>
     d0c:	2f 83 00 00 	cmpwi   cr7,r3,0
     d10:	41 9e 00 80 	beq     cr7,d90 <_start-0x3bc>
     d14:	3c 80 00 01 	lis     r4,1
     d18:	7f e3 fb 78 	mr      r3,r31
     d1c:	38 84 60 ac 	addi    r4,r4,24748
     d20:	48 01 46 95 	bl      153b4 <_start+0x14268>
     d24:	2f 83 00 00 	cmpwi   cr7,r3,0
     d28:	41 9e 00 44 	beq     cr7,d6c <_start-0x3e0>
     d2c:	3c 80 00 01 	lis     r4,1
     d30:	7f e3 fb 78 	mr      r3,r31
     d34:	38 84 60 b4 	addi    r4,r4,24756
     d38:	48 01 46 7d 	bl      153b4 <_start+0x14268>
     d3c:	2f 83 00 00 	cmpwi   cr7,r3,0
     d40:	38 60 00 03 	li      r3,3
     d44:	40 9e 00 10 	bne     cr7,d54 <_start-0x3f8>
     d48:	3c 00 03 00 	lis     r0,768
     d4c:	38 60 00 01 	li      r3,1
     d50:	90 1e 00 04 	stw     r0,4(r30)
     d54:	80 01 00 14 	lwz     r0,20(r1)
     d58:	83 c1 00 08 	lwz     r30,8(r1)
     d5c:	7c 08 03 a6 	mtlr    r0
     d60:	83 e1 00 0c 	lwz     r31,12(r1)
     d64:	38 21 00 10 	addi    r1,r1,16
     d68:	4e 80 00 20 	blr
     d6c:	3c 00 02 00 	lis     r0,512
     d70:	38 60 00 01 	li      r3,1
     d74:	90 1e 00 04 	stw     r0,4(r30)
     d78:	80 01 00 14 	lwz     r0,20(r1)
     d7c:	83 c1 00 08 	lwz     r30,8(r1)
     d80:	7c 08 03 a6 	mtlr    r0
     d84:	83 e1 00 0c 	lwz     r31,12(r1)
     d88:	38 21 00 10 	addi    r1,r1,16
     d8c:	4e 80 00 20 	blr
     d90:	3c 00 01 00 	lis     r0,256
     d94:	38 60 00 01 	li      r3,1
     d98:	90 1e 00 04 	stw     r0,4(r30)
     d9c:	80 01 00 14 	lwz     r0,20(r1)
     da0:	83 c1 00 08 	lwz     r30,8(r1)
     da4:	7c 08 03 a6 	mtlr    r0
     da8:	83 e1 00 0c 	lwz     r31,12(r1)
     dac:	38 21 00 10 	addi    r1,r1,16
     db0:	4e 80 00 20 	blr
     db4:	94 21 ff f0 	stwu    r1,-16(r1)
     db8:	7c 08 02 a6 	mflr    r0
     dbc:	93 e1 00 0c 	stw     r31,12(r1)
     dc0:	7c 9f 23 78 	mr      r31,r4
     dc4:	3c 80 00 01 	lis     r4,1
     dc8:	93 c1 00 08 	stw     r30,8(r1)
     dcc:	38 84 60 b8 	addi    r4,r4,24760
     dd0:	7c 7e 1b 78 	mr      r30,r3
     dd4:	7f e3 fb 78 	mr      r3,r31
     dd8:	90 01 00 14 	stw     r0,20(r1)
     ddc:	48 01 45 d9 	bl      153b4 <_start+0x14268>
     de0:	2c 03 00 00 	cmpwi   r3,0
     de4:	41 82 00 98 	beq     e7c <_start-0x2d0>
     de8:	3c 80 00 01 	lis     r4,1
     dec:	7f e3 fb 78 	mr      r3,r31
     df0:	38 84 60 c4 	addi    r4,r4,24772
     df4:	48 01 45 c1 	bl      153b4 <_start+0x14268>
     df8:	2f 83 00 00 	cmpwi   cr7,r3,0
     dfc:	41 9e 00 5c 	beq     cr7,e58 <_start-0x2f4>
     e00:	3c 80 00 01 	lis     r4,1
     e04:	7f e3 fb 78 	mr      r3,r31
     e08:	38 84 60 cc 	addi    r4,r4,24780
     e0c:	48 01 45 a9 	bl      153b4 <_start+0x14268>
     e10:	2f 83 00 00 	cmpwi   cr7,r3,0
     e14:	41 9e 00 88 	beq     cr7,e9c <_start-0x2b0>
     e18:	3c 80 00 01 	lis     r4,1
     e1c:	7f e3 fb 78 	mr      r3,r31
     e20:	38 84 60 d8 	addi    r4,r4,24792
     e24:	48 01 45 91 	bl      153b4 <_start+0x14268>
     e28:	2f 83 00 00 	cmpwi   cr7,r3,0
     e2c:	38 60 00 03 	li      r3,3
     e30:	40 9e 00 34 	bne     cr7,e64 <_start-0x2e8>
     e34:	3c 00 30 00 	lis     r0,12288
     e38:	38 60 00 01 	li      r3,1
     e3c:	90 1e 00 04 	stw     r0,4(r30)
     e40:	80 01 00 14 	lwz     r0,20(r1)
     e44:	83 c1 00 08 	lwz     r30,8(r1)
     e48:	7c 08 03 a6 	mtlr    r0
     e4c:	83 e1 00 0c 	lwz     r31,12(r1)
     e50:	38 21 00 10 	addi    r1,r1,16
     e54:	4e 80 00 20 	blr
     e58:	3c 00 10 00 	lis     r0,4096
     e5c:	38 60 00 01 	li      r3,1
     e60:	90 1e 00 04 	stw     r0,4(r30)
     e64:	80 01 00 14 	lwz     r0,20(r1)
     e68:	83 c1 00 08 	lwz     r30,8(r1)
     e6c:	7c 08 03 a6 	mtlr    r0
     e70:	83 e1 00 0c 	lwz     r31,12(r1)
     e74:	38 21 00 10 	addi    r1,r1,16
     e78:	4e 80 00 20 	blr
     e7c:	90 7e 00 04 	stw     r3,4(r30)
     e80:	38 60 00 01 	li      r3,1
     e84:	80 01 00 14 	lwz     r0,20(r1)
     e88:	83 c1 00 08 	lwz     r30,8(r1)
     e8c:	7c 08 03 a6 	mtlr    r0
     e90:	83 e1 00 0c 	lwz     r31,12(r1)
     e94:	38 21 00 10 	addi    r1,r1,16
     e98:	4e 80 00 20 	blr
     e9c:	3c 00 20 00 	lis     r0,8192
     ea0:	38 60 00 01 	li      r3,1
     ea4:	90 1e 00 04 	stw     r0,4(r30)
     ea8:	80 01 00 14 	lwz     r0,20(r1)
     eac:	83 c1 00 08 	lwz     r30,8(r1)
     eb0:	7c 08 03 a6 	mtlr    r0
     eb4:	83 e1 00 0c 	lwz     r31,12(r1)
     eb8:	38 21 00 10 	addi    r1,r1,16
     ebc:	4e 80 00 20 	blr
     ec0:	94 21 ff f0 	stwu    r1,-16(r1)
     ec4:	7c 08 02 a6 	mflr    r0
     ec8:	93 e1 00 0c 	stw     r31,12(r1)
     ecc:	7c 7f 1b 78 	mr      r31,r3
     ed0:	7c 83 23 78 	mr      r3,r4
     ed4:	3c 80 00 01 	lis     r4,1
     ed8:	90 01 00 14 	stw     r0,20(r1)
     edc:	38 84 60 e4 	addi    r4,r4,24804
     ee0:	48 01 44 d5 	bl      153b4 <_start+0x14268>
     ee4:	2c 03 00 00 	cmpwi   r3,0
     ee8:	41 82 00 24 	beq     f0c <_start-0x240>
     eec:	3c 00 08 00 	lis     r0,2048
     ef0:	38 60 00 01 	li      r3,1
     ef4:	90 1f 00 04 	stw     r0,4(r31)
     ef8:	80 01 00 14 	lwz     r0,20(r1)
     efc:	83 e1 00 0c 	lwz     r31,12(r1)
     f00:	38 21 00 10 	addi    r1,r1,16
     f04:	7c 08 03 a6 	mtlr    r0
     f08:	4e 80 00 20 	blr
     f0c:	90 7f 00 04 	stw     r3,4(r31)
     f10:	38 60 00 01 	li      r3,1
     f14:	80 01 00 14 	lwz     r0,20(r1)
     f18:	83 e1 00 0c 	lwz     r31,12(r1)
     f1c:	38 21 00 10 	addi    r1,r1,16
     f20:	7c 08 03 a6 	mtlr    r0
     f24:	4e 80 00 20 	blr
     f28:	94 21 ff f0 	stwu    r1,-16(r1)
     f2c:	7c 08 02 a6 	mflr    r0
     f30:	38 a0 00 0a 	li      r5,10
     f34:	93 e1 00 0c 	stw     r31,12(r1)
     f38:	7c 7f 1b 78 	mr      r31,r3
     f3c:	7c 83 23 78 	mr      r3,r4
     f40:	38 80 00 00 	li      r4,0
     f44:	90 01 00 14 	stw     r0,20(r1)
     f48:	48 01 44 85 	bl      153cc <_start+0x14280>
     f4c:	2b 83 00 10 	cmplwi  cr7,r3,16
     f50:	40 9d 00 24 	ble     cr7,f74 <_start-0x1d8>
     f54:	38 00 00 00 	li      r0,0
     f58:	38 60 00 01 	li      r3,1
     f5c:	90 1f 00 04 	stw     r0,4(r31)
     f60:	80 01 00 14 	lwz     r0,20(r1)
     f64:	83 e1 00 0c 	lwz     r31,12(r1)
     f68:	38 21 00 10 	addi    r1,r1,16
     f6c:	7c 08 03 a6 	mtlr    r0
     f70:	4e 80 00 20 	blr
     f74:	3d 20 00 01 	lis     r9,1
     f78:	54 63 10 3a 	slwi    r3,r3,2
     f7c:	39 29 60 54 	addi    r9,r9,24660
     f80:	7c 09 18 2e 	lwzx    r0,r9,r3
     f84:	7d 20 4a 14 	add     r9,r0,r9
     f88:	7d 29 03 a6 	mtctr   r9
     f8c:	4e 80 04 20 	bctr
     f90:	38 00 00 60 	li      r0,96
     f94:	38 60 00 01 	li      r3,1
     f98:	90 1f 00 04 	stw     r0,4(r31)
     f9c:	80 01 00 14 	lwz     r0,20(r1)
     fa0:	83 e1 00 0c 	lwz     r31,12(r1)
     fa4:	38 21 00 10 	addi    r1,r1,16
     fa8:	7c 08 03 a6 	mtlr    r0
     fac:	4e 80 00 20 	blr
     fb0:	38 00 00 80 	li      r0,128
     fb4:	38 60 00 01 	li      r3,1
     fb8:	90 1f 00 04 	stw     r0,4(r31)
     fbc:	80 01 00 14 	lwz     r0,20(r1)
     fc0:	83 e1 00 0c 	lwz     r31,12(r1)
     fc4:	38 21 00 10 	addi    r1,r1,16
     fc8:	7c 08 03 a6 	mtlr    r0
     fcc:	4e 80 00 20 	blr
     fd0:	38 00 00 20 	li      r0,32
     fd4:	38 60 00 01 	li      r3,1
     fd8:	90 1f 00 04 	stw     r0,4(r31)
     fdc:	80 01 00 14 	lwz     r0,20(r1)
     fe0:	83 e1 00 0c 	lwz     r31,12(r1)
     fe4:	38 21 00 10 	addi    r1,r1,16
     fe8:	7c 08 03 a6 	mtlr    r0
     fec:	4e 80 00 20 	blr
     ff0:	38 00 00 40 	li      r0,64
     ff4:	38 60 00 01 	li      r3,1
     ff8:	90 1f 00 04 	stw     r0,4(r31)
     ffc:	80 01 00 14 	lwz     r0,20(r1)
    1000:	83 e1 00 0c 	lwz     r31,12(r1)
    1004:	38 21 00 10 	addi    r1,r1,16
    1008:	7c 08 03 a6 	mtlr    r0
    100c:	4e 80 00 20 	blr
    1010:	94 21 ff f0 	stwu    r1,-16(r1)
    1014:	7c 08 02 a6 	mflr    r0
    1018:	38 a0 00 0a 	li      r5,10
    101c:	93 e1 00 0c 	stw     r31,12(r1)
    1020:	7c 7f 1b 78 	mr      r31,r3
    1024:	7c 83 23 78 	mr      r3,r4
    1028:	38 80 00 00 	li      r4,0
    102c:	90 01 00 14 	stw     r0,20(r1)
    1030:	48 01 43 9d 	bl      153cc <_start+0x14280>
    1034:	2f 83 00 04 	cmpwi   cr7,r3,4
    1038:	41 9e 00 7c 	beq     cr7,10b4 <_start-0x98>
    103c:	2b 83 00 04 	cmplwi  cr7,r3,4
    1040:	40 9d 00 2c 	ble     cr7,106c <_start-0xe0>
    1044:	2f 83 00 08 	cmpwi   cr7,r3,8
    1048:	41 9e 00 8c 	beq     cr7,10d4 <_start-0x78>
    104c:	2f 83 00 10 	cmpwi   cr7,r3,16
    1050:	41 9e 00 44 	beq     cr7,1094 <_start-0xb8>
    1054:	80 01 00 14 	lwz     r0,20(r1)
    1058:	38 60 00 03 	li      r3,3
    105c:	83 e1 00 0c 	lwz     r31,12(r1)
    1060:	38 21 00 10 	addi    r1,r1,16
    1064:	7c 08 03 a6 	mtlr    r0
    1068:	4e 80 00 20 	blr
    106c:	2f 83 00 02 	cmpwi   cr7,r3,2
    1070:	40 9e ff e4 	bne     cr7,1054 <_start-0xf8>
    1074:	3c 00 c0 00 	lis     r0,-16384
    1078:	38 60 00 01 	li      r3,1
    107c:	90 1f 00 04 	stw     r0,4(r31)
    1080:	80 01 00 14 	lwz     r0,20(r1)
    1084:	83 e1 00 0c 	lwz     r31,12(r1)
    1088:	38 21 00 10 	addi    r1,r1,16
    108c:	7c 08 03 a6 	mtlr    r0
    1090:	4e 80 00 20 	blr
    1094:	38 00 00 00 	li      r0,0
    1098:	38 60 00 01 	li      r3,1
    109c:	90 1f 00 04 	stw     r0,4(r31)
    10a0:	80 01 00 14 	lwz     r0,20(r1)
    10a4:	83 e1 00 0c 	lwz     r31,12(r1)
    10a8:	38 21 00 10 	addi    r1,r1,16
    10ac:	7c 08 03 a6 	mtlr    r0
    10b0:	4e 80 00 20 	blr
    10b4:	3c 00 80 00 	lis     r0,-32768
    10b8:	38 60 00 01 	li      r3,1
    10bc:	90 1f 00 04 	stw     r0,4(r31)
    10c0:	80 01 00 14 	lwz     r0,20(r1)
    10c4:	83 e1 00 0c 	lwz     r31,12(r1)
    10c8:	38 21 00 10 	addi    r1,r1,16
    10cc:	7c 08 03 a6 	mtlr    r0
    10d0:	4e 80 00 20 	blr
    10d4:	3c 00 40 00 	lis     r0,16384
    10d8:	38 60 00 01 	li      r3,1
    10dc:	90 1f 00 04 	stw     r0,4(r31)
    10e0:	80 01 00 14 	lwz     r0,20(r1)
    10e4:	83 e1 00 0c 	lwz     r31,12(r1)
    10e8:	38 21 00 10 	addi    r1,r1,16
    10ec:	7c 08 03 a6 	mtlr    r0
    10f0:	4e 80 00 20 	blr
    10f4:	81 23 00 10 	lwz     r9,16(r3)
    10f8:	a1 69 00 20 	lhz     r11,32(r9)
    10fc:	7d 23 4b 78 	mr      r3,r9
    1100:	38 0b 00 01 	addi    r0,r11,1
    1104:	b0 09 00 20 	sth     r0,32(r9)
    1108:	4e 80 00 20 	blr
    110c:	81 23 00 10 	lwz     r9,16(r3)
    1110:	38 60 00 00 	li      r3,0
    1114:	a1 69 00 20 	lhz     r11,32(r9)
    1118:	38 0b ff ff 	addi    r0,r11,-1
    111c:	b0 09 00 20 	sth     r0,32(r9)
    1120:	4e 80 00 20 	blr
    1124:	81 23 00 14 	lwz     r9,20(r3)
    1128:	38 09 00 01 	addi    r0,r9,1
    112c:	90 03 00 14 	stw     r0,20(r3)
    1130:	7d 23 4b 78 	mr      r3,r9
    1134:	4e 80 00 20 	blr
    1138:	81 23 00 14 	lwz     r9,20(r3)
    113c:	38 09 ff ff 	addi    r0,r9,-1
    1140:	90 03 00 14 	stw     r0,20(r3)
    1144:	7d 23 4b 78 	mr      r3,r9
    1148:	4e 80 00 20 	blr

0000114c <_start>:
    114c:	4e 80 00 20 	blr
    1150:	94 21 ff e0 	stwu    r1,-32(r1)
    1154:	7c 08 02 a6 	mflr    r0
    1158:	93 c1 00 18 	stw     r30,24(r1)
    115c:	3f c0 00 02 	lis     r30,2
    1160:	93 41 00 08 	stw     r26,8(r1)
    1164:	7c 9a 23 78 	mr      r26,r4
    1168:	3c 80 00 01 	lis     r4,1
    116c:	93 61 00 0c 	stw     r27,12(r1)
    1170:	38 84 63 20 	addi    r4,r4,25376
    1174:	93 81 00 10 	stw     r28,16(r1)
    1178:	3f 80 00 02 	lis     r28,2
    117c:	93 e1 00 1c 	stw     r31,28(r1)
    1180:	7c 7f 1b 78 	mr      r31,r3
    1184:	7c a3 2b 78 	mr      r3,r5
    1188:	90 be 03 48 	stw     r5,840(r30)
    118c:	90 01 00 24 	stw     r0,36(r1)
    1190:	93 a1 00 14 	stw     r29,20(r1)
    1194:	80 05 00 10 	lwz     r0,16(r5)
    1198:	90 1c 03 44 	stw     r0,836(r28)
    119c:	80 05 01 a8 	lwz     r0,424(r5)
    11a0:	38 a0 00 34 	li      r5,52
    11a4:	7c 09 03 a6 	mtctr   r0
    11a8:	4e 80 04 21 	bctrl
    11ac:	7c 7b 1b 79 	mr.     r27,r3
    11b0:	41 82 02 2c 	beq     13dc <_start+0x290>
    11b4:	81 3e 03 48 	lwz     r9,840(r30)
    11b8:	3f a0 00 01 	lis     r29,1
    11bc:	7f 64 db 78 	mr      r4,r27
    11c0:	3b bd 63 30 	addi    r29,r29,25392
    11c4:	38 c0 00 01 	li      r6,1
    11c8:	80 09 01 c0 	lwz     r0,448(r9)
    11cc:	7d 23 4b 78 	mr      r3,r9
    11d0:	7f a5 eb 78 	mr      r5,r29
    11d4:	38 e0 00 00 	li      r7,0
    11d8:	7c 09 03 a6 	mtctr   r0
    11dc:	4e 80 04 21 	bctrl
    11e0:	3d 20 00 02 	lis     r9,2
    11e4:	2f 83 00 00 	cmpwi   cr7,r3,0
    11e8:	90 69 03 50 	stw     r3,848(r9)
    11ec:	41 9e 02 14 	beq     cr7,1400 <_start+0x2b4>
    11f0:	81 3e 03 48 	lwz     r9,840(r30)
    11f4:	3c 80 00 01 	lis     r4,1
    11f8:	38 a0 00 00 	li      r5,0
    11fc:	38 84 63 38 	addi    r4,r4,25400
    1200:	80 09 01 a8 	lwz     r0,424(r9)
    1204:	7d 23 4b 78 	mr      r3,r9
    1208:	7c 09 03 a6 	mtctr   r0
    120c:	4e 80 04 21 	bctrl
    1210:	7c 7b 1b 79 	mr.     r27,r3
    1214:	41 82 01 44 	beq     1358 <_start+0x20c>
    1218:	81 3e 03 48 	lwz     r9,840(r30)
    121c:	7f 64 db 78 	mr      r4,r27
    1220:	7f a5 eb 78 	mr      r5,r29
    1224:	38 c0 00 01 	li      r6,1
    1228:	38 e0 00 00 	li      r7,0
    122c:	80 09 01 c0 	lwz     r0,448(r9)
    1230:	7d 23 4b 78 	mr      r3,r9
    1234:	7c 09 03 a6 	mtctr   r0
    1238:	4e 80 04 21 	bctrl
    123c:	3d 20 00 02 	lis     r9,2
    1240:	2f 83 00 00 	cmpwi   cr7,r3,0
    1244:	90 69 03 5c 	stw     r3,860(r9)
    1248:	41 9e 01 5c 	beq     cr7,13a4 <_start+0x258>
    124c:	38 00 00 09 	li      r0,9
    1250:	3d 20 00 01 	lis     r9,1
    1254:	93 5f 00 24 	stw     r26,36(r31)
    1258:	98 1f 00 08 	stb     r0,8(r31)
    125c:	38 00 00 00 	li      r0,0
    1260:	3c a0 00 01 	lis     r5,1
    1264:	98 1f 00 09 	stb     r0,9(r31)
    1268:	38 09 63 44 	addi    r0,r9,25412
    126c:	3d 20 00 01 	lis     r9,1
    1270:	90 1f 00 0a 	stw     r0,10(r31)
    1274:	38 00 00 06 	li      r0,6
    1278:	38 a5 63 80 	addi    r5,r5,25472
    127c:	98 1f 00 0e 	stb     r0,14(r31)
    1280:	38 00 00 35 	li      r0,53
    1284:	b0 1f 00 14 	sth     r0,20(r31)
    1288:	38 00 00 1a 	li      r0,26
    128c:	b0 1f 00 16 	sth     r0,22(r31)
    1290:	38 09 63 58 	addi    r0,r9,25432
    1294:	90 1f 00 18 	stw     r0,24(r31)
    1298:	81 3e 03 48 	lwz     r9,840(r30)
    129c:	80 9c 03 44 	lwz     r4,836(r28)
    12a0:	80 09 00 94 	lwz     r0,148(r9)
    12a4:	7d 23 4b 78 	mr      r3,r9
    12a8:	38 84 01 5e 	addi    r4,r4,350
    12ac:	7c 09 03 a6 	mtctr   r0
    12b0:	4e 80 04 21 	bctrl
    12b4:	3d 20 00 02 	lis     r9,2
    12b8:	7f a5 eb 78 	mr      r5,r29
    12bc:	90 69 03 60 	stw     r3,864(r9)
    12c0:	7c 64 1b 78 	mr      r4,r3
    12c4:	38 c0 00 01 	li      r6,1
    12c8:	81 3e 03 48 	lwz     r9,840(r30)
    12cc:	38 e0 00 00 	li      r7,0
    12d0:	80 09 01 c0 	lwz     r0,448(r9)
    12d4:	7d 23 4b 78 	mr      r3,r9
    12d8:	7c 09 03 a6 	mtctr   r0
    12dc:	4e 80 04 21 	bctrl
    12e0:	3d 20 00 02 	lis     r9,2
    12e4:	90 69 03 58 	stw     r3,856(r9)
    12e8:	48 00 39 01 	bl      4be8 <_start+0x3a9c>
    12ec:	2f 83 00 00 	cmpwi   cr7,r3,0
    12f0:	41 9e 00 38 	beq     cr7,1328 <_start+0x1dc>
    12f4:	38 00 00 01 	li      r0,1
    12f8:	b0 1f 00 28 	sth     r0,40(r31)
    12fc:	80 01 00 24 	lwz     r0,36(r1)
    1300:	7f e3 fb 78 	mr      r3,r31
    1304:	83 41 00 08 	lwz     r26,8(r1)
    1308:	7c 08 03 a6 	mtlr    r0
    130c:	83 61 00 0c 	lwz     r27,12(r1)
    1310:	83 81 00 10 	lwz     r28,16(r1)
    1314:	83 a1 00 14 	lwz     r29,20(r1)
    1318:	83 c1 00 18 	lwz     r30,24(r1)
    131c:	83 e1 00 1c 	lwz     r31,28(r1)
    1320:	38 21 00 20 	addi    r1,r1,32
    1324:	4e 80 00 20 	blr
    1328:	80 01 00 24 	lwz     r0,36(r1)
    132c:	3b e0 00 00 	li      r31,0
    1330:	7f e3 fb 78 	mr      r3,r31
    1334:	83 41 00 08 	lwz     r26,8(r1)
    1338:	7c 08 03 a6 	mtlr    r0
    133c:	83 61 00 0c 	lwz     r27,12(r1)
    1340:	83 81 00 10 	lwz     r28,16(r1)
    1344:	83 a1 00 14 	lwz     r29,20(r1)
    1348:	83 c1 00 18 	lwz     r30,24(r1)
    134c:	83 e1 00 1c 	lwz     r31,28(r1)
    1350:	38 21 00 20 	addi    r1,r1,32
    1354:	4e 80 00 20 	blr
    1358:	81 3e 03 48 	lwz     r9,840(r30)
    135c:	3c 80 00 03 	lis     r4,3
    1360:	3b e0 00 00 	li      r31,0
    1364:	60 84 80 07 	ori     r4,r4,32775
    1368:	80 09 02 3c 	lwz     r0,572(r9)
    136c:	7d 23 4b 78 	mr      r3,r9
    1370:	7c 09 03 a6 	mtctr   r0
    1374:	4e 80 04 21 	bctrl
    1378:	80 01 00 24 	lwz     r0,36(r1)
    137c:	7f e3 fb 78 	mr      r3,r31
    1380:	83 41 00 08 	lwz     r26,8(r1)
    1384:	7c 08 03 a6 	mtlr    r0
    1388:	83 61 00 0c 	lwz     r27,12(r1)
    138c:	83 81 00 10 	lwz     r28,16(r1)
    1390:	83 a1 00 14 	lwz     r29,20(r1)
    1394:	83 c1 00 18 	lwz     r30,24(r1)
    1398:	83 e1 00 1c 	lwz     r31,28(r1)
    139c:	38 21 00 20 	addi    r1,r1,32
    13a0:	4e 80 00 20 	blr
    13a4:	81 3e 03 48 	lwz     r9,840(r30)
    13a8:	7f 64 db 78 	mr      r4,r27
    13ac:	80 09 01 ac 	lwz     r0,428(r9)
    13b0:	7d 23 4b 78 	mr      r3,r9
    13b4:	7c 09 03 a6 	mtctr   r0
    13b8:	4e 80 04 21 	bctrl
    13bc:	81 3e 03 48 	lwz     r9,840(r30)
    13c0:	3c 80 00 03 	lis     r4,3
    13c4:	60 84 80 07 	ori     r4,r4,32775
    13c8:	80 09 02 3c 	lwz     r0,572(r9)
    13cc:	7d 23 4b 78 	mr      r3,r9
    13d0:	7c 09 03 a6 	mtctr   r0
    13d4:	4e 80 04 21 	bctrl
    13d8:	4b ff fe 74 	b       124c <_start+0x100>
    13dc:	81 3e 03 48 	lwz     r9,840(r30)
    13e0:	3c 80 00 03 	lis     r4,3
    13e4:	3b e0 00 00 	li      r31,0
    13e8:	60 84 80 0e 	ori     r4,r4,32782
    13ec:	80 09 02 3c 	lwz     r0,572(r9)
    13f0:	7d 23 4b 78 	mr      r3,r9
    13f4:	7c 09 03 a6 	mtctr   r0
    13f8:	4e 80 04 21 	bctrl
    13fc:	4b ff ff 00 	b       12fc <_start+0x1b0>
    1400:	81 3e 03 48 	lwz     r9,840(r30)
    1404:	7f 64 db 78 	mr      r4,r27
    1408:	3b e0 00 00 	li      r31,0
    140c:	80 09 01 ac 	lwz     r0,428(r9)
    1410:	7d 23 4b 78 	mr      r3,r9
    1414:	7c 09 03 a6 	mtctr   r0
    1418:	4e 80 04 21 	bctrl
    141c:	81 3e 03 48 	lwz     r9,840(r30)
    1420:	3c 80 00 03 	lis     r4,3
    1424:	60 84 80 0e 	ori     r4,r4,32782
    1428:	80 09 02 3c 	lwz     r0,572(r9)
    142c:	7d 23 4b 78 	mr      r3,r9
    1430:	7c 09 03 a6 	mtctr   r0
    1434:	4e 80 04 21 	bctrl
    1438:	4b ff fe c4 	b       12fc <_start+0x1b0>
    143c:	94 21 ff e0 	stwu    r1,-32(r1)
    1440:	7c 08 02 a6 	mflr    r0
    1444:	3d 20 00 02 	lis     r9,2
    1448:	81 29 03 50 	lwz     r9,848(r9)
    144c:	93 a1 00 14 	stw     r29,20(r1)
    1450:	7d 24 4b 78 	mr      r4,r9
    1454:	3f a0 00 02 	lis     r29,2
    1458:	93 e1 00 1c 	stw     r31,28(r1)
    145c:	3f e0 00 02 	lis     r31,2
    1460:	90 01 00 24 	stw     r0,36(r1)
    1464:	93 61 00 0c 	stw     r27,12(r1)
    1468:	93 81 00 10 	stw     r28,16(r1)
    146c:	93 c1 00 18 	stw     r30,24(r1)
    1470:	81 7f 03 48 	lwz     r11,840(r31)
    1474:	80 0b 01 c8 	lwz     r0,456(r11)
    1478:	83 c3 00 10 	lwz     r30,16(r3)
    147c:	7d 63 5b 78 	mr      r3,r11
    1480:	7c 09 03 a6 	mtctr   r0
    1484:	81 7d 03 5c 	lwz     r11,860(r29)
    1488:	83 69 00 10 	lwz     r27,16(r9)
    148c:	83 8b 00 10 	lwz     r28,16(r11)
    1490:	4e 80 04 21 	bctrl
    1494:	81 3f 03 48 	lwz     r9,840(r31)
    1498:	7f 64 db 78 	mr      r4,r27
    149c:	80 09 01 ac 	lwz     r0,428(r9)
    14a0:	7d 23 4b 78 	mr      r3,r9
    14a4:	7c 09 03 a6 	mtctr   r0
    14a8:	4e 80 04 21 	bctrl
    14ac:	81 3f 03 48 	lwz     r9,840(r31)
    14b0:	80 9d 03 5c 	lwz     r4,860(r29)
    14b4:	80 09 01 c8 	lwz     r0,456(r9)
    14b8:	7d 23 4b 78 	mr      r3,r9
    14bc:	7c 09 03 a6 	mtctr   r0
    14c0:	4e 80 04 21 	bctrl
    14c4:	81 3f 03 48 	lwz     r9,840(r31)
    14c8:	7f 84 e3 78 	mr      r4,r28
    14cc:	80 09 01 ac 	lwz     r0,428(r9)
    14d0:	7d 23 4b 78 	mr      r3,r9
    14d4:	7c 09 03 a6 	mtctr   r0
    14d8:	4e 80 04 21 	bctrl
    14dc:	a0 1e 00 20 	lhz     r0,32(r30)
    14e0:	2f 80 00 00 	cmpwi   cr7,r0,0
    14e4:	40 9e 00 64 	bne     cr7,1548 <_start+0x3fc>
    14e8:	83 be 00 24 	lwz     r29,36(r30)
    14ec:	48 00 36 89 	bl      4b74 <_start+0x3a28>
    14f0:	7f c4 f3 78 	mr      r4,r30
    14f4:	81 3f 03 48 	lwz     r9,840(r31)
    14f8:	80 09 00 d8 	lwz     r0,216(r9)
    14fc:	7d 23 4b 78 	mr      r3,r9
    1500:	7c 09 03 a6 	mtctr   r0
    1504:	4e 80 04 21 	bctrl
    1508:	81 3f 03 48 	lwz     r9,840(r31)
    150c:	7f c4 f3 78 	mr      r4,r30
    1510:	80 09 01 e4 	lwz     r0,484(r9)
    1514:	7d 23 4b 78 	mr      r3,r9
    1518:	7c 09 03 a6 	mtctr   r0
    151c:	4e 80 04 21 	bctrl
    1520:	80 01 00 24 	lwz     r0,36(r1)
    1524:	7f a3 eb 78 	mr      r3,r29
    1528:	83 61 00 0c 	lwz     r27,12(r1)
    152c:	7c 08 03 a6 	mtlr    r0
    1530:	83 81 00 10 	lwz     r28,16(r1)
    1534:	83 a1 00 14 	lwz     r29,20(r1)
    1538:	83 c1 00 18 	lwz     r30,24(r1)
    153c:	83 e1 00 1c 	lwz     r31,28(r1)
    1540:	38 21 00 20 	addi    r1,r1,32
    1544:	4e 80 00 20 	blr
    1548:	88 1e 00 0e 	lbz     r0,14(r30)
    154c:	3b a0 00 00 	li      r29,0
    1550:	7f a3 eb 78 	mr      r3,r29
    1554:	60 00 00 08 	ori     r0,r0,8
    1558:	98 1e 00 0e 	stb     r0,14(r30)
    155c:	80 01 00 24 	lwz     r0,36(r1)
    1560:	83 61 00 0c 	lwz     r27,12(r1)
    1564:	7c 08 03 a6 	mtlr    r0
    1568:	83 81 00 10 	lwz     r28,16(r1)
    156c:	83 a1 00 14 	lwz     r29,20(r1)
    1570:	83 c1 00 18 	lwz     r30,24(r1)
    1574:	83 e1 00 1c 	lwz     r31,28(r1)
    1578:	38 21 00 20 	addi    r1,r1,32
    157c:	4e 80 00 20 	blr
    1580:	2c 04 00 00 	cmpwi   r4,0
    1584:	94 21 ff f0 	stwu    r1,-16(r1)
    1588:	39 20 00 00 	li      r9,0
    158c:	41 82 00 08 	beq     1594 <_start+0x448>
    1590:	81 24 00 00 	lwz     r9,0(r4)
    1594:	a1 05 00 04 	lhz     r8,4(r5)
    1598:	3d 40 00 01 	lis     r10,1
    159c:	a0 85 00 06 	lhz     r4,6(r5)
    15a0:	55 08 80 1e 	slwi    r8,r8,16
    15a4:	c1 aa 63 9c 	lfs     f13,25500(r10)
    15a8:	3d 40 00 01 	lis     r10,1
    15ac:	7c 88 43 78 	or      r8,r4,r8
    15b0:	c0 0a 63 a0 	lfs     f0,25504(r10)
    15b4:	91 01 00 08 	stw     r8,8(r1)
    15b8:	a0 05 00 00 	lhz     r0,0(r5)
    15bc:	a0 e5 00 02 	lhz     r7,2(r5)
    15c0:	c1 81 00 08 	lfs     f12,8(r1)
    15c4:	54 00 80 1e 	slwi    r0,r0,16
    15c8:	7c e0 03 78 	or      r0,r7,r0
    15cc:	a1 65 00 08 	lhz     r11,8(r5)
    15d0:	a0 c5 00 0a 	lhz     r6,10(r5)
    15d4:	ed 8d 03 3a 	fmadds  f12,f13,f12,f0
    15d8:	55 6b 80 1e 	slwi    r11,r11,16
    15dc:	a1 45 00 0c 	lhz     r10,12(r5)
    15e0:	7c cb 5b 78 	or      r11,r6,r11
    15e4:	a0 e5 00 0e 	lhz     r7,14(r5)
    15e8:	55 4a 80 1e 	slwi    r10,r10,16
    15ec:	d1 81 00 08 	stfs    f12,8(r1)
    15f0:	7c ea 53 78 	or      r10,r7,r10
    15f4:	81 01 00 08 	lwz     r8,8(r1)
    15f8:	90 01 00 08 	stw     r0,8(r1)
    15fc:	55 08 44 2e 	rlwinm  r8,r8,8,16,23
    1600:	c1 81 00 08 	lfs     f12,8(r1)
    1604:	ed 8d 03 3a 	fmadds  f12,f13,f12,f0
    1608:	d1 81 00 08 	stfs    f12,8(r1)
    160c:	80 01 00 08 	lwz     r0,8(r1)
    1610:	91 61 00 08 	stw     r11,8(r1)
    1614:	54 00 82 1e 	rlwinm  r0,r0,16,8,15
    1618:	7d 00 03 78 	or      r0,r8,r0
    161c:	c1 81 00 08 	lfs     f12,8(r1)
    1620:	ed 8d 03 3a 	fmadds  f12,f13,f12,f0
    1624:	d1 81 00 08 	stfs    f12,8(r1)
    1628:	81 61 00 08 	lwz     r11,8(r1)
    162c:	91 41 00 08 	stw     r10,8(r1)
    1630:	55 6b 06 3e 	clrlwi  r11,r11,24
    1634:	7c 00 5b 78 	or      r0,r0,r11
    1638:	c1 81 00 08 	lfs     f12,8(r1)
    163c:	ec 0d 03 3a 	fmadds  f0,f13,f12,f0
    1640:	d0 01 00 08 	stfs    f0,8(r1)
    1644:	81 41 00 08 	lwz     r10,8(r1)
    1648:	38 21 00 10 	addi    r1,r1,16
    164c:	81 69 00 18 	lwz     r11,24(r9)
    1650:	55 4a c0 0e 	slwi    r10,r10,24
    1654:	7c 00 53 78 	or      r0,r0,r10
    1658:	90 0b 00 20 	stw     r0,32(r11)
    165c:	81 29 00 18 	lwz     r9,24(r9)
    1660:	80 09 00 0c 	lwz     r0,12(r9)
    1664:	60 00 00 02 	ori     r0,r0,2
    1668:	90 09 00 0c 	stw     r0,12(r9)
    166c:	4e 80 00 20 	blr
    1670:	4e 80 00 20 	blr
    1674:	94 21 ff c0 	stwu    r1,-64(r1)
    1678:	7c 08 02 a6 	mflr    r0
    167c:	90 01 00 44 	stw     r0,68(r1)
    1680:	a8 04 00 48 	lha     r0,72(r4)
    1684:	2f 80 00 00 	cmpwi   cr7,r0,0
    1688:	38 00 ff f7 	li      r0,-9
    168c:	41 be 00 b4 	beq     cr7,1740 <_start+0x5f4>
    1690:	3c 00 43 30 	lis     r0,17200
    1694:	54 ab 06 3e 	clrlwi  r11,r5,24
    1698:	54 a8 46 3e 	srwi    r8,r5,24
    169c:	54 aa 86 3e 	rlwinm  r10,r5,16,24,31
    16a0:	91 61 00 34 	stw     r11,52(r1)
    16a4:	54 a5 c6 3e 	rlwinm  r5,r5,24,24,31
    16a8:	91 01 00 1c 	stw     r8,28(r1)
    16ac:	3d 60 00 01 	lis     r11,1
    16b0:	90 a1 00 2c 	stw     r5,44(r1)
    16b4:	38 c0 00 00 	li      r6,0
    16b8:	38 a1 00 08 	addi    r5,r1,8
    16bc:	91 41 00 24 	stw     r10,36(r1)
    16c0:	38 e0 00 00 	li      r7,0
    16c4:	90 01 00 30 	stw     r0,48(r1)
    16c8:	90 01 00 18 	stw     r0,24(r1)
    16cc:	90 01 00 20 	stw     r0,32(r1)
    16d0:	90 01 00 28 	stw     r0,40(r1)
    16d4:	c0 0b 63 a4 	lfs     f0,25508(r11)
    16d8:	3d 60 00 01 	lis     r11,1
    16dc:	c9 61 00 18 	lfd     f11,24(r1)
    16e0:	c9 41 00 28 	lfd     f10,40(r1)
    16e4:	c9 a1 00 30 	lfd     f13,48(r1)
    16e8:	c9 81 00 20 	lfd     f12,32(r1)
    16ec:	fd 6b 00 28 	fsub    f11,f11,f0
    16f0:	80 03 01 7c 	lwz     r0,380(r3)
    16f4:	fd ad 00 28 	fsub    f13,f13,f0
    16f8:	fd 8c 00 28 	fsub    f12,f12,f0
    16fc:	7c 09 03 a6 	mtctr   r0
    1700:	fc 0a 00 28 	fsub    f0,f10,f0
    1704:	fd 60 58 18 	frsp    f11,f11
    1708:	fd 80 60 18 	frsp    f12,f12
    170c:	fd 40 00 18 	frsp    f10,f0
    1710:	c0 0b 63 a8 	lfs     f0,25512(r11)
    1714:	fd a0 68 18 	frsp    f13,f13
    1718:	ed 6b 00 32 	fmuls   f11,f11,f0
    171c:	ed ad 00 32 	fmuls   f13,f13,f0
    1720:	ed 8c 00 32 	fmuls   f12,f12,f0
    1724:	ec 0a 00 32 	fmuls   f0,f10,f0
    1728:	d1 61 00 14 	stfs    f11,20(r1)
    172c:	d1 a1 00 10 	stfs    f13,16(r1)
    1730:	d1 81 00 08 	stfs    f12,8(r1)
    1734:	d0 01 00 0c 	stfs    f0,12(r1)
    1738:	4e 80 04 21 	bctrl
    173c:	7c 60 1b 78 	mr      r0,r3
    1740:	7c 03 03 78 	mr      r3,r0
    1744:	80 01 00 44 	lwz     r0,68(r1)
    1748:	38 21 00 40 	addi    r1,r1,64
    174c:	7c 08 03 a6 	mtlr    r0
    1750:	4e 80 00 20 	blr
    1754:	94 21 ff 40 	stwu    r1,-192(r1)
    1758:	7c 08 02 a6 	mflr    r0
    175c:	38 60 ff f7 	li      r3,-9
    1760:	93 41 00 a8 	stw     r26,168(r1)
    1764:	7c fa 3b 78 	mr      r26,r7
    1768:	93 61 00 ac 	stw     r27,172(r1)
    176c:	7c db 33 78 	mr      r27,r6
    1770:	93 c1 00 b8 	stw     r30,184(r1)
    1774:	7c 9e 23 78 	mr      r30,r4
    1778:	90 01 00 c4 	stw     r0,196(r1)
    177c:	92 01 00 80 	stw     r16,128(r1)
    1780:	92 21 00 84 	stw     r17,132(r1)
    1784:	92 41 00 88 	stw     r18,136(r1)
    1788:	92 61 00 8c 	stw     r19,140(r1)
    178c:	92 81 00 90 	stw     r20,144(r1)
    1790:	92 a1 00 94 	stw     r21,148(r1)
    1794:	92 c1 00 98 	stw     r22,152(r1)
    1798:	92 e1 00 9c 	stw     r23,156(r1)
    179c:	93 01 00 a0 	stw     r24,160(r1)
    17a0:	93 21 00 a4 	stw     r25,164(r1)
    17a4:	93 81 00 b0 	stw     r28,176(r1)
    17a8:	93 a1 00 b4 	stw     r29,180(r1)
    17ac:	93 e1 00 bc 	stw     r31,188(r1)
    17b0:	a8 04 00 48 	lha     r0,72(r4)
    17b4:	2f 80 00 00 	cmpwi   cr7,r0,0
    17b8:	41 9e 04 6c 	beq     cr7,1c24 <_start+0xad8>
    17bc:	2f 85 00 00 	cmpwi   cr7,r5,0
    17c0:	83 e4 00 00 	lwz     r31,0(r4)
    17c4:	41 9e 04 c4 	beq     cr7,1c88 <_start+0xb3c>
    17c8:	a3 a5 00 04 	lhz     r29,4(r5)
    17cc:	3c e0 00 01 	lis     r7,1
    17d0:	3f 00 b8 88 	lis     r24,-18296
    17d4:	a1 65 00 06 	lhz     r11,6(r5)
    17d8:	7f e3 fb 78 	mr      r3,r31
    17dc:	63 18 8f 8f 	ori     r24,r24,36751
    17e0:	a1 05 00 08 	lhz     r8,8(r5)
    17e4:	57 bd 80 1e 	slwi    r29,r29,16
    17e8:	a1 25 00 0a 	lhz     r9,10(r5)
    17ec:	7d 7d eb 78 	or      r29,r11,r29
    17f0:	c1 a7 63 9c 	lfs     f13,25500(r7)
    17f4:	55 08 80 1e 	slwi    r8,r8,16
    17f8:	3c e0 00 01 	lis     r7,1
    17fc:	a1 65 00 0e 	lhz     r11,14(r5)
    1800:	7d 28 43 78 	or      r8,r9,r8
    1804:	a1 45 00 00 	lhz     r10,0(r5)
    1808:	81 3f 00 18 	lwz     r9,24(r31)
    180c:	a0 05 00 0c 	lhz     r0,12(r5)
    1810:	55 4a 80 1e 	slwi    r10,r10,16
    1814:	c0 07 63 a0 	lfs     f0,25504(r7)
    1818:	a0 e5 00 02 	lhz     r7,2(r5)
    181c:	54 00 80 1e 	slwi    r0,r0,16
    1820:	93 a1 00 70 	stw     r29,112(r1)
    1824:	7d 60 03 78 	or      r0,r11,r0
    1828:	7c ea 53 78 	or      r10,r7,r10
    182c:	c1 81 00 70 	lfs     f12,112(r1)
    1830:	ed 8d 03 3a 	fmadds  f12,f13,f12,f0
    1834:	d1 81 00 70 	stfs    f12,112(r1)
    1838:	83 a1 00 70 	lwz     r29,112(r1)
    183c:	91 01 00 70 	stw     r8,112(r1)
    1840:	57 bd 44 2e 	rlwinm  r29,r29,8,16,23
    1844:	c1 81 00 70 	lfs     f12,112(r1)
    1848:	ed 8d 03 3a 	fmadds  f12,f13,f12,f0
    184c:	d1 81 00 70 	stfs    f12,112(r1)
    1850:	81 01 00 70 	lwz     r8,112(r1)
    1854:	91 41 00 70 	stw     r10,112(r1)
    1858:	55 08 82 1e 	rlwinm  r8,r8,16,8,15
    185c:	7f bd 43 78 	or      r29,r29,r8
    1860:	c1 81 00 70 	lfs     f12,112(r1)
    1864:	ed 8d 03 3a 	fmadds  f12,f13,f12,f0
    1868:	d1 81 00 70 	stfs    f12,112(r1)
    186c:	80 a9 01 84 	lwz     r5,388(r9)
    1870:	80 c9 01 88 	lwz     r6,392(r9)
    1874:	80 e9 01 8c 	lwz     r7,396(r9)
    1878:	80 89 01 80 	lwz     r4,384(r9)
    187c:	81 41 00 70 	lwz     r10,112(r1)
    1880:	90 01 00 70 	stw     r0,112(r1)
    1884:	55 4a 06 3e 	clrlwi  r10,r10,24
    1888:	7f bd 53 78 	or      r29,r29,r10
    188c:	39 40 fe 3a 	li      r10,-454
    1890:	c1 81 00 70 	lfs     f12,112(r1)
    1894:	ec 0d 03 3a 	fmadds  f0,f13,f12,f0
    1898:	d0 01 00 70 	stfs    f0,112(r1)
    189c:	83 89 00 34 	lwz     r28,52(r9)
    18a0:	81 69 00 2c 	lwz     r11,44(r9)
    18a4:	80 01 00 70 	lwz     r0,112(r1)
    18a8:	7f 9c 50 38 	and     r28,r28,r10
    18ac:	90 81 00 08 	stw     r4,8(r1)
    18b0:	38 80 00 00 	li      r4,0
    18b4:	7d 78 c0 38 	and     r24,r11,r24
    18b8:	90 a1 00 0c 	stw     r5,12(r1)
    18bc:	54 00 c0 0e 	slwi    r0,r0,24
    18c0:	38 a0 10 00 	li      r5,4096
    18c4:	90 c1 00 10 	stw     r6,16(r1)
    18c8:	3c c0 00 01 	lis     r6,1
    18cc:	7f bd 03 78 	or      r29,r29,r0
    18d0:	90 e1 00 14 	stw     r7,20(r1)
    18d4:	60 c6 10 00 	ori     r6,r6,4096
    18d8:	38 e0 10 00 	li      r7,4096
    18dc:	7c c8 33 78 	mr      r8,r6
    18e0:	83 29 00 10 	lwz     r25,16(r9)
    18e4:	48 01 19 f9 	bl      132dc <_start+0x12190>
    18e8:	38 e0 10 00 	li      r7,4096
    18ec:	3d 40 20 21 	lis     r10,8225
    18f0:	80 1f 07 bc 	lwz     r0,1980(r31)
    18f4:	81 3f 00 18 	lwz     r9,24(r31)
    18f8:	54 00 06 2c 	rlwinm  r0,r0,0,24,22
    18fc:	90 1f 07 bc 	stw     r0,1980(r31)
    1900:	82 c9 00 34 	lwz     r22,52(r9)
    1904:	82 e9 00 2c 	lwz     r23,44(r9)
    1908:	2f 9b 00 00 	cmpwi   cr7,r27,0
    190c:	41 9e 03 70 	beq     cr7,1c7c <_start+0xb30>
    1910:	a8 1e 00 44 	lha     r0,68(r30)
    1914:	2f 80 00 00 	cmpwi   cr7,r0,0
    1918:	41 9e 03 64 	beq     cr7,1c7c <_start+0xb30>
    191c:	c8 1b 00 00 	lfd     f0,0(r27)
    1920:	67 18 40 00 	oris    r24,r24,16384
    1924:	63 9c 01 00 	ori     r28,r28,256
    1928:	63 18 00 70 	ori     r24,r24,112
    192c:	fc 00 00 18 	frsp    f0,f0
    1930:	d0 01 00 70 	stfs    f0,112(r1)
    1934:	82 01 00 70 	lwz     r16,112(r1)
    1938:	2f 9a 00 00 	cmpwi   cr7,r26,0
    193c:	41 9e 03 38 	beq     cr7,1c74 <_start+0xb28>
    1940:	a8 1e 00 46 	lha     r0,70(r30)
    1944:	2f 80 00 00 	cmpwi   cr7,r0,0
    1948:	41 9e 03 2c 	beq     cr7,1c74 <_start+0xb28>
    194c:	89 1a 00 03 	lbz     r8,3(r26)
    1950:	67 18 00 22 	oris    r24,r24,34
    1954:	63 9c 00 80 	ori     r28,r28,128
    1958:	63 18 70 00 	ori     r24,r24,28672
    195c:	65 08 ff ff 	oris    r8,r8,65535
    1960:	81 7e 00 38 	lwz     r11,56(r30)
    1964:	3c 00 43 30 	lis     r0,17200
    1968:	3e 20 00 02 	lis     r17,2
    196c:	80 de 00 34 	lwz     r6,52(r30)
    1970:	3e 40 00 02 	lis     r18,2
    1974:	6d 6b 80 00 	xoris   r11,r11,32768
    1978:	90 01 00 60 	stw     r0,96(r1)
    197c:	6c c6 80 00 	xoris   r6,r6,32768
    1980:	90 01 00 58 	stw     r0,88(r1)
    1984:	38 00 0a 3e 	li      r0,2622
    1988:	90 c1 00 5c 	stw     r6,92(r1)
    198c:	91 61 00 64 	stw     r11,100(r1)
    1990:	c9 81 00 58 	lfd     f12,88(r1)
    1994:	c9 a1 00 60 	lfd     f13,96(r1)
    1998:	82 69 00 44 	lwz     r19,68(r9)
    199c:	90 09 00 44 	stw     r0,68(r9)
    19a0:	82 89 00 8c 	lwz     r20,140(r9)
    19a4:	82 a9 00 24 	lwz     r21,36(r9)
    19a8:	81 7f 00 18 	lwz     r11,24(r31)
    19ac:	83 49 00 e8 	lwz     r26,232(r9)
    19b0:	80 0b 00 0c 	lwz     r0,12(r11)
    19b4:	83 69 00 58 	lwz     r27,88(r9)
    19b8:	60 00 00 08 	ori     r0,r0,8
    19bc:	83 c9 00 5c 	lwz     r30,92(r9)
    19c0:	3d 20 00 01 	lis     r9,1
    19c4:	90 0b 00 0c 	stw     r0,12(r11)
    19c8:	c0 09 63 ac 	lfs     f0,25516(r9)
    19cc:	81 3f 00 18 	lwz     r9,24(r31)
    19d0:	fd ad 00 28 	fsub    f13,f13,f0
    19d4:	93 89 00 34 	stw     r28,52(r9)
    19d8:	fc 0c 00 28 	fsub    f0,f12,f0
    19dc:	3b 80 00 00 	li      r28,0
    19e0:	fd a0 68 18 	frsp    f13,f13
    19e4:	81 3f 00 18 	lwz     r9,24(r31)
    19e8:	fc 00 00 18 	frsp    f0,f0
    19ec:	80 09 00 0c 	lwz     r0,12(r9)
    19f0:	60 00 00 08 	ori     r0,r0,8
    19f4:	90 09 00 0c 	stw     r0,12(r9)
    19f8:	d1 a1 00 68 	stfs    f13,104(r1)
    19fc:	81 3f 00 18 	lwz     r9,24(r31)
    1a00:	d0 01 00 6c 	stfs    f0,108(r1)
    1a04:	90 e9 00 8c 	stw     r7,140(r9)
    1a08:	81 3f 00 18 	lwz     r9,24(r31)
    1a0c:	80 09 00 0c 	lwz     r0,12(r9)
    1a10:	60 00 02 00 	ori     r0,r0,512
    1a14:	90 09 00 0c 	stw     r0,12(r9)
    1a18:	81 3f 00 18 	lwz     r9,24(r31)
    1a1c:	93 09 00 2c 	stw     r24,44(r9)
    1a20:	81 3f 00 18 	lwz     r9,24(r31)
    1a24:	80 09 00 0c 	lwz     r0,12(r9)
    1a28:	60 00 00 04 	ori     r0,r0,4
    1a2c:	90 09 00 0c 	stw     r0,12(r9)
    1a30:	81 3f 00 18 	lwz     r9,24(r31)
    1a34:	91 49 00 24 	stw     r10,36(r9)
    1a38:	81 3f 00 18 	lwz     r9,24(r31)
    1a3c:	80 09 00 0c 	lwz     r0,12(r9)
    1a40:	60 00 00 02 	ori     r0,r0,2
    1a44:	90 09 00 0c 	stw     r0,12(r9)
    1a48:	81 3f 00 18 	lwz     r9,24(r31)
    1a4c:	91 09 00 e8 	stw     r8,232(r9)
    1a50:	81 3f 00 18 	lwz     r9,24(r31)
    1a54:	80 09 00 0c 	lwz     r0,12(r9)
    1a58:	64 00 00 20 	oris    r0,r0,32
    1a5c:	90 09 00 0c 	stw     r0,12(r9)
    1a60:	38 00 08 01 	li      r0,2049
    1a64:	81 3f 00 18 	lwz     r9,24(r31)
    1a68:	90 09 00 58 	stw     r0,88(r9)
    1a6c:	81 3f 00 18 	lwz     r9,24(r31)
    1a70:	80 09 00 0c 	lwz     r0,12(r9)
    1a74:	60 00 00 20 	ori     r0,r0,32
    1a78:	90 09 00 0c 	stw     r0,12(r9)
    1a7c:	81 3f 00 18 	lwz     r9,24(r31)
    1a80:	93 89 00 5c 	stw     r28,92(r9)
    1a84:	81 3f 00 18 	lwz     r9,24(r31)
    1a88:	80 09 00 0c 	lwz     r0,12(r9)
    1a8c:	60 00 00 20 	ori     r0,r0,32
    1a90:	90 09 00 0c 	stw     r0,12(r9)
    1a94:	81 31 03 74 	lwz     r9,884(r17)
    1a98:	80 72 03 70 	lwz     r3,880(r18)
    1a9c:	80 09 00 1c 	lwz     r0,28(r9)
    1aa0:	7c 09 03 a6 	mtctr   r0
    1aa4:	4e 80 04 21 	bctrl
    1aa8:	81 3f 00 18 	lwz     r9,24(r31)
    1aac:	93 89 00 0c 	stw     r28,12(r9)
    1ab0:	81 31 03 74 	lwz     r9,884(r17)
    1ab4:	80 72 03 70 	lwz     r3,880(r18)
    1ab8:	80 09 00 3c 	lwz     r0,60(r9)
    1abc:	80 9f 00 18 	lwz     r4,24(r31)
    1ac0:	7c 09 03 a6 	mtctr   r0
    1ac4:	4e 80 04 21 	bctrl
    1ac8:	3c 00 c0 0c 	lis     r0,-16372
    1acc:	93 81 00 44 	stw     r28,68(r1)
    1ad0:	38 81 00 18 	addi    r4,r1,24
    1ad4:	60 00 35 00 	ori     r0,r0,13568
    1ad8:	92 01 00 48 	stw     r16,72(r1)
    1adc:	38 a0 00 0e 	li      r5,14
    1ae0:	90 01 00 18 	stw     r0,24(r1)
    1ae4:	3c 00 00 03 	lis     r0,3
    1ae8:	60 00 00 78 	ori     r0,r0,120
    1aec:	93 a1 00 4c 	stw     r29,76(r1)
    1af0:	90 01 00 1c 	stw     r0,28(r1)
    1af4:	80 01 00 68 	lwz     r0,104(r1)
    1af8:	93 81 00 20 	stw     r28,32(r1)
    1afc:	90 01 00 24 	stw     r0,36(r1)
    1b00:	80 01 00 6c 	lwz     r0,108(r1)
    1b04:	92 01 00 28 	stw     r16,40(r1)
    1b08:	90 01 00 40 	stw     r0,64(r1)
    1b0c:	93 a1 00 2c 	stw     r29,44(r1)
    1b10:	93 81 00 30 	stw     r28,48(r1)
    1b14:	93 81 00 34 	stw     r28,52(r1)
    1b18:	92 01 00 38 	stw     r16,56(r1)
    1b1c:	93 a1 00 3c 	stw     r29,60(r1)
    1b20:	81 31 03 74 	lwz     r9,884(r17)
    1b24:	80 72 03 70 	lwz     r3,880(r18)
    1b28:	80 09 00 28 	lwz     r0,40(r9)
    1b2c:	7c 09 03 a6 	mtctr   r0
    1b30:	4e 80 04 21 	bctrl
    1b34:	81 3f 00 18 	lwz     r9,24(r31)
    1b38:	38 60 00 00 	li      r3,0
    1b3c:	92 69 00 44 	stw     r19,68(r9)
    1b40:	81 3f 00 18 	lwz     r9,24(r31)
    1b44:	80 09 00 0c 	lwz     r0,12(r9)
    1b48:	60 00 00 08 	ori     r0,r0,8
    1b4c:	90 09 00 0c 	stw     r0,12(r9)
    1b50:	81 3f 00 18 	lwz     r9,24(r31)
    1b54:	92 c9 00 34 	stw     r22,52(r9)
    1b58:	81 3f 00 18 	lwz     r9,24(r31)
    1b5c:	80 09 00 0c 	lwz     r0,12(r9)
    1b60:	60 00 00 08 	ori     r0,r0,8
    1b64:	90 09 00 0c 	stw     r0,12(r9)
    1b68:	81 3f 00 18 	lwz     r9,24(r31)
    1b6c:	92 89 00 8c 	stw     r20,140(r9)
    1b70:	81 3f 00 18 	lwz     r9,24(r31)
    1b74:	80 09 00 0c 	lwz     r0,12(r9)
    1b78:	60 00 02 00 	ori     r0,r0,512
    1b7c:	90 09 00 0c 	stw     r0,12(r9)
    1b80:	81 3f 00 18 	lwz     r9,24(r31)
    1b84:	92 e9 00 2c 	stw     r23,44(r9)
    1b88:	81 3f 00 18 	lwz     r9,24(r31)
    1b8c:	80 09 00 0c 	lwz     r0,12(r9)
    1b90:	60 00 00 04 	ori     r0,r0,4
    1b94:	90 09 00 0c 	stw     r0,12(r9)
    1b98:	81 3f 00 18 	lwz     r9,24(r31)
    1b9c:	92 a9 00 24 	stw     r21,36(r9)
    1ba0:	81 3f 00 18 	lwz     r9,24(r31)
    1ba4:	80 09 00 0c 	lwz     r0,12(r9)
    1ba8:	60 00 00 02 	ori     r0,r0,2
    1bac:	90 09 00 0c 	stw     r0,12(r9)
    1bb0:	81 3f 00 18 	lwz     r9,24(r31)
    1bb4:	93 49 00 e8 	stw     r26,232(r9)
    1bb8:	81 3f 00 18 	lwz     r9,24(r31)
    1bbc:	80 09 00 0c 	lwz     r0,12(r9)
    1bc0:	64 00 00 20 	oris    r0,r0,32
    1bc4:	90 09 00 0c 	stw     r0,12(r9)
    1bc8:	81 3f 00 18 	lwz     r9,24(r31)
    1bcc:	93 69 00 58 	stw     r27,88(r9)
    1bd0:	81 3f 00 18 	lwz     r9,24(r31)
    1bd4:	80 09 00 0c 	lwz     r0,12(r9)
    1bd8:	60 00 00 20 	ori     r0,r0,32
    1bdc:	90 09 00 0c 	stw     r0,12(r9)
    1be0:	81 3f 00 18 	lwz     r9,24(r31)
    1be4:	93 c9 00 5c 	stw     r30,92(r9)
    1be8:	81 3f 00 18 	lwz     r9,24(r31)
    1bec:	80 09 00 0c 	lwz     r0,12(r9)
    1bf0:	60 00 00 20 	ori     r0,r0,32
    1bf4:	90 09 00 0c 	stw     r0,12(r9)
    1bf8:	81 3f 00 18 	lwz     r9,24(r31)
    1bfc:	81 61 00 0c 	lwz     r11,12(r1)
    1c00:	80 01 00 10 	lwz     r0,16(r1)
    1c04:	81 41 00 14 	lwz     r10,20(r1)
    1c08:	81 01 00 08 	lwz     r8,8(r1)
    1c0c:	91 49 01 8c 	stw     r10,396(r9)
    1c10:	91 09 01 80 	stw     r8,384(r9)
    1c14:	91 69 01 84 	stw     r11,388(r9)
    1c18:	90 09 01 88 	stw     r0,392(r9)
    1c1c:	81 3f 00 18 	lwz     r9,24(r31)
    1c20:	93 29 00 10 	stw     r25,16(r9)
    1c24:	80 01 00 c4 	lwz     r0,196(r1)
    1c28:	82 01 00 80 	lwz     r16,128(r1)
    1c2c:	7c 08 03 a6 	mtlr    r0
    1c30:	82 21 00 84 	lwz     r17,132(r1)
    1c34:	82 41 00 88 	lwz     r18,136(r1)
    1c38:	82 61 00 8c 	lwz     r19,140(r1)
    1c3c:	82 81 00 90 	lwz     r20,144(r1)
    1c40:	82 a1 00 94 	lwz     r21,148(r1)
    1c44:	82 c1 00 98 	lwz     r22,152(r1)
    1c48:	82 e1 00 9c 	lwz     r23,156(r1)
    1c4c:	83 01 00 a0 	lwz     r24,160(r1)
    1c50:	83 21 00 a4 	lwz     r25,164(r1)
    1c54:	83 41 00 a8 	lwz     r26,168(r1)
    1c58:	83 61 00 ac 	lwz     r27,172(r1)
    1c5c:	83 81 00 b0 	lwz     r28,176(r1)
    1c60:	83 a1 00 b4 	lwz     r29,180(r1)
    1c64:	83 c1 00 b8 	lwz     r30,184(r1)
    1c68:	83 e1 00 bc 	lwz     r31,188(r1)
    1c6c:	38 21 00 c0 	addi    r1,r1,192
    1c70:	4e 80 00 20 	blr
    1c74:	39 00 00 00 	li      r8,0
    1c78:	4b ff fc e8 	b       1960 <_start+0x814>
    1c7c:	63 18 00 70 	ori     r24,r24,112
    1c80:	3a 00 00 00 	li      r16,0
    1c84:	4b ff fc b4 	b       1938 <_start+0x7ec>
    1c88:	81 3f 00 18 	lwz     r9,24(r31)
    1c8c:	3b 80 fe 3a 	li      r28,-454
    1c90:	3f 00 b8 88 	lis     r24,-18296
    1c94:	63 18 8f 8f 	ori     r24,r24,36751
    1c98:	38 e0 00 00 	li      r7,0
    1c9c:	81 49 01 84 	lwz     r10,388(r9)
    1ca0:	3b a0 00 00 	li      r29,0
    1ca4:	81 09 01 80 	lwz     r8,384(r9)
    1ca8:	81 69 01 88 	lwz     r11,392(r9)
    1cac:	80 09 01 8c 	lwz     r0,396(r9)
    1cb0:	82 c9 00 34 	lwz     r22,52(r9)
    1cb4:	82 e9 00 2c 	lwz     r23,44(r9)
    1cb8:	91 41 00 0c 	stw     r10,12(r1)
    1cbc:	7e dc e0 38 	and     r28,r22,r28
    1cc0:	3d 40 21 20 	lis     r10,8480
    1cc4:	91 01 00 08 	stw     r8,8(r1)
    1cc8:	7e f8 c0 38 	and     r24,r23,r24
    1ccc:	63 9c 00 01 	ori     r28,r28,1
    1cd0:	91 61 00 10 	stw     r11,16(r1)
    1cd4:	90 01 00 14 	stw     r0,20(r1)
    1cd8:	83 29 00 10 	lwz     r25,16(r9)
    1cdc:	4b ff fc 2c 	b       1908 <_start+0x7bc>
    1ce0:	94 21 ff c0 	stwu    r1,-64(r1)
    1ce4:	7c 08 02 a6 	mflr    r0
    1ce8:	93 21 00 24 	stw     r25,36(r1)
    1cec:	3b 20 ff f7 	li      r25,-9
    1cf0:	93 41 00 28 	stw     r26,40(r1)
    1cf4:	7c ba 2b 78 	mr      r26,r5
    1cf8:	93 a1 00 34 	stw     r29,52(r1)
    1cfc:	7c 9d 23 78 	mr      r29,r4
    1d00:	93 e1 00 3c 	stw     r31,60(r1)
    1d04:	7c 3f 0b 78 	mr      r31,r1
    1d08:	90 01 00 44 	stw     r0,68(r1)
    1d0c:	92 81 00 10 	stw     r20,16(r1)
    1d10:	92 a1 00 14 	stw     r21,20(r1)
    1d14:	92 c1 00 18 	stw     r22,24(r1)
    1d18:	92 e1 00 1c 	stw     r23,28(r1)
    1d1c:	93 01 00 20 	stw     r24,32(r1)
    1d20:	93 61 00 2c 	stw     r27,44(r1)
    1d24:	93 81 00 30 	stw     r28,48(r1)
    1d28:	93 c1 00 38 	stw     r30,56(r1)
    1d2c:	a8 04 00 48 	lha     r0,72(r4)
    1d30:	2f 80 00 00 	cmpwi   cr7,r0,0
    1d34:	41 9e 00 84 	beq     cr7,1db8 <_start+0xc6c>
    1d38:	83 c4 00 00 	lwz     r30,0(r4)
    1d3c:	80 04 02 74 	lwz     r0,628(r4)
    1d40:	81 3e 06 94 	lwz     r9,1684(r30)
    1d44:	7f 89 00 00 	cmpw    cr7,r9,r0
    1d48:	41 9e 00 30 	beq     cr7,1d78 <_start+0xc2c>
    1d4c:	2f 80 00 01 	cmpwi   cr7,r0,1
    1d50:	81 3e 00 18 	lwz     r9,24(r30)
    1d54:	81 69 00 44 	lwz     r11,68(r9)
    1d58:	90 1e 06 94 	stw     r0,1684(r30)
    1d5c:	55 60 00 3c 	clrrwi  r0,r11,1
    1d60:	41 9e 01 a8 	beq     cr7,1f08 <_start+0xdbc>
    1d64:	90 09 00 44 	stw     r0,68(r9)
    1d68:	81 3e 00 18 	lwz     r9,24(r30)
    1d6c:	80 09 00 0c 	lwz     r0,12(r9)
    1d70:	60 00 00 08 	ori     r0,r0,8
    1d74:	90 09 00 0c 	stw     r0,12(r9)
    1d78:	80 1e 07 bc 	lwz     r0,1980(r30)
    1d7c:	70 00 14 00 	andi.   r0,r0,5120
    1d80:	2f 80 10 00 	cmpwi   cr7,r0,4096
    1d84:	41 9e 00 24 	beq     cr7,1da8 <_start+0xc5c>
    1d88:	7f a3 eb 78 	mr      r3,r29
    1d8c:	48 00 b2 69 	bl      cff4 <_start+0xbea8>
    1d90:	a8 bd 00 1e 	lha     r5,30(r29)
    1d94:	7f c3 f3 78 	mr      r3,r30
    1d98:	38 80 00 00 	li      r4,0
    1d9c:	54 a6 05 ee 	rlwinm  r6,r5,0,23,23
    1da0:	54 a5 05 6a 	rlwinm  r5,r5,0,21,21
    1da4:	48 00 b2 09 	bl      cfac <_start+0xbe60>
    1da8:	80 1a 00 00 	lwz     r0,0(r26)
    1dac:	3b 20 ff fe 	li      r25,-2
    1db0:	2f 80 04 00 	cmpwi   cr7,r0,1024
    1db4:	40 9d 00 4c 	ble     cr7,1e00 <_start+0xcb4>
    1db8:	39 7f 00 40 	addi    r11,r31,64
    1dbc:	7f 23 cb 78 	mr      r3,r25
    1dc0:	80 0b 00 04 	lwz     r0,4(r11)
    1dc4:	82 8b ff d0 	lwz     r20,-48(r11)
    1dc8:	7c 08 03 a6 	mtlr    r0
    1dcc:	82 ab ff d4 	lwz     r21,-44(r11)
    1dd0:	82 cb ff d8 	lwz     r22,-40(r11)
    1dd4:	82 eb ff dc 	lwz     r23,-36(r11)
    1dd8:	83 0b ff e0 	lwz     r24,-32(r11)
    1ddc:	83 2b ff e4 	lwz     r25,-28(r11)
    1de0:	83 4b ff e8 	lwz     r26,-24(r11)
    1de4:	83 6b ff ec 	lwz     r27,-20(r11)
    1de8:	83 8b ff f0 	lwz     r28,-16(r11)
    1dec:	83 ab ff f4 	lwz     r29,-12(r11)
    1df0:	83 cb ff f8 	lwz     r30,-8(r11)
    1df4:	83 eb ff fc 	lwz     r31,-4(r11)
    1df8:	7d 61 5b 78 	mr      r1,r11
    1dfc:	4e 80 00 20 	blr
    1e00:	83 7e 01 64 	lwz     r27,356(r30)
    1e04:	7f a3 eb 78 	mr      r3,r29
    1e08:	81 21 00 00 	lwz     r9,0(r1)
    1e0c:	7f 60 d9 d6 	mullw   r27,r0,r27
    1e10:	80 9a 00 08 	lwz     r4,8(r26)
    1e14:	3a db 00 02 	addi    r22,r27,2
    1e18:	56 cb 10 3a 	slwi    r11,r22,2
    1e1c:	38 0b 00 1e 	addi    r0,r11,30
    1e20:	54 00 00 36 	clrrwi  r0,r0,4
    1e24:	7c 00 00 d0 	neg     r0,r0
    1e28:	7d 21 01 6e 	stwux   r9,r1,r0
    1e2c:	48 00 a3 ed 	bl      c218 <_start+0xb0cc>
    1e30:	3a e1 00 17 	addi    r23,r1,23
    1e34:	7c 79 1b 79 	mr.     r25,r3
    1e38:	56 f7 00 36 	clrrwi  r23,r23,4
    1e3c:	40 a2 ff 7c 	bne     1db8 <_start+0xc6c>
    1e40:	81 3a 00 08 	lwz     r9,8(r26)
    1e44:	3b 00 00 00 	li      r24,0
    1e48:	2f 89 00 00 	cmpwi   cr7,r9,0
    1e4c:	41 9e 00 08 	beq     cr7,1e54 <_start+0xd08>
    1e50:	83 09 00 8e 	lwz     r24,142(r9)
    1e54:	81 3e 00 18 	lwz     r9,24(r30)
    1e58:	38 00 00 00 	li      r0,0
    1e5c:	3e 80 00 02 	lis     r20,2
    1e60:	83 9a 00 04 	lwz     r28,4(r26)
    1e64:	3e a0 00 02 	lis     r21,2
    1e68:	57 7b 80 1e 	slwi    r27,r27,16
    1e6c:	90 09 00 0c 	stw     r0,12(r9)
    1e70:	81 34 03 74 	lwz     r9,884(r20)
    1e74:	80 75 03 70 	lwz     r3,880(r21)
    1e78:	80 09 00 3c 	lwz     r0,60(r9)
    1e7c:	80 9e 00 18 	lwz     r4,24(r30)
    1e80:	7c 09 03 a6 	mtctr   r0
    1e84:	4e 80 04 21 	bctrl
    1e88:	81 3a 00 00 	lwz     r9,0(r26)
    1e8c:	38 77 00 04 	addi    r3,r23,4
    1e90:	2f 89 00 00 	cmpwi   cr7,r9,0
    1e94:	55 20 80 1e 	slwi    r0,r9,16
    1e98:	3d 20 c0 00 	lis     r9,-16384
    1e9c:	60 00 00 75 	ori     r0,r0,117
    1ea0:	61 29 35 00 	ori     r9,r9,13568
    1ea4:	90 17 00 04 	stw     r0,4(r23)
    1ea8:	7f 7b 4b 78 	or      r27,r27,r9
    1eac:	93 77 00 00 	stw     r27,0(r23)
    1eb0:	40 9d 00 38 	ble     cr7,1ee8 <_start+0xd9c>
    1eb4:	38 63 00 04 	addi    r3,r3,4
    1eb8:	3b 60 00 00 	li      r27,0
    1ebc:	80 1e 01 6c 	lwz     r0,364(r30)
    1ec0:	7f a5 eb 78 	mr      r5,r29
    1ec4:	7f 06 c3 78 	mr      r6,r24
    1ec8:	80 9c 00 00 	lwz     r4,0(r28)
    1ecc:	3b 7b 00 01 	addi    r27,r27,1
    1ed0:	3b 9c 00 04 	addi    r28,r28,4
    1ed4:	7c 09 03 a6 	mtctr   r0
    1ed8:	4e 80 04 21 	bctrl
    1edc:	80 1a 00 00 	lwz     r0,0(r26)
    1ee0:	7f 80 d8 00 	cmpw    cr7,r0,r27
    1ee4:	41 9d ff d8 	bgt     cr7,1ebc <_start+0xd70>
    1ee8:	81 34 03 74 	lwz     r9,884(r20)
    1eec:	7e e4 bb 78 	mr      r4,r23
    1ef0:	7e c5 b3 78 	mr      r5,r22
    1ef4:	80 75 03 70 	lwz     r3,880(r21)
    1ef8:	80 09 00 28 	lwz     r0,40(r9)
    1efc:	7c 09 03 a6 	mtctr   r0
    1f00:	4e 80 04 21 	bctrl
    1f04:	4b ff fe b4 	b       1db8 <_start+0xc6c>
    1f08:	60 00 00 01 	ori     r0,r0,1
    1f0c:	4b ff fe 58 	b       1d64 <_start+0xc18>
    1f10:	94 21 ff c0 	stwu    r1,-64(r1)
    1f14:	7c 08 02 a6 	mflr    r0
    1f18:	93 21 00 24 	stw     r25,36(r1)
    1f1c:	3b 20 ff f7 	li      r25,-9
    1f20:	93 41 00 28 	stw     r26,40(r1)
    1f24:	7c ba 2b 78 	mr      r26,r5
    1f28:	93 a1 00 34 	stw     r29,52(r1)
    1f2c:	7c 9d 23 78 	mr      r29,r4
    1f30:	93 e1 00 3c 	stw     r31,60(r1)
    1f34:	7c 3f 0b 78 	mr      r31,r1
    1f38:	90 01 00 44 	stw     r0,68(r1)
    1f3c:	92 81 00 10 	stw     r20,16(r1)
    1f40:	92 a1 00 14 	stw     r21,20(r1)
    1f44:	92 c1 00 18 	stw     r22,24(r1)
    1f48:	92 e1 00 1c 	stw     r23,28(r1)
    1f4c:	93 01 00 20 	stw     r24,32(r1)
    1f50:	93 61 00 2c 	stw     r27,44(r1)
    1f54:	93 81 00 30 	stw     r28,48(r1)
    1f58:	93 c1 00 38 	stw     r30,56(r1)
    1f5c:	a8 04 00 48 	lha     r0,72(r4)
    1f60:	2f 80 00 00 	cmpwi   cr7,r0,0
    1f64:	41 9e 00 84 	beq     cr7,1fe8 <_start+0xe9c>
    1f68:	83 c4 00 00 	lwz     r30,0(r4)
    1f6c:	80 04 02 74 	lwz     r0,628(r4)
    1f70:	81 3e 06 94 	lwz     r9,1684(r30)
    1f74:	7f 89 00 00 	cmpw    cr7,r9,r0
    1f78:	41 9e 00 30 	beq     cr7,1fa8 <_start+0xe5c>
    1f7c:	2f 80 00 01 	cmpwi   cr7,r0,1
    1f80:	81 3e 00 18 	lwz     r9,24(r30)
    1f84:	81 69 00 44 	lwz     r11,68(r9)
    1f88:	90 1e 06 94 	stw     r0,1684(r30)
    1f8c:	55 60 00 3c 	clrrwi  r0,r11,1
    1f90:	41 9e 01 a8 	beq     cr7,2138 <_start+0xfec>
    1f94:	90 09 00 44 	stw     r0,68(r9)
    1f98:	81 3e 00 18 	lwz     r9,24(r30)
    1f9c:	80 09 00 0c 	lwz     r0,12(r9)
    1fa0:	60 00 00 08 	ori     r0,r0,8
    1fa4:	90 09 00 0c 	stw     r0,12(r9)
    1fa8:	80 1e 07 bc 	lwz     r0,1980(r30)
    1fac:	70 00 14 00 	andi.   r0,r0,5120
    1fb0:	2f 80 10 00 	cmpwi   cr7,r0,4096
    1fb4:	41 9e 00 24 	beq     cr7,1fd8 <_start+0xe8c>
    1fb8:	7f a3 eb 78 	mr      r3,r29
    1fbc:	48 00 b0 39 	bl      cff4 <_start+0xbea8>
    1fc0:	a8 bd 00 1e 	lha     r5,30(r29)
    1fc4:	7f c3 f3 78 	mr      r3,r30
    1fc8:	38 80 00 00 	li      r4,0
    1fcc:	54 a6 05 ee 	rlwinm  r6,r5,0,23,23
    1fd0:	54 a5 05 6a 	rlwinm  r5,r5,0,21,21
    1fd4:	48 00 af d9 	bl      cfac <_start+0xbe60>
    1fd8:	80 1a 00 00 	lwz     r0,0(r26)
    1fdc:	3b 20 ff fe 	li      r25,-2
    1fe0:	2f 80 04 00 	cmpwi   cr7,r0,1024
    1fe4:	40 9d 00 4c 	ble     cr7,2030 <_start+0xee4>
    1fe8:	39 7f 00 40 	addi    r11,r31,64
    1fec:	7f 23 cb 78 	mr      r3,r25
    1ff0:	80 0b 00 04 	lwz     r0,4(r11)
    1ff4:	82 8b ff d0 	lwz     r20,-48(r11)
    1ff8:	7c 08 03 a6 	mtlr    r0
    1ffc:	82 ab ff d4 	lwz     r21,-44(r11)
    2000:	82 cb ff d8 	lwz     r22,-40(r11)
    2004:	82 eb ff dc 	lwz     r23,-36(r11)
    2008:	83 0b ff e0 	lwz     r24,-32(r11)
    200c:	83 2b ff e4 	lwz     r25,-28(r11)
    2010:	83 4b ff e8 	lwz     r26,-24(r11)
    2014:	83 6b ff ec 	lwz     r27,-20(r11)
    2018:	83 8b ff f0 	lwz     r28,-16(r11)
    201c:	83 ab ff f4 	lwz     r29,-12(r11)
    2020:	83 cb ff f8 	lwz     r30,-8(r11)
    2024:	83 eb ff fc 	lwz     r31,-4(r11)
    2028:	7d 61 5b 78 	mr      r1,r11
    202c:	4e 80 00 20 	blr
    2030:	83 7e 01 64 	lwz     r27,356(r30)
    2034:	7f a3 eb 78 	mr      r3,r29
    2038:	81 21 00 00 	lwz     r9,0(r1)
    203c:	7f 60 d9 d6 	mullw   r27,r0,r27
    2040:	80 9a 00 08 	lwz     r4,8(r26)
    2044:	3a db 00 02 	addi    r22,r27,2
    2048:	56 cb 10 3a 	slwi    r11,r22,2
    204c:	38 0b 00 1e 	addi    r0,r11,30
    2050:	54 00 00 36 	clrrwi  r0,r0,4
    2054:	7c 00 00 d0 	neg     r0,r0
    2058:	7d 21 01 6e 	stwux   r9,r1,r0
    205c:	48 00 a1 bd 	bl      c218 <_start+0xb0cc>
    2060:	3a e1 00 17 	addi    r23,r1,23
    2064:	7c 79 1b 79 	mr.     r25,r3
    2068:	56 f7 00 36 	clrrwi  r23,r23,4
    206c:	40 a2 ff 7c 	bne     1fe8 <_start+0xe9c>
    2070:	81 3a 00 08 	lwz     r9,8(r26)
    2074:	3b 00 00 00 	li      r24,0
    2078:	2f 89 00 00 	cmpwi   cr7,r9,0
    207c:	41 9e 00 08 	beq     cr7,2084 <_start+0xf38>
    2080:	83 09 00 8e 	lwz     r24,142(r9)
    2084:	81 3e 00 18 	lwz     r9,24(r30)
    2088:	38 00 00 00 	li      r0,0
    208c:	3e 80 00 02 	lis     r20,2
    2090:	83 9a 00 04 	lwz     r28,4(r26)
    2094:	3e a0 00 02 	lis     r21,2
    2098:	57 7b 80 1e 	slwi    r27,r27,16
    209c:	90 09 00 0c 	stw     r0,12(r9)
    20a0:	81 34 03 74 	lwz     r9,884(r20)
    20a4:	80 75 03 70 	lwz     r3,880(r21)
    20a8:	80 09 00 3c 	lwz     r0,60(r9)
    20ac:	80 9e 00 18 	lwz     r4,24(r30)
    20b0:	7c 09 03 a6 	mtctr   r0
    20b4:	4e 80 04 21 	bctrl
    20b8:	81 3a 00 00 	lwz     r9,0(r26)
    20bc:	38 77 00 04 	addi    r3,r23,4
    20c0:	2f 89 00 00 	cmpwi   cr7,r9,0
    20c4:	55 20 80 1e 	slwi    r0,r9,16
    20c8:	3d 20 c0 00 	lis     r9,-16384
    20cc:	60 00 00 76 	ori     r0,r0,118
    20d0:	61 29 35 00 	ori     r9,r9,13568
    20d4:	90 17 00 04 	stw     r0,4(r23)
    20d8:	7f 7b 4b 78 	or      r27,r27,r9
    20dc:	93 77 00 00 	stw     r27,0(r23)
    20e0:	40 9d 00 38 	ble     cr7,2118 <_start+0xfcc>
    20e4:	38 63 00 04 	addi    r3,r3,4
    20e8:	3b 60 00 00 	li      r27,0
    20ec:	80 1e 01 6c 	lwz     r0,364(r30)
    20f0:	7f a5 eb 78 	mr      r5,r29
    20f4:	7f 06 c3 78 	mr      r6,r24
    20f8:	80 9c 00 00 	lwz     r4,0(r28)
    20fc:	3b 7b 00 01 	addi    r27,r27,1
    2100:	3b 9c 00 04 	addi    r28,r28,4
    2104:	7c 09 03 a6 	mtctr   r0
    2108:	4e 80 04 21 	bctrl
    210c:	80 1a 00 00 	lwz     r0,0(r26)
    2110:	7f 80 d8 00 	cmpw    cr7,r0,r27
    2114:	41 9d ff d8 	bgt     cr7,20ec <_start+0xfa0>
    2118:	81 34 03 74 	lwz     r9,884(r20)
    211c:	7e e4 bb 78 	mr      r4,r23
    2120:	7e c5 b3 78 	mr      r5,r22
    2124:	80 75 03 70 	lwz     r3,880(r21)
    2128:	80 09 00 28 	lwz     r0,40(r9)
    212c:	7c 09 03 a6 	mtctr   r0
    2130:	4e 80 04 21 	bctrl
    2134:	4b ff fe b4 	b       1fe8 <_start+0xe9c>
    2138:	60 00 00 01 	ori     r0,r0,1
    213c:	4b ff fe 58 	b       1f94 <_start+0xe48>
    2140:	94 21 ff c0 	stwu    r1,-64(r1)
    2144:	7c 08 02 a6 	mflr    r0
    2148:	93 61 00 2c 	stw     r27,44(r1)
    214c:	3b 60 ff f7 	li      r27,-9
    2150:	93 81 00 30 	stw     r28,48(r1)
    2154:	7c bc 2b 78 	mr      r28,r5
    2158:	93 a1 00 34 	stw     r29,52(r1)
    215c:	7c 9d 23 78 	mr      r29,r4
    2160:	93 e1 00 3c 	stw     r31,60(r1)
    2164:	7c 3f 0b 78 	mr      r31,r1
    2168:	90 01 00 44 	stw     r0,68(r1)
    216c:	92 a1 00 14 	stw     r21,20(r1)
    2170:	92 c1 00 18 	stw     r22,24(r1)
    2174:	92 e1 00 1c 	stw     r23,28(r1)
    2178:	93 01 00 20 	stw     r24,32(r1)
    217c:	93 21 00 24 	stw     r25,36(r1)
    2180:	93 41 00 28 	stw     r26,40(r1)
    2184:	93 c1 00 38 	stw     r30,56(r1)
    2188:	a8 04 00 48 	lha     r0,72(r4)
    218c:	2f 80 00 00 	cmpwi   cr7,r0,0
    2190:	41 9e 01 7c 	beq     cr7,230c <_start+0x11c0>
    2194:	83 c4 00 00 	lwz     r30,0(r4)
    2198:	80 04 02 74 	lwz     r0,628(r4)
    219c:	81 3e 06 94 	lwz     r9,1684(r30)
    21a0:	7f 89 00 00 	cmpw    cr7,r9,r0
    21a4:	41 9e 00 30 	beq     cr7,21d4 <_start+0x1088>
    21a8:	2f 80 00 01 	cmpwi   cr7,r0,1
    21ac:	81 3e 00 18 	lwz     r9,24(r30)
    21b0:	81 69 00 44 	lwz     r11,68(r9)
    21b4:	90 1e 06 94 	stw     r0,1684(r30)
    21b8:	55 60 00 3c 	clrrwi  r0,r11,1
    21bc:	41 9e 01 94 	beq     cr7,2350 <_start+0x1204>
    21c0:	90 09 00 44 	stw     r0,68(r9)
    21c4:	81 3e 00 18 	lwz     r9,24(r30)
    21c8:	80 09 00 0c 	lwz     r0,12(r9)
    21cc:	60 00 00 08 	ori     r0,r0,8
    21d0:	90 09 00 0c 	stw     r0,12(r9)
    21d4:	80 1e 07 bc 	lwz     r0,1980(r30)
    21d8:	70 00 14 00 	andi.   r0,r0,5120
    21dc:	2f 80 10 00 	cmpwi   cr7,r0,4096
    21e0:	41 9e 00 24 	beq     cr7,2204 <_start+0x10b8>
    21e4:	7f a3 eb 78 	mr      r3,r29
    21e8:	48 00 ae 0d 	bl      cff4 <_start+0xbea8>
    21ec:	a8 bd 00 1e 	lha     r5,30(r29)
    21f0:	7f c3 f3 78 	mr      r3,r30
    21f4:	38 80 00 00 	li      r4,0
    21f8:	54 a6 05 ee 	rlwinm  r6,r5,0,23,23
    21fc:	54 a5 05 6a 	rlwinm  r5,r5,0,21,21
    2200:	48 00 ad ad 	bl      cfac <_start+0xbe60>
    2204:	82 be 01 64 	lwz     r21,356(r30)
    2208:	7f a3 eb 78 	mr      r3,r29
    220c:	81 21 00 00 	lwz     r9,0(r1)
    2210:	1e b5 00 03 	mulli   r21,r21,3
    2214:	80 9c 00 0c 	lwz     r4,12(r28)
    2218:	3b 15 00 02 	addi    r24,r21,2
    221c:	57 0b 10 3a 	slwi    r11,r24,2
    2220:	38 0b 00 1e 	addi    r0,r11,30
    2224:	54 00 00 36 	clrrwi  r0,r0,4
    2228:	7c 00 00 d0 	neg     r0,r0
    222c:	7d 21 01 6e 	stwux   r9,r1,r0
    2230:	48 00 9f e9 	bl      c218 <_start+0xb0cc>
    2234:	3b 41 00 17 	addi    r26,r1,23
    2238:	7c 7b 1b 79 	mr.     r27,r3
    223c:	57 5a 00 36 	clrrwi  r26,r26,4
    2240:	40 82 00 cc 	bne     230c <_start+0x11c0>
    2244:	81 3c 00 0c 	lwz     r9,12(r28)
    2248:	3b 20 00 00 	li      r25,0
    224c:	2f 89 00 00 	cmpwi   cr7,r9,0
    2250:	41 9e 00 08 	beq     cr7,2258 <_start+0x110c>
    2254:	83 29 00 8e 	lwz     r25,142(r9)
    2258:	81 3e 00 18 	lwz     r9,24(r30)
    225c:	38 00 00 00 	li      r0,0
    2260:	3e c0 00 02 	lis     r22,2
    2264:	3e e0 00 02 	lis     r23,2
    2268:	56 b5 80 1e 	slwi    r21,r21,16
    226c:	90 09 00 0c 	stw     r0,12(r9)
    2270:	81 36 03 74 	lwz     r9,884(r22)
    2274:	80 77 03 70 	lwz     r3,880(r23)
    2278:	80 09 00 3c 	lwz     r0,60(r9)
    227c:	80 9e 00 18 	lwz     r4,24(r30)
    2280:	7c 09 03 a6 	mtctr   r0
    2284:	4e 80 04 21 	bctrl
    2288:	3c 00 c0 00 	lis     r0,-16384
    228c:	7f a5 eb 78 	mr      r5,r29
    2290:	60 00 35 00 	ori     r0,r0,13568
    2294:	7f 26 cb 78 	mr      r6,r25
    2298:	7e b5 03 78 	or      r21,r21,r0
    229c:	3c 00 00 03 	lis     r0,3
    22a0:	60 00 00 74 	ori     r0,r0,116
    22a4:	92 ba 00 00 	stw     r21,0(r26)
    22a8:	38 7a 00 08 	addi    r3,r26,8
    22ac:	90 1a 00 04 	stw     r0,4(r26)
    22b0:	80 1e 01 6c 	lwz     r0,364(r30)
    22b4:	80 9c 00 00 	lwz     r4,0(r28)
    22b8:	7c 09 03 a6 	mtctr   r0
    22bc:	4e 80 04 21 	bctrl
    22c0:	80 1e 01 6c 	lwz     r0,364(r30)
    22c4:	7f a5 eb 78 	mr      r5,r29
    22c8:	7f 26 cb 78 	mr      r6,r25
    22cc:	80 9c 00 04 	lwz     r4,4(r28)
    22d0:	7c 09 03 a6 	mtctr   r0
    22d4:	4e 80 04 21 	bctrl
    22d8:	80 1e 01 6c 	lwz     r0,364(r30)
    22dc:	7f a5 eb 78 	mr      r5,r29
    22e0:	7f 26 cb 78 	mr      r6,r25
    22e4:	80 9c 00 08 	lwz     r4,8(r28)
    22e8:	7c 09 03 a6 	mtctr   r0
    22ec:	4e 80 04 21 	bctrl
    22f0:	81 36 03 74 	lwz     r9,884(r22)
    22f4:	7f 44 d3 78 	mr      r4,r26
    22f8:	7f 05 c3 78 	mr      r5,r24
    22fc:	80 77 03 70 	lwz     r3,880(r23)
    2300:	80 09 00 28 	lwz     r0,40(r9)
    2304:	7c 09 03 a6 	mtctr   r0
    2308:	4e 80 04 21 	bctrl
    230c:	39 7f 00 40 	addi    r11,r31,64
    2310:	7f 63 db 78 	mr      r3,r27
    2314:	80 0b 00 04 	lwz     r0,4(r11)
    2318:	82 ab ff d4 	lwz     r21,-44(r11)
    231c:	7c 08 03 a6 	mtlr    r0
    2320:	82 cb ff d8 	lwz     r22,-40(r11)
    2324:	82 eb ff dc 	lwz     r23,-36(r11)
    2328:	83 0b ff e0 	lwz     r24,-32(r11)
    232c:	83 2b ff e4 	lwz     r25,-28(r11)
    2330:	83 4b ff e8 	lwz     r26,-24(r11)
    2334:	83 6b ff ec 	lwz     r27,-20(r11)
    2338:	83 8b ff f0 	lwz     r28,-16(r11)
    233c:	83 ab ff f4 	lwz     r29,-12(r11)
    2340:	83 cb ff f8 	lwz     r30,-8(r11)
    2344:	83 eb ff fc 	lwz     r31,-4(r11)
    2348:	7d 61 5b 78 	mr      r1,r11
    234c:	4e 80 00 20 	blr
    2350:	60 00 00 01 	ori     r0,r0,1
    2354:	4b ff fe 6c 	b       21c0 <_start+0x1074>
    2358:	94 21 ff c0 	stwu    r1,-64(r1)
    235c:	7c 08 02 a6 	mflr    r0
    2360:	93 21 00 24 	stw     r25,36(r1)
    2364:	3b 20 ff f7 	li      r25,-9
    2368:	93 41 00 28 	stw     r26,40(r1)
    236c:	7c ba 2b 78 	mr      r26,r5
    2370:	93 a1 00 34 	stw     r29,52(r1)
    2374:	7c 9d 23 78 	mr      r29,r4
    2378:	93 e1 00 3c 	stw     r31,60(r1)
    237c:	7c 3f 0b 78 	mr      r31,r1
    2380:	90 01 00 44 	stw     r0,68(r1)
    2384:	92 81 00 10 	stw     r20,16(r1)
    2388:	92 a1 00 14 	stw     r21,20(r1)
    238c:	92 c1 00 18 	stw     r22,24(r1)
    2390:	92 e1 00 1c 	stw     r23,28(r1)
    2394:	93 01 00 20 	stw     r24,32(r1)
    2398:	93 61 00 2c 	stw     r27,44(r1)
    239c:	93 81 00 30 	stw     r28,48(r1)
    23a0:	93 c1 00 38 	stw     r30,56(r1)
    23a4:	a8 04 00 48 	lha     r0,72(r4)
    23a8:	2f 80 00 00 	cmpwi   cr7,r0,0
    23ac:	41 9e 00 84 	beq     cr7,2430 <_start+0x12e4>
    23b0:	83 c4 00 00 	lwz     r30,0(r4)
    23b4:	80 04 02 74 	lwz     r0,628(r4)
    23b8:	81 3e 06 94 	lwz     r9,1684(r30)
    23bc:	7f 89 00 00 	cmpw    cr7,r9,r0
    23c0:	41 9e 00 30 	beq     cr7,23f0 <_start+0x12a4>
    23c4:	2f 80 00 01 	cmpwi   cr7,r0,1
    23c8:	81 3e 00 18 	lwz     r9,24(r30)
    23cc:	81 69 00 44 	lwz     r11,68(r9)
    23d0:	90 1e 06 94 	stw     r0,1684(r30)
    23d4:	55 60 00 3c 	clrrwi  r0,r11,1
    23d8:	41 9e 01 a8 	beq     cr7,2580 <_start+0x1434>
    23dc:	90 09 00 44 	stw     r0,68(r9)
    23e0:	81 3e 00 18 	lwz     r9,24(r30)
    23e4:	80 09 00 0c 	lwz     r0,12(r9)
    23e8:	60 00 00 08 	ori     r0,r0,8
    23ec:	90 09 00 0c 	stw     r0,12(r9)
    23f0:	80 1e 07 bc 	lwz     r0,1980(r30)
    23f4:	70 00 14 00 	andi.   r0,r0,5120
    23f8:	2f 80 10 00 	cmpwi   cr7,r0,4096
    23fc:	41 9e 00 24 	beq     cr7,2420 <_start+0x12d4>
    2400:	7f a3 eb 78 	mr      r3,r29
    2404:	48 00 ab f1 	bl      cff4 <_start+0xbea8>
    2408:	a8 bd 00 1e 	lha     r5,30(r29)
    240c:	7f c3 f3 78 	mr      r3,r30
    2410:	38 80 00 00 	li      r4,0
    2414:	54 a6 05 ee 	rlwinm  r6,r5,0,23,23
    2418:	54 a5 05 6a 	rlwinm  r5,r5,0,21,21
    241c:	48 00 ab 91 	bl      cfac <_start+0xbe60>
    2420:	80 1a 00 00 	lwz     r0,0(r26)
    2424:	3b 20 ff fe 	li      r25,-2
    2428:	2f 80 04 00 	cmpwi   cr7,r0,1024
    242c:	40 9d 00 4c 	ble     cr7,2478 <_start+0x132c>
    2430:	39 7f 00 40 	addi    r11,r31,64
    2434:	7f 23 cb 78 	mr      r3,r25
    2438:	80 0b 00 04 	lwz     r0,4(r11)
    243c:	82 8b ff d0 	lwz     r20,-48(r11)
    2440:	7c 08 03 a6 	mtlr    r0
    2444:	82 ab ff d4 	lwz     r21,-44(r11)
    2448:	82 cb ff d8 	lwz     r22,-40(r11)
    244c:	82 eb ff dc 	lwz     r23,-36(r11)
    2450:	83 0b ff e0 	lwz     r24,-32(r11)
    2454:	83 2b ff e4 	lwz     r25,-28(r11)
    2458:	83 4b ff e8 	lwz     r26,-24(r11)
    245c:	83 6b ff ec 	lwz     r27,-20(r11)
    2460:	83 8b ff f0 	lwz     r28,-16(r11)
    2464:	83 ab ff f4 	lwz     r29,-12(r11)
    2468:	83 cb ff f8 	lwz     r30,-8(r11)
    246c:	83 eb ff fc 	lwz     r31,-4(r11)
    2470:	7d 61 5b 78 	mr      r1,r11
    2474:	4e 80 00 20 	blr
    2478:	83 7e 01 64 	lwz     r27,356(r30)
    247c:	7f a3 eb 78 	mr      r3,r29
    2480:	81 21 00 00 	lwz     r9,0(r1)
    2484:	7f 60 d9 d6 	mullw   r27,r0,r27
    2488:	80 9a 00 08 	lwz     r4,8(r26)
    248c:	3a db 00 02 	addi    r22,r27,2
    2490:	56 cb 10 3a 	slwi    r11,r22,2
    2494:	38 0b 00 1e 	addi    r0,r11,30
    2498:	54 00 00 36 	clrrwi  r0,r0,4
    249c:	7c 00 00 d0 	neg     r0,r0
    24a0:	7d 21 01 6e 	stwux   r9,r1,r0
    24a4:	48 00 9d 75 	bl      c218 <_start+0xb0cc>
    24a8:	3a e1 00 17 	addi    r23,r1,23
    24ac:	7c 79 1b 79 	mr.     r25,r3
    24b0:	56 f7 00 36 	clrrwi  r23,r23,4
    24b4:	40 a2 ff 7c 	bne     2430 <_start+0x12e4>
    24b8:	81 3a 00 08 	lwz     r9,8(r26)
    24bc:	3b 00 00 00 	li      r24,0
    24c0:	2f 89 00 00 	cmpwi   cr7,r9,0
    24c4:	41 9e 00 08 	beq     cr7,24cc <_start+0x1380>
    24c8:	83 09 00 8e 	lwz     r24,142(r9)
    24cc:	81 3e 00 18 	lwz     r9,24(r30)
    24d0:	38 00 00 00 	li      r0,0
    24d4:	3e 80 00 02 	lis     r20,2
    24d8:	83 9a 00 04 	lwz     r28,4(r26)
    24dc:	3e a0 00 02 	lis     r21,2
    24e0:	57 7b 80 1e 	slwi    r27,r27,16
    24e4:	90 09 00 0c 	stw     r0,12(r9)
    24e8:	81 34 03 74 	lwz     r9,884(r20)
    24ec:	80 75 03 70 	lwz     r3,880(r21)
    24f0:	80 09 00 3c 	lwz     r0,60(r9)
    24f4:	80 9e 00 18 	lwz     r4,24(r30)
    24f8:	7c 09 03 a6 	mtctr   r0
    24fc:	4e 80 04 21 	bctrl
    2500:	81 3a 00 00 	lwz     r9,0(r26)
    2504:	38 77 00 04 	addi    r3,r23,4
    2508:	2f 89 00 00 	cmpwi   cr7,r9,0
    250c:	55 20 80 1e 	slwi    r0,r9,16
    2510:	3d 20 c0 00 	lis     r9,-16384
    2514:	60 00 00 75 	ori     r0,r0,117
    2518:	61 29 35 00 	ori     r9,r9,13568
    251c:	90 17 00 04 	stw     r0,4(r23)
    2520:	7f 7b 4b 78 	or      r27,r27,r9
    2524:	93 77 00 00 	stw     r27,0(r23)
    2528:	40 9d 00 38 	ble     cr7,2560 <_start+0x1414>
    252c:	38 63 00 04 	addi    r3,r3,4
    2530:	3b 60 00 00 	li      r27,0
    2534:	80 1e 01 6c 	lwz     r0,364(r30)
    2538:	7f 84 e3 78 	mr      r4,r28
    253c:	7f a5 eb 78 	mr      r5,r29
    2540:	7f 06 c3 78 	mr      r6,r24
    2544:	3b 7b 00 01 	addi    r27,r27,1
    2548:	7c 09 03 a6 	mtctr   r0
    254c:	3b 9c 00 40 	addi    r28,r28,64
    2550:	4e 80 04 21 	bctrl
    2554:	80 1a 00 00 	lwz     r0,0(r26)
    2558:	7f 80 d8 00 	cmpw    cr7,r0,r27
    255c:	41 9d ff d8 	bgt     cr7,2534 <_start+0x13e8>
    2560:	81 34 03 74 	lwz     r9,884(r20)
    2564:	7e e4 bb 78 	mr      r4,r23
    2568:	7e c5 b3 78 	mr      r5,r22
    256c:	80 75 03 70 	lwz     r3,880(r21)
    2570:	80 09 00 28 	lwz     r0,40(r9)
    2574:	7c 09 03 a6 	mtctr   r0
    2578:	4e 80 04 21 	bctrl
    257c:	4b ff fe b4 	b       2430 <_start+0x12e4>
    2580:	60 00 00 01 	ori     r0,r0,1
    2584:	4b ff fe 58 	b       23dc <_start+0x1290>
    2588:	94 21 ff c0 	stwu    r1,-64(r1)
    258c:	7c 08 02 a6 	mflr    r0
    2590:	93 21 00 24 	stw     r25,36(r1)
    2594:	3b 20 ff f7 	li      r25,-9
    2598:	93 41 00 28 	stw     r26,40(r1)
    259c:	7c ba 2b 78 	mr      r26,r5
    25a0:	93 a1 00 34 	stw     r29,52(r1)
    25a4:	7c 9d 23 78 	mr      r29,r4
    25a8:	93 e1 00 3c 	stw     r31,60(r1)
    25ac:	7c 3f 0b 78 	mr      r31,r1
    25b0:	90 01 00 44 	stw     r0,68(r1)
    25b4:	92 81 00 10 	stw     r20,16(r1)
    25b8:	92 a1 00 14 	stw     r21,20(r1)
    25bc:	92 c1 00 18 	stw     r22,24(r1)
    25c0:	92 e1 00 1c 	stw     r23,28(r1)
    25c4:	93 01 00 20 	stw     r24,32(r1)
    25c8:	93 61 00 2c 	stw     r27,44(r1)
    25cc:	93 81 00 30 	stw     r28,48(r1)
    25d0:	93 c1 00 38 	stw     r30,56(r1)
    25d4:	a8 04 00 48 	lha     r0,72(r4)
    25d8:	2f 80 00 00 	cmpwi   cr7,r0,0
    25dc:	41 9e 00 84 	beq     cr7,2660 <_start+0x1514>
    25e0:	83 c4 00 00 	lwz     r30,0(r4)
    25e4:	80 04 02 74 	lwz     r0,628(r4)
    25e8:	81 3e 06 94 	lwz     r9,1684(r30)
    25ec:	7f 89 00 00 	cmpw    cr7,r9,r0
    25f0:	41 9e 00 30 	beq     cr7,2620 <_start+0x14d4>
    25f4:	2f 80 00 01 	cmpwi   cr7,r0,1
    25f8:	81 3e 00 18 	lwz     r9,24(r30)
    25fc:	81 69 00 44 	lwz     r11,68(r9)
    2600:	90 1e 06 94 	stw     r0,1684(r30)
    2604:	55 60 00 3c 	clrrwi  r0,r11,1
    2608:	41 9e 01 a8 	beq     cr7,27b0 <_start+0x1664>
    260c:	90 09 00 44 	stw     r0,68(r9)
    2610:	81 3e 00 18 	lwz     r9,24(r30)
    2614:	80 09 00 0c 	lwz     r0,12(r9)
    2618:	60 00 00 08 	ori     r0,r0,8
    261c:	90 09 00 0c 	stw     r0,12(r9)
    2620:	80 1e 07 bc 	lwz     r0,1980(r30)
    2624:	70 00 14 00 	andi.   r0,r0,5120
    2628:	2f 80 10 00 	cmpwi   cr7,r0,4096
    262c:	41 9e 00 24 	beq     cr7,2650 <_start+0x1504>
    2630:	7f a3 eb 78 	mr      r3,r29
    2634:	48 00 a9 c1 	bl      cff4 <_start+0xbea8>
    2638:	a8 bd 00 1e 	lha     r5,30(r29)
    263c:	7f c3 f3 78 	mr      r3,r30
    2640:	38 80 00 00 	li      r4,0
    2644:	54 a6 05 ee 	rlwinm  r6,r5,0,23,23
    2648:	54 a5 05 6a 	rlwinm  r5,r5,0,21,21
    264c:	48 00 a9 61 	bl      cfac <_start+0xbe60>
    2650:	80 1a 00 00 	lwz     r0,0(r26)
    2654:	3b 20 ff fe 	li      r25,-2
    2658:	2f 80 04 00 	cmpwi   cr7,r0,1024
    265c:	40 9d 00 4c 	ble     cr7,26a8 <_start+0x155c>
    2660:	39 7f 00 40 	addi    r11,r31,64
    2664:	7f 23 cb 78 	mr      r3,r25
    2668:	80 0b 00 04 	lwz     r0,4(r11)
    266c:	82 8b ff d0 	lwz     r20,-48(r11)
    2670:	7c 08 03 a6 	mtlr    r0
    2674:	82 ab ff d4 	lwz     r21,-44(r11)
    2678:	82 cb ff d8 	lwz     r22,-40(r11)
    267c:	82 eb ff dc 	lwz     r23,-36(r11)
    2680:	83 0b ff e0 	lwz     r24,-32(r11)
    2684:	83 2b ff e4 	lwz     r25,-28(r11)
    2688:	83 4b ff e8 	lwz     r26,-24(r11)
    268c:	83 6b ff ec 	lwz     r27,-20(r11)
    2690:	83 8b ff f0 	lwz     r28,-16(r11)
    2694:	83 ab ff f4 	lwz     r29,-12(r11)
    2698:	83 cb ff f8 	lwz     r30,-8(r11)
    269c:	83 eb ff fc 	lwz     r31,-4(r11)
    26a0:	7d 61 5b 78 	mr      r1,r11
    26a4:	4e 80 00 20 	blr
    26a8:	83 7e 01 64 	lwz     r27,356(r30)
    26ac:	7f a3 eb 78 	mr      r3,r29
    26b0:	81 21 00 00 	lwz     r9,0(r1)
    26b4:	7f 60 d9 d6 	mullw   r27,r0,r27
    26b8:	80 9a 00 08 	lwz     r4,8(r26)
    26bc:	3a db 00 02 	addi    r22,r27,2
    26c0:	56 cb 10 3a 	slwi    r11,r22,2
    26c4:	38 0b 00 1e 	addi    r0,r11,30
    26c8:	54 00 00 36 	clrrwi  r0,r0,4
    26cc:	7c 00 00 d0 	neg     r0,r0
    26d0:	7d 21 01 6e 	stwux   r9,r1,r0
    26d4:	48 00 9b 45 	bl      c218 <_start+0xb0cc>
    26d8:	3a e1 00 17 	addi    r23,r1,23
    26dc:	7c 79 1b 79 	mr.     r25,r3
    26e0:	56 f7 00 36 	clrrwi  r23,r23,4
    26e4:	40 a2 ff 7c 	bne     2660 <_start+0x1514>
    26e8:	81 3a 00 08 	lwz     r9,8(r26)
    26ec:	3b 00 00 00 	li      r24,0
    26f0:	2f 89 00 00 	cmpwi   cr7,r9,0
    26f4:	41 9e 00 08 	beq     cr7,26fc <_start+0x15b0>
    26f8:	83 09 00 8e 	lwz     r24,142(r9)
    26fc:	81 3e 00 18 	lwz     r9,24(r30)
    2700:	38 00 00 00 	li      r0,0
    2704:	3e 80 00 02 	lis     r20,2
    2708:	83 9a 00 04 	lwz     r28,4(r26)
    270c:	3e a0 00 02 	lis     r21,2
    2710:	57 7b 80 1e 	slwi    r27,r27,16
    2714:	90 09 00 0c 	stw     r0,12(r9)
    2718:	81 34 03 74 	lwz     r9,884(r20)
    271c:	80 75 03 70 	lwz     r3,880(r21)
    2720:	80 09 00 3c 	lwz     r0,60(r9)
    2724:	80 9e 00 18 	lwz     r4,24(r30)
    2728:	7c 09 03 a6 	mtctr   r0
    272c:	4e 80 04 21 	bctrl
    2730:	81 3a 00 00 	lwz     r9,0(r26)
    2734:	38 77 00 04 	addi    r3,r23,4
    2738:	2f 89 00 00 	cmpwi   cr7,r9,0
    273c:	55 20 80 1e 	slwi    r0,r9,16
    2740:	3d 20 c0 00 	lis     r9,-16384
    2744:	60 00 00 76 	ori     r0,r0,118
    2748:	61 29 35 00 	ori     r9,r9,13568
    274c:	90 17 00 04 	stw     r0,4(r23)
    2750:	7f 7b 4b 78 	or      r27,r27,r9
    2754:	93 77 00 00 	stw     r27,0(r23)
    2758:	40 9d 00 38 	ble     cr7,2790 <_start+0x1644>
    275c:	38 63 00 04 	addi    r3,r3,4
    2760:	3b 60 00 00 	li      r27,0
    2764:	80 1e 01 6c 	lwz     r0,364(r30)
    2768:	7f 84 e3 78 	mr      r4,r28
    276c:	7f a5 eb 78 	mr      r5,r29
    2770:	7f 06 c3 78 	mr      r6,r24
    2774:	3b 7b 00 01 	addi    r27,r27,1
    2778:	7c 09 03 a6 	mtctr   r0
    277c:	3b 9c 00 40 	addi    r28,r28,64
    2780:	4e 80 04 21 	bctrl
    2784:	80 1a 00 00 	lwz     r0,0(r26)
    2788:	7f 80 d8 00 	cmpw    cr7,r0,r27
    278c:	41 9d ff d8 	bgt     cr7,2764 <_start+0x1618>
    2790:	81 34 03 74 	lwz     r9,884(r20)
    2794:	7e e4 bb 78 	mr      r4,r23
    2798:	7e c5 b3 78 	mr      r5,r22
    279c:	80 75 03 70 	lwz     r3,880(r21)
    27a0:	80 09 00 28 	lwz     r0,40(r9)
    27a4:	7c 09 03 a6 	mtctr   r0
    27a8:	4e 80 04 21 	bctrl
    27ac:	4b ff fe b4 	b       2660 <_start+0x1514>
    27b0:	60 00 00 01 	ori     r0,r0,1
    27b4:	4b ff fe 58 	b       260c <_start+0x14c0>
    27b8:	94 21 ff c0 	stwu    r1,-64(r1)
    27bc:	7c 08 02 a6 	mflr    r0
    27c0:	93 61 00 2c 	stw     r27,44(r1)
    27c4:	3b 60 ff f7 	li      r27,-9
    27c8:	93 81 00 30 	stw     r28,48(r1)
    27cc:	7c bc 2b 78 	mr      r28,r5
    27d0:	93 a1 00 34 	stw     r29,52(r1)
    27d4:	7c 9d 23 78 	mr      r29,r4
    27d8:	93 e1 00 3c 	stw     r31,60(r1)
    27dc:	7c 3f 0b 78 	mr      r31,r1
    27e0:	90 01 00 44 	stw     r0,68(r1)
    27e4:	92 a1 00 14 	stw     r21,20(r1)
    27e8:	92 c1 00 18 	stw     r22,24(r1)
    27ec:	92 e1 00 1c 	stw     r23,28(r1)
    27f0:	93 01 00 20 	stw     r24,32(r1)
    27f4:	93 21 00 24 	stw     r25,36(r1)
    27f8:	93 41 00 28 	stw     r26,40(r1)
    27fc:	93 c1 00 38 	stw     r30,56(r1)
    2800:	a8 04 00 48 	lha     r0,72(r4)
    2804:	2f 80 00 00 	cmpwi   cr7,r0,0
    2808:	41 9e 01 7c 	beq     cr7,2984 <_start+0x1838>
    280c:	83 c4 00 00 	lwz     r30,0(r4)
    2810:	80 04 02 74 	lwz     r0,628(r4)
    2814:	81 3e 06 94 	lwz     r9,1684(r30)
    2818:	7f 89 00 00 	cmpw    cr7,r9,r0
    281c:	41 9e 00 30 	beq     cr7,284c <_start+0x1700>
    2820:	2f 80 00 01 	cmpwi   cr7,r0,1
    2824:	81 3e 00 18 	lwz     r9,24(r30)
    2828:	81 69 00 44 	lwz     r11,68(r9)
    282c:	90 1e 06 94 	stw     r0,1684(r30)
    2830:	55 60 00 3c 	clrrwi  r0,r11,1
    2834:	41 9e 01 94 	beq     cr7,29c8 <_start+0x187c>
    2838:	90 09 00 44 	stw     r0,68(r9)
    283c:	81 3e 00 18 	lwz     r9,24(r30)
    2840:	80 09 00 0c 	lwz     r0,12(r9)
    2844:	60 00 00 08 	ori     r0,r0,8
    2848:	90 09 00 0c 	stw     r0,12(r9)
    284c:	80 1e 07 bc 	lwz     r0,1980(r30)
    2850:	70 00 14 00 	andi.   r0,r0,5120
    2854:	2f 80 10 00 	cmpwi   cr7,r0,4096
    2858:	41 9e 00 24 	beq     cr7,287c <_start+0x1730>
    285c:	7f a3 eb 78 	mr      r3,r29
    2860:	48 00 a7 95 	bl      cff4 <_start+0xbea8>
    2864:	a8 bd 00 1e 	lha     r5,30(r29)
    2868:	7f c3 f3 78 	mr      r3,r30
    286c:	38 80 00 00 	li      r4,0
    2870:	54 a6 05 ee 	rlwinm  r6,r5,0,23,23
    2874:	54 a5 05 6a 	rlwinm  r5,r5,0,21,21
    2878:	48 00 a7 35 	bl      cfac <_start+0xbe60>
    287c:	82 be 01 64 	lwz     r21,356(r30)
    2880:	7f a3 eb 78 	mr      r3,r29
    2884:	81 21 00 00 	lwz     r9,0(r1)
    2888:	1e b5 00 03 	mulli   r21,r21,3
    288c:	80 9c 00 c0 	lwz     r4,192(r28)
    2890:	3b 15 00 02 	addi    r24,r21,2
    2894:	57 0b 10 3a 	slwi    r11,r24,2
    2898:	38 0b 00 1e 	addi    r0,r11,30
    289c:	54 00 00 36 	clrrwi  r0,r0,4
    28a0:	7c 00 00 d0 	neg     r0,r0
    28a4:	7d 21 01 6e 	stwux   r9,r1,r0
    28a8:	48 00 99 71 	bl      c218 <_start+0xb0cc>
    28ac:	3b 41 00 17 	addi    r26,r1,23
    28b0:	7c 7b 1b 79 	mr.     r27,r3
    28b4:	57 5a 00 36 	clrrwi  r26,r26,4
    28b8:	40 82 00 cc 	bne     2984 <_start+0x1838>
    28bc:	81 3c 00 c0 	lwz     r9,192(r28)
    28c0:	3b 20 00 00 	li      r25,0
    28c4:	2f 89 00 00 	cmpwi   cr7,r9,0
    28c8:	41 9e 00 08 	beq     cr7,28d0 <_start+0x1784>
    28cc:	83 29 00 8e 	lwz     r25,142(r9)
    28d0:	81 3e 00 18 	lwz     r9,24(r30)
    28d4:	38 00 00 00 	li      r0,0
    28d8:	3e c0 00 02 	lis     r22,2
    28dc:	3e e0 00 02 	lis     r23,2
    28e0:	56 b5 80 1e 	slwi    r21,r21,16
    28e4:	90 09 00 0c 	stw     r0,12(r9)
    28e8:	81 36 03 74 	lwz     r9,884(r22)
    28ec:	80 77 03 70 	lwz     r3,880(r23)
    28f0:	80 09 00 3c 	lwz     r0,60(r9)
    28f4:	80 9e 00 18 	lwz     r4,24(r30)
    28f8:	7c 09 03 a6 	mtctr   r0
    28fc:	4e 80 04 21 	bctrl
    2900:	3c 00 c0 00 	lis     r0,-16384
    2904:	7f 84 e3 78 	mr      r4,r28
    2908:	60 00 35 00 	ori     r0,r0,13568
    290c:	7f a5 eb 78 	mr      r5,r29
    2910:	7e b5 03 78 	or      r21,r21,r0
    2914:	3c 00 00 03 	lis     r0,3
    2918:	60 00 00 74 	ori     r0,r0,116
    291c:	92 ba 00 00 	stw     r21,0(r26)
    2920:	7f 26 cb 78 	mr      r6,r25
    2924:	90 1a 00 04 	stw     r0,4(r26)
    2928:	38 7a 00 08 	addi    r3,r26,8
    292c:	80 1e 01 6c 	lwz     r0,364(r30)
    2930:	7c 09 03 a6 	mtctr   r0
    2934:	4e 80 04 21 	bctrl
    2938:	80 1e 01 6c 	lwz     r0,364(r30)
    293c:	38 9c 00 40 	addi    r4,r28,64
    2940:	7f a5 eb 78 	mr      r5,r29
    2944:	7f 26 cb 78 	mr      r6,r25
    2948:	7c 09 03 a6 	mtctr   r0
    294c:	4e 80 04 21 	bctrl
    2950:	80 1e 01 6c 	lwz     r0,364(r30)
    2954:	38 9c 00 80 	addi    r4,r28,128
    2958:	7f a5 eb 78 	mr      r5,r29
    295c:	7f 26 cb 78 	mr      r6,r25
    2960:	7c 09 03 a6 	mtctr   r0
    2964:	4e 80 04 21 	bctrl
    2968:	81 36 03 74 	lwz     r9,884(r22)
    296c:	7f 44 d3 78 	mr      r4,r26
    2970:	7f 05 c3 78 	mr      r5,r24
    2974:	80 77 03 70 	lwz     r3,880(r23)
    2978:	80 09 00 28 	lwz     r0,40(r9)
    297c:	7c 09 03 a6 	mtctr   r0
    2980:	4e 80 04 21 	bctrl
    2984:	39 7f 00 40 	addi    r11,r31,64
    2988:	7f 63 db 78 	mr      r3,r27
    298c:	80 0b 00 04 	lwz     r0,4(r11)
    2990:	82 ab ff d4 	lwz     r21,-44(r11)
    2994:	7c 08 03 a6 	mtlr    r0
    2998:	82 cb ff d8 	lwz     r22,-40(r11)
    299c:	82 eb ff dc 	lwz     r23,-36(r11)
    29a0:	83 0b ff e0 	lwz     r24,-32(r11)
    29a4:	83 2b ff e4 	lwz     r25,-28(r11)
    29a8:	83 4b ff e8 	lwz     r26,-24(r11)
    29ac:	83 6b ff ec 	lwz     r27,-20(r11)
    29b0:	83 8b ff f0 	lwz     r28,-16(r11)
    29b4:	83 ab ff f4 	lwz     r29,-12(r11)
    29b8:	83 cb ff f8 	lwz     r30,-8(r11)
    29bc:	83 eb ff fc 	lwz     r31,-4(r11)
    29c0:	7d 61 5b 78 	mr      r1,r11
    29c4:	4e 80 00 20 	blr
    29c8:	60 00 00 01 	ori     r0,r0,1
    29cc:	4b ff fe 6c 	b       2838 <_start+0x16ec>
    29d0:	94 21 ff c0 	stwu    r1,-64(r1)
    29d4:	7c 08 02 a6 	mflr    r0
    29d8:	93 c1 00 38 	stw     r30,56(r1)
    29dc:	7c 9e 23 79 	mr.     r30,r4
    29e0:	93 61 00 2c 	stw     r27,44(r1)
    29e4:	7c bb 2b 78 	mr      r27,r5
    29e8:	93 e1 00 3c 	stw     r31,60(r1)
    29ec:	7c 3f 0b 78 	mr      r31,r1
    29f0:	90 01 00 44 	stw     r0,68(r1)
    29f4:	92 a1 00 14 	stw     r21,20(r1)
    29f8:	92 c1 00 18 	stw     r22,24(r1)
    29fc:	92 e1 00 1c 	stw     r23,28(r1)
    2a00:	93 01 00 20 	stw     r24,32(r1)
    2a04:	93 21 00 24 	stw     r25,36(r1)
    2a08:	93 41 00 28 	stw     r26,40(r1)
    2a0c:	93 81 00 30 	stw     r28,48(r1)
    2a10:	93 a1 00 34 	stw     r29,52(r1)
    2a14:	41 82 01 60 	beq     2b74 <_start+0x1a28>
    2a18:	83 be 00 00 	lwz     r29,0(r30)
    2a1c:	a8 1e 00 48 	lha     r0,72(r30)
    2a20:	3b 80 ff f7 	li      r28,-9
    2a24:	2f 80 00 00 	cmpwi   cr7,r0,0
    2a28:	41 9e 01 08 	beq     cr7,2b30 <_start+0x19e4>
    2a2c:	80 1d 07 bc 	lwz     r0,1980(r29)
    2a30:	70 00 14 00 	andi.   r0,r0,5120
    2a34:	2f 80 10 00 	cmpwi   cr7,r0,4096
    2a38:	41 9e 00 24 	beq     cr7,2a5c <_start+0x1910>
    2a3c:	7f c3 f3 78 	mr      r3,r30
    2a40:	48 00 a5 b5 	bl      cff4 <_start+0xbea8>
    2a44:	a8 be 00 1e 	lha     r5,30(r30)
    2a48:	7f a3 eb 78 	mr      r3,r29
    2a4c:	38 80 00 00 	li      r4,0
    2a50:	54 a6 05 ee 	rlwinm  r6,r5,0,23,23
    2a54:	54 a5 05 6a 	rlwinm  r5,r5,0,21,21
    2a58:	48 00 a5 55 	bl      cfac <_start+0xbe60>
    2a5c:	82 bd 01 64 	lwz     r21,356(r29)
    2a60:	7f c3 f3 78 	mr      r3,r30
    2a64:	81 21 00 00 	lwz     r9,0(r1)
    2a68:	3b 35 00 02 	addi    r25,r21,2
    2a6c:	57 2b 10 3a 	slwi    r11,r25,2
    2a70:	38 0b 00 1e 	addi    r0,r11,30
    2a74:	54 00 00 36 	clrrwi  r0,r0,4
    2a78:	7c 00 00 d0 	neg     r0,r0
    2a7c:	7d 21 01 6e 	stwux   r9,r1,r0
    2a80:	80 9b 00 40 	lwz     r4,64(r27)
    2a84:	3b 41 00 17 	addi    r26,r1,23
    2a88:	57 5a 00 36 	clrrwi  r26,r26,4
    2a8c:	48 00 97 8d 	bl      c218 <_start+0xb0cc>
    2a90:	7c 7c 1b 79 	mr.     r28,r3
    2a94:	40 82 00 9c 	bne     2b30 <_start+0x19e4>
    2a98:	81 3b 00 40 	lwz     r9,64(r27)
    2a9c:	3a c0 00 00 	li      r22,0
    2aa0:	2f 89 00 00 	cmpwi   cr7,r9,0
    2aa4:	41 9e 00 08 	beq     cr7,2aac <_start+0x1960>
    2aa8:	82 c9 00 8e 	lwz     r22,142(r9)
    2aac:	81 3d 00 18 	lwz     r9,24(r29)
    2ab0:	38 00 00 00 	li      r0,0
    2ab4:	3e e0 00 02 	lis     r23,2
    2ab8:	3f 00 00 02 	lis     r24,2
    2abc:	56 b5 80 1e 	slwi    r21,r21,16
    2ac0:	90 09 00 0c 	stw     r0,12(r9)
    2ac4:	81 37 03 74 	lwz     r9,884(r23)
    2ac8:	80 78 03 70 	lwz     r3,880(r24)
    2acc:	80 09 00 3c 	lwz     r0,60(r9)
    2ad0:	80 9d 00 18 	lwz     r4,24(r29)
    2ad4:	7c 09 03 a6 	mtctr   r0
    2ad8:	4e 80 04 21 	bctrl
    2adc:	3c 00 c0 00 	lis     r0,-16384
    2ae0:	7f 64 db 78 	mr      r4,r27
    2ae4:	60 00 35 00 	ori     r0,r0,13568
    2ae8:	7f c5 f3 78 	mr      r5,r30
    2aec:	7e b5 03 78 	or      r21,r21,r0
    2af0:	3c 00 00 01 	lis     r0,1
    2af4:	60 00 00 71 	ori     r0,r0,113
    2af8:	92 ba 00 00 	stw     r21,0(r26)
    2afc:	7e c6 b3 78 	mr      r6,r22
    2b00:	90 1a 00 04 	stw     r0,4(r26)
    2b04:	38 7a 00 08 	addi    r3,r26,8
    2b08:	80 1d 01 6c 	lwz     r0,364(r29)
    2b0c:	7c 09 03 a6 	mtctr   r0
    2b10:	4e 80 04 21 	bctrl
    2b14:	81 37 03 74 	lwz     r9,884(r23)
    2b18:	7f 44 d3 78 	mr      r4,r26
    2b1c:	7f 25 cb 78 	mr      r5,r25
    2b20:	80 78 03 70 	lwz     r3,880(r24)
    2b24:	80 09 00 28 	lwz     r0,40(r9)
    2b28:	7c 09 03 a6 	mtctr   r0
    2b2c:	4e 80 04 21 	bctrl
    2b30:	39 7f 00 40 	addi    r11,r31,64
    2b34:	7f 83 e3 78 	mr      r3,r28
    2b38:	80 0b 00 04 	lwz     r0,4(r11)
    2b3c:	82 ab ff d4 	lwz     r21,-44(r11)
    2b40:	7c 08 03 a6 	mtlr    r0
    2b44:	82 cb ff d8 	lwz     r22,-40(r11)
    2b48:	82 eb ff dc 	lwz     r23,-36(r11)
    2b4c:	83 0b ff e0 	lwz     r24,-32(r11)
    2b50:	83 2b ff e4 	lwz     r25,-28(r11)
    2b54:	83 4b ff e8 	lwz     r26,-24(r11)
    2b58:	83 6b ff ec 	lwz     r27,-20(r11)
    2b5c:	83 8b ff f0 	lwz     r28,-16(r11)
    2b60:	83 ab ff f4 	lwz     r29,-12(r11)
    2b64:	83 cb ff f8 	lwz     r30,-8(r11)
    2b68:	83 eb ff fc 	lwz     r31,-4(r11)
    2b6c:	7d 61 5b 78 	mr      r1,r11
    2b70:	4e 80 00 20 	blr
    2b74:	3b a0 00 00 	li      r29,0
    2b78:	4b ff fe a4 	b       2a1c <_start+0x18d0>
    2b7c:	94 21 ff b0 	stwu    r1,-80(r1)
    2b80:	7c 08 02 a6 	mflr    r0
    2b84:	93 41 00 38 	stw     r26,56(r1)
    2b88:	3b 40 ff f7 	li      r26,-9
    2b8c:	93 61 00 3c 	stw     r27,60(r1)
    2b90:	7c bb 2b 78 	mr      r27,r5
    2b94:	93 c1 00 48 	stw     r30,72(r1)
    2b98:	7c 9e 23 78 	mr      r30,r4
    2b9c:	93 e1 00 4c 	stw     r31,76(r1)
    2ba0:	7c 3f 0b 78 	mr      r31,r1
    2ba4:	90 01 00 54 	stw     r0,84(r1)
    2ba8:	92 21 00 14 	stw     r17,20(r1)
    2bac:	92 41 00 18 	stw     r18,24(r1)
    2bb0:	92 61 00 1c 	stw     r19,28(r1)
    2bb4:	92 81 00 20 	stw     r20,32(r1)
    2bb8:	92 a1 00 24 	stw     r21,36(r1)
    2bbc:	92 c1 00 28 	stw     r22,40(r1)
    2bc0:	92 e1 00 2c 	stw     r23,44(r1)
    2bc4:	93 01 00 30 	stw     r24,48(r1)
    2bc8:	93 21 00 34 	stw     r25,52(r1)
    2bcc:	93 81 00 40 	stw     r28,64(r1)
    2bd0:	93 a1 00 44 	stw     r29,68(r1)
    2bd4:	a8 04 00 48 	lha     r0,72(r4)
    2bd8:	2f 80 00 00 	cmpwi   cr7,r0,0
    2bdc:	41 9e 00 30 	beq     cr7,2c0c <_start+0x1ac0>
    2be0:	82 e5 00 04 	lwz     r23,4(r5)
    2be4:	83 84 00 00 	lwz     r28,0(r4)
    2be8:	2f 97 00 00 	cmpwi   cr7,r23,0
    2bec:	83 a5 00 00 	lwz     r29,0(r5)
    2bf0:	41 9e 00 18 	beq     cr7,2c08 <_start+0x1abc>
    2bf4:	3b 3d 00 01 	addi    r25,r29,1
    2bf8:	2f 99 00 01 	cmpwi   cr7,r25,1
    2bfc:	40 9d 00 0c 	ble     cr7,2c08 <_start+0x1abc>
    2c00:	2f 99 04 00 	cmpwi   cr7,r25,1024
    2c04:	40 9d 00 5c 	ble     cr7,2c60 <_start+0x1b14>
    2c08:	3b 40 ff fe 	li      r26,-2
    2c0c:	39 7f 00 50 	addi    r11,r31,80
    2c10:	7f 43 d3 78 	mr      r3,r26
    2c14:	80 0b 00 04 	lwz     r0,4(r11)
    2c18:	82 2b ff c4 	lwz     r17,-60(r11)
    2c1c:	7c 08 03 a6 	mtlr    r0
    2c20:	82 4b ff c8 	lwz     r18,-56(r11)
    2c24:	82 6b ff cc 	lwz     r19,-52(r11)
    2c28:	82 8b ff d0 	lwz     r20,-48(r11)
    2c2c:	82 ab ff d4 	lwz     r21,-44(r11)
    2c30:	82 cb ff d8 	lwz     r22,-40(r11)
    2c34:	82 eb ff dc 	lwz     r23,-36(r11)
    2c38:	83 0b ff e0 	lwz     r24,-32(r11)
    2c3c:	83 2b ff e4 	lwz     r25,-28(r11)
    2c40:	83 4b ff e8 	lwz     r26,-24(r11)
    2c44:	83 6b ff ec 	lwz     r27,-20(r11)
    2c48:	83 8b ff f0 	lwz     r28,-16(r11)
    2c4c:	83 ab ff f4 	lwz     r29,-12(r11)
    2c50:	83 cb ff f8 	lwz     r30,-8(r11)
    2c54:	83 eb ff fc 	lwz     r31,-4(r11)
    2c58:	7d 61 5b 78 	mr      r1,r11
    2c5c:	4e 80 00 20 	blr
    2c60:	82 9c 01 64 	lwz     r20,356(r28)
    2c64:	81 21 00 00 	lwz     r9,0(r1)
    2c68:	7e 99 a1 d6 	mullw   r20,r25,r20
    2c6c:	3a b4 00 02 	addi    r21,r20,2
    2c70:	56 ab 10 3a 	slwi    r11,r21,2
    2c74:	38 0b 00 1e 	addi    r0,r11,30
    2c78:	54 00 00 36 	clrrwi  r0,r0,4
    2c7c:	7c 00 00 d0 	neg     r0,r0
    2c80:	7d 21 01 6e 	stwux   r9,r1,r0
    2c84:	80 1c 07 bc 	lwz     r0,1980(r28)
    2c88:	3a c1 00 17 	addi    r22,r1,23
    2c8c:	81 3c 00 18 	lwz     r9,24(r28)
    2c90:	56 d6 00 36 	clrrwi  r22,r22,4
    2c94:	70 00 14 00 	andi.   r0,r0,5120
    2c98:	82 29 00 f4 	lwz     r17,244(r9)
    2c9c:	2f 80 10 00 	cmpwi   cr7,r0,4096
    2ca0:	41 9e 00 24 	beq     cr7,2cc4 <_start+0x1b78>
    2ca4:	7c 83 23 78 	mr      r3,r4
    2ca8:	48 00 a3 4d 	bl      cff4 <_start+0xbea8>
    2cac:	a8 be 00 1e 	lha     r5,30(r30)
    2cb0:	7f 83 e3 78 	mr      r3,r28
    2cb4:	38 80 00 00 	li      r4,0
    2cb8:	54 a6 05 ee 	rlwinm  r6,r5,0,23,23
    2cbc:	54 a5 05 6a 	rlwinm  r5,r5,0,21,21
    2cc0:	48 00 a2 ed 	bl      cfac <_start+0xbe60>
    2cc4:	80 9b 00 08 	lwz     r4,8(r27)
    2cc8:	7f c3 f3 78 	mr      r3,r30
    2ccc:	48 00 95 4d 	bl      c218 <_start+0xb0cc>
    2cd0:	7c 7a 1b 79 	mr.     r26,r3
    2cd4:	40 a2 ff 38 	bne     2c0c <_start+0x1ac0>
    2cd8:	81 3b 00 08 	lwz     r9,8(r27)
    2cdc:	3b 00 00 00 	li      r24,0
    2ce0:	2f 89 00 00 	cmpwi   cr7,r9,0
    2ce4:	41 9e 00 08 	beq     cr7,2cec <_start+0x1ba0>
    2ce8:	83 09 00 8e 	lwz     r24,142(r9)
    2cec:	a0 1b 00 0c 	lhz     r0,12(r27)
    2cf0:	7f c3 f3 78 	mr      r3,r30
    2cf4:	3e 40 00 02 	lis     r18,2
    2cf8:	a1 3b 00 0e 	lhz     r9,14(r27)
    2cfc:	3e 60 00 02 	lis     r19,2
    2d00:	56 94 80 1e 	slwi    r20,r20,16
    2d04:	54 00 80 1e 	slwi    r0,r0,16
    2d08:	57 39 80 1e 	slwi    r25,r25,16
    2d0c:	7d 29 03 78 	or      r9,r9,r0
    2d10:	63 39 00 73 	ori     r25,r25,115
    2d14:	91 3f 00 08 	stw     r9,8(r31)
    2d18:	c0 3f 00 08 	lfs     f1,8(r31)
    2d1c:	48 01 04 41 	bl      1315c <_start+0x12010>
    2d20:	81 3c 00 18 	lwz     r9,24(r28)
    2d24:	38 00 00 00 	li      r0,0
    2d28:	90 09 00 0c 	stw     r0,12(r9)
    2d2c:	81 32 03 74 	lwz     r9,884(r18)
    2d30:	80 73 03 70 	lwz     r3,880(r19)
    2d34:	80 09 00 3c 	lwz     r0,60(r9)
    2d38:	80 9c 00 18 	lwz     r4,24(r28)
    2d3c:	7c 09 03 a6 	mtctr   r0
    2d40:	4e 80 04 21 	bctrl
    2d44:	2f 9d 00 00 	cmpwi   cr7,r29,0
    2d48:	3c 00 c0 00 	lis     r0,-16384
    2d4c:	93 36 00 04 	stw     r25,4(r22)
    2d50:	60 00 35 00 	ori     r0,r0,13568
    2d54:	38 76 00 08 	addi    r3,r22,8
    2d58:	7e 94 03 78 	or      r20,r20,r0
    2d5c:	92 96 00 00 	stw     r20,0(r22)
    2d60:	40 9d 00 30 	ble     cr7,2d90 <_start+0x1c44>
    2d64:	7e e9 bb 78 	mr      r9,r23
    2d68:	80 1c 01 6c 	lwz     r0,364(r28)
    2d6c:	7d 24 4b 78 	mr      r4,r9
    2d70:	7f c5 f3 78 	mr      r5,r30
    2d74:	7f 06 c3 78 	mr      r6,r24
    2d78:	3b 69 00 40 	addi    r27,r9,64
    2d7c:	7c 09 03 a6 	mtctr   r0
    2d80:	4e 80 04 21 	bctrl
    2d84:	37 bd ff ff 	addic.  r29,r29,-1
    2d88:	7f 69 db 78 	mr      r9,r27
    2d8c:	41 81 ff dc 	bgt     2d68 <_start+0x1c1c>
    2d90:	80 1c 01 6c 	lwz     r0,364(r28)
    2d94:	7e e4 bb 78 	mr      r4,r23
    2d98:	7f c5 f3 78 	mr      r5,r30
    2d9c:	7f 06 c3 78 	mr      r6,r24
    2da0:	7c 09 03 a6 	mtctr   r0
    2da4:	4e 80 04 21 	bctrl
    2da8:	81 32 03 74 	lwz     r9,884(r18)
    2dac:	7e c4 b3 78 	mr      r4,r22
    2db0:	7e a5 ab 78 	mr      r5,r21
    2db4:	80 73 03 70 	lwz     r3,880(r19)
    2db8:	80 09 00 28 	lwz     r0,40(r9)
    2dbc:	7c 09 03 a6 	mtctr   r0
    2dc0:	4e 80 04 21 	bctrl
    2dc4:	81 3c 00 18 	lwz     r9,24(r28)
    2dc8:	92 29 00 f4 	stw     r17,244(r9)
    2dcc:	81 3c 00 18 	lwz     r9,24(r28)
    2dd0:	80 09 00 0c 	lwz     r0,12(r9)
    2dd4:	64 00 00 40 	oris    r0,r0,64
    2dd8:	90 09 00 0c 	stw     r0,12(r9)
    2ddc:	4b ff fe 30 	b       2c0c <_start+0x1ac0>
    2de0:	94 21 ff b0 	stwu    r1,-80(r1)
    2de4:	7c 08 02 a6 	mflr    r0
    2de8:	93 21 00 34 	stw     r25,52(r1)
    2dec:	3b 20 ff f7 	li      r25,-9
    2df0:	93 41 00 38 	stw     r26,56(r1)
    2df4:	7c ba 2b 78 	mr      r26,r5
    2df8:	93 a1 00 44 	stw     r29,68(r1)
    2dfc:	7c 9d 23 78 	mr      r29,r4
    2e00:	93 e1 00 4c 	stw     r31,76(r1)
    2e04:	7c 3f 0b 78 	mr      r31,r1
    2e08:	90 01 00 54 	stw     r0,84(r1)
    2e0c:	92 41 00 18 	stw     r18,24(r1)
    2e10:	92 61 00 1c 	stw     r19,28(r1)
    2e14:	92 81 00 20 	stw     r20,32(r1)
    2e18:	92 a1 00 24 	stw     r21,36(r1)
    2e1c:	92 c1 00 28 	stw     r22,40(r1)
    2e20:	92 e1 00 2c 	stw     r23,44(r1)
    2e24:	93 01 00 30 	stw     r24,48(r1)
    2e28:	93 61 00 3c 	stw     r27,60(r1)
    2e2c:	93 81 00 40 	stw     r28,64(r1)
    2e30:	93 c1 00 48 	stw     r30,72(r1)
    2e34:	a8 04 00 48 	lha     r0,72(r4)
    2e38:	2f 80 00 00 	cmpwi   cr7,r0,0
    2e3c:	41 9e 00 2c 	beq     cr7,2e68 <_start+0x1d1c>
    2e40:	83 c5 00 04 	lwz     r30,4(r5)
    2e44:	83 64 00 00 	lwz     r27,0(r4)
    2e48:	2f 9e 00 00 	cmpwi   cr7,r30,0
    2e4c:	83 05 00 00 	lwz     r24,0(r5)
    2e50:	41 9e 00 14 	beq     cr7,2e64 <_start+0x1d18>
    2e54:	2f 98 00 01 	cmpwi   cr7,r24,1
    2e58:	40 9d 00 0c 	ble     cr7,2e64 <_start+0x1d18>
    2e5c:	2f 98 04 00 	cmpwi   cr7,r24,1024
    2e60:	40 9d 00 58 	ble     cr7,2eb8 <_start+0x1d6c>
    2e64:	3b 20 ff fe 	li      r25,-2
    2e68:	39 7f 00 50 	addi    r11,r31,80
    2e6c:	7f 23 cb 78 	mr      r3,r25
    2e70:	80 0b 00 04 	lwz     r0,4(r11)
    2e74:	82 4b ff c8 	lwz     r18,-56(r11)
    2e78:	7c 08 03 a6 	mtlr    r0
    2e7c:	82 6b ff cc 	lwz     r19,-52(r11)
    2e80:	82 8b ff d0 	lwz     r20,-48(r11)
    2e84:	82 ab ff d4 	lwz     r21,-44(r11)
    2e88:	82 cb ff d8 	lwz     r22,-40(r11)
    2e8c:	82 eb ff dc 	lwz     r23,-36(r11)
    2e90:	83 0b ff e0 	lwz     r24,-32(r11)
    2e94:	83 2b ff e4 	lwz     r25,-28(r11)
    2e98:	83 4b ff e8 	lwz     r26,-24(r11)
    2e9c:	83 6b ff ec 	lwz     r27,-20(r11)
    2ea0:	83 8b ff f0 	lwz     r28,-16(r11)
    2ea4:	83 ab ff f4 	lwz     r29,-12(r11)
    2ea8:	83 cb ff f8 	lwz     r30,-8(r11)
    2eac:	83 eb ff fc 	lwz     r31,-4(r11)
    2eb0:	7d 61 5b 78 	mr      r1,r11
    2eb4:	4e 80 00 20 	blr
    2eb8:	82 bb 01 64 	lwz     r21,356(r27)
    2ebc:	7f 1c c3 78 	mr      r28,r24
    2ec0:	81 21 00 00 	lwz     r9,0(r1)
    2ec4:	7e b8 a9 d6 	mullw   r21,r24,r21
    2ec8:	3a 95 00 02 	addi    r20,r21,2
    2ecc:	56 8b 10 3a 	slwi    r11,r20,2
    2ed0:	38 0b 00 1e 	addi    r0,r11,30
    2ed4:	54 00 00 36 	clrrwi  r0,r0,4
    2ed8:	7c 00 00 d0 	neg     r0,r0
    2edc:	7d 21 01 6e 	stwux   r9,r1,r0
    2ee0:	80 1b 07 bc 	lwz     r0,1980(r27)
    2ee4:	3a c1 00 17 	addi    r22,r1,23
    2ee8:	81 3b 00 18 	lwz     r9,24(r27)
    2eec:	56 d6 00 36 	clrrwi  r22,r22,4
    2ef0:	70 00 14 00 	andi.   r0,r0,5120
    2ef4:	82 49 00 f4 	lwz     r18,244(r9)
    2ef8:	2f 80 10 00 	cmpwi   cr7,r0,4096
    2efc:	41 9e 00 24 	beq     cr7,2f20 <_start+0x1dd4>
    2f00:	7c 83 23 78 	mr      r3,r4
    2f04:	48 00 a0 f1 	bl      cff4 <_start+0xbea8>
    2f08:	a8 bd 00 1e 	lha     r5,30(r29)
    2f0c:	7f 63 db 78 	mr      r3,r27
    2f10:	38 80 00 00 	li      r4,0
    2f14:	54 a6 05 ee 	rlwinm  r6,r5,0,23,23
    2f18:	54 a5 05 6a 	rlwinm  r5,r5,0,21,21
    2f1c:	48 00 a0 91 	bl      cfac <_start+0xbe60>
    2f20:	80 9a 00 08 	lwz     r4,8(r26)
    2f24:	7f a3 eb 78 	mr      r3,r29
    2f28:	48 00 92 f1 	bl      c218 <_start+0xb0cc>
    2f2c:	7c 79 1b 79 	mr.     r25,r3
    2f30:	40 a2 ff 38 	bne     2e68 <_start+0x1d1c>
    2f34:	81 3a 00 08 	lwz     r9,8(r26)
    2f38:	3a e0 00 00 	li      r23,0
    2f3c:	2f 89 00 00 	cmpwi   cr7,r9,0
    2f40:	41 9e 00 08 	beq     cr7,2f48 <_start+0x1dfc>
    2f44:	82 e9 00 8e 	lwz     r23,142(r9)
    2f48:	a0 1a 00 0c 	lhz     r0,12(r26)
    2f4c:	7f a3 eb 78 	mr      r3,r29
    2f50:	3e 60 00 02 	lis     r19,2
    2f54:	a1 3a 00 0e 	lhz     r9,14(r26)
    2f58:	3f 40 00 02 	lis     r26,2
    2f5c:	56 b5 80 1e 	slwi    r21,r21,16
    2f60:	54 00 80 1e 	slwi    r0,r0,16
    2f64:	57 18 80 1e 	slwi    r24,r24,16
    2f68:	7d 29 03 78 	or      r9,r9,r0
    2f6c:	63 18 00 73 	ori     r24,r24,115
    2f70:	91 3f 00 08 	stw     r9,8(r31)
    2f74:	c0 3f 00 08 	lfs     f1,8(r31)
    2f78:	48 01 01 e5 	bl      1315c <_start+0x12010>
    2f7c:	81 3b 00 18 	lwz     r9,24(r27)
    2f80:	38 00 00 00 	li      r0,0
    2f84:	90 09 00 0c 	stw     r0,12(r9)
    2f88:	81 33 03 74 	lwz     r9,884(r19)
    2f8c:	80 7a 03 70 	lwz     r3,880(r26)
    2f90:	80 09 00 3c 	lwz     r0,60(r9)
    2f94:	80 9b 00 18 	lwz     r4,24(r27)
    2f98:	7c 09 03 a6 	mtctr   r0
    2f9c:	4e 80 04 21 	bctrl
    2fa0:	3c 00 c0 00 	lis     r0,-16384
    2fa4:	93 16 00 04 	stw     r24,4(r22)
    2fa8:	38 76 00 08 	addi    r3,r22,8
    2fac:	60 00 35 00 	ori     r0,r0,13568
    2fb0:	7e b5 03 78 	or      r21,r21,r0
    2fb4:	92 b6 00 00 	stw     r21,0(r22)
    2fb8:	80 1b 01 6c 	lwz     r0,364(r27)
    2fbc:	7f c4 f3 78 	mr      r4,r30
    2fc0:	7f a5 eb 78 	mr      r5,r29
    2fc4:	7e e6 bb 78 	mr      r6,r23
    2fc8:	3b de 00 40 	addi    r30,r30,64
    2fcc:	7c 09 03 a6 	mtctr   r0
    2fd0:	4e 80 04 21 	bctrl
    2fd4:	37 9c ff ff 	addic.  r28,r28,-1
    2fd8:	41 81 ff e0 	bgt     2fb8 <_start+0x1e6c>
    2fdc:	81 33 03 74 	lwz     r9,884(r19)
    2fe0:	7e c4 b3 78 	mr      r4,r22
    2fe4:	7e 85 a3 78 	mr      r5,r20
    2fe8:	80 7a 03 70 	lwz     r3,880(r26)
    2fec:	80 09 00 28 	lwz     r0,40(r9)
    2ff0:	7c 09 03 a6 	mtctr   r0
    2ff4:	4e 80 04 21 	bctrl
    2ff8:	81 3b 00 18 	lwz     r9,24(r27)
    2ffc:	92 49 00 f4 	stw     r18,244(r9)
    3000:	81 3b 00 18 	lwz     r9,24(r27)
    3004:	80 09 00 0c 	lwz     r0,12(r9)
    3008:	64 00 00 40 	oris    r0,r0,64
    300c:	90 09 00 0c 	stw     r0,12(r9)
    3010:	4b ff fe 58 	b       2e68 <_start+0x1d1c>
    3014:	94 21 ff c0 	stwu    r1,-64(r1)
    3018:	7c 08 02 a6 	mflr    r0
    301c:	93 61 00 2c 	stw     r27,44(r1)
    3020:	3b 60 ff f7 	li      r27,-9
    3024:	93 81 00 30 	stw     r28,48(r1)
    3028:	7c bc 2b 78 	mr      r28,r5
    302c:	93 c1 00 38 	stw     r30,56(r1)
    3030:	7c 9e 23 78 	mr      r30,r4
    3034:	93 e1 00 3c 	stw     r31,60(r1)
    3038:	7c 3f 0b 78 	mr      r31,r1
    303c:	90 01 00 44 	stw     r0,68(r1)
    3040:	92 a1 00 14 	stw     r21,20(r1)
    3044:	92 c1 00 18 	stw     r22,24(r1)
    3048:	92 e1 00 1c 	stw     r23,28(r1)
    304c:	93 01 00 20 	stw     r24,32(r1)
    3050:	93 21 00 24 	stw     r25,36(r1)
    3054:	93 41 00 28 	stw     r26,40(r1)
    3058:	93 a1 00 34 	stw     r29,52(r1)
    305c:	a8 04 00 48 	lha     r0,72(r4)
    3060:	2f 80 00 00 	cmpwi   cr7,r0,0
    3064:	41 9e 01 6c 	beq     cr7,31d0 <_start+0x2084>
    3068:	83 a4 00 00 	lwz     r29,0(r4)
    306c:	81 21 00 00 	lwz     r9,0(r1)
    3070:	83 1d 01 64 	lwz     r24,356(r29)
    3074:	3b 18 00 01 	addi    r24,r24,1
    3078:	57 0b 18 38 	slwi    r11,r24,3
    307c:	57 18 08 3c 	slwi    r24,r24,1
    3080:	38 0b 00 1e 	addi    r0,r11,30
    3084:	54 00 00 36 	clrrwi  r0,r0,4
    3088:	7c 00 00 d0 	neg     r0,r0
    308c:	7d 21 01 6e 	stwux   r9,r1,r0
    3090:	80 1d 07 bc 	lwz     r0,1980(r29)
    3094:	3b 41 00 17 	addi    r26,r1,23
    3098:	81 3d 00 18 	lwz     r9,24(r29)
    309c:	57 5a 00 36 	clrrwi  r26,r26,4
    30a0:	70 00 14 00 	andi.   r0,r0,5120
    30a4:	82 a9 00 f4 	lwz     r21,244(r9)
    30a8:	2f 80 10 00 	cmpwi   cr7,r0,4096
    30ac:	41 9e 00 24 	beq     cr7,30d0 <_start+0x1f84>
    30b0:	7c 83 23 78 	mr      r3,r4
    30b4:	48 00 9f 41 	bl      cff4 <_start+0xbea8>
    30b8:	a8 be 00 1e 	lha     r5,30(r30)
    30bc:	7f a3 eb 78 	mr      r3,r29
    30c0:	38 80 00 00 	li      r4,0
    30c4:	54 a6 05 ee 	rlwinm  r6,r5,0,23,23
    30c8:	54 a5 05 6a 	rlwinm  r5,r5,0,21,21
    30cc:	48 00 9e e1 	bl      cfac <_start+0xbe60>
    30d0:	80 9c 00 80 	lwz     r4,128(r28)
    30d4:	7f c3 f3 78 	mr      r3,r30
    30d8:	48 00 91 41 	bl      c218 <_start+0xb0cc>
    30dc:	7c 7b 1b 79 	mr.     r27,r3
    30e0:	40 82 00 f0 	bne     31d0 <_start+0x2084>
    30e4:	81 3c 00 80 	lwz     r9,128(r28)
    30e8:	3b 20 00 00 	li      r25,0
    30ec:	2f 89 00 00 	cmpwi   cr7,r9,0
    30f0:	41 9e 00 08 	beq     cr7,30f8 <_start+0x1fac>
    30f4:	83 29 00 8e 	lwz     r25,142(r9)
    30f8:	a0 1c 00 84 	lhz     r0,132(r28)
    30fc:	7f c3 f3 78 	mr      r3,r30
    3100:	3e c0 00 02 	lis     r22,2
    3104:	a1 3c 00 86 	lhz     r9,134(r28)
    3108:	3e e0 00 02 	lis     r23,2
    310c:	54 00 80 1e 	slwi    r0,r0,16
    3110:	7d 29 03 78 	or      r9,r9,r0
    3114:	91 3f 00 08 	stw     r9,8(r31)
    3118:	c0 3f 00 08 	lfs     f1,8(r31)
    311c:	48 01 00 41 	bl      1315c <_start+0x12010>
    3120:	81 3d 00 18 	lwz     r9,24(r29)
    3124:	38 00 00 00 	li      r0,0
    3128:	90 09 00 0c 	stw     r0,12(r9)
    312c:	81 36 03 74 	lwz     r9,884(r22)
    3130:	80 77 03 70 	lwz     r3,880(r23)
    3134:	80 09 00 3c 	lwz     r0,60(r9)
    3138:	80 9d 00 18 	lwz     r4,24(r29)
    313c:	7c 09 03 a6 	mtctr   r0
    3140:	4e 80 04 21 	bctrl
    3144:	39 38 ff fe 	addi    r9,r24,-2
    3148:	3c 00 c0 00 	lis     r0,-16384
    314c:	55 29 80 1e 	slwi    r9,r9,16
    3150:	60 00 35 00 	ori     r0,r0,13568
    3154:	7d 20 03 78 	or      r0,r9,r0
    3158:	7f 84 e3 78 	mr      r4,r28
    315c:	90 1a 00 00 	stw     r0,0(r26)
    3160:	3c 00 00 02 	lis     r0,2
    3164:	7f c5 f3 78 	mr      r5,r30
    3168:	60 00 00 72 	ori     r0,r0,114
    316c:	7f 26 cb 78 	mr      r6,r25
    3170:	90 1a 00 04 	stw     r0,4(r26)
    3174:	38 7a 00 08 	addi    r3,r26,8
    3178:	80 1d 01 6c 	lwz     r0,364(r29)
    317c:	7c 09 03 a6 	mtctr   r0
    3180:	4e 80 04 21 	bctrl
    3184:	80 1d 01 6c 	lwz     r0,364(r29)
    3188:	38 9c 00 40 	addi    r4,r28,64
    318c:	7f c5 f3 78 	mr      r5,r30
    3190:	7f 26 cb 78 	mr      r6,r25
    3194:	7c 09 03 a6 	mtctr   r0
    3198:	4e 80 04 21 	bctrl
    319c:	81 36 03 74 	lwz     r9,884(r22)
    31a0:	7f 44 d3 78 	mr      r4,r26
    31a4:	7f 05 c3 78 	mr      r5,r24
    31a8:	80 77 03 70 	lwz     r3,880(r23)
    31ac:	80 09 00 28 	lwz     r0,40(r9)
    31b0:	7c 09 03 a6 	mtctr   r0
    31b4:	4e 80 04 21 	bctrl
    31b8:	81 3d 00 18 	lwz     r9,24(r29)
    31bc:	92 a9 00 f4 	stw     r21,244(r9)
    31c0:	81 3d 00 18 	lwz     r9,24(r29)
    31c4:	80 09 00 0c 	lwz     r0,12(r9)
    31c8:	64 00 00 40 	oris    r0,r0,64
    31cc:	90 09 00 0c 	stw     r0,12(r9)
    31d0:	39 7f 00 40 	addi    r11,r31,64
    31d4:	7f 63 db 78 	mr      r3,r27
    31d8:	80 0b 00 04 	lwz     r0,4(r11)
    31dc:	82 ab ff d4 	lwz     r21,-44(r11)
    31e0:	7c 08 03 a6 	mtlr    r0
    31e4:	82 cb ff d8 	lwz     r22,-40(r11)
    31e8:	82 eb ff dc 	lwz     r23,-36(r11)
    31ec:	83 0b ff e0 	lwz     r24,-32(r11)
    31f0:	83 2b ff e4 	lwz     r25,-28(r11)
    31f4:	83 4b ff e8 	lwz     r26,-24(r11)
    31f8:	83 6b ff ec 	lwz     r27,-20(r11)
    31fc:	83 8b ff f0 	lwz     r28,-16(r11)
    3200:	83 ab ff f4 	lwz     r29,-12(r11)
    3204:	83 cb ff f8 	lwz     r30,-8(r11)
    3208:	83 eb ff fc 	lwz     r31,-4(r11)
    320c:	7d 61 5b 78 	mr      r1,r11
    3210:	4e 80 00 20 	blr
    3214:	2c 04 00 00 	cmpwi   r4,0
    3218:	94 21 ff e0 	stwu    r1,-32(r1)
    321c:	39 20 00 00 	li      r9,0
    3220:	41 82 00 08 	beq     3228 <_start+0x20dc>
    3224:	81 24 00 00 	lwz     r9,0(r4)
    3228:	2f 86 00 00 	cmpwi   cr7,r6,0
    322c:	81 69 00 18 	lwz     r11,24(r9)
    3230:	81 4b 00 18 	lwz     r10,24(r11)
    3234:	55 40 06 28 	rlwinm  r0,r10,0,24,20
    3238:	41 9e 00 40 	beq     cr7,3278 <_start+0x212c>
    323c:	3d 00 00 01 	lis     r8,1
    3240:	c0 06 00 00 	lfs     f0,0(r6)
    3244:	55 4a 00 28 	clrrwi  r10,r10,11
    3248:	c1 a8 64 bc 	lfs     f13,25788(r8)
    324c:	3d 00 00 01 	lis     r8,1
    3250:	ec 0d 00 32 	fmuls   f0,f13,f0
    3254:	c1 a8 64 c0 	lfs     f13,25792(r8)
    3258:	ff 80 68 00 	fcmpu   cr7,f0,f13
    325c:	4f dd f3 82 	cror    4*cr7+eq,4*cr7+gt,4*cr7+eq
    3260:	41 9e 00 60 	beq     cr7,32c0 <_start+0x2174>
    3264:	fc 00 00 1e 	fctiwz  f0,f0
    3268:	d8 01 00 08 	stfd    f0,8(r1)
    326c:	81 01 00 0c 	lwz     r8,12(r1)
    3270:	55 00 06 3e 	clrlwi  r0,r8,24
    3274:	7c 00 53 78 	or      r0,r0,r10
    3278:	2b 85 00 08 	cmplwi  cr7,r5,8
    327c:	41 9d 00 24 	bgt     cr7,32a0 <_start+0x2154>
    3280:	3d 40 00 01 	lis     r10,1
    3284:	54 a5 10 3a 	slwi    r5,r5,2
    3288:	39 4a 63 b0 	addi    r10,r10,25520
    328c:	7d 0a 28 2e 	lwzx    r8,r10,r5
    3290:	7d 48 52 14 	add     r10,r8,r10
    3294:	7d 49 03 a6 	mtctr   r10
    3298:	4e 80 04 20 	bctr
    329c:	60 00 07 00 	ori     r0,r0,1792
    32a0:	90 0b 00 18 	stw     r0,24(r11)
    32a4:	38 60 00 00 	li      r3,0
    32a8:	38 21 00 20 	addi    r1,r1,32
    32ac:	81 29 00 18 	lwz     r9,24(r9)
    32b0:	80 09 00 0c 	lwz     r0,12(r9)
    32b4:	60 00 00 02 	ori     r0,r0,2
    32b8:	90 09 00 0c 	stw     r0,12(r9)
    32bc:	4e 80 00 20 	blr
    32c0:	fc 00 68 28 	fsub    f0,f0,f13
    32c4:	fc 00 00 1e 	fctiwz  f0,f0
    32c8:	d8 01 00 10 	stfd    f0,16(r1)
    32cc:	81 01 00 14 	lwz     r8,20(r1)
    32d0:	3d 08 80 00 	addis   r8,r8,-32768
    32d4:	4b ff ff 9c 	b       3270 <_start+0x2124>
    32d8:	60 00 03 00 	ori     r0,r0,768
    32dc:	38 60 00 00 	li      r3,0
    32e0:	90 0b 00 18 	stw     r0,24(r11)
    32e4:	38 21 00 20 	addi    r1,r1,32
    32e8:	81 29 00 18 	lwz     r9,24(r9)
    32ec:	80 09 00 0c 	lwz     r0,12(r9)
    32f0:	60 00 00 02 	ori     r0,r0,2
    32f4:	90 09 00 0c 	stw     r0,12(r9)
    32f8:	4e 80 00 20 	blr
    32fc:	60 00 01 00 	ori     r0,r0,256
    3300:	38 60 00 00 	li      r3,0
    3304:	90 0b 00 18 	stw     r0,24(r11)
    3308:	38 21 00 20 	addi    r1,r1,32
    330c:	81 29 00 18 	lwz     r9,24(r9)
    3310:	80 09 00 0c 	lwz     r0,12(r9)
    3314:	60 00 00 02 	ori     r0,r0,2
    3318:	90 09 00 0c 	stw     r0,12(r9)
    331c:	4e 80 00 20 	blr
    3320:	60 00 04 00 	ori     r0,r0,1024
    3324:	38 60 00 00 	li      r3,0
    3328:	90 0b 00 18 	stw     r0,24(r11)
    332c:	38 21 00 20 	addi    r1,r1,32
    3330:	81 29 00 18 	lwz     r9,24(r9)
    3334:	80 09 00 0c 	lwz     r0,12(r9)
    3338:	60 00 00 02 	ori     r0,r0,2
    333c:	90 09 00 0c 	stw     r0,12(r9)
    3340:	4e 80 00 20 	blr
    3344:	60 00 02 00 	ori     r0,r0,512
    3348:	38 60 00 00 	li      r3,0
    334c:	90 0b 00 18 	stw     r0,24(r11)
    3350:	38 21 00 20 	addi    r1,r1,32
    3354:	81 29 00 18 	lwz     r9,24(r9)
    3358:	80 09 00 0c 	lwz     r0,12(r9)
    335c:	60 00 00 02 	ori     r0,r0,2
    3360:	90 09 00 0c 	stw     r0,12(r9)
    3364:	4e 80 00 20 	blr
    3368:	60 00 05 00 	ori     r0,r0,1280
    336c:	38 60 00 00 	li      r3,0
    3370:	90 0b 00 18 	stw     r0,24(r11)
    3374:	38 21 00 20 	addi    r1,r1,32
    3378:	81 29 00 18 	lwz     r9,24(r9)
    337c:	80 09 00 0c 	lwz     r0,12(r9)
    3380:	60 00 00 02 	ori     r0,r0,2
    3384:	90 09 00 0c 	stw     r0,12(r9)
    3388:	4e 80 00 20 	blr
    338c:	60 00 06 00 	ori     r0,r0,1536
    3390:	38 60 00 00 	li      r3,0
    3394:	90 0b 00 18 	stw     r0,24(r11)
    3398:	38 21 00 20 	addi    r1,r1,32
    339c:	81 29 00 18 	lwz     r9,24(r9)
    33a0:	80 09 00 0c 	lwz     r0,12(r9)
    33a4:	60 00 00 02 	ori     r0,r0,2
    33a8:	90 09 00 0c 	stw     r0,12(r9)
    33ac:	4e 80 00 20 	blr
    33b0:	2c 04 00 00 	cmpwi   r4,0
    33b4:	39 20 00 00 	li      r9,0
    33b8:	41 82 00 08 	beq     33c0 <_start+0x2274>
    33bc:	81 24 00 00 	lwz     r9,0(r4)
    33c0:	2b 85 00 0f 	cmplwi  cr7,r5,15
    33c4:	40 9d 00 0c 	ble     cr7,33d0 <_start+0x2284>
    33c8:	38 60 ff f1 	li      r3,-15
    33cc:	4e 80 00 20 	blr
    33d0:	3d 60 00 01 	lis     r11,1
    33d4:	54 a0 10 3a 	slwi    r0,r5,2
    33d8:	39 6b 63 d4 	addi    r11,r11,25556
    33dc:	7c 0b 00 2e 	lwzx    r0,r11,r0
    33e0:	7d 60 5a 14 	add     r11,r0,r11
    33e4:	7d 69 03 a6 	mtctr   r11
    33e8:	4e 80 04 20 	bctr
    33ec:	3d 00 21 2e 	lis     r8,8494
    33f0:	3c 00 20 2e 	lis     r0,8238
    33f4:	39 60 00 2e 	li      r11,46
    33f8:	2b 86 00 0e 	cmplwi  cr7,r6,14
    33fc:	41 bd ff cc 	bgt     cr7,33c8 <_start+0x227c>
    3400:	3d 40 00 01 	lis     r10,1
    3404:	54 c7 10 3a 	slwi    r7,r6,2
    3408:	39 4a 64 14 	addi    r10,r10,25620
    340c:	7c ea 38 2e 	lwzx    r7,r10,r7
    3410:	7d 47 52 14 	add     r10,r7,r10
    3414:	7d 49 03 a6 	mtctr   r10
    3418:	4e 80 04 20 	bctr
    341c:	55 60 80 1e 	slwi    r0,r11,16
    3420:	39 00 00 2d 	li      r8,45
    3424:	64 00 2d 00 	oris    r0,r0,11520
    3428:	81 49 00 18 	lwz     r10,24(r9)
    342c:	38 60 00 00 	li      r3,0
    3430:	90 a9 07 b0 	stw     r5,1968(r9)
    3434:	90 c9 07 b8 	stw     r6,1976(r9)
    3438:	91 69 07 ac 	stw     r11,1964(r9)
    343c:	91 09 07 b4 	stw     r8,1972(r9)
    3440:	90 0a 00 24 	stw     r0,36(r10)
    3444:	81 29 00 18 	lwz     r9,24(r9)
    3448:	80 09 00 0c 	lwz     r0,12(r9)
    344c:	60 00 00 02 	ori     r0,r0,2
    3450:	90 09 00 0c 	stw     r0,12(r9)
    3454:	4e 80 00 20 	blr
    3458:	55 60 80 1e 	slwi    r0,r11,16
    345c:	39 00 00 2c 	li      r8,44
    3460:	64 00 2c 00 	oris    r0,r0,11264
    3464:	4b ff ff c4 	b       3428 <_start+0x22dc>
    3468:	55 60 80 1e 	slwi    r0,r11,16
    346c:	39 00 00 2b 	li      r8,43
    3470:	64 00 2b 00 	oris    r0,r0,11008
    3474:	4b ff ff b4 	b       3428 <_start+0x22dc>
    3478:	55 60 80 1e 	slwi    r0,r11,16
    347c:	39 00 00 29 	li      r8,41
    3480:	64 00 29 00 	oris    r0,r0,10496
    3484:	4b ff ff a4 	b       3428 <_start+0x22dc>
    3488:	55 60 80 1e 	slwi    r0,r11,16
    348c:	39 00 00 28 	li      r8,40
    3490:	64 00 28 00 	oris    r0,r0,10240
    3494:	4b ff ff 94 	b       3428 <_start+0x22dc>
    3498:	55 60 80 1e 	slwi    r0,r11,16
    349c:	39 00 00 27 	li      r8,39
    34a0:	64 00 27 00 	oris    r0,r0,9984
    34a4:	4b ff ff 84 	b       3428 <_start+0x22dc>
    34a8:	55 60 80 1e 	slwi    r0,r11,16
    34ac:	39 00 00 26 	li      r8,38
    34b0:	64 00 26 00 	oris    r0,r0,9728
    34b4:	4b ff ff 74 	b       3428 <_start+0x22dc>
    34b8:	55 60 80 1e 	slwi    r0,r11,16
    34bc:	39 00 00 23 	li      r8,35
    34c0:	64 00 23 00 	oris    r0,r0,8960
    34c4:	4b ff ff 64 	b       3428 <_start+0x22dc>
    34c8:	55 60 80 1e 	slwi    r0,r11,16
    34cc:	39 00 00 22 	li      r8,34
    34d0:	64 00 22 00 	oris    r0,r0,8704
    34d4:	4b ff ff 54 	b       3428 <_start+0x22dc>
    34d8:	7d 00 43 78 	mr      r0,r8
    34dc:	39 00 00 21 	li      r8,33
    34e0:	4b ff ff 48 	b       3428 <_start+0x22dc>
    34e4:	39 00 00 20 	li      r8,32
    34e8:	4b ff ff 40 	b       3428 <_start+0x22dc>
    34ec:	3d 00 21 20 	lis     r8,8480
    34f0:	3c 00 20 20 	lis     r0,8224
    34f4:	39 60 00 20 	li      r11,32
    34f8:	4b ff ff 00 	b       33f8 <_start+0x22ac>
    34fc:	3d 00 21 21 	lis     r8,8481
    3500:	3c 00 20 21 	lis     r0,8225
    3504:	39 60 00 21 	li      r11,33
    3508:	4b ff fe f0 	b       33f8 <_start+0x22ac>
    350c:	3d 00 21 24 	lis     r8,8484
    3510:	3c 00 20 24 	lis     r0,8228
    3514:	39 60 00 24 	li      r11,36
    3518:	4b ff fe e0 	b       33f8 <_start+0x22ac>
    351c:	3d 00 21 25 	lis     r8,8485
    3520:	3c 00 20 25 	lis     r0,8229
    3524:	39 60 00 25 	li      r11,37
    3528:	4b ff fe d0 	b       33f8 <_start+0x22ac>
    352c:	3d 00 21 26 	lis     r8,8486
    3530:	3c 00 20 26 	lis     r0,8230
    3534:	39 60 00 26 	li      r11,38
    3538:	4b ff fe c0 	b       33f8 <_start+0x22ac>
    353c:	3d 00 21 27 	lis     r8,8487
    3540:	3c 00 20 27 	lis     r0,8231
    3544:	39 60 00 27 	li      r11,39
    3548:	4b ff fe b0 	b       33f8 <_start+0x22ac>
    354c:	3d 00 21 28 	lis     r8,8488
    3550:	3c 00 20 28 	lis     r0,8232
    3554:	39 60 00 28 	li      r11,40
    3558:	4b ff fe a0 	b       33f8 <_start+0x22ac>
    355c:	3d 00 21 29 	lis     r8,8489
    3560:	3c 00 20 29 	lis     r0,8233
    3564:	39 60 00 29 	li      r11,41
    3568:	4b ff fe 90 	b       33f8 <_start+0x22ac>
    356c:	3d 00 21 2a 	lis     r8,8490
    3570:	3c 00 20 2a 	lis     r0,8234
    3574:	39 60 00 2a 	li      r11,42
    3578:	4b ff fe 80 	b       33f8 <_start+0x22ac>
    357c:	3d 00 21 2b 	lis     r8,8491
    3580:	3c 00 20 2b 	lis     r0,8235
    3584:	39 60 00 2b 	li      r11,43
    3588:	4b ff fe 70 	b       33f8 <_start+0x22ac>
    358c:	3d 00 21 2c 	lis     r8,8492
    3590:	3c 00 20 2c 	lis     r0,8236
    3594:	39 60 00 2c 	li      r11,44
    3598:	4b ff fe 60 	b       33f8 <_start+0x22ac>
    359c:	3d 00 21 2d 	lis     r8,8493
    35a0:	3c 00 20 2d 	lis     r0,8237
    35a4:	39 60 00 2d 	li      r11,45
    35a8:	4b ff fe 50 	b       33f8 <_start+0x22ac>
    35ac:	38 60 ff e2 	li      r3,-30
    35b0:	4e 80 00 20 	blr
    35b4:	2c 04 00 00 	cmpwi   r4,0
    35b8:	39 20 00 00 	li      r9,0
    35bc:	41 82 00 08 	beq     35c4 <_start+0x2478>
    35c0:	81 24 00 00 	lwz     r9,0(r4)
    35c4:	2b 85 00 10 	cmplwi  cr7,r5,16
    35c8:	40 9d 00 0c 	ble     cr7,35d4 <_start+0x2488>
    35cc:	38 60 ff ec 	li      r3,-20
    35d0:	4e 80 00 20 	blr
    35d4:	3d 60 00 01 	lis     r11,1
    35d8:	54 a5 10 3a 	slwi    r5,r5,2
    35dc:	39 6b 64 50 	addi    r11,r11,25680
    35e0:	7c 0b 28 2e 	lwzx    r0,r11,r5
    35e4:	7d 60 5a 14 	add     r11,r0,r11
    35e8:	7d 69 03 a6 	mtctr   r11
    35ec:	4e 80 04 20 	bctr
    35f0:	38 00 0f 00 	li      r0,3840
    35f4:	81 69 00 18 	lwz     r11,24(r9)
    35f8:	38 60 00 00 	li      r3,0
    35fc:	90 0b 00 ec 	stw     r0,236(r11)
    3600:	81 29 00 18 	lwz     r9,24(r9)
    3604:	80 09 00 0c 	lwz     r0,12(r9)
    3608:	64 00 00 20 	oris    r0,r0,32
    360c:	90 09 00 0c 	stw     r0,12(r9)
    3610:	4e 80 00 20 	blr
    3614:	38 00 00 00 	li      r0,0
    3618:	4b ff ff dc 	b       35f4 <_start+0x24a8>
    361c:	38 00 08 00 	li      r0,2048
    3620:	4b ff ff d4 	b       35f4 <_start+0x24a8>
    3624:	38 00 04 00 	li      r0,1024
    3628:	4b ff ff cc 	b       35f4 <_start+0x24a8>
    362c:	38 00 0c 00 	li      r0,3072
    3630:	4b ff ff c4 	b       35f4 <_start+0x24a8>
    3634:	38 00 02 00 	li      r0,512
    3638:	4b ff ff bc 	b       35f4 <_start+0x24a8>
    363c:	38 00 0a 00 	li      r0,2560
    3640:	4b ff ff b4 	b       35f4 <_start+0x24a8>
    3644:	38 00 06 00 	li      r0,1536
    3648:	4b ff ff ac 	b       35f4 <_start+0x24a8>
    364c:	38 00 0e 00 	li      r0,3584
    3650:	4b ff ff a4 	b       35f4 <_start+0x24a8>
    3654:	38 00 01 00 	li      r0,256
    3658:	4b ff ff 9c 	b       35f4 <_start+0x24a8>
    365c:	38 00 09 00 	li      r0,2304
    3660:	4b ff ff 94 	b       35f4 <_start+0x24a8>
    3664:	38 00 05 00 	li      r0,1280
    3668:	4b ff ff 8c 	b       35f4 <_start+0x24a8>
    366c:	38 00 0d 00 	li      r0,3328
    3670:	4b ff ff 84 	b       35f4 <_start+0x24a8>
    3674:	38 00 03 00 	li      r0,768
    3678:	4b ff ff 7c 	b       35f4 <_start+0x24a8>
    367c:	38 00 0b 00 	li      r0,2816
    3680:	4b ff ff 74 	b       35f4 <_start+0x24a8>
    3684:	38 00 07 00 	li      r0,1792
    3688:	4b ff ff 6c 	b       35f4 <_start+0x24a8>
    368c:	2c 04 00 00 	cmpwi   r4,0
    3690:	39 20 00 00 	li      r9,0
    3694:	41 82 00 08 	beq     369c <_start+0x2550>
    3698:	81 24 00 00 	lwz     r9,0(r4)
    369c:	2f 85 00 00 	cmpwi   cr7,r5,0
    36a0:	81 69 00 18 	lwz     r11,24(r9)
    36a4:	81 4b 00 34 	lwz     r10,52(r11)
    36a8:	41 9e 00 70 	beq     cr7,3718 <_start+0x25cc>
    36ac:	3c a0 00 ff 	lis     r5,255
    36b0:	3c 00 00 ff 	lis     r0,255
    36b4:	60 a5 ff 00 	ori     r5,r5,65280
    36b8:	2f 06 00 00 	cmpwi   cr6,r6,0
    36bc:	41 9a 00 08 	beq     cr6,36c4 <_start+0x2578>
    36c0:	7c a0 2b 78 	mr      r0,r5
    36c4:	2c 87 00 00 	cmpwi   cr1,r7,0
    36c8:	41 86 00 08 	beq     cr1,36d0 <_start+0x2584>
    36cc:	60 00 00 ff 	ori     r0,r0,255
    36d0:	2c 08 00 00 	cmpwi   r8,0
    36d4:	41 82 00 0c 	beq     36e0 <_start+0x2594>
    36d8:	64 00 ff 00 	oris    r0,r0,65280
    36dc:	40 9e 00 4c 	bne     cr7,3728 <_start+0x25dc>
    36e0:	61 4a 00 02 	ori     r10,r10,2
    36e4:	91 4b 00 34 	stw     r10,52(r11)
    36e8:	38 60 00 00 	li      r3,0
    36ec:	81 69 00 18 	lwz     r11,24(r9)
    36f0:	81 4b 00 0c 	lwz     r10,12(r11)
    36f4:	61 4a 00 08 	ori     r10,r10,8
    36f8:	91 4b 00 0c 	stw     r10,12(r11)
    36fc:	81 69 00 18 	lwz     r11,24(r9)
    3700:	90 0b 00 50 	stw     r0,80(r11)
    3704:	81 29 00 18 	lwz     r9,24(r9)
    3708:	80 09 00 0c 	lwz     r0,12(r9)
    370c:	60 00 00 10 	ori     r0,r0,16
    3710:	90 09 00 0c 	stw     r0,12(r9)
    3714:	4e 80 00 20 	blr
    3718:	38 a0 00 00 	li      r5,0
    371c:	38 00 00 00 	li      r0,0
    3720:	60 a5 ff 00 	ori     r5,r5,65280
    3724:	4b ff ff 94 	b       36b8 <_start+0x256c>
    3728:	41 ba ff b8 	beq     cr6,36e0 <_start+0x2594>
    372c:	41 86 ff b4 	beq     cr1,36e0 <_start+0x2594>
    3730:	55 4a 07 fa 	rlwinm  r10,r10,0,31,29
    3734:	4b ff ff b0 	b       36e4 <_start+0x2598>
    3738:	38 60 ff e7 	li      r3,-25
    373c:	4e 80 00 20 	blr
    3740:	38 60 00 00 	li      r3,0
    3744:	4e 80 00 20 	blr
    3748:	2c 04 00 00 	cmpwi   r4,0
    374c:	41 82 00 6c 	beq     37b8 <_start+0x266c>
    3750:	81 24 00 00 	lwz     r9,0(r4)
    3754:	2f 85 00 0a 	cmpwi   cr7,r5,10
    3758:	41 9e 00 0c 	beq     cr7,3764 <_start+0x2618>
    375c:	38 60 00 00 	li      r3,0
    3760:	4e 80 00 20 	blr
    3764:	a8 04 00 44 	lha     r0,68(r4)
    3768:	2f 80 00 00 	cmpwi   cr7,r0,0
    376c:	40 be ff f0 	bne     cr7,375c <_start+0x2610>
    3770:	a8 04 00 46 	lha     r0,70(r4)
    3774:	2f 80 00 00 	cmpwi   cr7,r0,0
    3778:	40 be ff e4 	bne     cr7,375c <_start+0x2610>
    377c:	80 09 00 00 	lwz     r0,0(r9)
    3780:	70 0b 00 40 	andi.   r11,r0,64
    3784:	40 82 00 20 	bne     37a4 <_start+0x2658>
    3788:	2f 86 00 01 	cmpwi   cr7,r6,1
    378c:	41 9e 00 18 	beq     cr7,37a4 <_start+0x2658>
    3790:	80 09 07 bc 	lwz     r0,1980(r9)
    3794:	38 60 00 00 	li      r3,0
    3798:	54 00 04 e2 	rlwinm  r0,r0,0,19,17
    379c:	90 09 07 bc 	stw     r0,1980(r9)
    37a0:	4e 80 00 20 	blr
    37a4:	80 09 07 bc 	lwz     r0,1980(r9)
    37a8:	38 60 00 00 	li      r3,0
    37ac:	60 00 20 00 	ori     r0,r0,8192
    37b0:	90 09 07 bc 	stw     r0,1980(r9)
    37b4:	4e 80 00 20 	blr
    37b8:	39 20 00 00 	li      r9,0
    37bc:	4b ff ff 98 	b       3754 <_start+0x2608>
    37c0:	4e 80 00 20 	blr
    37c4:	7c 83 23 79 	mr.     r3,r4
    37c8:	94 21 ff c0 	stwu    r1,-64(r1)
    37cc:	7c 08 02 a6 	mflr    r0
    37d0:	90 01 00 44 	stw     r0,68(r1)
    37d4:	41 82 02 28 	beq     39fc <_start+0x28b0>
    37d8:	81 03 00 00 	lwz     r8,0(r3)
    37dc:	2b 85 00 09 	cmplwi  cr7,r5,9
    37e0:	40 9d 00 18 	ble     cr7,37f8 <_start+0x26ac>
    37e4:	38 60 ff e2 	li      r3,-30
    37e8:	80 01 00 44 	lwz     r0,68(r1)
    37ec:	38 21 00 40 	addi    r1,r1,64
    37f0:	7c 08 03 a6 	mtlr    r0
    37f4:	4e 80 00 20 	blr
    37f8:	3d 20 00 01 	lis     r9,1
    37fc:	54 a5 10 3a 	slwi    r5,r5,2
    3800:	39 29 64 94 	addi    r9,r9,25748
    3804:	7c 09 28 2e 	lwzx    r0,r9,r5
    3808:	7d 20 4a 14 	add     r9,r0,r9
    380c:	7d 29 03 a6 	mtctr   r9
    3810:	4e 80 04 20 	bctr
    3814:	81 28 00 18 	lwz     r9,24(r8)
    3818:	38 60 00 00 	li      r3,0
    381c:	a1 66 00 00 	lhz     r11,0(r6)
    3820:	80 09 00 e0 	lwz     r0,224(r9)
    3824:	54 00 00 1e 	clrrwi  r0,r0,16
    3828:	64 00 30 00 	oris    r0,r0,12288
    382c:	7c 00 5b 78 	or      r0,r0,r11
    3830:	90 09 00 e0 	stw     r0,224(r9)
    3834:	81 28 00 18 	lwz     r9,24(r8)
    3838:	80 09 00 0c 	lwz     r0,12(r9)
    383c:	64 00 00 10 	oris    r0,r0,16
    3840:	90 09 00 0c 	stw     r0,12(r9)
    3844:	80 01 00 44 	lwz     r0,68(r1)
    3848:	38 21 00 40 	addi    r1,r1,64
    384c:	7c 08 03 a6 	mtlr    r0
    3850:	4e 80 00 20 	blr
    3854:	81 28 00 18 	lwz     r9,24(r8)
    3858:	38 60 00 00 	li      r3,0
    385c:	89 66 00 03 	lbz     r11,3(r6)
    3860:	80 09 00 e0 	lwz     r0,224(r9)
    3864:	55 6b 80 1e 	slwi    r11,r11,16
    3868:	54 00 04 0e 	rlwinm  r0,r0,0,16,7
    386c:	7d 60 03 78 	or      r0,r11,r0
    3870:	90 09 00 e0 	stw     r0,224(r9)
    3874:	81 28 00 18 	lwz     r9,24(r8)
    3878:	80 09 00 0c 	lwz     r0,12(r9)
    387c:	64 00 00 10 	oris    r0,r0,16
    3880:	90 09 00 0c 	stw     r0,12(r9)
    3884:	80 01 00 44 	lwz     r0,68(r1)
    3888:	38 21 00 40 	addi    r1,r1,64
    388c:	7c 08 03 a6 	mtlr    r0
    3890:	4e 80 00 20 	blr
    3894:	38 00 00 20 	li      r0,32
    3898:	81 46 00 00 	lwz     r10,0(r6)
    389c:	7d 0b 43 78 	mr      r11,r8
    38a0:	7c 09 03 a6 	mtctr   r0
    38a4:	39 20 00 00 	li      r9,0
    38a8:	7c 0a 48 2e 	lwzx    r0,r10,r9
    38ac:	39 29 00 04 	addi    r9,r9,4
    38b0:	90 0b 07 a8 	stw     r0,1960(r11)
    38b4:	39 6b ff fc 	addi    r11,r11,-4
    38b8:	42 00 ff f0 	bdnz    38a8 <_start+0x275c>
    38bc:	a8 03 00 48 	lha     r0,72(r3)
    38c0:	38 60 00 00 	li      r3,0
    38c4:	2f 80 00 00 	cmpwi   cr7,r0,0
    38c8:	41 9e ff 20 	beq     cr7,37e8 <_start+0x269c>
    38cc:	7d 03 43 78 	mr      r3,r8
    38d0:	48 00 f9 51 	bl      13220 <_start+0x120d4>
    38d4:	38 60 00 00 	li      r3,0
    38d8:	4b ff ff 10 	b       37e8 <_start+0x269c>
    38dc:	80 06 00 00 	lwz     r0,0(r6)
    38e0:	38 60 00 00 	li      r3,0
    38e4:	90 08 05 b0 	stw     r0,1456(r8)
    38e8:	80 01 00 44 	lwz     r0,68(r1)
    38ec:	38 21 00 40 	addi    r1,r1,64
    38f0:	7c 08 03 a6 	mtlr    r0
    38f4:	4e 80 00 20 	blr
    38f8:	c0 26 00 00 	lfs     f1,0(r6)
    38fc:	48 00 f7 c5 	bl      130c0 <_start+0x11f74>
    3900:	80 01 00 44 	lwz     r0,68(r1)
    3904:	38 60 00 00 	li      r3,0
    3908:	38 21 00 40 	addi    r1,r1,64
    390c:	7c 08 03 a6 	mtlr    r0
    3910:	4e 80 00 20 	blr
    3914:	a0 06 00 00 	lhz     r0,0(r6)
    3918:	3d 60 00 01 	lis     r11,1
    391c:	a1 26 00 02 	lhz     r9,2(r6)
    3920:	54 00 80 1e 	slwi    r0,r0,16
    3924:	c0 0b 64 bc 	lfs     f0,25788(r11)
    3928:	7d 20 03 78 	or      r0,r9,r0
    392c:	3d 20 00 01 	lis     r9,1
    3930:	90 01 00 38 	stw     r0,56(r1)
    3934:	c1 a1 00 38 	lfs     f13,56(r1)
    3938:	ec 00 03 72 	fmuls   f0,f0,f13
    393c:	c1 a9 64 c0 	lfs     f13,25792(r9)
    3940:	ff 80 68 00 	fcmpu   cr7,f0,f13
    3944:	4f dd f3 82 	cror    4*cr7+eq,4*cr7+gt,4*cr7+eq
    3948:	41 9e 00 ec 	beq     cr7,3a34 <_start+0x28e8>
    394c:	fc 00 00 1e 	fctiwz  f0,f0
    3950:	d8 01 00 08 	stfd    f0,8(r1)
    3954:	81 41 00 0c 	lwz     r10,12(r1)
    3958:	a0 06 00 04 	lhz     r0,4(r6)
    395c:	a0 e6 00 06 	lhz     r7,6(r6)
    3960:	54 00 80 1e 	slwi    r0,r0,16
    3964:	c0 0b 64 bc 	lfs     f0,25788(r11)
    3968:	7c e0 03 78 	or      r0,r7,r0
    396c:	55 47 80 1e 	slwi    r7,r10,16
    3970:	90 01 00 38 	stw     r0,56(r1)
    3974:	c1 a1 00 38 	lfs     f13,56(r1)
    3978:	ec 00 03 72 	fmuls   f0,f0,f13
    397c:	c1 a9 64 c0 	lfs     f13,25792(r9)
    3980:	ff 80 68 00 	fcmpu   cr7,f0,f13
    3984:	4f dd f3 82 	cror    4*cr7+eq,4*cr7+gt,4*cr7+eq
    3988:	41 9e 00 94 	beq     cr7,3a1c <_start+0x28d0>
    398c:	fc 00 00 1e 	fctiwz  f0,f0
    3990:	d8 01 00 18 	stfd    f0,24(r1)
    3994:	81 41 00 1c 	lwz     r10,28(r1)
    3998:	a0 06 00 08 	lhz     r0,8(r6)
    399c:	a0 c6 00 0a 	lhz     r6,10(r6)
    39a0:	54 00 80 1e 	slwi    r0,r0,16
    39a4:	c0 0b 64 bc 	lfs     f0,25788(r11)
    39a8:	7c c0 03 78 	or      r0,r6,r0
    39ac:	90 01 00 38 	stw     r0,56(r1)
    39b0:	55 40 40 2e 	slwi    r0,r10,8
    39b4:	7c ea 03 78 	or      r10,r7,r0
    39b8:	c1 a1 00 38 	lfs     f13,56(r1)
    39bc:	ec 00 03 72 	fmuls   f0,f0,f13
    39c0:	c1 a9 64 c0 	lfs     f13,25792(r9)
    39c4:	ff 80 68 00 	fcmpu   cr7,f0,f13
    39c8:	4f dd f3 82 	cror    4*cr7+eq,4*cr7+gt,4*cr7+eq
    39cc:	41 9e 00 38 	beq     cr7,3a04 <_start+0x28b8>
    39d0:	fc 00 00 1e 	fctiwz  f0,f0
    39d4:	d8 01 00 28 	stfd    f0,40(r1)
    39d8:	81 21 00 2c 	lwz     r9,44(r1)
    39dc:	7d 49 4b 78 	or      r9,r10,r9
    39e0:	91 28 05 90 	stw     r9,1424(r8)
    39e4:	48 01 17 5d 	bl      15140 <_start+0x13ff4>
    39e8:	80 01 00 44 	lwz     r0,68(r1)
    39ec:	38 60 00 00 	li      r3,0
    39f0:	38 21 00 40 	addi    r1,r1,64
    39f4:	7c 08 03 a6 	mtlr    r0
    39f8:	4e 80 00 20 	blr
    39fc:	39 00 00 00 	li      r8,0
    3a00:	4b ff fd dc 	b       37dc <_start+0x2690>
    3a04:	fc 00 68 28 	fsub    f0,f0,f13
    3a08:	fc 00 00 1e 	fctiwz  f0,f0
    3a0c:	d8 01 00 30 	stfd    f0,48(r1)
    3a10:	81 21 00 34 	lwz     r9,52(r1)
    3a14:	3d 29 80 00 	addis   r9,r9,-32768
    3a18:	4b ff ff c4 	b       39dc <_start+0x2890>
    3a1c:	fc 00 68 28 	fsub    f0,f0,f13
    3a20:	fc 00 00 1e 	fctiwz  f0,f0
    3a24:	d8 01 00 20 	stfd    f0,32(r1)
    3a28:	81 41 00 24 	lwz     r10,36(r1)
    3a2c:	3d 4a 80 00 	addis   r10,r10,-32768
    3a30:	4b ff ff 68 	b       3998 <_start+0x284c>
    3a34:	fc 00 68 28 	fsub    f0,f0,f13
    3a38:	fc 00 00 1e 	fctiwz  f0,f0
    3a3c:	d8 01 00 10 	stfd    f0,16(r1)
    3a40:	81 41 00 14 	lwz     r10,20(r1)
    3a44:	3d 4a 80 00 	addis   r10,r10,-32768
    3a48:	4b ff ff 10 	b       3958 <_start+0x280c>
    3a4c:	2c 04 00 00 	cmpwi   r4,0
    3a50:	94 21 ff f0 	stwu    r1,-16(r1)
    3a54:	7c 08 02 a6 	mflr    r0
    3a58:	93 c1 00 08 	stw     r30,8(r1)
    3a5c:	90 01 00 14 	stw     r0,20(r1)
    3a60:	93 e1 00 0c 	stw     r31,12(r1)
    3a64:	41 82 01 bc 	beq     3c20 <_start+0x2ad4>
    3a68:	3c 00 00 02 	lis     r0,2
    3a6c:	83 e4 00 00 	lwz     r31,0(r4)
    3a70:	7f 85 00 00 	cmpw    cr7,r5,r0
    3a74:	81 3f 07 bc 	lwz     r9,1980(r31)
    3a78:	61 29 04 00 	ori     r9,r9,1024
    3a7c:	91 3f 07 bc 	stw     r9,1980(r31)
    3a80:	41 9e 01 bc 	beq     cr7,3c3c <_start+0x2af0>
    3a84:	7f 85 00 40 	cmplw   cr7,r5,r0
    3a88:	40 9d 00 60 	ble     cr7,3ae8 <_start+0x299c>
    3a8c:	3c 00 02 00 	lis     r0,512
    3a90:	7f 85 00 00 	cmpw    cr7,r5,r0
    3a94:	41 9e 03 88 	beq     cr7,3e1c <_start+0x2cd0>
    3a98:	7f 85 00 40 	cmplw   cr7,r5,r0
    3a9c:	40 9d 00 c8 	ble     cr7,3b64 <_start+0x2a18>
    3aa0:	3c 00 10 00 	lis     r0,4096
    3aa4:	7f 85 00 00 	cmpw    cr7,r5,r0
    3aa8:	41 9e 01 c8 	beq     cr7,3c70 <_start+0x2b24>
    3aac:	7f 85 00 40 	cmplw   cr7,r5,r0
    3ab0:	40 9d 02 18 	ble     cr7,3cc8 <_start+0x2b7c>
    3ab4:	3c 00 40 00 	lis     r0,16384
    3ab8:	7f 85 00 00 	cmpw    cr7,r5,r0
    3abc:	41 9e 02 c4 	beq     cr7,3d80 <_start+0x2c34>
    3ac0:	3c 00 80 00 	lis     r0,-32768
    3ac4:	7f 85 00 00 	cmpw    cr7,r5,r0
    3ac8:	41 9e 02 90 	beq     cr7,3d58 <_start+0x2c0c>
    3acc:	38 60 ff ef 	li      r3,-17
    3ad0:	80 01 00 14 	lwz     r0,20(r1)
    3ad4:	83 c1 00 08 	lwz     r30,8(r1)
    3ad8:	7c 08 03 a6 	mtlr    r0
    3adc:	83 e1 00 0c 	lwz     r31,12(r1)
    3ae0:	38 21 00 10 	addi    r1,r1,16
    3ae4:	4e 80 00 20 	blr
    3ae8:	2f 85 08 00 	cmpwi   cr7,r5,2048
    3aec:	41 9e 03 04 	beq     cr7,3df0 <_start+0x2ca4>
    3af0:	2b 85 08 00 	cmplwi  cr7,r5,2048
    3af4:	40 9d 00 c0 	ble     cr7,3bb4 <_start+0x2a68>
    3af8:	2f 85 40 00 	cmpwi   cr7,r5,16384
    3afc:	41 9e 03 c0 	beq     cr7,3ebc <_start+0x2d70>
    3b00:	2b 85 40 00 	cmplwi  cr7,r5,16384
    3b04:	40 9d 01 88 	ble     cr7,3c8c <_start+0x2b40>
    3b08:	6c a0 ff ff 	xoris   r0,r5,65535
    3b0c:	2f 80 80 00 	cmpwi   cr7,r0,-32768
    3b10:	41 9e 03 f0 	beq     cr7,3f00 <_start+0x2db4>
    3b14:	3c 00 00 01 	lis     r0,1
    3b18:	7f 85 00 00 	cmpw    cr7,r5,r0
    3b1c:	40 9e ff b0 	bne     cr7,3acc <_start+0x2980>
    3b20:	2f 86 00 01 	cmpwi   cr7,r6,1
    3b24:	81 3f 00 18 	lwz     r9,24(r31)
    3b28:	80 09 00 8c 	lwz     r0,140(r9)
    3b2c:	54 00 02 0c 	rlwinm  r0,r0,0,8,6
    3b30:	41 9e 02 08 	beq     cr7,3d38 <_start+0x2bec>
    3b34:	90 09 00 8c 	stw     r0,140(r9)
    3b38:	81 3f 00 18 	lwz     r9,24(r31)
    3b3c:	38 60 00 00 	li      r3,0
    3b40:	80 09 00 0c 	lwz     r0,12(r9)
    3b44:	60 00 02 00 	ori     r0,r0,512
    3b48:	90 09 00 0c 	stw     r0,12(r9)
    3b4c:	80 01 00 14 	lwz     r0,20(r1)
    3b50:	83 c1 00 08 	lwz     r30,8(r1)
    3b54:	7c 08 03 a6 	mtlr    r0
    3b58:	83 e1 00 0c 	lwz     r31,12(r1)
    3b5c:	38 21 00 10 	addi    r1,r1,16
    3b60:	4e 80 00 20 	blr
    3b64:	3c 00 00 20 	lis     r0,32
    3b68:	7f 85 00 00 	cmpw    cr7,r5,r0
    3b6c:	41 9e 02 50 	beq     cr7,3dbc <_start+0x2c70>
    3b70:	7f 85 00 40 	cmplw   cr7,r5,r0
    3b74:	40 9d 01 8c 	ble     cr7,3d00 <_start+0x2bb4>
    3b78:	3c 00 00 40 	lis     r0,64
    3b7c:	7f 85 00 00 	cmpw    cr7,r5,r0
    3b80:	41 9e 02 c4 	beq     cr7,3e44 <_start+0x2cf8>
    3b84:	3c 00 00 80 	lis     r0,128
    3b88:	7f 85 00 00 	cmpw    cr7,r5,r0
    3b8c:	40 9e ff 40 	bne     cr7,3acc <_start+0x2980>
    3b90:	2f 86 00 01 	cmpwi   cr7,r6,1
    3b94:	81 3f 00 18 	lwz     r9,24(r31)
    3b98:	83 c9 00 8c 	lwz     r30,140(r9)
    3b9c:	41 9e 03 b0 	beq     cr7,3f4c <_start+0x2e00>
    3ba0:	57 de 02 d2 	rlwinm  r30,r30,0,11,9
    3ba4:	38 00 00 00 	li      r0,0
    3ba8:	90 1f 00 44 	stw     r0,68(r31)
    3bac:	93 c9 00 8c 	stw     r30,140(r9)
    3bb0:	4b ff ff 88 	b       3b38 <_start+0x29ec>
    3bb4:	2f 85 01 00 	cmpwi   cr7,r5,256
    3bb8:	41 9e 02 a8 	beq     cr7,3e60 <_start+0x2d14>
    3bbc:	2b 85 01 00 	cmplwi  cr7,r5,256
    3bc0:	40 9d 00 f8 	ble     cr7,3cb8 <_start+0x2b6c>
    3bc4:	2f 85 02 00 	cmpwi   cr7,r5,512
    3bc8:	41 9e 01 d8 	beq     cr7,3da0 <_start+0x2c54>
    3bcc:	2f 85 04 00 	cmpwi   cr7,r5,1024
    3bd0:	40 9e fe fc 	bne     cr7,3acc <_start+0x2980>
    3bd4:	2f 86 00 01 	cmpwi   cr7,r6,1
    3bd8:	81 3f 00 18 	lwz     r9,24(r31)
    3bdc:	83 c9 00 44 	lwz     r30,68(r9)
    3be0:	57 de 06 26 	rlwinm  r30,r30,0,24,19
    3be4:	41 9e 03 b4 	beq     cr7,3f98 <_start+0x2e4c>
    3be8:	38 00 00 00 	li      r0,0
    3bec:	90 1f 00 40 	stw     r0,64(r31)
    3bf0:	93 c9 00 44 	stw     r30,68(r9)
    3bf4:	81 3f 00 18 	lwz     r9,24(r31)
    3bf8:	38 60 00 00 	li      r3,0
    3bfc:	80 09 00 0c 	lwz     r0,12(r9)
    3c00:	60 00 00 08 	ori     r0,r0,8
    3c04:	90 09 00 0c 	stw     r0,12(r9)
    3c08:	80 01 00 14 	lwz     r0,20(r1)
    3c0c:	83 c1 00 08 	lwz     r30,8(r1)
    3c10:	7c 08 03 a6 	mtlr    r0
    3c14:	83 e1 00 0c 	lwz     r31,12(r1)
    3c18:	38 21 00 10 	addi    r1,r1,16
    3c1c:	4e 80 00 20 	blr
    3c20:	3c 00 00 02 	lis     r0,2
    3c24:	3b e0 00 00 	li      r31,0
    3c28:	7f 85 00 00 	cmpw    cr7,r5,r0
    3c2c:	81 3f 07 bc 	lwz     r9,1980(r31)
    3c30:	61 29 04 00 	ori     r9,r9,1024
    3c34:	91 3f 07 bc 	stw     r9,1980(r31)
    3c38:	40 9e fe 4c 	bne     cr7,3a84 <_start+0x2938>
    3c3c:	2f 86 00 01 	cmpwi   cr7,r6,1
    3c40:	81 3f 00 18 	lwz     r9,24(r31)
    3c44:	80 09 00 8c 	lwz     r0,140(r9)
    3c48:	54 00 01 ca 	rlwinm  r0,r0,0,7,5
    3c4c:	40 9e fe e8 	bne     cr7,3b34 <_start+0x29e8>
    3c50:	64 00 02 00 	oris    r0,r0,512
    3c54:	4b ff fe e0 	b       3b34 <_start+0x29e8>
    3c58:	7c 83 23 78 	mr      r3,r4
    3c5c:	80 84 00 78 	lwz     r4,120(r4)
    3c60:	80 a3 00 7c 	lwz     r5,124(r3)
    3c64:	80 c3 00 80 	lwz     r6,128(r3)
    3c68:	80 e3 00 84 	lwz     r7,132(r3)
    3c6c:	48 00 f3 f1 	bl      1305c <_start+0x11f10>
    3c70:	38 60 00 00 	li      r3,0
    3c74:	80 01 00 14 	lwz     r0,20(r1)
    3c78:	83 c1 00 08 	lwz     r30,8(r1)
    3c7c:	7c 08 03 a6 	mtlr    r0
    3c80:	83 e1 00 0c 	lwz     r31,12(r1)
    3c84:	38 21 00 10 	addi    r1,r1,16
    3c88:	4e 80 00 20 	blr
    3c8c:	2f 85 10 00 	cmpwi   cr7,r5,4096
    3c90:	41 9e 01 ec 	beq     cr7,3e7c <_start+0x2d30>
    3c94:	2f 85 20 00 	cmpwi   cr7,r5,8192
    3c98:	40 9e fe 34 	bne     cr7,3acc <_start+0x2980>
    3c9c:	2f 86 00 01 	cmpwi   cr7,r6,1
    3ca0:	81 3f 00 18 	lwz     r9,24(r31)
    3ca4:	81 69 00 34 	lwz     r11,52(r9)
    3ca8:	55 60 00 3c 	clrrwi  r0,r11,1
    3cac:	41 9e 00 a0 	beq     cr7,3d4c <_start+0x2c00>
    3cb0:	90 09 00 34 	stw     r0,52(r9)
    3cb4:	4b ff ff 40 	b       3bf4 <_start+0x2aa8>
    3cb8:	2f 85 00 10 	cmpwi   cr7,r5,16
    3cbc:	41 be ff b4 	beq     cr7,3c70 <_start+0x2b24>
    3cc0:	38 60 ff ef 	li      r3,-17
    3cc4:	4b ff fe 0c 	b       3ad0 <_start+0x2984>
    3cc8:	3c 00 04 00 	lis     r0,1024
    3ccc:	7f 85 00 00 	cmpw    cr7,r5,r0
    3cd0:	41 be ff a0 	beq     cr7,3c70 <_start+0x2b24>
    3cd4:	3c 00 08 00 	lis     r0,2048
    3cd8:	7f 85 00 00 	cmpw    cr7,r5,r0
    3cdc:	40 9e fd f0 	bne     cr7,3acc <_start+0x2980>
    3ce0:	81 3f 00 18 	lwz     r9,24(r31)
    3ce4:	2f 86 00 01 	cmpwi   cr7,r6,1
    3ce8:	81 69 00 44 	lwz     r11,68(r9)
    3cec:	55 6b 07 f4 	rlwinm  r11,r11,0,31,26
    3cf0:	61 60 00 1e 	ori     r0,r11,30
    3cf4:	41 9e 00 4c 	beq     cr7,3d40 <_start+0x2bf4>
    3cf8:	90 09 00 44 	stw     r0,68(r9)
    3cfc:	4b ff fe f8 	b       3bf4 <_start+0x2aa8>
    3d00:	3c 00 00 08 	lis     r0,8
    3d04:	7f 85 00 00 	cmpw    cr7,r5,r0
    3d08:	41 9e 01 d8 	beq     cr7,3ee0 <_start+0x2d94>
    3d0c:	3c 00 00 10 	lis     r0,16
    3d10:	7f 85 00 00 	cmpw    cr7,r5,r0
    3d14:	40 9e fd b8 	bne     cr7,3acc <_start+0x2980>
    3d18:	2f 86 00 01 	cmpwi   cr7,r6,1
    3d1c:	41 9e 02 0c 	beq     cr7,3f28 <_start+0x2ddc>
    3d20:	81 3f 00 18 	lwz     r9,24(r31)
    3d24:	38 60 00 00 	li      r3,0
    3d28:	80 09 00 34 	lwz     r0,52(r9)
    3d2c:	54 00 06 b0 	rlwinm  r0,r0,0,26,24
    3d30:	90 09 00 34 	stw     r0,52(r9)
    3d34:	4b ff ff 40 	b       3c74 <_start+0x2b28>
    3d38:	64 00 01 00 	oris    r0,r0,256
    3d3c:	4b ff fd f8 	b       3b34 <_start+0x29e8>
    3d40:	61 60 00 18 	ori     r0,r11,24
    3d44:	90 09 00 44 	stw     r0,68(r9)
    3d48:	4b ff fe ac 	b       3bf4 <_start+0x2aa8>
    3d4c:	61 60 00 01 	ori     r0,r11,1
    3d50:	90 09 00 34 	stw     r0,52(r9)
    3d54:	4b ff fe a0 	b       3bf4 <_start+0x2aa8>
    3d58:	2f 86 00 01 	cmpwi   cr7,r6,1
    3d5c:	81 3f 00 18 	lwz     r9,24(r31)
    3d60:	81 69 00 48 	lwz     r11,72(r9)
    3d64:	55 60 00 3c 	clrrwi  r0,r11,1
    3d68:	41 9e 00 0c 	beq     cr7,3d74 <_start+0x2c28>
    3d6c:	90 09 00 48 	stw     r0,72(r9)
    3d70:	4b ff fe 84 	b       3bf4 <_start+0x2aa8>
    3d74:	61 60 00 01 	ori     r0,r11,1
    3d78:	90 09 00 48 	stw     r0,72(r9)
    3d7c:	4b ff fe 78 	b       3bf4 <_start+0x2aa8>
    3d80:	2f 86 00 01 	cmpwi   cr7,r6,1
    3d84:	81 3f 00 18 	lwz     r9,24(r31)
    3d88:	81 69 00 48 	lwz     r11,72(r9)
    3d8c:	55 60 07 b8 	rlwinm  r0,r11,0,30,28
    3d90:	40 9e ff dc 	bne     cr7,3d6c <_start+0x2c20>
    3d94:	61 60 00 04 	ori     r0,r11,4
    3d98:	90 09 00 48 	stw     r0,72(r9)
    3d9c:	4b ff fe 58 	b       3bf4 <_start+0x2aa8>
    3da0:	2f 86 00 01 	cmpwi   cr7,r6,1
    3da4:	81 3f 00 18 	lwz     r9,24(r31)
    3da8:	80 09 00 48 	lwz     r0,72(r9)
    3dac:	41 9e 01 70 	beq     cr7,3f1c <_start+0x2dd0>
    3db0:	54 00 07 76 	rlwinm  r0,r0,0,29,27
    3db4:	90 09 00 48 	stw     r0,72(r9)
    3db8:	4b ff fe 3c 	b       3bf4 <_start+0x2aa8>
    3dbc:	2f 86 00 01 	cmpwi   cr7,r6,1
    3dc0:	81 3f 00 18 	lwz     r9,24(r31)
    3dc4:	81 69 00 34 	lwz     r11,52(r9)
    3dc8:	41 9e 00 10 	beq     cr7,3dd8 <_start+0x2c8c>
    3dcc:	55 60 06 6e 	rlwinm  r0,r11,0,25,23
    3dd0:	90 09 00 34 	stw     r0,52(r9)
    3dd4:	4b ff fe 20 	b       3bf4 <_start+0x2aa8>
    3dd8:	a9 44 00 46 	lha     r10,70(r4)
    3ddc:	61 60 00 80 	ori     r0,r11,128
    3de0:	2f 8a 00 00 	cmpwi   cr7,r10,0
    3de4:	40 be fe cc 	bne     cr7,3cb0 <_start+0x2b64>
    3de8:	55 60 06 6e 	rlwinm  r0,r11,0,25,23
    3dec:	4b ff ff e4 	b       3dd0 <_start+0x2c84>
    3df0:	a8 04 00 44 	lha     r0,68(r4)
    3df4:	81 3f 00 18 	lwz     r9,24(r31)
    3df8:	2f 80 00 00 	cmpwi   cr7,r0,0
    3dfc:	81 69 00 34 	lwz     r11,52(r9)
    3e00:	41 9e 00 10 	beq     cr7,3e10 <_start+0x2cc4>
    3e04:	2f 86 00 01 	cmpwi   cr7,r6,1
    3e08:	61 60 01 00 	ori     r0,r11,256
    3e0c:	41 be fe a4 	beq     cr7,3cb0 <_start+0x2b64>
    3e10:	55 60 06 2c 	rlwinm  r0,r11,0,24,22
    3e14:	90 09 00 34 	stw     r0,52(r9)
    3e18:	4b ff fd dc 	b       3bf4 <_start+0x2aa8>
    3e1c:	2f 86 00 01 	cmpwi   cr7,r6,1
    3e20:	41 be fe 38 	beq     cr7,3c58 <_start+0x2b0c>
    3e24:	80 c4 00 34 	lwz     r6,52(r4)
    3e28:	7c 83 23 78 	mr      r3,r4
    3e2c:	38 a0 00 00 	li      r5,0
    3e30:	80 e4 00 38 	lwz     r7,56(r4)
    3e34:	38 80 00 00 	li      r4,0
    3e38:	48 00 f2 25 	bl      1305c <_start+0x11f10>
    3e3c:	38 60 00 00 	li      r3,0
    3e40:	4b ff fe 34 	b       3c74 <_start+0x2b28>
    3e44:	2f 86 00 01 	cmpwi   cr7,r6,1
    3e48:	81 3f 00 18 	lwz     r9,24(r31)
    3e4c:	81 69 00 8c 	lwz     r11,140(r9)
    3e50:	55 60 02 4e 	rlwinm  r0,r11,0,9,7
    3e54:	40 9e fc e0 	bne     cr7,3b34 <_start+0x29e8>
    3e58:	65 60 00 80 	oris    r0,r11,128
    3e5c:	4b ff fc d8 	b       3b34 <_start+0x29e8>
    3e60:	2f 86 00 01 	cmpwi   cr7,r6,1
    3e64:	81 3f 00 18 	lwz     r9,24(r31)
    3e68:	80 09 00 8c 	lwz     r0,140(r9)
    3e6c:	54 00 07 2a 	rlwinm  r0,r0,0,28,21
    3e70:	40 9e fc c4 	bne     cr7,3b34 <_start+0x29e8>
    3e74:	60 00 00 10 	ori     r0,r0,16
    3e78:	4b ff fc bc 	b       3b34 <_start+0x29e8>
    3e7c:	a8 04 00 44 	lha     r0,68(r4)
    3e80:	81 3f 00 18 	lwz     r9,24(r31)
    3e84:	2f 80 00 00 	cmpwi   cr7,r0,0
    3e88:	81 69 00 2c 	lwz     r11,44(r9)
    3e8c:	41 9e 00 10 	beq     cr7,3e9c <_start+0x2d50>
    3e90:	2f 86 00 01 	cmpwi   cr7,r6,1
    3e94:	65 60 40 00 	oris    r0,r11,16384
    3e98:	41 9e 00 08 	beq     cr7,3ea0 <_start+0x2d54>
    3e9c:	55 60 00 80 	rlwinm  r0,r11,0,2,0
    3ea0:	90 09 00 2c 	stw     r0,44(r9)
    3ea4:	38 60 00 00 	li      r3,0
    3ea8:	81 3f 00 18 	lwz     r9,24(r31)
    3eac:	80 09 00 0c 	lwz     r0,12(r9)
    3eb0:	60 00 00 04 	ori     r0,r0,4
    3eb4:	90 09 00 0c 	stw     r0,12(r9)
    3eb8:	4b ff fd bc 	b       3c74 <_start+0x2b28>
    3ebc:	2f 86 00 01 	cmpwi   cr7,r6,1
    3ec0:	81 3f 00 18 	lwz     r9,24(r31)
    3ec4:	83 c9 00 8c 	lwz     r30,140(r9)
    3ec8:	41 9e 00 a8 	beq     cr7,3f70 <_start+0x2e24>
    3ecc:	38 00 00 00 	li      r0,0
    3ed0:	57 de 02 90 	rlwinm  r30,r30,0,10,8
    3ed4:	90 1f 00 48 	stw     r0,72(r31)
    3ed8:	93 c9 00 8c 	stw     r30,140(r9)
    3edc:	4b ff fc 5c 	b       3b38 <_start+0x29ec>
    3ee0:	2f 86 00 01 	cmpwi   cr7,r6,1
    3ee4:	81 3f 00 18 	lwz     r9,24(r31)
    3ee8:	81 69 00 34 	lwz     r11,52(r9)
    3eec:	55 60 07 b8 	rlwinm  r0,r11,0,30,28
    3ef0:	40 9e fd c0 	bne     cr7,3cb0 <_start+0x2b64>
    3ef4:	61 60 00 04 	ori     r0,r11,4
    3ef8:	90 09 00 34 	stw     r0,52(r9)
    3efc:	4b ff fc f8 	b       3bf4 <_start+0x2aa8>
    3f00:	2f 86 00 01 	cmpwi   cr7,r6,1
    3f04:	81 3f 00 18 	lwz     r9,24(r31)
    3f08:	80 09 00 48 	lwz     r0,72(r9)
    3f0c:	41 9e 00 34 	beq     cr7,3f40 <_start+0x2df4>
    3f10:	54 00 06 f2 	rlwinm  r0,r0,0,27,25
    3f14:	90 09 00 48 	stw     r0,72(r9)
    3f18:	4b ff fc dc 	b       3bf4 <_start+0x2aa8>
    3f1c:	60 00 00 08 	ori     r0,r0,8
    3f20:	90 09 00 48 	stw     r0,72(r9)
    3f24:	4b ff fc d0 	b       3bf4 <_start+0x2aa8>
    3f28:	81 3f 00 18 	lwz     r9,24(r31)
    3f2c:	38 60 00 00 	li      r3,0
    3f30:	80 09 00 34 	lwz     r0,52(r9)
    3f34:	60 00 00 40 	ori     r0,r0,64
    3f38:	90 09 00 34 	stw     r0,52(r9)
    3f3c:	4b ff fd 38 	b       3c74 <_start+0x2b28>
    3f40:	60 00 00 20 	ori     r0,r0,32
    3f44:	90 09 00 48 	stw     r0,72(r9)
    3f48:	4b ff fc ac 	b       3bf4 <_start+0x2aa8>
    3f4c:	80 64 02 84 	lwz     r3,644(r4)
    3f50:	67 de 00 20 	oris    r30,r30,32
    3f54:	54 64 00 be 	clrlwi  r4,r3,2
    3f58:	54 63 00 02 	clrrwi  r3,r3,30
    3f5c:	48 00 4e 39 	bl      8d94 <_start+0x7c48>
    3f60:	81 3f 00 18 	lwz     r9,24(r31)
    3f64:	90 7f 00 44 	stw     r3,68(r31)
    3f68:	93 c9 00 8c 	stw     r30,140(r9)
    3f6c:	4b ff fb cc 	b       3b38 <_start+0x29ec>
    3f70:	80 04 02 8c 	lwz     r0,652(r4)
    3f74:	67 de 00 40 	oris    r30,r30,64
    3f78:	80 64 02 90 	lwz     r3,656(r4)
    3f7c:	31 20 ff ff 	addic   r9,r0,-1
    3f80:	7c 89 01 10 	subfe   r4,r9,r0
    3f84:	48 00 4f 0d 	bl      8e90 <_start+0x7d44>
    3f88:	81 3f 00 18 	lwz     r9,24(r31)
    3f8c:	90 7f 00 48 	stw     r3,72(r31)
    3f90:	93 c9 00 8c 	stw     r30,140(r9)
    3f94:	4b ff fb a4 	b       3b38 <_start+0x29ec>
    3f98:	80 64 02 6c 	lwz     r3,620(r4)
    3f9c:	63 de 0a 00 	ori     r30,r30,2560
    3fa0:	54 64 00 be 	clrlwi  r4,r3,2
    3fa4:	54 63 00 02 	clrrwi  r3,r3,30
    3fa8:	48 00 4d ed 	bl      8d94 <_start+0x7c48>
    3fac:	81 3f 00 18 	lwz     r9,24(r31)
    3fb0:	90 7f 00 40 	stw     r3,64(r31)
    3fb4:	4b ff fc 3c 	b       3bf0 <_start+0x2aa4>
    3fb8:	94 21 ff f0 	stwu    r1,-16(r1)
    3fbc:	7c 08 02 a6 	mflr    r0
    3fc0:	7c 83 23 78 	mr      r3,r4
    3fc4:	90 01 00 14 	stw     r0,20(r1)
    3fc8:	80 84 00 78 	lwz     r4,120(r4)
    3fcc:	80 a3 00 7c 	lwz     r5,124(r3)
    3fd0:	80 c3 00 80 	lwz     r6,128(r3)
    3fd4:	80 e3 00 84 	lwz     r7,132(r3)
    3fd8:	48 00 f0 85 	bl      1305c <_start+0x11f10>
    3fdc:	80 01 00 14 	lwz     r0,20(r1)
    3fe0:	38 21 00 10 	addi    r1,r1,16
    3fe4:	7c 08 03 a6 	mtlr    r0
    3fe8:	4e 80 00 20 	blr
    3fec:	94 21 ff d0 	stwu    r1,-48(r1)
    3ff0:	7c 08 02 a6 	mflr    r0
    3ff4:	93 81 00 20 	stw     r28,32(r1)
    3ff8:	7c 7c 1b 79 	mr.     r28,r3
    3ffc:	90 01 00 34 	stw     r0,52(r1)
    4000:	93 a1 00 24 	stw     r29,36(r1)
    4004:	93 c1 00 28 	stw     r30,40(r1)
    4008:	93 e1 00 2c 	stw     r31,44(r1)
    400c:	41 82 01 30 	beq     413c <_start+0x2ff0>
    4010:	83 fc 00 00 	lwz     r31,0(r28)
    4014:	7c 24 0b 78 	mr      r4,r1
    4018:	38 00 00 00 	li      r0,0
    401c:	b4 04 00 08 	sthu    r0,8(r4)
    4020:	81 3c 00 2c 	lwz     r9,44(r28)
    4024:	81 7c 00 30 	lwz     r11,48(r28)
    4028:	80 1c 00 a8 	lwz     r0,168(r28)
    402c:	7d 6b 49 d6 	mullw   r11,r11,r9
    4030:	81 3f 00 18 	lwz     r9,24(r31)
    4034:	7d 60 5a 14 	add     r11,r0,r11
    4038:	80 1c 00 34 	lwz     r0,52(r28)
    403c:	91 69 00 38 	stw     r11,56(r9)
    4040:	64 00 00 08 	oris    r0,r0,8
    4044:	81 3f 00 18 	lwz     r9,24(r31)
    4048:	81 69 00 0c 	lwz     r11,12(r9)
    404c:	61 6b 00 08 	ori     r11,r11,8
    4050:	91 69 00 0c 	stw     r11,12(r9)
    4054:	81 3f 00 18 	lwz     r9,24(r31)
    4058:	90 09 00 40 	stw     r0,64(r9)
    405c:	81 3f 00 18 	lwz     r9,24(r31)
    4060:	80 09 00 0c 	lwz     r0,12(r9)
    4064:	60 00 00 08 	ori     r0,r0,8
    4068:	90 09 00 0c 	stw     r0,12(r9)
    406c:	81 3f 00 18 	lwz     r9,24(r31)
    4070:	80 7c 00 28 	lwz     r3,40(r28)
    4074:	83 a9 00 34 	lwz     r29,52(r9)
    4078:	48 00 ee 85 	bl      12efc <_start+0x11db0>
    407c:	80 1c 00 1c 	lwz     r0,28(r28)
    4080:	7c 7e 1b 78 	mr      r30,r3
    4084:	74 09 02 00 	andis.  r9,r0,512
    4088:	40 82 00 5c 	bne     40e4 <_start+0x2f98>
    408c:	80 dc 00 34 	lwz     r6,52(r28)
    4090:	7f 83 e3 78 	mr      r3,r28
    4094:	38 80 00 00 	li      r4,0
    4098:	80 fc 00 38 	lwz     r7,56(r28)
    409c:	38 a0 00 00 	li      r5,0
    40a0:	57 bd 05 a2 	rlwinm  r29,r29,0,22,17
    40a4:	7f de eb 78 	or      r30,r30,r29
    40a8:	48 00 ef b5 	bl      1305c <_start+0x11f10>
    40ac:	81 3f 00 18 	lwz     r9,24(r31)
    40b0:	93 c9 00 34 	stw     r30,52(r9)
    40b4:	81 3f 00 18 	lwz     r9,24(r31)
    40b8:	80 09 00 0c 	lwz     r0,12(r9)
    40bc:	60 00 00 08 	ori     r0,r0,8
    40c0:	90 09 00 0c 	stw     r0,12(r9)
    40c4:	80 01 00 34 	lwz     r0,52(r1)
    40c8:	83 81 00 20 	lwz     r28,32(r1)
    40cc:	7c 08 03 a6 	mtlr    r0
    40d0:	83 a1 00 24 	lwz     r29,36(r1)
    40d4:	83 c1 00 28 	lwz     r30,40(r1)
    40d8:	83 e1 00 2c 	lwz     r31,44(r1)
    40dc:	38 21 00 30 	addi    r1,r1,48
    40e0:	4e 80 00 20 	blr
    40e4:	80 9c 00 78 	lwz     r4,120(r28)
    40e8:	7f 83 e3 78 	mr      r3,r28
    40ec:	57 bd 05 a2 	rlwinm  r29,r29,0,22,17
    40f0:	80 bc 00 7c 	lwz     r5,124(r28)
    40f4:	7f de eb 78 	or      r30,r30,r29
    40f8:	80 dc 00 80 	lwz     r6,128(r28)
    40fc:	80 fc 00 84 	lwz     r7,132(r28)
    4100:	48 00 ef 5d 	bl      1305c <_start+0x11f10>
    4104:	81 3f 00 18 	lwz     r9,24(r31)
    4108:	93 c9 00 34 	stw     r30,52(r9)
    410c:	81 3f 00 18 	lwz     r9,24(r31)
    4110:	80 09 00 0c 	lwz     r0,12(r9)
    4114:	60 00 00 08 	ori     r0,r0,8
    4118:	90 09 00 0c 	stw     r0,12(r9)
    411c:	80 01 00 34 	lwz     r0,52(r1)
    4120:	83 81 00 20 	lwz     r28,32(r1)
    4124:	7c 08 03 a6 	mtlr    r0
    4128:	83 a1 00 24 	lwz     r29,36(r1)
    412c:	83 c1 00 28 	lwz     r30,40(r1)
    4130:	83 e1 00 2c 	lwz     r31,44(r1)
    4134:	38 21 00 30 	addi    r1,r1,48
    4138:	4e 80 00 20 	blr
    413c:	3b e0 00 00 	li      r31,0
    4140:	4b ff fe d4 	b       4014 <_start+0x2ec8>
    4144:	94 21 ff d0 	stwu    r1,-48(r1)
    4148:	7c 08 02 a6 	mflr    r0
    414c:	93 81 00 20 	stw     r28,32(r1)
    4150:	7c 9c 23 78 	mr      r28,r4
    4154:	90 01 00 34 	stw     r0,52(r1)
    4158:	93 a1 00 24 	stw     r29,36(r1)
    415c:	93 c1 00 28 	stw     r30,40(r1)
    4160:	93 e1 00 2c 	stw     r31,44(r1)
    4164:	a8 04 00 48 	lha     r0,72(r4)
    4168:	2f 80 00 00 	cmpwi   cr7,r0,0
    416c:	40 9e 00 24 	bne     cr7,4190 <_start+0x3044>
    4170:	80 01 00 34 	lwz     r0,52(r1)
    4174:	83 81 00 20 	lwz     r28,32(r1)
    4178:	7c 08 03 a6 	mtlr    r0
    417c:	83 a1 00 24 	lwz     r29,36(r1)
    4180:	83 c1 00 28 	lwz     r30,40(r1)
    4184:	83 e1 00 2c 	lwz     r31,44(r1)
    4188:	38 21 00 30 	addi    r1,r1,48
    418c:	4e 80 00 20 	blr
    4190:	7c 24 0b 78 	mr      r4,r1
    4194:	38 00 00 00 	li      r0,0
    4198:	b4 04 00 08 	sthu    r0,8(r4)
    419c:	80 1c 00 2c 	lwz     r0,44(r28)
    41a0:	81 7c 00 30 	lwz     r11,48(r28)
    41a4:	83 fc 00 00 	lwz     r31,0(r28)
    41a8:	7d 6b 01 d6 	mullw   r11,r11,r0
    41ac:	80 1c 00 a8 	lwz     r0,168(r28)
    41b0:	81 3f 00 18 	lwz     r9,24(r31)
    41b4:	7d 60 5a 14 	add     r11,r0,r11
    41b8:	80 1c 00 34 	lwz     r0,52(r28)
    41bc:	91 69 00 38 	stw     r11,56(r9)
    41c0:	64 00 00 08 	oris    r0,r0,8
    41c4:	81 3f 00 18 	lwz     r9,24(r31)
    41c8:	81 69 00 0c 	lwz     r11,12(r9)
    41cc:	61 6b 00 08 	ori     r11,r11,8
    41d0:	91 69 00 0c 	stw     r11,12(r9)
    41d4:	81 3f 00 18 	lwz     r9,24(r31)
    41d8:	90 09 00 40 	stw     r0,64(r9)
    41dc:	81 3f 00 18 	lwz     r9,24(r31)
    41e0:	80 09 00 0c 	lwz     r0,12(r9)
    41e4:	60 00 00 08 	ori     r0,r0,8
    41e8:	90 09 00 0c 	stw     r0,12(r9)
    41ec:	81 3f 00 18 	lwz     r9,24(r31)
    41f0:	80 7c 00 28 	lwz     r3,40(r28)
    41f4:	83 a9 00 34 	lwz     r29,52(r9)
    41f8:	48 00 ed 05 	bl      12efc <_start+0x11db0>
    41fc:	80 1c 00 1c 	lwz     r0,28(r28)
    4200:	7c 7e 1b 78 	mr      r30,r3
    4204:	74 09 02 00 	andis.  r9,r0,512
    4208:	40 82 00 5c 	bne     4264 <_start+0x3118>
    420c:	80 dc 00 34 	lwz     r6,52(r28)
    4210:	7f 83 e3 78 	mr      r3,r28
    4214:	38 80 00 00 	li      r4,0
    4218:	80 fc 00 38 	lwz     r7,56(r28)
    421c:	38 a0 00 00 	li      r5,0
    4220:	48 00 ee 3d 	bl      1305c <_start+0x11f10>
    4224:	81 3f 00 18 	lwz     r9,24(r31)
    4228:	57 bd 05 a2 	rlwinm  r29,r29,0,22,17
    422c:	7f de eb 78 	or      r30,r30,r29
    4230:	93 c9 00 34 	stw     r30,52(r9)
    4234:	81 3f 00 18 	lwz     r9,24(r31)
    4238:	80 09 00 0c 	lwz     r0,12(r9)
    423c:	60 00 00 08 	ori     r0,r0,8
    4240:	90 09 00 0c 	stw     r0,12(r9)
    4244:	80 01 00 34 	lwz     r0,52(r1)
    4248:	83 81 00 20 	lwz     r28,32(r1)
    424c:	7c 08 03 a6 	mtlr    r0
    4250:	83 a1 00 24 	lwz     r29,36(r1)
    4254:	83 c1 00 28 	lwz     r30,40(r1)
    4258:	83 e1 00 2c 	lwz     r31,44(r1)
    425c:	38 21 00 30 	addi    r1,r1,48
    4260:	4e 80 00 20 	blr
    4264:	80 9c 00 78 	lwz     r4,120(r28)
    4268:	7f 83 e3 78 	mr      r3,r28
    426c:	80 bc 00 7c 	lwz     r5,124(r28)
    4270:	80 dc 00 80 	lwz     r6,128(r28)
    4274:	80 fc 00 84 	lwz     r7,132(r28)
    4278:	48 00 ed e5 	bl      1305c <_start+0x11f10>
    427c:	4b ff ff a8 	b       4224 <_start+0x30d8>
    4280:	7c 08 02 a6 	mflr    r0
    4284:	94 21 ff f0 	stwu    r1,-16(r1)
    4288:	90 01 00 14 	stw     r0,20(r1)
    428c:	48 00 eb d9 	bl      12e64 <_start+0x11d18>
    4290:	48 00 f4 b5 	bl      13744 <_start+0x125f8>
    4294:	3d 20 00 02 	lis     r9,2
    4298:	38 00 00 00 	li      r0,0
    429c:	81 69 03 70 	lwz     r11,880(r9)
    42a0:	81 6b 00 10 	lwz     r11,16(r11)
    42a4:	90 0b 0b 08 	stw     r0,2824(r11)
    42a8:	7c 00 04 ac 	hwsync
    42ac:	7c 00 06 ac 	eieio
    42b0:	81 69 03 70 	lwz     r11,880(r9)
    42b4:	81 6b 00 10 	lwz     r11,16(r11)
    42b8:	90 0b 0b 04 	stw     r0,2820(r11)
    42bc:	7c 00 04 ac 	hwsync
    42c0:	7c 00 06 ac 	eieio
    42c4:	81 29 03 70 	lwz     r9,880(r9)
    42c8:	81 29 00 10 	lwz     r9,16(r9)
    42cc:	90 09 0b 0c 	stw     r0,2828(r9)
    42d0:	7c 00 04 ac 	hwsync
    42d4:	7c 00 06 ac 	eieio
    42d8:	80 01 00 14 	lwz     r0,20(r1)
    42dc:	38 21 00 10 	addi    r1,r1,16
    42e0:	7c 08 03 a6 	mtlr    r0
    42e4:	4e 80 00 20 	blr
    42e8:	94 21 ff f0 	stwu    r1,-16(r1)
    42ec:	7c 08 02 a6 	mflr    r0
    42f0:	93 e1 00 0c 	stw     r31,12(r1)
    42f4:	7c 9f 23 79 	mr.     r31,r4
    42f8:	90 01 00 14 	stw     r0,20(r1)
    42fc:	93 c1 00 08 	stw     r30,8(r1)
    4300:	41 82 00 c8 	beq     43c8 <_start+0x327c>
    4304:	83 df 00 00 	lwz     r30,0(r31)
    4308:	48 00 f4 3d 	bl      13744 <_start+0x125f8>
    430c:	7c 00 04 ac 	hwsync
    4310:	7c 00 06 ac 	eieio
    4314:	3d 20 00 02 	lis     r9,2
    4318:	81 69 03 70 	lwz     r11,880(r9)
    431c:	81 6b 00 10 	lwz     r11,16(r11)
    4320:	80 0b 21 40 	lwz     r0,8512(r11)
    4324:	60 00 01 00 	ori     r0,r0,256
    4328:	90 0b 21 40 	stw     r0,8512(r11)
    432c:	7c 00 04 ac 	hwsync
    4330:	7c 00 06 ac 	eieio
    4334:	3c 00 00 24 	lis     r0,36
    4338:	81 69 03 70 	lwz     r11,880(r9)
    433c:	81 6b 00 10 	lwz     r11,16(r11)
    4340:	90 0b 20 80 	stw     r0,8320(r11)
    4344:	7c 00 04 ac 	hwsync
    4348:	7c 00 06 ac 	eieio
    434c:	38 00 00 00 	li      r0,0
    4350:	81 69 03 70 	lwz     r11,880(r9)
    4354:	81 6b 00 10 	lwz     r11,16(r11)
    4358:	90 0b 1d 60 	stw     r0,7520(r11)
    435c:	7c 00 04 ac 	hwsync
    4360:	7c 00 06 ac 	eieio
    4364:	81 69 03 70 	lwz     r11,880(r9)
    4368:	81 6b 00 10 	lwz     r11,16(r11)
    436c:	90 0b 20 90 	stw     r0,8336(r11)
    4370:	7c 00 04 ac 	hwsync
    4374:	7c 00 06 ac 	eieio
    4378:	81 29 03 70 	lwz     r9,880(r9)
    437c:	81 29 00 10 	lwz     r9,16(r9)
    4380:	90 09 20 94 	stw     r0,8340(r9)
    4384:	7c 00 04 ac 	hwsync
    4388:	7c 00 06 ac 	eieio
    438c:	7f e3 fb 78 	mr      r3,r31
    4390:	4b ff fc 5d 	bl      3fec <_start+0x2ea0>
    4394:	7f e3 fb 78 	mr      r3,r31
    4398:	48 00 1c b9 	bl      6050 <_start+0x4f04>
    439c:	7f c3 f3 78 	mr      r3,r30
    43a0:	48 00 ee 81 	bl      13220 <_start+0x120d4>
    43a4:	7f c3 f3 78 	mr      r3,r30
    43a8:	48 00 ed b9 	bl      13160 <_start+0x12014>
    43ac:	80 01 00 14 	lwz     r0,20(r1)
    43b0:	38 60 00 00 	li      r3,0
    43b4:	83 c1 00 08 	lwz     r30,8(r1)
    43b8:	7c 08 03 a6 	mtlr    r0
    43bc:	83 e1 00 0c 	lwz     r31,12(r1)
    43c0:	38 21 00 10 	addi    r1,r1,16
    43c4:	4e 80 00 20 	blr
    43c8:	3b c0 00 00 	li      r30,0
    43cc:	4b ff ff 3c 	b       4308 <_start+0x31bc>
    43d0:	94 21 ff f0 	stwu    r1,-16(r1)
    43d4:	7c 08 02 a6 	mflr    r0
    43d8:	90 01 00 14 	stw     r0,20(r1)
    43dc:	48 00 ee 41 	bl      1321c <_start+0x120d0>
    43e0:	48 00 f3 65 	bl      13744 <_start+0x125f8>
    43e4:	80 01 00 14 	lwz     r0,20(r1)
    43e8:	38 21 00 10 	addi    r1,r1,16
    43ec:	7c 08 03 a6 	mtlr    r0
    43f0:	4e 80 00 20 	blr
    43f4:	94 21 ff f0 	stwu    r1,-16(r1)
    43f8:	7c 08 02 a6 	mflr    r0
    43fc:	90 01 00 14 	stw     r0,20(r1)
    4400:	48 00 ea d1 	bl      12ed0 <_start+0x11d84>
    4404:	80 01 00 14 	lwz     r0,20(r1)
    4408:	68 63 00 01 	xori    r3,r3,1
    440c:	38 21 00 10 	addi    r1,r1,16
    4410:	7c 63 00 34 	cntlzw  r3,r3
    4414:	7c 08 03 a6 	mtlr    r0
    4418:	54 63 d9 7e 	srwi    r3,r3,5
    441c:	38 63 ff ff 	addi    r3,r3,-1
    4420:	4e 80 00 20 	blr
    4424:	7c 69 1b 78 	mr      r9,r3
    4428:	80 63 00 14 	lwz     r3,20(r3)
    442c:	38 63 00 01 	addi    r3,r3,1
    4430:	90 69 00 14 	stw     r3,20(r9)
    4434:	4e 80 00 20 	blr
    4438:	7c 69 1b 78 	mr      r9,r3
    443c:	80 63 00 14 	lwz     r3,20(r3)
    4440:	38 63 ff ff 	addi    r3,r3,-1
    4444:	90 69 00 14 	stw     r3,20(r9)
    4448:	4e 80 00 20 	blr
    444c:	2c 04 00 00 	cmpwi   r4,0
    4450:	94 21 ff f0 	stwu    r1,-16(r1)
    4454:	7c 08 02 a6 	mflr    r0
    4458:	7c 69 1b 78 	mr      r9,r3
    445c:	90 01 00 14 	stw     r0,20(r1)
    4460:	93 c1 00 08 	stw     r30,8(r1)
    4464:	93 e1 00 0c 	stw     r31,12(r1)
    4468:	41 82 00 80 	beq     44e8 <_start+0x339c>
    446c:	83 e4 00 00 	lwz     r31,0(r4)
    4470:	a8 04 00 44 	lha     r0,68(r4)
    4474:	2f 80 00 00 	cmpwi   cr7,r0,0
    4478:	40 9e 00 5c 	bne     cr7,44d4 <_start+0x3388>
    447c:	2f 9f 00 00 	cmpwi   cr7,r31,0
    4480:	41 9e 00 3c 	beq     cr7,44bc <_start+0x3370>
    4484:	3f c0 00 02 	lis     r30,2
    4488:	7f e4 fb 78 	mr      r4,r31
    448c:	81 3e 03 48 	lwz     r9,840(r30)
    4490:	38 a0 07 c4 	li      r5,1988
    4494:	80 09 02 90 	lwz     r0,656(r9)
    4498:	7d 23 4b 78 	mr      r3,r9
    449c:	7c 09 03 a6 	mtctr   r0
    44a0:	4e 80 04 21 	bctrl
    44a4:	81 3e 03 48 	lwz     r9,840(r30)
    44a8:	7f e4 fb 78 	mr      r4,r31
    44ac:	80 09 00 ac 	lwz     r0,172(r9)
    44b0:	7d 23 4b 78 	mr      r3,r9
    44b4:	7c 09 03 a6 	mtctr   r0
    44b8:	4e 80 04 21 	bctrl
    44bc:	80 01 00 14 	lwz     r0,20(r1)
    44c0:	83 c1 00 08 	lwz     r30,8(r1)
    44c4:	7c 08 03 a6 	mtlr    r0
    44c8:	83 e1 00 0c 	lwz     r31,12(r1)
    44cc:	38 21 00 10 	addi    r1,r1,16
    44d0:	4e 80 00 20 	blr
    44d4:	80 09 00 90 	lwz     r0,144(r9)
    44d8:	7d 23 4b 78 	mr      r3,r9
    44dc:	7c 09 03 a6 	mtctr   r0
    44e0:	4e 80 04 21 	bctrl
    44e4:	4b ff ff 98 	b       447c <_start+0x3330>
    44e8:	3b e0 00 00 	li      r31,0
    44ec:	4b ff ff 84 	b       4470 <_start+0x3324>
    44f0:	2f 84 00 00 	cmpwi   cr7,r4,0
    44f4:	94 21 ff f0 	stwu    r1,-16(r1)
    44f8:	7c 08 02 a6 	mflr    r0
    44fc:	3d 20 00 02 	lis     r9,2
    4500:	90 a9 03 68 	stw     r5,872(r9)
    4504:	3d 20 00 02 	lis     r9,2
    4508:	90 89 03 54 	stw     r4,852(r9)
    450c:	90 01 00 14 	stw     r0,20(r1)
    4510:	41 9e 00 50 	beq     cr7,4560 <_start+0x3414>
    4514:	3d 20 00 02 	lis     r9,2
    4518:	3c a0 00 01 	lis     r5,1
    451c:	81 29 03 48 	lwz     r9,840(r9)
    4520:	38 a5 63 30 	addi    r5,r5,25392
    4524:	38 c0 00 01 	li      r6,1
    4528:	38 e0 00 00 	li      r7,0
    452c:	80 09 01 c0 	lwz     r0,448(r9)
    4530:	7d 23 4b 78 	mr      r3,r9
    4534:	7c 09 03 a6 	mtctr   r0
    4538:	4e 80 04 21 	bctrl
    453c:	3d 20 00 02 	lis     r9,2
    4540:	2f 83 00 00 	cmpwi   cr7,r3,0
    4544:	90 69 03 40 	stw     r3,832(r9)
    4548:	38 60 00 0a 	li      r3,10
    454c:	41 9e 00 14 	beq     cr7,4560 <_start+0x3414>
    4550:	80 01 00 14 	lwz     r0,20(r1)
    4554:	38 21 00 10 	addi    r1,r1,16
    4558:	7c 08 03 a6 	mtlr    r0
    455c:	4e 80 00 20 	blr
    4560:	80 01 00 14 	lwz     r0,20(r1)
    4564:	38 60 00 01 	li      r3,1
    4568:	38 21 00 10 	addi    r1,r1,16
    456c:	7c 08 03 a6 	mtlr    r0
    4570:	4e 80 00 20 	blr
    4574:	2f 04 00 00 	cmpwi   cr6,r4,0
    4578:	41 9a 00 44 	beq     cr6,45bc <_start+0x3470>
    457c:	81 64 00 00 	lwz     r11,0(r4)
    4580:	2b 85 00 af 	cmplwi  cr7,r5,175
    4584:	40 9d 00 0c 	ble     cr7,4590 <_start+0x3444>
    4588:	38 60 00 05 	li      r3,5
    458c:	4e 80 00 20 	blr
    4590:	3d 20 00 01 	lis     r9,1
    4594:	54 a5 10 3a 	slwi    r5,r5,2
    4598:	39 29 64 c4 	addi    r9,r9,25796
    459c:	7c 09 28 2e 	lwzx    r0,r9,r5
    45a0:	7d 20 4a 14 	add     r9,r0,r9
    45a4:	7d 29 03 a6 	mtctr   r9
    45a8:	4e 80 04 20 	bctr
    45ac:	38 60 08 00 	li      r3,2048
    45b0:	4e 80 00 20 	blr
    45b4:	38 60 00 7e 	li      r3,126
    45b8:	4e 80 00 20 	blr
    45bc:	70 c0 48 aa 	andi.   r0,r6,18602
    45c0:	39 60 00 00 	li      r11,0
    45c4:	40 82 ff bc 	bne     4580 <_start+0x3434>
    45c8:	4b ff ff c0 	b       4588 <_start+0x343c>
    45cc:	2f 8b 00 00 	cmpwi   cr7,r11,0
    45d0:	41 9e 00 5c 	beq     cr7,462c <_start+0x34e0>
    45d4:	80 6b 00 0c 	lwz     r3,12(r11)
    45d8:	54 63 d9 7e 	srwi    r3,r3,5
    45dc:	38 63 00 01 	addi    r3,r3,1
    45e0:	4e 80 00 20 	blr
    45e4:	38 60 01 fe 	li      r3,510
    45e8:	4e 80 00 20 	blr
    45ec:	41 9a 00 38 	beq     cr6,4624 <_start+0x34d8>
    45f0:	2f 8b 00 00 	cmpwi   cr7,r11,0
    45f4:	41 9e 00 30 	beq     cr7,4624 <_start+0x34d8>
    45f8:	a8 04 00 44 	lha     r0,68(r4)
    45fc:	2f 80 00 00 	cmpwi   cr7,r0,0
    4600:	41 9e 00 24 	beq     cr7,4624 <_start+0x34d8>
    4604:	80 0b 07 bc 	lwz     r0,1980(r11)
    4608:	70 09 20 00 	andi.   r9,r0,8192
    460c:	7c 60 00 26 	mfcr    r3
    4610:	54 63 1f fe 	rlwinm  r3,r3,3,31,31
    4614:	54 63 08 3c 	slwi    r3,r3,1
    4618:	4e 80 00 20 	blr
    461c:	38 60 00 03 	li      r3,3
    4620:	4e 80 00 20 	blr
    4624:	38 60 ff e9 	li      r3,-23
    4628:	4e 80 00 20 	blr
    462c:	3d 20 00 02 	lis     r9,2
    4630:	80 69 01 a8 	lwz     r3,424(r9)
    4634:	4b ff ff a4 	b       45d8 <_start+0x348c>
    4638:	38 60 00 05 	li      r3,5
    463c:	4e 80 00 20 	blr
    4640:	2f 84 00 00 	cmpwi   cr7,r4,0
    4644:	41 9e 00 24 	beq     cr7,4668 <_start+0x351c>
    4648:	38 a5 ff ff 	addi    r5,r5,-1
    464c:	2b 85 00 0a 	cmplwi  cr7,r5,10
    4650:	41 9d 00 20 	bgt     cr7,4670 <_start+0x3524>
    4654:	3d 20 00 01 	lis     r9,1
    4658:	54 a5 10 3a 	slwi    r5,r5,2
    465c:	39 29 67 84 	addi    r9,r9,26500
    4660:	7c 69 28 2e 	lwzx    r3,r9,r5
    4664:	4e 80 00 20 	blr
    4668:	70 c0 48 aa 	andi.   r0,r6,18602
    466c:	40 82 ff dc 	bne     4648 <_start+0x34fc>
    4670:	38 60 00 02 	li      r3,2
    4674:	4e 80 00 20 	blr
    4678:	38 60 48 aa 	li      r3,18602
    467c:	4e 80 00 20 	blr
    4680:	3c 60 00 01 	lis     r3,1
    4684:	38 63 67 b4 	addi    r3,r3,26548
    4688:	4e 80 00 20 	blr
    468c:	94 21 ff f0 	stwu    r1,-16(r1)
    4690:	7c 08 02 a6 	mflr    r0
    4694:	3c 60 00 02 	lis     r3,2
    4698:	38 63 01 9c 	addi    r3,r3,412
    469c:	90 01 00 14 	stw     r0,20(r1)
    46a0:	4b ff c5 81 	bl      c20 <_start-0x52c>
    46a4:	48 00 57 a1 	bl      9e44 <_start+0x8cf8>
    46a8:	80 01 00 14 	lwz     r0,20(r1)
    46ac:	38 21 00 10 	addi    r1,r1,16
    46b0:	7c 08 03 a6 	mtlr    r0
    46b4:	4e 80 00 20 	blr
    46b8:	94 21 ff a0 	stwu    r1,-96(r1)
    46bc:	3d 20 80 00 	lis     r9,-32768
    46c0:	7c 08 02 a6 	mflr    r0
    46c4:	61 29 00 01 	ori     r9,r9,1
    46c8:	91 21 00 08 	stw     r9,8(r1)
    46cc:	39 20 10 00 	li      r9,4096
    46d0:	91 21 00 0c 	stw     r9,12(r1)
    46d4:	3d 20 80 00 	lis     r9,-32768
    46d8:	61 29 00 03 	ori     r9,r9,3
    46dc:	90 01 00 64 	stw     r0,100(r1)
    46e0:	38 00 00 01 	li      r0,1
    46e4:	91 21 00 10 	stw     r9,16(r1)
    46e8:	3d 20 80 00 	lis     r9,-32768
    46ec:	61 29 00 06 	ori     r9,r9,6
    46f0:	93 c1 00 58 	stw     r30,88(r1)
    46f4:	3b c0 00 00 	li      r30,0
    46f8:	91 21 00 18 	stw     r9,24(r1)
    46fc:	3d 20 80 00 	lis     r9,-32768
    4700:	61 29 00 08 	ori     r9,r9,8
    4704:	93 61 00 4c 	stw     r27,76(r1)
    4708:	7c 7b 1b 78 	mr      r27,r3
    470c:	93 81 00 50 	stw     r28,80(r1)
    4710:	7c 9c 23 78 	mr      r28,r4
    4714:	38 80 07 c4 	li      r4,1988
    4718:	93 a1 00 54 	stw     r29,84(r1)
    471c:	3f a0 00 02 	lis     r29,2
    4720:	93 e1 00 5c 	stw     r31,92(r1)
    4724:	91 21 00 20 	stw     r9,32(r1)
    4728:	93 41 00 48 	stw     r26,72(r1)
    472c:	90 01 00 24 	stw     r0,36(r1)
    4730:	90 01 00 14 	stw     r0,20(r1)
    4734:	93 c1 00 1c 	stw     r30,28(r1)
    4738:	93 c1 00 28 	stw     r30,40(r1)
    473c:	81 3d 03 48 	lwz     r9,840(r29)
    4740:	80 09 03 a8 	lwz     r0,936(r9)
    4744:	7d 23 4b 78 	mr      r3,r9
    4748:	7c 09 03 a6 	mtctr   r0
    474c:	4e 80 04 21 	bctrl
    4750:	7c 7f 1b 79 	mr.     r31,r3
    4754:	38 60 ff fd 	li      r3,-3
    4758:	41 82 03 e4 	beq     4b3c <_start+0x39f0>
    475c:	93 df 07 bc 	stw     r30,1980(r31)
    4760:	3c 80 00 02 	lis     r4,2
    4764:	7f e5 fb 78 	mr      r5,r31
    4768:	38 84 01 9c 	addi    r4,r4,412
    476c:	38 c0 00 18 	li      r6,24
    4770:	81 3d 03 48 	lwz     r9,840(r29)
    4774:	80 09 00 7c 	lwz     r0,124(r9)
    4778:	7d 23 4b 78 	mr      r3,r9
    477c:	7c 09 03 a6 	mtctr   r0
    4780:	4e 80 04 21 	bctrl
    4784:	7f e3 fb 78 	mr      r3,r31
    4788:	4b ff c4 09 	bl      b90 <_start-0x5bc>
    478c:	80 1f 00 00 	lwz     r0,0(r31)
    4790:	70 09 00 40 	andi.   r9,r0,64
    4794:	40 82 03 d0 	bne     4b64 <_start+0x3a18>
    4798:	39 60 48 aa 	li      r11,18602
    479c:	38 00 08 00 	li      r0,2048
    47a0:	93 fc 00 00 	stw     r31,0(r28)
    47a4:	91 7c 00 24 	stw     r11,36(r28)
    47a8:	39 20 00 00 	li      r9,0
    47ac:	39 60 00 04 	li      r11,4
    47b0:	91 7c 00 08 	stw     r11,8(r28)
    47b4:	3d 60 00 02 	lis     r11,2
    47b8:	3b c0 00 00 	li      r30,0
    47bc:	b1 3c 00 48 	sth     r9,72(r28)
    47c0:	3b 40 00 01 	li      r26,1
    47c4:	b1 3c 00 44 	sth     r9,68(r28)
    47c8:	b1 3c 00 46 	sth     r9,70(r28)
    47cc:	3d 20 00 02 	lis     r9,2
    47d0:	90 1c 00 74 	stw     r0,116(r28)
    47d4:	90 1c 00 68 	stw     r0,104(r28)
    47d8:	90 1c 00 6c 	stw     r0,108(r28)
    47dc:	90 1c 00 70 	stw     r0,112(r28)
    47e0:	80 1f 07 bc 	lwz     r0,1980(r31)
    47e4:	60 00 04 00 	ori     r0,r0,1024
    47e8:	90 1f 07 bc 	stw     r0,1980(r31)
    47ec:	81 29 03 74 	lwz     r9,884(r9)
    47f0:	80 6b 03 70 	lwz     r3,880(r11)
    47f4:	80 09 00 34 	lwz     r0,52(r9)
    47f8:	7c 09 03 a6 	mtctr   r0
    47fc:	4e 80 04 21 	bctrl
    4800:	3c 00 ff ff 	lis     r0,-1
    4804:	7f 84 e3 78 	mr      r4,r28
    4808:	90 7f 00 18 	stw     r3,24(r31)
    480c:	38 a0 00 00 	li      r5,0
    4810:	38 c1 00 30 	addi    r6,r1,48
    4814:	90 03 00 e8 	stw     r0,232(r3)
    4818:	38 00 ff ff 	li      r0,-1
    481c:	7f 63 db 78 	mr      r3,r27
    4820:	81 3f 00 18 	lwz     r9,24(r31)
    4824:	81 69 00 0c 	lwz     r11,12(r9)
    4828:	65 6b 00 20 	oris    r11,r11,32
    482c:	91 69 00 0c 	stw     r11,12(r9)
    4830:	81 7f 07 bc 	lwz     r11,1980(r31)
    4834:	81 3f 00 18 	lwz     r9,24(r31)
    4838:	55 6b 90 1a 	slwi    r11,r11,18
    483c:	7d 6b fe 70 	srawi   r11,r11,31
    4840:	55 6b 00 3c 	clrrwi  r11,r11,1
    4844:	3d 6b 20 00 	addis   r11,r11,8192
    4848:	39 6b 70 72 	addi    r11,r11,28786
    484c:	91 69 00 2c 	stw     r11,44(r9)
    4850:	81 3f 00 18 	lwz     r9,24(r31)
    4854:	81 69 00 0c 	lwz     r11,12(r9)
    4858:	61 6b 00 04 	ori     r11,r11,4
    485c:	91 69 00 0c 	stw     r11,12(r9)
    4860:	3d 60 27 26 	lis     r11,10022
    4864:	81 3f 00 18 	lwz     r9,24(r31)
    4868:	91 69 00 24 	stw     r11,36(r9)
    486c:	81 3f 00 18 	lwz     r9,24(r31)
    4870:	81 69 00 0c 	lwz     r11,12(r9)
    4874:	61 6b 00 02 	ori     r11,r11,2
    4878:	91 69 00 0c 	stw     r11,12(r9)
    487c:	81 3f 00 18 	lwz     r9,24(r31)
    4880:	81 7f 00 08 	lwz     r11,8(r31)
    4884:	91 69 00 34 	stw     r11,52(r9)
    4888:	81 3f 00 18 	lwz     r9,24(r31)
    488c:	81 69 00 0c 	lwz     r11,12(r9)
    4890:	61 6b 00 08 	ori     r11,r11,8
    4894:	91 69 00 0c 	stw     r11,12(r9)
    4898:	81 7f 00 04 	lwz     r11,4(r31)
    489c:	81 3f 00 18 	lwz     r9,24(r31)
    48a0:	65 6b 00 10 	oris    r11,r11,16
    48a4:	61 6b a2 3e 	ori     r11,r11,41534
    48a8:	91 69 00 44 	stw     r11,68(r9)
    48ac:	81 3f 00 18 	lwz     r9,24(r31)
    48b0:	81 69 00 0c 	lwz     r11,12(r9)
    48b4:	61 6b 00 08 	ori     r11,r11,8
    48b8:	91 69 00 0c 	stw     r11,12(r9)
    48bc:	81 3f 00 18 	lwz     r9,24(r31)
    48c0:	90 09 00 50 	stw     r0,80(r9)
    48c4:	81 3f 00 18 	lwz     r9,24(r31)
    48c8:	81 69 00 0c 	lwz     r11,12(r9)
    48cc:	61 6b 00 10 	ori     r11,r11,16
    48d0:	91 69 00 0c 	stw     r11,12(r9)
    48d4:	3d 60 00 01 	lis     r11,1
    48d8:	61 6b 07 00 	ori     r11,r11,1792
    48dc:	81 3f 00 18 	lwz     r9,24(r31)
    48e0:	91 69 00 18 	stw     r11,24(r9)
    48e4:	81 3f 00 18 	lwz     r9,24(r31)
    48e8:	81 69 00 0c 	lwz     r11,12(r9)
    48ec:	61 6b 00 02 	ori     r11,r11,2
    48f0:	91 69 00 0c 	stw     r11,12(r9)
    48f4:	81 3f 00 18 	lwz     r9,24(r31)
    48f8:	90 09 00 20 	stw     r0,32(r9)
    48fc:	81 3f 00 18 	lwz     r9,24(r31)
    4900:	81 69 00 0c 	lwz     r11,12(r9)
    4904:	61 6b 00 02 	ori     r11,r11,2
    4908:	91 69 00 0c 	stw     r11,12(r9)
    490c:	81 3f 00 18 	lwz     r9,24(r31)
    4910:	93 c9 00 64 	stw     r30,100(r9)
    4914:	81 3f 00 18 	lwz     r9,24(r31)
    4918:	81 69 00 0c 	lwz     r11,12(r9)
    491c:	61 6b 00 40 	ori     r11,r11,64
    4920:	91 69 00 0c 	stw     r11,12(r9)
    4924:	81 3f 00 18 	lwz     r9,24(r31)
    4928:	93 c9 00 3c 	stw     r30,60(r9)
    492c:	81 3f 00 18 	lwz     r9,24(r31)
    4930:	81 69 00 0c 	lwz     r11,12(r9)
    4934:	61 6b 00 08 	ori     r11,r11,8
    4938:	91 69 00 0c 	stw     r11,12(r9)
    493c:	81 3f 00 18 	lwz     r9,24(r31)
    4940:	93 c9 00 1c 	stw     r30,28(r9)
    4944:	81 3f 00 18 	lwz     r9,24(r31)
    4948:	81 69 00 0c 	lwz     r11,12(r9)
    494c:	61 6b 00 02 	ori     r11,r11,2
    4950:	91 69 00 0c 	stw     r11,12(r9)
    4954:	81 3f 00 18 	lwz     r9,24(r31)
    4958:	93 c9 00 24 	stw     r30,36(r9)
    495c:	81 3f 00 18 	lwz     r9,24(r31)
    4960:	81 69 00 0c 	lwz     r11,12(r9)
    4964:	61 6b 00 02 	ori     r11,r11,2
    4968:	91 69 00 0c 	stw     r11,12(r9)
    496c:	3d 60 05 55 	lis     r11,1365
    4970:	61 6b 00 0a 	ori     r11,r11,10
    4974:	81 3f 00 18 	lwz     r9,24(r31)
    4978:	91 69 00 48 	stw     r11,72(r9)
    497c:	81 3f 00 18 	lwz     r9,24(r31)
    4980:	81 69 00 0c 	lwz     r11,12(r9)
    4984:	61 6b 00 08 	ori     r11,r11,8
    4988:	91 69 00 0c 	stw     r11,12(r9)
    498c:	3d 60 00 01 	lis     r11,1
    4990:	81 3f 00 18 	lwz     r9,24(r31)
    4994:	91 69 00 d8 	stw     r11,216(r9)
    4998:	3d 60 00 01 	lis     r11,1
    499c:	81 3f 00 18 	lwz     r9,24(r31)
    49a0:	83 ab 67 b0 	lwz     r29,26544(r11)
    49a4:	81 69 00 0c 	lwz     r11,12(r9)
    49a8:	65 6b 00 08 	oris    r11,r11,8
    49ac:	91 69 00 0c 	stw     r11,12(r9)
    49b0:	39 60 03 00 	li      r11,768
    49b4:	81 3f 00 18 	lwz     r9,24(r31)
    49b8:	91 69 00 bc 	stw     r11,188(r9)
    49bc:	81 3f 00 18 	lwz     r9,24(r31)
    49c0:	81 69 00 0c 	lwz     r11,12(r9)
    49c4:	65 6b 00 01 	oris    r11,r11,1
    49c8:	91 69 00 0c 	stw     r11,12(r9)
    49cc:	b0 01 00 30 	sth     r0,48(r1)
    49d0:	93 41 00 34 	stw     r26,52(r1)
    49d4:	93 a1 00 38 	stw     r29,56(r1)
    49d8:	93 a1 00 3c 	stw     r29,60(r1)
    49dc:	80 1b 01 80 	lwz     r0,384(r27)
    49e0:	7c 09 03 a6 	mtctr   r0
    49e4:	4e 80 04 21 	bctrl
    49e8:	80 1b 01 80 	lwz     r0,384(r27)
    49ec:	7f 84 e3 78 	mr      r4,r28
    49f0:	38 a0 00 01 	li      r5,1
    49f4:	38 c1 00 34 	addi    r6,r1,52
    49f8:	7f 63 db 78 	mr      r3,r27
    49fc:	7c 09 03 a6 	mtctr   r0
    4a00:	4e 80 04 21 	bctrl
    4a04:	80 1b 01 80 	lwz     r0,384(r27)
    4a08:	7f 84 e3 78 	mr      r4,r28
    4a0c:	38 a0 00 03 	li      r5,3
    4a10:	38 c1 00 3c 	addi    r6,r1,60
    4a14:	7f 63 db 78 	mr      r3,r27
    4a18:	7c 09 03 a6 	mtctr   r0
    4a1c:	4e 80 04 21 	bctrl
    4a20:	80 1b 01 80 	lwz     r0,384(r27)
    4a24:	7f 84 e3 78 	mr      r4,r28
    4a28:	38 a0 00 04 	li      r5,4
    4a2c:	38 c1 00 38 	addi    r6,r1,56
    4a30:	7f 63 db 78 	mr      r3,r27
    4a34:	7c 09 03 a6 	mtctr   r0
    4a38:	4e 80 04 21 	bctrl
    4a3c:	80 1f 07 bc 	lwz     r0,1980(r31)
    4a40:	39 20 00 00 	li      r9,0
    4a44:	7f 83 e3 78 	mr      r3,r28
    4a48:	91 3f 05 84 	stw     r9,1412(r31)
    4a4c:	54 00 06 2c 	rlwinm  r0,r0,0,24,22
    4a50:	93 5f 00 d0 	stw     r26,208(r31)
    4a54:	90 1f 07 bc 	stw     r0,1980(r31)
    4a58:	38 00 00 03 	li      r0,3
    4a5c:	90 1f 00 84 	stw     r0,132(r31)
    4a60:	38 00 00 09 	li      r0,9
    4a64:	90 1f 00 9c 	stw     r0,156(r31)
    4a68:	38 00 00 0c 	li      r0,12
    4a6c:	90 1f 00 a0 	stw     r0,160(r31)
    4a70:	38 00 00 0f 	li      r0,15
    4a74:	90 1f 00 a4 	stw     r0,164(r31)
    4a78:	38 00 00 0a 	li      r0,10
    4a7c:	90 1f 00 cc 	stw     r0,204(r31)
    4a80:	38 00 00 0d 	li      r0,13
    4a84:	90 1f 00 e8 	stw     r0,232(r31)
    4a88:	38 00 00 10 	li      r0,16
    4a8c:	90 1f 00 ec 	stw     r0,236(r31)
    4a90:	93 bf 05 80 	stw     r29,1408(r31)
    4a94:	93 bf 05 88 	stw     r29,1416(r31)
    4a98:	93 df 05 90 	stw     r30,1424(r31)
    4a9c:	93 5f 05 8c 	stw     r26,1420(r31)
    4aa0:	93 df 07 18 	stw     r30,1816(r31)
    4aa4:	93 df 07 1c 	stw     r30,1820(r31)
    4aa8:	93 5f 00 54 	stw     r26,84(r31)
    4aac:	93 df 00 5c 	stw     r30,92(r31)
    4ab0:	93 df 00 58 	stw     r30,88(r31)
    4ab4:	93 5f 00 6c 	stw     r26,108(r31)
    4ab8:	93 df 00 74 	stw     r30,116(r31)
    4abc:	93 df 00 70 	stw     r30,112(r31)
    4ac0:	93 df 00 8c 	stw     r30,140(r31)
    4ac4:	93 df 00 88 	stw     r30,136(r31)
    4ac8:	93 5f 00 d4 	stw     r26,212(r31)
    4acc:	93 df 01 1c 	stw     r30,284(r31)
    4ad0:	93 df 01 18 	stw     r30,280(r31)
    4ad4:	93 df 01 14 	stw     r30,276(r31)
    4ad8:	93 df 01 34 	stw     r30,308(r31)
    4adc:	93 df 01 30 	stw     r30,304(r31)
    4ae0:	93 df 01 2c 	stw     r30,300(r31)
    4ae4:	48 00 5b ad 	bl      a690 <_start+0x9544>
    4ae8:	80 1f 07 bc 	lwz     r0,1980(r31)
    4aec:	38 60 00 00 	li      r3,0
    4af0:	93 df 05 94 	stw     r30,1428(r31)
    4af4:	60 00 00 3f 	ori     r0,r0,63
    4af8:	93 bf 05 e0 	stw     r29,1504(r31)
    4afc:	90 1f 07 bc 	stw     r0,1980(r31)
    4b00:	93 df 00 3c 	stw     r30,60(r31)
    4b04:	93 df 00 40 	stw     r30,64(r31)
    4b08:	93 df 00 44 	stw     r30,68(r31)
    4b0c:	93 df 00 48 	stw     r30,72(r31)
    4b10:	93 bf 05 b4 	stw     r29,1460(r31)
    4b14:	93 bf 05 cc 	stw     r29,1484(r31)
    4b18:	93 bf 05 b8 	stw     r29,1464(r31)
    4b1c:	93 bf 05 d0 	stw     r29,1488(r31)
    4b20:	93 bf 05 bc 	stw     r29,1468(r31)
    4b24:	93 bf 05 d4 	stw     r29,1492(r31)
    4b28:	93 bf 05 c0 	stw     r29,1472(r31)
    4b2c:	93 bf 05 d8 	stw     r29,1496(r31)
    4b30:	93 bf 05 c4 	stw     r29,1476(r31)
    4b34:	93 bf 05 dc 	stw     r29,1500(r31)
    4b38:	93 bf 05 c8 	stw     r29,1480(r31)
    4b3c:	80 01 00 64 	lwz     r0,100(r1)
    4b40:	83 41 00 48 	lwz     r26,72(r1)
    4b44:	7c 08 03 a6 	mtlr    r0
    4b48:	83 61 00 4c 	lwz     r27,76(r1)
    4b4c:	83 81 00 50 	lwz     r28,80(r1)
    4b50:	83 a1 00 54 	lwz     r29,84(r1)
    4b54:	83 c1 00 58 	lwz     r30,88(r1)
    4b58:	83 e1 00 5c 	lwz     r31,92(r1)
    4b5c:	38 21 00 60 	addi    r1,r1,96
    4b60:	4e 80 00 20 	blr
    4b64:	80 1f 07 bc 	lwz     r0,1980(r31)
    4b68:	60 00 20 00 	ori     r0,r0,8192
    4b6c:	90 1f 07 bc 	stw     r0,1980(r31)
    4b70:	4b ff fc 28 	b       4798 <_start+0x364c>
    4b74:	94 21 ff f0 	stwu    r1,-16(r1)
    4b78:	7c 08 02 a6 	mflr    r0
    4b7c:	90 01 00 14 	stw     r0,20(r1)
    4b80:	4b ff bf d9 	bl      b58 <_start-0x5f4>
    4b84:	48 00 2a bd 	bl      7640 <_start+0x64f4>
    4b88:	3d 20 00 02 	lis     r9,2
    4b8c:	80 89 03 4c 	lwz     r4,844(r9)
    4b90:	2f 84 00 00 	cmpwi   cr7,r4,0
    4b94:	41 9e 00 1c 	beq     cr7,4bb0 <_start+0x3a64>
    4b98:	3d 20 00 02 	lis     r9,2
    4b9c:	81 29 03 48 	lwz     r9,840(r9)
    4ba0:	80 09 01 c8 	lwz     r0,456(r9)
    4ba4:	7d 23 4b 78 	mr      r3,r9
    4ba8:	7c 09 03 a6 	mtctr   r0
    4bac:	4e 80 04 21 	bctrl
    4bb0:	3d 20 00 02 	lis     r9,2
    4bb4:	80 89 03 6c 	lwz     r4,876(r9)
    4bb8:	2f 84 00 00 	cmpwi   cr7,r4,0
    4bbc:	41 9e 00 1c 	beq     cr7,4bd8 <_start+0x3a8c>
    4bc0:	3d 20 00 02 	lis     r9,2
    4bc4:	81 29 03 48 	lwz     r9,840(r9)
    4bc8:	80 09 01 ac 	lwz     r0,428(r9)
    4bcc:	7d 23 4b 78 	mr      r3,r9
    4bd0:	7c 09 03 a6 	mtctr   r0
    4bd4:	4e 80 04 21 	bctrl
    4bd8:	80 01 00 14 	lwz     r0,20(r1)
    4bdc:	38 21 00 10 	addi    r1,r1,16
    4be0:	7c 08 03 a6 	mtlr    r0
    4be4:	4e 80 00 20 	blr
    4be8:	94 21 ff e0 	stwu    r1,-32(r1)
    4bec:	7c 08 02 a6 	mflr    r0
    4bf0:	3c 80 00 01 	lis     r4,1
    4bf4:	38 a0 00 32 	li      r5,50
    4bf8:	38 84 67 c0 	addi    r4,r4,26560
    4bfc:	93 c1 00 18 	stw     r30,24(r1)
    4c00:	3f c0 00 02 	lis     r30,2
    4c04:	93 e1 00 1c 	stw     r31,28(r1)
    4c08:	3f e0 00 02 	lis     r31,2
    4c0c:	90 01 00 24 	stw     r0,36(r1)
    4c10:	93 a1 00 14 	stw     r29,20(r1)
    4c14:	81 3f 03 48 	lwz     r9,840(r31)
    4c18:	80 09 01 a8 	lwz     r0,424(r9)
    4c1c:	7d 23 4b 78 	mr      r3,r9
    4c20:	7c 09 03 a6 	mtctr   r0
    4c24:	4e 80 04 21 	bctrl
    4c28:	2f 83 00 00 	cmpwi   cr7,r3,0
    4c2c:	7c 64 1b 78 	mr      r4,r3
    4c30:	90 7e 03 6c 	stw     r3,876(r30)
    4c34:	38 60 00 00 	li      r3,0
    4c38:	41 9e 00 40 	beq     cr7,4c78 <_start+0x3b2c>
    4c3c:	81 3f 03 48 	lwz     r9,840(r31)
    4c40:	3c a0 00 01 	lis     r5,1
    4c44:	38 c0 00 01 	li      r6,1
    4c48:	38 a5 63 30 	addi    r5,r5,25392
    4c4c:	38 e0 00 00 	li      r7,0
    4c50:	80 09 01 c0 	lwz     r0,448(r9)
    4c54:	7d 23 4b 78 	mr      r3,r9
    4c58:	7c 09 03 a6 	mtctr   r0
    4c5c:	4e 80 04 21 	bctrl
    4c60:	3d 20 00 02 	lis     r9,2
    4c64:	2f 83 00 00 	cmpwi   cr7,r3,0
    4c68:	7c 7d 1b 78 	mr      r29,r3
    4c6c:	90 69 03 4c 	stw     r3,844(r9)
    4c70:	41 9e 00 24 	beq     cr7,4c94 <_start+0x3b48>
    4c74:	48 00 29 19 	bl      758c <_start+0x6440>
    4c78:	80 01 00 24 	lwz     r0,36(r1)
    4c7c:	83 a1 00 14 	lwz     r29,20(r1)
    4c80:	7c 08 03 a6 	mtlr    r0
    4c84:	83 c1 00 18 	lwz     r30,24(r1)
    4c88:	83 e1 00 1c 	lwz     r31,28(r1)
    4c8c:	38 21 00 20 	addi    r1,r1,32
    4c90:	4e 80 00 20 	blr
    4c94:	81 3f 03 48 	lwz     r9,840(r31)
    4c98:	80 9e 03 6c 	lwz     r4,876(r30)
    4c9c:	80 09 01 ac 	lwz     r0,428(r9)
    4ca0:	7d 23 4b 78 	mr      r3,r9
    4ca4:	7c 09 03 a6 	mtctr   r0
    4ca8:	4e 80 04 21 	bctrl
    4cac:	93 be 03 6c 	stw     r29,876(r30)
    4cb0:	38 60 00 00 	li      r3,0
    4cb4:	4b ff ff c4 	b       4c78 <_start+0x3b2c>
    4cb8:	94 21 ff f0 	stwu    r1,-16(r1)
    4cbc:	7c 08 02 a6 	mflr    r0
    4cc0:	7c 69 1b 78 	mr      r9,r3
    4cc4:	93 e1 00 0c 	stw     r31,12(r1)
    4cc8:	7c 9f 23 79 	mr.     r31,r4
    4ccc:	90 01 00 14 	stw     r0,20(r1)
    4cd0:	41 82 00 7c 	beq     4d4c <_start+0x3c00>
    4cd4:	81 7f 00 00 	lwz     r11,0(r31)
    4cd8:	80 0b 07 bc 	lwz     r0,1980(r11)
    4cdc:	38 60 ff e6 	li      r3,-26
    4ce0:	70 0b 20 00 	andi.   r11,r0,8192
    4ce4:	40 82 00 1c 	bne     4d00 <_start+0x3bb4>
    4ce8:	a8 1f 00 44 	lha     r0,68(r31)
    4cec:	2f 80 00 00 	cmpwi   cr7,r0,0
    4cf0:	41 9e 00 24 	beq     cr7,4d14 <_start+0x3bc8>
    4cf4:	38 00 00 01 	li      r0,1
    4cf8:	38 60 00 00 	li      r3,0
    4cfc:	b0 1f 00 46 	sth     r0,70(r31)
    4d00:	80 01 00 14 	lwz     r0,20(r1)
    4d04:	83 e1 00 0c 	lwz     r31,12(r1)
    4d08:	38 21 00 10 	addi    r1,r1,16
    4d0c:	7c 08 03 a6 	mtlr    r0
    4d10:	4e 80 00 20 	blr
    4d14:	80 09 00 5c 	lwz     r0,92(r9)
    4d18:	7d 23 4b 78 	mr      r3,r9
    4d1c:	7f e4 fb 78 	mr      r4,r31
    4d20:	7c 09 03 a6 	mtctr   r0
    4d24:	4e 80 04 21 	bctrl
    4d28:	2c 03 00 00 	cmpwi   r3,0
    4d2c:	40 a2 ff d4 	bne     4d00 <_start+0x3bb4>
    4d30:	38 00 00 01 	li      r0,1
    4d34:	b0 1f 00 46 	sth     r0,70(r31)
    4d38:	80 01 00 14 	lwz     r0,20(r1)
    4d3c:	83 e1 00 0c 	lwz     r31,12(r1)
    4d40:	38 21 00 10 	addi    r1,r1,16
    4d44:	7c 08 03 a6 	mtlr    r0
    4d48:	4e 80 00 20 	blr
    4d4c:	39 60 00 00 	li      r11,0
    4d50:	4b ff ff 88 	b       4cd8 <_start+0x3b8c>
    4d54:	2c 04 00 00 	cmpwi   r4,0
    4d58:	94 21 ff e0 	stwu    r1,-32(r1)
    4d5c:	7c 08 02 a6 	mflr    r0
    4d60:	7c 69 1b 78 	mr      r9,r3
    4d64:	90 01 00 24 	stw     r0,36(r1)
    4d68:	41 82 00 58 	beq     4dc0 <_start+0x3c74>
    4d6c:	81 64 00 00 	lwz     r11,0(r4)
    4d70:	80 0b 07 bc 	lwz     r0,1980(r11)
    4d74:	38 60 ff e6 	li      r3,-26
    4d78:	70 00 20 00 	andi.   r0,r0,8192
    4d7c:	40 82 00 34 	bne     4db0 <_start+0x3c64>
    4d80:	2f 85 00 00 	cmpwi   cr7,r5,0
    4d84:	90 01 00 08 	stw     r0,8(r1)
    4d88:	41 9e 00 0c 	beq     cr7,4d94 <_start+0x3c48>
    4d8c:	80 05 00 00 	lwz     r0,0(r5)
    4d90:	90 01 00 08 	stw     r0,8(r1)
    4d94:	80 09 01 7c 	lwz     r0,380(r9)
    4d98:	7d 23 4b 78 	mr      r3,r9
    4d9c:	38 a0 00 00 	li      r5,0
    4da0:	38 c0 00 00 	li      r6,0
    4da4:	38 e1 00 08 	addi    r7,r1,8
    4da8:	7c 09 03 a6 	mtctr   r0
    4dac:	4e 80 04 21 	bctrl
    4db0:	80 01 00 24 	lwz     r0,36(r1)
    4db4:	38 21 00 20 	addi    r1,r1,32
    4db8:	7c 08 03 a6 	mtlr    r0
    4dbc:	4e 80 00 20 	blr
    4dc0:	39 60 00 00 	li      r11,0
    4dc4:	4b ff ff ac 	b       4d70 <_start+0x3c24>
    4dc8:	38 60 ff e6 	li      r3,-26
    4dcc:	4e 80 00 20 	blr
    4dd0:	2c 04 00 00 	cmpwi   r4,0
    4dd4:	39 20 00 00 	li      r9,0
    4dd8:	41 82 00 08 	beq     4de0 <_start+0x3c94>
    4ddc:	81 24 00 00 	lwz     r9,0(r4)
    4de0:	80 69 07 bc 	lwz     r3,1980(r9)
    4de4:	38 00 ff e6 	li      r0,-26
    4de8:	54 63 90 1a 	slwi    r3,r3,18
    4dec:	7c 63 fe 70 	srawi   r3,r3,31
    4df0:	7c 63 00 38 	and     r3,r3,r0
    4df4:	4e 80 00 20 	blr
    4df8:	38 60 ff e6 	li      r3,-26
    4dfc:	4e 80 00 20 	blr
    4e00:	38 60 ff e6 	li      r3,-26
    4e04:	4e 80 00 20 	blr
    4e08:	38 60 ff e6 	li      r3,-26
    4e0c:	4e 80 00 20 	blr
    4e10:	38 60 ff e6 	li      r3,-26
    4e14:	4e 80 00 20 	blr
    4e18:	2c 04 00 00 	cmpwi   r4,0
    4e1c:	41 82 00 a8 	beq     4ec4 <_start+0x3d78>
    4e20:	81 24 00 00 	lwz     r9,0(r4)
    4e24:	80 09 07 bc 	lwz     r0,1980(r9)
    4e28:	70 0b 20 00 	andi.   r11,r0,8192
    4e2c:	40 82 00 2c 	bne     4e58 <_start+0x3d0c>
    4e30:	a8 04 00 46 	lha     r0,70(r4)
    4e34:	2f 80 00 00 	cmpwi   cr7,r0,0
    4e38:	41 9e 00 20 	beq     cr7,4e58 <_start+0x3d0c>
    4e3c:	2b 85 00 08 	cmplwi  cr7,r5,8
    4e40:	81 69 00 18 	lwz     r11,24(r9)
    4e44:	80 0b 00 2c 	lwz     r0,44(r11)
    4e48:	54 00 05 20 	rlwinm  r0,r0,0,20,16
    4e4c:	40 9d 00 14 	ble     cr7,4e60 <_start+0x3d14>
    4e50:	38 60 ff fe 	li      r3,-2
    4e54:	4e 80 00 20 	blr
    4e58:	38 60 ff e6 	li      r3,-26
    4e5c:	4e 80 00 20 	blr
    4e60:	3d 40 00 01 	lis     r10,1
    4e64:	54 a5 10 3a 	slwi    r5,r5,2
    4e68:	39 4a 67 d0 	addi    r10,r10,26576
    4e6c:	7d 0a 28 2e 	lwzx    r8,r10,r5
    4e70:	7d 48 52 14 	add     r10,r8,r10
    4e74:	7d 49 03 a6 	mtctr   r10
    4e78:	4e 80 04 20 	bctr
    4e7c:	60 00 60 00 	ori     r0,r0,24576
    4e80:	90 0b 00 2c 	stw     r0,44(r11)
    4e84:	54 e7 06 3e 	clrlwi  r7,r7,24
    4e88:	38 60 00 00 	li      r3,0
    4e8c:	81 69 00 18 	lwz     r11,24(r9)
    4e90:	80 0b 00 0c 	lwz     r0,12(r11)
    4e94:	60 00 00 04 	ori     r0,r0,4
    4e98:	90 0b 00 0c 	stw     r0,12(r11)
    4e9c:	81 69 00 18 	lwz     r11,24(r9)
    4ea0:	80 0b 00 e8 	lwz     r0,232(r11)
    4ea4:	54 00 00 2e 	clrrwi  r0,r0,8
    4ea8:	7c 07 3b 78 	or      r7,r0,r7
    4eac:	90 eb 00 e8 	stw     r7,232(r11)
    4eb0:	81 29 00 18 	lwz     r9,24(r9)
    4eb4:	80 09 00 0c 	lwz     r0,12(r9)
    4eb8:	64 00 00 20 	oris    r0,r0,32
    4ebc:	90 09 00 0c 	stw     r0,12(r9)
    4ec0:	4e 80 00 20 	blr
    4ec4:	39 20 00 00 	li      r9,0
    4ec8:	4b ff ff 5c 	b       4e24 <_start+0x3cd8>
    4ecc:	60 00 70 00 	ori     r0,r0,28672
    4ed0:	4b ff ff b0 	b       4e80 <_start+0x3d34>
    4ed4:	60 00 10 00 	ori     r0,r0,4096
    4ed8:	4b ff ff a8 	b       4e80 <_start+0x3d34>
    4edc:	60 00 20 00 	ori     r0,r0,8192
    4ee0:	4b ff ff a0 	b       4e80 <_start+0x3d34>
    4ee4:	60 00 30 00 	ori     r0,r0,12288
    4ee8:	4b ff ff 98 	b       4e80 <_start+0x3d34>
    4eec:	60 00 40 00 	ori     r0,r0,16384
    4ef0:	4b ff ff 90 	b       4e80 <_start+0x3d34>
    4ef4:	60 00 50 00 	ori     r0,r0,20480
    4ef8:	4b ff ff 88 	b       4e80 <_start+0x3d34>
    4efc:	2c 04 00 00 	cmpwi   r4,0
    4f00:	41 82 01 18 	beq     5018 <_start+0x3ecc>
    4f04:	81 24 00 00 	lwz     r9,0(r4)
    4f08:	80 09 07 bc 	lwz     r0,1980(r9)
    4f0c:	70 0b 20 00 	andi.   r11,r0,8192
    4f10:	40 82 00 34 	bne     4f44 <_start+0x3df8>
    4f14:	a8 04 00 46 	lha     r0,70(r4)
    4f18:	2f 80 00 00 	cmpwi   cr7,r0,0
    4f1c:	41 9e 00 28 	beq     cr7,4f44 <_start+0x3df8>
    4f20:	2b 85 00 06 	cmplwi  cr7,r5,6
    4f24:	81 69 00 18 	lwz     r11,24(r9)
    4f28:	3c 00 f8 88 	lis     r0,-1912
    4f2c:	60 00 ff ff 	ori     r0,r0,65535
    4f30:	81 4b 00 2c 	lwz     r10,44(r11)
    4f34:	7d 40 00 38 	and     r0,r10,r0
    4f38:	40 9d 00 14 	ble     cr7,4f4c <_start+0x3e00>
    4f3c:	38 60 ff fe 	li      r3,-2
    4f40:	4e 80 00 20 	blr
    4f44:	38 60 ff e6 	li      r3,-26
    4f48:	4e 80 00 20 	blr
    4f4c:	3d 40 00 01 	lis     r10,1
    4f50:	54 a5 10 3a 	slwi    r5,r5,2
    4f54:	39 4a 67 f4 	addi    r10,r10,26612
    4f58:	7d 0a 28 2e 	lwzx    r8,r10,r5
    4f5c:	7d 48 52 14 	add     r10,r8,r10
    4f60:	7d 49 03 a6 	mtctr   r10
    4f64:	4e 80 04 20 	bctr
    4f68:	64 00 00 05 	oris    r0,r0,5
    4f6c:	2b 86 00 06 	cmplwi  cr7,r6,6
    4f70:	41 bd ff cc 	bgt     cr7,4f3c <_start+0x3df0>
    4f74:	3d 40 00 01 	lis     r10,1
    4f78:	54 c6 10 3a 	slwi    r6,r6,2
    4f7c:	39 4a 68 10 	addi    r10,r10,26640
    4f80:	7d 0a 30 2e 	lwzx    r8,r10,r6
    4f84:	7d 48 52 14 	add     r10,r8,r10
    4f88:	7d 49 03 a6 	mtctr   r10
    4f8c:	4e 80 04 20 	bctr
    4f90:	64 00 00 04 	oris    r0,r0,4
    4f94:	4b ff ff d8 	b       4f6c <_start+0x3e20>
    4f98:	64 00 00 03 	oris    r0,r0,3
    4f9c:	4b ff ff d0 	b       4f6c <_start+0x3e20>
    4fa0:	64 00 00 02 	oris    r0,r0,2
    4fa4:	4b ff ff c8 	b       4f6c <_start+0x3e20>
    4fa8:	64 00 00 01 	oris    r0,r0,1
    4fac:	4b ff ff c0 	b       4f6c <_start+0x3e20>
    4fb0:	64 00 00 50 	oris    r0,r0,80
    4fb4:	2b 87 00 06 	cmplwi  cr7,r7,6
    4fb8:	41 bd ff 84 	bgt     cr7,4f3c <_start+0x3df0>
    4fbc:	3d 40 00 01 	lis     r10,1
    4fc0:	54 e7 10 3a 	slwi    r7,r7,2
    4fc4:	39 4a 68 2c 	addi    r10,r10,26668
    4fc8:	7d 0a 38 2e 	lwzx    r8,r10,r7
    4fcc:	7d 48 52 14 	add     r10,r8,r10
    4fd0:	7d 49 03 a6 	mtctr   r10
    4fd4:	4e 80 04 20 	bctr
    4fd8:	64 00 00 40 	oris    r0,r0,64
    4fdc:	4b ff ff d8 	b       4fb4 <_start+0x3e68>
    4fe0:	64 00 00 10 	oris    r0,r0,16
    4fe4:	4b ff ff d0 	b       4fb4 <_start+0x3e68>
    4fe8:	64 00 00 30 	oris    r0,r0,48
    4fec:	4b ff ff c8 	b       4fb4 <_start+0x3e68>
    4ff0:	64 00 00 20 	oris    r0,r0,32
    4ff4:	4b ff ff c0 	b       4fb4 <_start+0x3e68>
    4ff8:	64 00 00 50 	oris    r0,r0,80
    4ffc:	90 0b 00 2c 	stw     r0,44(r11)
    5000:	38 60 00 00 	li      r3,0
    5004:	81 29 00 18 	lwz     r9,24(r9)
    5008:	80 09 00 0c 	lwz     r0,12(r9)
    500c:	60 00 00 04 	ori     r0,r0,4
    5010:	90 09 00 0c 	stw     r0,12(r9)
    5014:	4e 80 00 20 	blr
    5018:	39 20 00 00 	li      r9,0
    501c:	4b ff fe ec 	b       4f08 <_start+0x3dbc>
    5020:	64 00 00 40 	oris    r0,r0,64
    5024:	4b ff ff d8 	b       4ffc <_start+0x3eb0>
    5028:	64 00 00 30 	oris    r0,r0,48
    502c:	4b ff ff d0 	b       4ffc <_start+0x3eb0>
    5030:	64 00 00 20 	oris    r0,r0,32
    5034:	4b ff ff c8 	b       4ffc <_start+0x3eb0>
    5038:	64 00 00 10 	oris    r0,r0,16
    503c:	4b ff ff c0 	b       4ffc <_start+0x3eb0>
    5040:	2c 04 00 00 	cmpwi   r4,0
    5044:	41 82 00 58 	beq     509c <_start+0x3f50>
    5048:	81 24 00 00 	lwz     r9,0(r4)
    504c:	80 09 07 bc 	lwz     r0,1980(r9)
    5050:	70 0b 20 00 	andi.   r11,r0,8192
    5054:	40 82 00 40 	bne     5094 <_start+0x3f48>
    5058:	a8 04 00 46 	lha     r0,70(r4)
    505c:	2f 80 00 00 	cmpwi   cr7,r0,0
    5060:	41 9e 00 34 	beq     cr7,5094 <_start+0x3f48>
    5064:	81 69 00 18 	lwz     r11,24(r9)
    5068:	54 a5 82 1e 	rlwinm  r5,r5,16,8,15
    506c:	38 60 00 00 	li      r3,0
    5070:	80 0b 00 e8 	lwz     r0,232(r11)
    5074:	54 00 04 0e 	rlwinm  r0,r0,0,16,7
    5078:	7c a5 03 78 	or      r5,r5,r0
    507c:	90 ab 00 e8 	stw     r5,232(r11)
    5080:	81 29 00 18 	lwz     r9,24(r9)
    5084:	80 09 00 0c 	lwz     r0,12(r9)
    5088:	64 00 00 20 	oris    r0,r0,32
    508c:	90 09 00 0c 	stw     r0,12(r9)
    5090:	4e 80 00 20 	blr
    5094:	38 60 ff e6 	li      r3,-26
    5098:	4e 80 00 20 	blr
    509c:	39 20 00 00 	li      r9,0
    50a0:	4b ff ff ac 	b       504c <_start+0x3f00>
    50a4:	94 21 ff e0 	stwu    r1,-32(r1)
    50a8:	7c 08 02 a6 	mflr    r0
    50ac:	93 e1 00 1c 	stw     r31,28(r1)
    50b0:	7c bf 2b 78 	mr      r31,r5
    50b4:	90 01 00 24 	stw     r0,36(r1)
    50b8:	93 a1 00 14 	stw     r29,20(r1)
    50bc:	93 c1 00 18 	stw     r30,24(r1)
    50c0:	a8 05 00 0e 	lha     r0,14(r5)
    50c4:	2f 80 00 01 	cmpwi   cr7,r0,1
    50c8:	41 9e 00 a8 	beq     cr7,5170 <_start+0x4024>
    50cc:	80 9f 00 6a 	lwz     r4,106(r31)
    50d0:	2f 84 00 00 	cmpwi   cr7,r4,0
    50d4:	41 9e 00 10 	beq     cr7,50e4 <_start+0x3f98>
    50d8:	a8 1f 00 14 	lha     r0,20(r31)
    50dc:	2f 80 00 00 	cmpwi   cr7,r0,0
    50e0:	41 9e 00 74 	beq     cr7,5154 <_start+0x4008>
    50e4:	83 df 00 8e 	lwz     r30,142(r31)
    50e8:	38 00 00 00 	li      r0,0
    50ec:	90 1f 00 6a 	stw     r0,106(r31)
    50f0:	2f 9e 00 00 	cmpwi   cr7,r30,0
    50f4:	41 9e 00 3c 	beq     cr7,5130 <_start+0x3fe4>
    50f8:	3f a0 00 02 	lis     r29,2
    50fc:	7f c4 f3 78 	mr      r4,r30
    5100:	81 3d 03 48 	lwz     r9,840(r29)
    5104:	38 a0 00 3c 	li      r5,60
    5108:	80 09 02 90 	lwz     r0,656(r9)
    510c:	7d 23 4b 78 	mr      r3,r9
    5110:	7c 09 03 a6 	mtctr   r0
    5114:	4e 80 04 21 	bctrl
    5118:	81 3d 03 48 	lwz     r9,840(r29)
    511c:	7f c4 f3 78 	mr      r4,r30
    5120:	80 09 00 ac 	lwz     r0,172(r9)
    5124:	7d 23 4b 78 	mr      r3,r9
    5128:	7c 09 03 a6 	mtctr   r0
    512c:	4e 80 04 21 	bctrl
    5130:	38 00 00 00 	li      r0,0
    5134:	90 1f 00 8e 	stw     r0,142(r31)
    5138:	80 01 00 24 	lwz     r0,36(r1)
    513c:	83 a1 00 14 	lwz     r29,20(r1)
    5140:	7c 08 03 a6 	mtlr    r0
    5144:	83 c1 00 18 	lwz     r30,24(r1)
    5148:	83 e1 00 1c 	lwz     r31,28(r1)
    514c:	38 21 00 20 	addi    r1,r1,32
    5150:	4e 80 00 20 	blr
    5154:	3d 20 00 02 	lis     r9,2
    5158:	81 29 03 48 	lwz     r9,840(r9)
    515c:	80 09 00 ac 	lwz     r0,172(r9)
    5160:	7d 23 4b 78 	mr      r3,r9
    5164:	7c 09 03 a6 	mtctr   r0
    5168:	4e 80 04 21 	bctrl
    516c:	4b ff ff 78 	b       50e4 <_start+0x3f98>
    5170:	80 03 00 54 	lwz     r0,84(r3)
    5174:	7c 09 03 a6 	mtctr   r0
    5178:	4e 80 04 21 	bctrl
    517c:	4b ff ff 50 	b       50cc <_start+0x3f80>
    5180:	2c 04 00 00 	cmpwi   r4,0
    5184:	39 20 00 00 	li      r9,0
    5188:	41 82 00 08 	beq     5190 <_start+0x4044>
    518c:	81 24 00 00 	lwz     r9,0(r4)
    5190:	2f 85 00 00 	cmpwi   cr7,r5,0
    5194:	39 60 00 00 	li      r11,0
    5198:	41 9e 00 08 	beq     cr7,51a0 <_start+0x4054>
    519c:	81 65 00 8e 	lwz     r11,142(r5)
    51a0:	2f 87 00 02 	cmpwi   cr7,r7,2
    51a4:	81 4b 00 00 	lwz     r10,0(r11)
    51a8:	3c 00 ff f0 	lis     r0,-16
    51ac:	60 00 ff e0 	ori     r0,r0,65504
    51b0:	7d 40 00 38 	and     r0,r10,r0
    51b4:	40 be 00 08 	bne     cr7,51bc <_start+0x4070>
    51b8:	60 00 00 01 	ori     r0,r0,1
    51bc:	81 0b 00 38 	lwz     r8,56(r11)
    51c0:	2f 88 00 00 	cmpwi   cr7,r8,0
    51c4:	41 9e 00 74 	beq     cr7,5238 <_start+0x40ec>
    51c8:	80 e9 00 00 	lwz     r7,0(r9)
    51cc:	70 e4 00 02 	andi.   r4,r7,2
    51d0:	41 82 00 8c 	beq     525c <_start+0x4110>
    51d4:	2b 86 00 0a 	cmplwi  cr7,r6,10
    51d8:	40 9d 00 a8 	ble     cr7,5280 <_start+0x4134>
    51dc:	7f 80 50 00 	cmpw    cr7,r0,r10
    51e0:	41 9e 00 50 	beq     cr7,5230 <_start+0x40e4>
    51e4:	90 0b 00 00 	stw     r0,0(r11)
    51e8:	80 09 01 44 	lwz     r0,324(r9)
    51ec:	7f 85 00 00 	cmpw    cr7,r5,r0
    51f0:	41 9e 01 4c 	beq     cr7,533c <_start+0x41f0>
    51f4:	80 09 01 48 	lwz     r0,328(r9)
    51f8:	7f 85 00 00 	cmpw    cr7,r5,r0
    51fc:	41 9e 01 54 	beq     cr7,5350 <_start+0x4204>
    5200:	80 09 01 4c 	lwz     r0,332(r9)
    5204:	7f 85 00 00 	cmpw    cr7,r5,r0
    5208:	41 9e 01 5c 	beq     cr7,5364 <_start+0x4218>
    520c:	80 09 01 50 	lwz     r0,336(r9)
    5210:	7f 85 00 00 	cmpw    cr7,r5,r0
    5214:	41 9e 01 64 	beq     cr7,5378 <_start+0x422c>
    5218:	80 09 01 54 	lwz     r0,340(r9)
    521c:	7f 85 00 00 	cmpw    cr7,r5,r0
    5220:	41 9e 01 6c 	beq     cr7,538c <_start+0x4240>
    5224:	80 09 01 58 	lwz     r0,344(r9)
    5228:	7f 85 00 00 	cmpw    cr7,r5,r0
    522c:	41 9e 01 74 	beq     cr7,53a0 <_start+0x4254>
    5230:	38 60 00 00 	li      r3,0
    5234:	4e 80 00 20 	blr
    5238:	2b 86 00 0a 	cmplwi  cr7,r6,10
    523c:	41 bd ff a0 	bgt     cr7,51dc <_start+0x4090>
    5240:	3d 00 00 01 	lis     r8,1
    5244:	54 c6 10 3a 	slwi    r6,r6,2
    5248:	39 08 68 48 	addi    r8,r8,26696
    524c:	7c e8 30 2e 	lwzx    r7,r8,r6
    5250:	7d 07 42 14 	add     r8,r7,r8
    5254:	7d 09 03 a6 	mtctr   r8
    5258:	4e 80 04 20 	bctr
    525c:	2b 86 00 0a 	cmplwi  cr7,r6,10
    5260:	41 bd ff 7c 	bgt     cr7,51dc <_start+0x4090>
    5264:	3c e0 00 01 	lis     r7,1
    5268:	54 c6 10 3a 	slwi    r6,r6,2
    526c:	38 e7 68 74 	addi    r7,r7,26740
    5270:	7c c7 30 2e 	lwzx    r6,r7,r6
    5274:	7c e6 3a 14 	add     r7,r6,r7
    5278:	7c e9 03 a6 	mtctr   r7
    527c:	4e 80 04 20 	bctr
    5280:	3c e0 00 01 	lis     r7,1
    5284:	54 c6 10 3a 	slwi    r6,r6,2
    5288:	38 e7 68 a0 	addi    r7,r7,26784
    528c:	7c c7 30 2e 	lwzx    r6,r7,r6
    5290:	7c e6 3a 14 	add     r7,r6,r7
    5294:	7c e9 03 a6 	mtctr   r7
    5298:	4e 80 04 20 	bctr
    529c:	81 0b 00 24 	lwz     r8,36(r11)
    52a0:	55 08 80 1e 	slwi    r8,r8,16
    52a4:	61 08 00 0c 	ori     r8,r8,12
    52a8:	7c 00 43 78 	or      r0,r0,r8
    52ac:	4b ff ff 30 	b       51dc <_start+0x4090>
    52b0:	81 0b 00 24 	lwz     r8,36(r11)
    52b4:	55 08 80 1e 	slwi    r8,r8,16
    52b8:	61 08 00 06 	ori     r8,r8,6
    52bc:	7c 00 43 78 	or      r0,r0,r8
    52c0:	4b ff ff 1c 	b       51dc <_start+0x4090>
    52c4:	81 0b 00 24 	lwz     r8,36(r11)
    52c8:	55 08 80 1e 	slwi    r8,r8,16
    52cc:	61 08 00 04 	ori     r8,r8,4
    52d0:	7c 00 43 78 	or      r0,r0,r8
    52d4:	4b ff ff 08 	b       51dc <_start+0x4090>
    52d8:	60 00 00 02 	ori     r0,r0,2
    52dc:	4b ff ff 00 	b       51dc <_start+0x4090>
    52e0:	81 0b 00 24 	lwz     r8,36(r11)
    52e4:	55 08 80 1e 	slwi    r8,r8,16
    52e8:	61 08 00 0e 	ori     r8,r8,14
    52ec:	7c 00 43 78 	or      r0,r0,r8
    52f0:	4b ff fe ec 	b       51dc <_start+0x4090>
    52f4:	80 eb 00 24 	lwz     r7,36(r11)
    52f8:	61 08 00 16 	ori     r8,r8,22
    52fc:	54 e7 80 1e 	slwi    r7,r7,16
    5300:	7d 08 3b 78 	or      r8,r8,r7
    5304:	7c 00 43 78 	or      r0,r0,r8
    5308:	4b ff fe d4 	b       51dc <_start+0x4090>
    530c:	80 eb 00 24 	lwz     r7,36(r11)
    5310:	61 08 00 14 	ori     r8,r8,20
    5314:	54 e7 80 1e 	slwi    r7,r7,16
    5318:	7d 08 3b 78 	or      r8,r8,r7
    531c:	7c 00 43 78 	or      r0,r0,r8
    5320:	4b ff fe bc 	b       51dc <_start+0x4090>
    5324:	61 08 00 12 	ori     r8,r8,18
    5328:	7c 00 43 78 	or      r0,r0,r8
    532c:	4b ff fe b0 	b       51dc <_start+0x4090>
    5330:	61 08 00 10 	ori     r8,r8,16
    5334:	7c 00 43 78 	or      r0,r0,r8
    5338:	4b ff fe a4 	b       51dc <_start+0x4090>
    533c:	38 00 00 00 	li      r0,0
    5340:	90 09 01 44 	stw     r0,324(r9)
    5344:	80 09 01 48 	lwz     r0,328(r9)
    5348:	7f 85 00 00 	cmpw    cr7,r5,r0
    534c:	40 9e fe b4 	bne     cr7,5200 <_start+0x40b4>
    5350:	38 00 00 00 	li      r0,0
    5354:	90 09 01 48 	stw     r0,328(r9)
    5358:	80 09 01 4c 	lwz     r0,332(r9)
    535c:	7f 85 00 00 	cmpw    cr7,r5,r0
    5360:	40 9e fe ac 	bne     cr7,520c <_start+0x40c0>
    5364:	38 00 00 00 	li      r0,0
    5368:	90 09 01 4c 	stw     r0,332(r9)
    536c:	80 09 01 50 	lwz     r0,336(r9)
    5370:	7f 85 00 00 	cmpw    cr7,r5,r0
    5374:	40 9e fe a4 	bne     cr7,5218 <_start+0x40cc>
    5378:	38 00 00 00 	li      r0,0
    537c:	90 09 01 50 	stw     r0,336(r9)
    5380:	80 09 01 54 	lwz     r0,340(r9)
    5384:	7f 85 00 00 	cmpw    cr7,r5,r0
    5388:	40 9e fe 9c 	bne     cr7,5224 <_start+0x40d8>
    538c:	38 00 00 00 	li      r0,0
    5390:	90 09 01 54 	stw     r0,340(r9)
    5394:	80 09 01 58 	lwz     r0,344(r9)
    5398:	7f 85 00 00 	cmpw    cr7,r5,r0
    539c:	40 9e fe 94 	bne     cr7,5230 <_start+0x40e4>
    53a0:	38 00 00 00 	li      r0,0
    53a4:	38 60 00 00 	li      r3,0
    53a8:	90 09 01 58 	stw     r0,344(r9)
    53ac:	4e 80 00 20 	blr
    53b0:	2c 04 00 00 	cmpwi   r4,0
    53b4:	39 60 00 00 	li      r11,0
    53b8:	41 82 00 08 	beq     53c0 <_start+0x4274>
    53bc:	81 64 00 00 	lwz     r11,0(r4)
    53c0:	2f 85 00 00 	cmpwi   cr7,r5,0
    53c4:	39 20 00 00 	li      r9,0
    53c8:	41 9e 00 08 	beq     cr7,53d0 <_start+0x4284>
    53cc:	81 25 00 8e 	lwz     r9,142(r5)
    53d0:	38 c6 ff ff 	addi    r6,r6,-1
    53d4:	80 0b 00 0c 	lwz     r0,12(r11)
    53d8:	38 60 00 00 	li      r3,0
    53dc:	54 c6 28 34 	slwi    r6,r6,5
    53e0:	7f 86 00 40 	cmplw   cr7,r6,r0
    53e4:	40 9d 00 0c 	ble     cr7,53f0 <_start+0x42a4>
    53e8:	7c 06 03 78 	mr      r6,r0
    53ec:	38 60 ff e3 	li      r3,-29
    53f0:	90 c9 00 38 	stw     r6,56(r9)
    53f4:	4e 80 00 20 	blr
    53f8:	2c 04 00 00 	cmpwi   r4,0
    53fc:	94 21 ff e0 	stwu    r1,-32(r1)
    5400:	93 e1 00 1c 	stw     r31,28(r1)
    5404:	41 82 01 34 	beq     5538 <_start+0x43ec>
    5408:	2f 85 00 00 	cmpwi   cr7,r5,0
    540c:	81 24 00 00 	lwz     r9,0(r4)
    5410:	41 9e 01 34 	beq     cr7,5544 <_start+0x43f8>
    5414:	81 65 00 8e 	lwz     r11,142(r5)
    5418:	80 04 00 1c 	lwz     r0,28(r4)
    541c:	38 60 00 00 	li      r3,0
    5420:	74 08 10 00 	andis.  r8,r0,4096
    5424:	40 82 00 ec 	bne     5510 <_start+0x43c4>
    5428:	2f 07 00 00 	cmpwi   cr6,r7,0
    542c:	41 9a 01 20 	beq     cr6,554c <_start+0x4400>
    5430:	a0 a7 00 0c 	lhz     r5,12(r7)
    5434:	3d 00 00 01 	lis     r8,1
    5438:	a1 47 00 00 	lhz     r10,0(r7)
    543c:	a3 e7 00 0e 	lhz     r31,14(r7)
    5440:	54 a5 80 1e 	slwi    r5,r5,16
    5444:	a0 87 00 02 	lhz     r4,2(r7)
    5448:	55 4a 80 1e 	slwi    r10,r10,16
    544c:	c1 a8 63 9c 	lfs     f13,25500(r8)
    5450:	7f e5 2b 78 	or      r5,r31,r5
    5454:	3d 00 00 01 	lis     r8,1
    5458:	a0 67 00 08 	lhz     r3,8(r7)
    545c:	7c 8a 53 78 	or      r10,r4,r10
    5460:	a1 87 00 0a 	lhz     r12,10(r7)
    5464:	a0 87 00 06 	lhz     r4,6(r7)
    5468:	54 63 80 1e 	slwi    r3,r3,16
    546c:	c0 08 63 a0 	lfs     f0,25504(r8)
    5470:	a1 07 00 04 	lhz     r8,4(r7)
    5474:	7d 87 1b 78 	or      r7,r12,r3
    5478:	90 a1 00 08 	stw     r5,8(r1)
    547c:	55 08 80 1e 	slwi    r8,r8,16
    5480:	7c 88 43 78 	or      r8,r4,r8
    5484:	c1 81 00 08 	lfs     f12,8(r1)
    5488:	ed 8d 03 3a 	fmadds  f12,f13,f12,f0
    548c:	d1 81 00 08 	stfs    f12,8(r1)
    5490:	80 a1 00 08 	lwz     r5,8(r1)
    5494:	91 41 00 08 	stw     r10,8(r1)
    5498:	54 a5 c0 0e 	slwi    r5,r5,24
    549c:	c1 81 00 08 	lfs     f12,8(r1)
    54a0:	ed 8d 03 3a 	fmadds  f12,f13,f12,f0
    54a4:	d1 81 00 08 	stfs    f12,8(r1)
    54a8:	81 41 00 08 	lwz     r10,8(r1)
    54ac:	90 e1 00 08 	stw     r7,8(r1)
    54b0:	55 4a 82 1e 	rlwinm  r10,r10,16,8,15
    54b4:	7c aa 53 78 	or      r10,r5,r10
    54b8:	c1 81 00 08 	lfs     f12,8(r1)
    54bc:	ed 8d 03 3a 	fmadds  f12,f13,f12,f0
    54c0:	d1 81 00 08 	stfs    f12,8(r1)
    54c4:	80 e1 00 08 	lwz     r7,8(r1)
    54c8:	91 01 00 08 	stw     r8,8(r1)
    54cc:	54 e7 06 3e 	clrlwi  r7,r7,24
    54d0:	7d 4a 3b 78 	or      r10,r10,r7
    54d4:	c1 81 00 08 	lfs     f12,8(r1)
    54d8:	ec 0d 03 3a 	fmadds  f0,f13,f12,f0
    54dc:	d0 01 00 08 	stfs    f0,8(r1)
    54e0:	81 01 00 08 	lwz     r8,8(r1)
    54e4:	55 08 44 2e 	rlwinm  r8,r8,8,16,23
    54e8:	7d 4a 43 78 	or      r10,r10,r8
    54ec:	41 9e 00 30 	beq     cr7,551c <_start+0x43d0>
    54f0:	70 08 00 10 	andi.   r8,r0,16
    54f4:	40 82 00 34 	bne     5528 <_start+0x43dc>
    54f8:	41 9a 00 08 	beq     cr6,5500 <_start+0x43b4>
    54fc:	91 4b 00 14 	stw     r10,20(r11)
    5500:	90 cb 00 20 	stw     r6,32(r11)
    5504:	38 00 00 00 	li      r0,0
    5508:	38 60 00 00 	li      r3,0
    550c:	90 09 01 44 	stw     r0,324(r9)
    5510:	83 e1 00 1c 	lwz     r31,28(r1)
    5514:	38 21 00 20 	addi    r1,r1,32
    5518:	4e 80 00 20 	blr
    551c:	70 08 00 10 	andi.   r8,r0,16
    5520:	38 60 ff fe 	li      r3,-2
    5524:	41 a2 ff ec 	beq     5510 <_start+0x43c4>
    5528:	41 9a 00 08 	beq     cr6,5530 <_start+0x43e4>
    552c:	91 49 00 24 	stw     r10,36(r9)
    5530:	90 c9 00 28 	stw     r6,40(r9)
    5534:	4b ff ff d0 	b       5504 <_start+0x43b8>
    5538:	2f 85 00 00 	cmpwi   cr7,r5,0
    553c:	39 20 00 00 	li      r9,0
    5540:	40 9e fe d4 	bne     cr7,5414 <_start+0x42c8>
    5544:	39 60 00 00 	li      r11,0
    5548:	4b ff fe d0 	b       5418 <_start+0x42cc>
    554c:	3d 40 ff 00 	lis     r10,-256
    5550:	40 9e ff a0 	bne     cr7,54f0 <_start+0x43a4>
    5554:	4b ff ff c8 	b       551c <_start+0x43d0>
    5558:	38 60 ff fe 	li      r3,-2
    555c:	4e 80 00 20 	blr
    5560:	2c 05 00 00 	cmpwi   r5,0
    5564:	39 20 00 00 	li      r9,0
    5568:	41 82 00 08 	beq     5570 <_start+0x4424>
    556c:	81 25 00 8e 	lwz     r9,142(r5)
    5570:	2f 86 00 01 	cmpwi   cr7,r6,1
    5574:	81 69 00 00 	lwz     r11,0(r9)
    5578:	3c 00 c4 7f 	lis     r0,-15233
    557c:	60 00 ff ff 	ori     r0,r0,65535
    5580:	7c 00 58 38 	and     r0,r0,r11
    5584:	90 09 00 00 	stw     r0,0(r9)
    5588:	41 9e 00 0c 	beq     cr7,5594 <_start+0x4448>
    558c:	64 00 01 00 	oris    r0,r0,256
    5590:	90 09 00 00 	stw     r0,0(r9)
    5594:	2f 87 00 01 	cmpwi   cr7,r7,1
    5598:	41 9e 00 08 	beq     cr7,55a0 <_start+0x4454>
    559c:	64 00 10 00 	oris    r0,r0,4096
    55a0:	90 09 00 00 	stw     r0,0(r9)
    55a4:	38 60 00 00 	li      r3,0
    55a8:	4e 80 00 20 	blr
    55ac:	94 21 ff e0 	stwu    r1,-32(r1)
    55b0:	7c 08 02 a6 	mflr    r0
    55b4:	93 a1 00 14 	stw     r29,20(r1)
    55b8:	7c 9d 23 79 	mr.     r29,r4
    55bc:	93 e1 00 1c 	stw     r31,28(r1)
    55c0:	7c bf 2b 78 	mr      r31,r5
    55c4:	90 01 00 24 	stw     r0,36(r1)
    55c8:	93 61 00 0c 	stw     r27,12(r1)
    55cc:	93 81 00 10 	stw     r28,16(r1)
    55d0:	93 c1 00 18 	stw     r30,24(r1)
    55d4:	41 82 01 14 	beq     56e8 <_start+0x459c>
    55d8:	83 dd 00 00 	lwz     r30,0(r29)
    55dc:	2f 9f 00 00 	cmpwi   cr7,r31,0
    55e0:	39 60 00 00 	li      r11,0
    55e4:	41 9e 00 08 	beq     cr7,55ec <_start+0x44a0>
    55e8:	81 7f 00 8e 	lwz     r11,142(r31)
    55ec:	a8 1f 00 0e 	lha     r0,14(r31)
    55f0:	2f 80 00 00 	cmpwi   cr7,r0,0
    55f4:	38 00 00 00 	li      r0,0
    55f8:	b0 1f 00 12 	sth     r0,18(r31)
    55fc:	41 9e 00 c8 	beq     cr7,56c4 <_start+0x4578>
    5600:	80 bf 00 6e 	lwz     r5,110(r31)
    5604:	2f 85 00 00 	cmpwi   cr7,r5,0
    5608:	41 9e 00 2c 	beq     cr7,5634 <_start+0x44e8>
    560c:	3d 20 00 02 	lis     r9,2
    5610:	80 cb 00 18 	lwz     r6,24(r11)
    5614:	7f a4 eb 78 	mr      r4,r29
    5618:	81 29 03 40 	lwz     r9,832(r9)
    561c:	38 e0 00 00 	li      r7,0
    5620:	38 c6 00 1f 	addi    r6,r6,31
    5624:	80 09 00 54 	lwz     r0,84(r9)
    5628:	7d 23 4b 78 	mr      r3,r9
    562c:	7c 09 03 a6 	mtctr   r0
    5630:	4e 80 04 21 	bctrl
    5634:	38 00 00 00 	li      r0,0
    5638:	3b 80 00 00 	li      r28,0
    563c:	b0 1f 00 0e 	sth     r0,14(r31)
    5640:	3f 60 00 02 	lis     r27,2
    5644:	7f e4 fb 78 	mr      r4,r31
    5648:	93 9f 00 6e 	stw     r28,110(r31)
    564c:	81 3b 03 48 	lwz     r9,840(r27)
    5650:	80 09 00 d8 	lwz     r0,216(r9)
    5654:	7d 23 4b 78 	mr      r3,r9
    5658:	7c 09 03 a6 	mtctr   r0
    565c:	4e 80 04 21 	bctrl
    5660:	81 3b 03 48 	lwz     r9,840(r27)
    5664:	38 9d 00 5c 	addi    r4,r29,92
    5668:	7f e5 fb 78 	mr      r5,r31
    566c:	80 09 00 58 	lwz     r0,88(r9)
    5670:	7d 23 4b 78 	mr      r3,r9
    5674:	7c 09 03 a6 	mtctr   r0
    5678:	4e 80 04 21 	bctrl
    567c:	80 1e 01 44 	lwz     r0,324(r30)
    5680:	7f 80 f8 00 	cmpw    cr7,r0,r31
    5684:	41 9e 00 6c 	beq     cr7,56f0 <_start+0x45a4>
    5688:	80 1e 01 48 	lwz     r0,328(r30)
    568c:	7f 80 f8 00 	cmpw    cr7,r0,r31
    5690:	41 9e 00 68 	beq     cr7,56f8 <_start+0x45ac>
    5694:	80 1e 01 4c 	lwz     r0,332(r30)
    5698:	7f 80 f8 00 	cmpw    cr7,r0,r31
    569c:	41 9e 00 68 	beq     cr7,5704 <_start+0x45b8>
    56a0:	80 1e 01 50 	lwz     r0,336(r30)
    56a4:	7f 80 f8 00 	cmpw    cr7,r0,r31
    56a8:	41 9e 00 68 	beq     cr7,5710 <_start+0x45c4>
    56ac:	80 1e 01 54 	lwz     r0,340(r30)
    56b0:	7f 80 f8 00 	cmpw    cr7,r0,r31
    56b4:	41 9e 00 68 	beq     cr7,571c <_start+0x45d0>
    56b8:	80 1e 01 58 	lwz     r0,344(r30)
    56bc:	7f 80 f8 00 	cmpw    cr7,r0,r31
    56c0:	41 9e 00 68 	beq     cr7,5728 <_start+0x45dc>
    56c4:	80 01 00 24 	lwz     r0,36(r1)
    56c8:	83 61 00 0c 	lwz     r27,12(r1)
    56cc:	7c 08 03 a6 	mtlr    r0
    56d0:	83 81 00 10 	lwz     r28,16(r1)
    56d4:	83 a1 00 14 	lwz     r29,20(r1)
    56d8:	83 c1 00 18 	lwz     r30,24(r1)
    56dc:	83 e1 00 1c 	lwz     r31,28(r1)
    56e0:	38 21 00 20 	addi    r1,r1,32
    56e4:	4e 80 00 20 	blr
    56e8:	3b c0 00 00 	li      r30,0
    56ec:	4b ff fe f0 	b       55dc <_start+0x4490>
    56f0:	93 9e 01 44 	stw     r28,324(r30)
    56f4:	4b ff ff 94 	b       5688 <_start+0x453c>
    56f8:	38 00 00 00 	li      r0,0
    56fc:	90 1e 01 48 	stw     r0,328(r30)
    5700:	4b ff ff 94 	b       5694 <_start+0x4548>
    5704:	38 00 00 00 	li      r0,0
    5708:	90 1e 01 4c 	stw     r0,332(r30)
    570c:	4b ff ff 94 	b       56a0 <_start+0x4554>
    5710:	38 00 00 00 	li      r0,0
    5714:	90 1e 01 50 	stw     r0,336(r30)
    5718:	4b ff ff 94 	b       56ac <_start+0x4560>
    571c:	38 00 00 00 	li      r0,0
    5720:	90 1e 01 54 	stw     r0,340(r30)
    5724:	4b ff ff 94 	b       56b8 <_start+0x456c>
    5728:	38 00 00 00 	li      r0,0
    572c:	90 1e 01 58 	stw     r0,344(r30)
    5730:	4b ff ff 94 	b       56c4 <_start+0x4578>
    5734:	a8 03 00 10 	lha     r0,16(r3)
    5738:	2f 80 00 00 	cmpwi   cr7,r0,0
    573c:	41 9e 00 40 	beq     cr7,577c <_start+0x4630>
    5740:	80 03 00 76 	lwz     r0,118(r3)
    5744:	81 23 00 7e 	lwz     r9,126(r3)
    5748:	2f 80 00 01 	cmpwi   cr7,r0,1
    574c:	41 9e 00 30 	beq     cr7,577c <_start+0x4630>
    5750:	2f 89 00 01 	cmpwi   cr7,r9,1
    5754:	41 9e 00 28 	beq     cr7,577c <_start+0x4630>
    5758:	38 60 00 00 	li      r3,0
    575c:	54 00 f8 7e 	srwi    r0,r0,1
    5760:	55 29 f8 7e 	srwi    r9,r9,1
    5764:	2f 80 00 01 	cmpwi   cr7,r0,1
    5768:	2f 09 00 01 	cmpwi   cr6,r9,1
    576c:	38 63 00 01 	addi    r3,r3,1
    5770:	4d 9e 00 20 	beqlr   cr7
    5774:	40 9a ff e8 	bne     cr6,575c <_start+0x4610>
    5778:	4e 80 00 20 	blr
    577c:	38 60 00 00 	li      r3,0
    5780:	4e 80 00 20 	blr
    5784:	94 21 ff f0 	stwu    r1,-16(r1)
    5788:	7c 08 02 a6 	mflr    r0
    578c:	90 01 00 14 	stw     r0,20(r1)
    5790:	80 03 00 d4 	lwz     r0,212(r3)
    5794:	7c 09 03 a6 	mtctr   r0
    5798:	4e 80 04 21 	bctrl
    579c:	80 01 00 14 	lwz     r0,20(r1)
    57a0:	38 21 00 10 	addi    r1,r1,16
    57a4:	7c 08 03 a6 	mtlr    r0
    57a8:	4e 80 00 20 	blr
    57ac:	2c 04 00 00 	cmpwi   r4,0
    57b0:	94 21 ff f0 	stwu    r1,-16(r1)
    57b4:	7c 08 02 a6 	mflr    r0
    57b8:	7c 69 1b 78 	mr      r9,r3
    57bc:	90 01 00 14 	stw     r0,20(r1)
    57c0:	41 82 00 dc 	beq     589c <_start+0x4750>
    57c4:	81 44 00 00 	lwz     r10,0(r4)
    57c8:	2f 85 00 00 	cmpwi   cr7,r5,0
    57cc:	39 60 00 00 	li      r11,0
    57d0:	41 9e 00 08 	beq     cr7,57d8 <_start+0x468c>
    57d4:	81 65 00 8e 	lwz     r11,142(r5)
    57d8:	80 0a 00 00 	lwz     r0,0(r10)
    57dc:	70 05 00 08 	andi.   r5,r0,8
    57e0:	40 82 00 08 	bne     57e8 <_start+0x469c>
    57e4:	7c c7 33 78 	mr      r7,r6
    57e8:	70 06 00 04 	andi.   r6,r0,4
    57ec:	41 82 00 24 	beq     5810 <_start+0x46c4>
    57f0:	3c 00 ff 00 	lis     r0,-256
    57f4:	54 e7 80 3e 	rotlwi  r7,r7,16
    57f8:	60 00 ff 00 	ori     r0,r0,65280
    57fc:	54 e6 40 2e 	slwi    r6,r7,8
    5800:	7c e7 00 38 	and     r7,r7,r0
    5804:	7c c0 00 38 	and     r0,r6,r0
    5808:	54 e7 c2 3e 	srwi    r7,r7,8
    580c:	7c 07 3b 78 	or      r7,r0,r7
    5810:	2f 88 00 02 	cmpwi   cr7,r8,2
    5814:	90 eb 00 30 	stw     r7,48(r11)
    5818:	41 9e 00 78 	beq     cr7,5890 <_start+0x4744>
    581c:	2f 88 00 03 	cmpwi   cr7,r8,3
    5820:	41 9e 00 64 	beq     cr7,5884 <_start+0x4738>
    5824:	2f 88 00 01 	cmpwi   cr7,r8,1
    5828:	38 60 ff fe 	li      r3,-2
    582c:	41 9e 00 14 	beq     cr7,5840 <_start+0x46f4>
    5830:	80 01 00 14 	lwz     r0,20(r1)
    5834:	38 21 00 10 	addi    r1,r1,16
    5838:	7c 08 03 a6 	mtlr    r0
    583c:	4e 80 00 20 	blr
    5840:	3c 00 00 01 	lis     r0,1
    5844:	90 0b 00 34 	stw     r0,52(r11)
    5848:	80 0a 00 00 	lwz     r0,0(r10)
    584c:	38 60 00 00 	li      r3,0
    5850:	70 0b 00 20 	andi.   r11,r0,32
    5854:	41 82 ff dc 	beq     5830 <_start+0x46e4>
    5858:	80 09 01 64 	lwz     r0,356(r9)
    585c:	7d 23 4b 78 	mr      r3,r9
    5860:	3c a0 04 00 	lis     r5,1024
    5864:	38 c0 00 01 	li      r6,1
    5868:	7c 09 03 a6 	mtctr   r0
    586c:	4e 80 04 21 	bctrl
    5870:	80 01 00 14 	lwz     r0,20(r1)
    5874:	38 60 00 00 	li      r3,0
    5878:	38 21 00 10 	addi    r1,r1,16
    587c:	7c 08 03 a6 	mtlr    r0
    5880:	4e 80 00 20 	blr
    5884:	3c 00 00 03 	lis     r0,3
    5888:	90 0b 00 34 	stw     r0,52(r11)
    588c:	4b ff ff bc 	b       5848 <_start+0x46fc>
    5890:	3c 00 00 02 	lis     r0,2
    5894:	90 0b 00 34 	stw     r0,52(r11)
    5898:	4b ff ff b0 	b       5848 <_start+0x46fc>
    589c:	39 40 00 00 	li      r10,0
    58a0:	4b ff ff 28 	b       57c8 <_start+0x467c>
    58a4:	94 21 ff e0 	stwu    r1,-32(r1)
    58a8:	7c 08 02 a6 	mflr    r0
    58ac:	93 e1 00 1c 	stw     r31,28(r1)
    58b0:	7c bf 2b 79 	mr.     r31,r5
    58b4:	93 41 00 08 	stw     r26,8(r1)
    58b8:	7c 7a 1b 78 	mr      r26,r3
    58bc:	93 c1 00 18 	stw     r30,24(r1)
    58c0:	7c 9e 23 78 	mr      r30,r4
    58c4:	90 01 00 24 	stw     r0,36(r1)
    58c8:	93 61 00 0c 	stw     r27,12(r1)
    58cc:	93 81 00 10 	stw     r28,16(r1)
    58d0:	93 a1 00 14 	stw     r29,20(r1)
    58d4:	41 82 02 04 	beq     5ad8 <_start+0x498c>
    58d8:	83 bf 00 8e 	lwz     r29,142(r31)
    58dc:	a8 1f 00 0e 	lha     r0,14(r31)
    58e0:	2f 80 00 01 	cmpwi   cr7,r0,1
    58e4:	41 9e 01 8c 	beq     cr7,5a70 <_start+0x4924>
    58e8:	2f 80 00 00 	cmpwi   cr7,r0,0
    58ec:	40 9e 01 90 	bne     cr7,5a7c <_start+0x4930>
    58f0:	3f 80 00 02 	lis     r28,2
    58f4:	3b 7e 00 50 	addi    r27,r30,80
    58f8:	3b 9c 03 40 	addi    r28,r28,832
    58fc:	81 3c 00 00 	lwz     r9,0(r28)
    5900:	7f c4 f3 78 	mr      r4,r30
    5904:	38 c0 00 00 	li      r6,0
    5908:	80 bd 00 18 	lwz     r5,24(r29)
    590c:	80 09 00 4c 	lwz     r0,76(r9)
    5910:	7d 23 4b 78 	mr      r3,r9
    5914:	38 a5 00 1f 	addi    r5,r5,31
    5918:	7c 09 03 a6 	mtctr   r0
    591c:	4e 80 04 21 	bctrl
    5920:	2c 03 00 00 	cmpwi   r3,0
    5924:	41 82 01 64 	beq     5a88 <_start+0x493c>
    5928:	90 7f 00 6e 	stw     r3,110(r31)
    592c:	39 20 00 01 	li      r9,1
    5930:	80 1d 00 18 	lwz     r0,24(r29)
    5934:	b1 3f 00 0e 	sth     r9,14(r31)
    5938:	90 1f 00 72 	stw     r0,114(r31)
    593c:	38 00 00 00 	li      r0,0
    5940:	b0 1f 00 12 	sth     r0,18(r31)
    5944:	38 00 00 00 	li      r0,0
    5948:	81 3d 00 1c 	lwz     r9,28(r29)
    594c:	81 7e 00 10 	lwz     r11,16(r30)
    5950:	81 29 00 14 	lwz     r9,20(r9)
    5954:	2b 89 00 02 	cmplwi  cr7,r9,2
    5958:	41 9d 00 14 	bgt     cr7,596c <_start+0x4820>
    595c:	3d 40 00 01 	lis     r10,1
    5960:	55 29 10 3a 	slwi    r9,r9,2
    5964:	39 4a 68 cc 	addi    r10,r10,26828
    5968:	7c 0a 48 2e 	lwzx    r0,r10,r9
    596c:	3f c0 00 02 	lis     r30,2
    5970:	7d 6b 18 50 	subf    r11,r11,r3
    5974:	81 3e 03 70 	lwz     r9,880(r30)
    5978:	81 29 00 10 	lwz     r9,16(r9)
    597c:	91 69 0b 24 	stw     r11,2852(r9)
    5980:	7c 00 04 ac 	hwsync
    5984:	7c 00 06 ac 	eieio
    5988:	39 60 ff ff 	li      r11,-1
    598c:	81 3e 03 70 	lwz     r9,880(r30)
    5990:	81 29 00 10 	lwz     r9,16(r9)
    5994:	91 69 0b 28 	stw     r11,2856(r9)
    5998:	7c 00 04 ac 	hwsync
    599c:	7c 00 06 ac 	eieio
    59a0:	81 3e 03 70 	lwz     r9,880(r30)
    59a4:	81 29 00 10 	lwz     r9,16(r9)
    59a8:	90 09 0b 2c 	stw     r0,2860(r9)
    59ac:	7c 00 04 ac 	hwsync
    59b0:	7c 00 06 ac 	eieio
    59b4:	3b 83 00 1f 	addi    r28,r3,31
    59b8:	7f e3 fb 78 	mr      r3,r31
    59bc:	57 9c 00 34 	clrrwi  r28,r28,5
    59c0:	7f 84 e3 78 	mr      r4,r28
    59c4:	48 00 23 d5 	bl      7d98 <_start+0x6c4c>
    59c8:	81 3e 03 70 	lwz     r9,880(r30)
    59cc:	38 00 00 00 	li      r0,0
    59d0:	81 29 00 10 	lwz     r9,16(r9)
    59d4:	90 09 0b 24 	stw     r0,2852(r9)
    59d8:	7c 00 04 ac 	hwsync
    59dc:	7c 00 06 ac 	eieio
    59e0:	81 3e 03 70 	lwz     r9,880(r30)
    59e4:	81 29 00 10 	lwz     r9,16(r9)
    59e8:	90 09 0b 28 	stw     r0,2856(r9)
    59ec:	7c 00 04 ac 	hwsync
    59f0:	7c 00 06 ac 	eieio
    59f4:	81 3e 03 70 	lwz     r9,880(r30)
    59f8:	81 29 00 10 	lwz     r9,16(r9)
    59fc:	90 09 0b 2c 	stw     r0,2860(r9)
    5a00:	7c 00 04 ac 	hwsync
    5a04:	7c 00 06 ac 	eieio
    5a08:	93 9d 00 08 	stw     r28,8(r29)
    5a0c:	3f c0 00 02 	lis     r30,2
    5a10:	7f e4 fb 78 	mr      r4,r31
    5a14:	81 3e 03 48 	lwz     r9,840(r30)
    5a18:	80 09 00 d8 	lwz     r0,216(r9)
    5a1c:	7d 23 4b 78 	mr      r3,r9
    5a20:	7c 09 03 a6 	mtctr   r0
    5a24:	4e 80 04 21 	bctrl
    5a28:	81 3e 03 48 	lwz     r9,840(r30)
    5a2c:	7f 64 db 78 	mr      r4,r27
    5a30:	80 09 00 4c 	lwz     r0,76(r9)
    5a34:	7d 23 4b 78 	mr      r3,r9
    5a38:	7f e5 fb 78 	mr      r5,r31
    5a3c:	7c 09 03 a6 	mtctr   r0
    5a40:	4e 80 04 21 	bctrl
    5a44:	38 60 00 00 	li      r3,0
    5a48:	80 01 00 24 	lwz     r0,36(r1)
    5a4c:	83 41 00 08 	lwz     r26,8(r1)
    5a50:	7c 08 03 a6 	mtlr    r0
    5a54:	83 61 00 0c 	lwz     r27,12(r1)
    5a58:	83 81 00 10 	lwz     r28,16(r1)
    5a5c:	83 a1 00 14 	lwz     r29,20(r1)
    5a60:	83 c1 00 18 	lwz     r30,24(r1)
    5a64:	83 e1 00 1c 	lwz     r31,28(r1)
    5a68:	38 21 00 20 	addi    r1,r1,32
    5a6c:	4e 80 00 20 	blr
    5a70:	a8 1f 00 12 	lha     r0,18(r31)
    5a74:	2f 80 00 00 	cmpwi   cr7,r0,0
    5a78:	41 9e 00 38 	beq     cr7,5ab0 <_start+0x4964>
    5a7c:	80 7f 00 6e 	lwz     r3,110(r31)
    5a80:	3b 7e 00 50 	addi    r27,r30,80
    5a84:	4b ff fe a4 	b       5928 <_start+0x47dc>
    5a88:	80 1b 00 08 	lwz     r0,8(r27)
    5a8c:	7f 43 d3 78 	mr      r3,r26
    5a90:	7f c4 f3 78 	mr      r4,r30
    5a94:	7f 9b 00 00 	cmpw    cr7,r27,r0
    5a98:	41 9e 00 48 	beq     cr7,5ae0 <_start+0x4994>
    5a9c:	80 1a 00 54 	lwz     r0,84(r26)
    5aa0:	80 be 00 58 	lwz     r5,88(r30)
    5aa4:	7c 09 03 a6 	mtctr   r0
    5aa8:	4e 80 04 21 	bctrl
    5aac:	4b ff fe 50 	b       58fc <_start+0x47b0>
    5ab0:	3f a0 00 02 	lis     r29,2
    5ab4:	7f e4 fb 78 	mr      r4,r31
    5ab8:	81 3d 03 48 	lwz     r9,840(r29)
    5abc:	80 09 00 d8 	lwz     r0,216(r9)
    5ac0:	7d 23 4b 78 	mr      r3,r9
    5ac4:	7c 09 03 a6 	mtctr   r0
    5ac8:	4e 80 04 21 	bctrl
    5acc:	81 3d 03 48 	lwz     r9,840(r29)
    5ad0:	38 9e 00 50 	addi    r4,r30,80
    5ad4:	4b ff ff 5c 	b       5a30 <_start+0x48e4>
    5ad8:	3b a0 00 00 	li      r29,0
    5adc:	4b ff fe 00 	b       58dc <_start+0x4790>
    5ae0:	38 60 ff f8 	li      r3,-8
    5ae4:	4b ff ff 64 	b       5a48 <_start+0x48fc>
    5ae8:	94 21 ff e0 	stwu    r1,-32(r1)
    5aec:	7c 08 02 a6 	mflr    r0
    5af0:	93 81 00 10 	stw     r28,16(r1)
    5af4:	3b 80 00 00 	li      r28,0
    5af8:	93 a1 00 14 	stw     r29,20(r1)
    5afc:	7c 7d 1b 78 	mr      r29,r3
    5b00:	90 01 00 24 	stw     r0,36(r1)
    5b04:	93 c1 00 18 	stw     r30,24(r1)
    5b08:	93 e1 00 1c 	stw     r31,28(r1)
    5b0c:	83 c3 00 76 	lwz     r30,118(r3)
    5b10:	83 e3 00 7e 	lwz     r31,126(r3)
    5b14:	7f c4 f3 78 	mr      r4,r30
    5b18:	7f e5 fb 78 	mr      r5,r31
    5b1c:	7f a3 eb 78 	mr      r3,r29
    5b20:	48 00 1d f9 	bl      7918 <_start+0x67cc>
    5b24:	a8 1d 00 10 	lha     r0,16(r29)
    5b28:	2f 1e 00 01 	cmpwi   cr6,r30,1
    5b2c:	2c 9f 00 01 	cmpwi   cr1,r31,1
    5b30:	7f 9c 1a 14 	add     r28,r28,r3
    5b34:	2f 80 00 00 	cmpwi   cr7,r0,0
    5b38:	41 9e 00 3c 	beq     cr7,5b74 <_start+0x4a28>
    5b3c:	41 9a 00 5c 	beq     cr6,5b98 <_start+0x4a4c>
    5b40:	57 de f8 7e 	srwi    r30,r30,1
    5b44:	41 a6 ff d0 	beq     cr1,5b14 <_start+0x49c8>
    5b48:	57 ff f8 7e 	srwi    r31,r31,1
    5b4c:	7f c4 f3 78 	mr      r4,r30
    5b50:	7f e5 fb 78 	mr      r5,r31
    5b54:	7f a3 eb 78 	mr      r3,r29
    5b58:	48 00 1d c1 	bl      7918 <_start+0x67cc>
    5b5c:	a8 1d 00 10 	lha     r0,16(r29)
    5b60:	2f 1e 00 01 	cmpwi   cr6,r30,1
    5b64:	2c 9f 00 01 	cmpwi   cr1,r31,1
    5b68:	7f 9c 1a 14 	add     r28,r28,r3
    5b6c:	2f 80 00 00 	cmpwi   cr7,r0,0
    5b70:	40 9e ff cc 	bne     cr7,5b3c <_start+0x49f0>
    5b74:	80 01 00 24 	lwz     r0,36(r1)
    5b78:	7f 83 e3 78 	mr      r3,r28
    5b7c:	83 81 00 10 	lwz     r28,16(r1)
    5b80:	7c 08 03 a6 	mtlr    r0
    5b84:	83 a1 00 14 	lwz     r29,20(r1)
    5b88:	83 c1 00 18 	lwz     r30,24(r1)
    5b8c:	83 e1 00 1c 	lwz     r31,28(r1)
    5b90:	38 21 00 20 	addi    r1,r1,32
    5b94:	4e 80 00 20 	blr
    5b98:	41 a6 ff dc 	beq     cr1,5b74 <_start+0x4a28>
    5b9c:	57 ff f8 7e 	srwi    r31,r31,1
    5ba0:	4b ff ff ac 	b       5b4c <_start+0x4a00>
    5ba4:	2c 04 00 00 	cmpwi   r4,0
    5ba8:	94 21 ff 90 	stwu    r1,-112(r1)
    5bac:	7c 08 02 a6 	mflr    r0
    5bb0:	92 e1 00 4c 	stw     r23,76(r1)
    5bb4:	7c f7 3b 78 	mr      r23,r7
    5bb8:	93 01 00 50 	stw     r24,80(r1)
    5bbc:	7c d8 33 78 	mr      r24,r6
    5bc0:	93 61 00 5c 	stw     r27,92(r1)
    5bc4:	7c bb 2b 78 	mr      r27,r5
    5bc8:	93 c1 00 68 	stw     r30,104(r1)
    5bcc:	3b c0 00 00 	li      r30,0
    5bd0:	90 01 00 74 	stw     r0,116(r1)
    5bd4:	93 21 00 54 	stw     r25,84(r1)
    5bd8:	93 41 00 58 	stw     r26,88(r1)
    5bdc:	93 81 00 60 	stw     r28,96(r1)
    5be0:	93 a1 00 64 	stw     r29,100(r1)
    5be4:	93 e1 00 6c 	stw     r31,108(r1)
    5be8:	41 82 00 08 	beq     5bf0 <_start+0x4aa4>
    5bec:	83 c4 00 00 	lwz     r30,0(r4)
    5bf0:	80 1e 01 44 	lwz     r0,324(r30)
    5bf4:	3f 80 00 02 	lis     r28,2
    5bf8:	83 bb 00 62 	lwz     r29,98(r27)
    5bfc:	3b 9c 01 b4 	addi    r28,r28,436
    5c00:	7f 9b 00 00 	cmpw    cr7,r27,r0
    5c04:	3b bd ff ff 	addi    r29,r29,-1
    5c08:	1f bd 00 1c 	mulli   r29,r29,28
    5c0c:	7f 3c ea 14 	add     r25,r28,r29
    5c10:	41 9e 03 a8 	beq     cr7,5fb8 <_start+0x4e6c>
    5c14:	80 1e 01 48 	lwz     r0,328(r30)
    5c18:	7f 9b 00 00 	cmpw    cr7,r27,r0
    5c1c:	41 9e 01 a0 	beq     cr7,5dbc <_start+0x4c70>
    5c20:	80 1e 01 4c 	lwz     r0,332(r30)
    5c24:	7f 9b 00 00 	cmpw    cr7,r27,r0
    5c28:	41 9e 01 a8 	beq     cr7,5dd0 <_start+0x4c84>
    5c2c:	80 1e 01 50 	lwz     r0,336(r30)
    5c30:	7f 9b 00 00 	cmpw    cr7,r27,r0
    5c34:	41 9e 01 b0 	beq     cr7,5de4 <_start+0x4c98>
    5c38:	80 1e 01 54 	lwz     r0,340(r30)
    5c3c:	7f 9b 00 00 	cmpw    cr7,r27,r0
    5c40:	41 9e 01 b8 	beq     cr7,5df8 <_start+0x4cac>
    5c44:	80 1e 01 58 	lwz     r0,344(r30)
    5c48:	7f 9b 00 00 	cmpw    cr7,r27,r0
    5c4c:	41 9e 01 c0 	beq     cr7,5e0c <_start+0x4cc0>
    5c50:	80 1b 00 8e 	lwz     r0,142(r27)
    5c54:	2f 80 00 00 	cmpwi   cr7,r0,0
    5c58:	7c 1f 03 78 	mr      r31,r0
    5c5c:	41 9e 01 c8 	beq     cr7,5e24 <_start+0x4cd8>
    5c60:	a8 1b 00 0e 	lha     r0,14(r27)
    5c64:	2f 80 00 00 	cmpwi   cr7,r0,0
    5c68:	40 9e 01 10 	bne     cr7,5d78 <_start+0x4c2c>
    5c6c:	80 19 00 04 	lwz     r0,4(r25)
    5c70:	2f 80 00 00 	cmpwi   cr7,r0,0
    5c74:	41 9e 03 b4 	beq     cr7,6028 <_start+0x4edc>
    5c78:	38 00 00 00 	li      r0,0
    5c7c:	38 60 00 02 	li      r3,2
    5c80:	b0 1b 00 14 	sth     r0,20(r27)
    5c84:	7c 1c e8 2e 	lwzx    r0,r28,r29
    5c88:	2f 80 00 ff 	cmpwi   cr7,r0,255
    5c8c:	41 9e 00 b8 	beq     cr7,5d44 <_start+0x4bf8>
    5c90:	80 9b 00 6a 	lwz     r4,106(r27)
    5c94:	2f 84 00 00 	cmpwi   cr7,r4,0
    5c98:	41 9e 03 2c 	beq     cr7,5fc4 <_start+0x4e78>
    5c9c:	2f 98 00 00 	cmpwi   cr7,r24,0
    5ca0:	7c 9c 23 78 	mr      r28,r4
    5ca4:	80 7b 00 1e 	lwz     r3,30(r27)
    5ca8:	41 9e 00 dc 	beq     cr7,5d84 <_start+0x4c38>
    5cac:	2f 97 00 00 	cmpwi   cr7,r23,0
    5cb0:	83 fb 00 76 	lwz     r31,118(r27)
    5cb4:	83 db 00 7e 	lwz     r30,126(r27)
    5cb8:	41 9c 00 88 	blt     cr7,5d40 <_start+0x4bf4>
    5cbc:	7f 7a db 78 	mr      r26,r27
    5cc0:	3b a0 00 00 	li      r29,0
    5cc4:	7f 98 e8 00 	cmpw    cr7,r24,r29
    5cc8:	7f e5 fb 78 	mr      r5,r31
    5ccc:	3b bd 00 01 	addi    r29,r29,1
    5cd0:	7f c6 f3 78 	mr      r6,r30
    5cd4:	7f 84 e3 78 	mr      r4,r28
    5cd8:	41 9d 00 30 	bgt     cr7,5d08 <_start+0x4bbc>
    5cdc:	81 19 00 0c 	lwz     r8,12(r25)
    5ce0:	7d 1f 41 d6 	mullw   r8,r31,r8
    5ce4:	2b 88 00 1f 	cmplwi  cr7,r8,31
    5ce8:	41 9d 00 08 	bgt     cr7,5cf0 <_start+0x4ba4>
    5cec:	39 00 00 20 	li      r8,32
    5cf0:	80 f9 00 10 	lwz     r7,16(r25)
    5cf4:	80 7a 00 1e 	lwz     r3,30(r26)
    5cf8:	7c ff 39 d6 	mullw   r7,r31,r7
    5cfc:	81 3b 00 66 	lwz     r9,102(r27)
    5d00:	81 59 00 04 	lwz     r10,4(r25)
    5d04:	48 00 1a 9d 	bl      77a0 <_start+0x6654>
    5d08:	7f e4 fb 78 	mr      r4,r31
    5d0c:	7f c5 f3 78 	mr      r5,r30
    5d10:	7f 63 db 78 	mr      r3,r27
    5d14:	3b 5a 00 04 	addi    r26,r26,4
    5d18:	48 00 1c 01 	bl      7918 <_start+0x67cc>
    5d1c:	2c 9f 00 01 	cmpwi   cr1,r31,1
    5d20:	2f 1e 00 01 	cmpwi   cr6,r30,1
    5d24:	7f 97 e8 00 	cmpw    cr7,r23,r29
    5d28:	7f 9c 1a 14 	add     r28,r28,r3
    5d2c:	41 86 00 08 	beq     cr1,5d34 <_start+0x4be8>
    5d30:	57 ff f8 7e 	srwi    r31,r31,1
    5d34:	41 9a 00 08 	beq     cr6,5d3c <_start+0x4bf0>
    5d38:	57 de f8 7e 	srwi    r30,r30,1
    5d3c:	40 9c ff 88 	bge     cr7,5cc4 <_start+0x4b78>
    5d40:	38 60 00 00 	li      r3,0
    5d44:	80 01 00 74 	lwz     r0,116(r1)
    5d48:	82 e1 00 4c 	lwz     r23,76(r1)
    5d4c:	7c 08 03 a6 	mtlr    r0
    5d50:	83 01 00 50 	lwz     r24,80(r1)
    5d54:	83 21 00 54 	lwz     r25,84(r1)
    5d58:	83 41 00 58 	lwz     r26,88(r1)
    5d5c:	83 61 00 5c 	lwz     r27,92(r1)
    5d60:	83 81 00 60 	lwz     r28,96(r1)
    5d64:	83 a1 00 64 	lwz     r29,100(r1)
    5d68:	83 c1 00 68 	lwz     r30,104(r1)
    5d6c:	83 e1 00 6c 	lwz     r31,108(r1)
    5d70:	38 21 00 70 	addi    r1,r1,112
    5d74:	4e 80 00 20 	blr
    5d78:	38 00 00 01 	li      r0,1
    5d7c:	b0 1b 00 12 	sth     r0,18(r27)
    5d80:	4b ff fe ec 	b       5c6c <_start+0x4b20>
    5d84:	80 bb 00 76 	lwz     r5,118(r27)
    5d88:	81 19 00 0c 	lwz     r8,12(r25)
    5d8c:	7d 05 41 d6 	mullw   r8,r5,r8
    5d90:	2b 88 00 1f 	cmplwi  cr7,r8,31
    5d94:	41 9d 00 08 	bgt     cr7,5d9c <_start+0x4c50>
    5d98:	39 00 00 20 	li      r8,32
    5d9c:	80 f9 00 10 	lwz     r7,16(r25)
    5da0:	3b 00 00 01 	li      r24,1
    5da4:	80 db 00 7e 	lwz     r6,126(r27)
    5da8:	7c e5 39 d6 	mullw   r7,r5,r7
    5dac:	81 3b 00 66 	lwz     r9,102(r27)
    5db0:	81 59 00 04 	lwz     r10,4(r25)
    5db4:	48 00 19 ed 	bl      77a0 <_start+0x6654>
    5db8:	4b ff fe f4 	b       5cac <_start+0x4b60>
    5dbc:	38 00 00 00 	li      r0,0
    5dc0:	90 1e 01 48 	stw     r0,328(r30)
    5dc4:	80 1e 01 4c 	lwz     r0,332(r30)
    5dc8:	7f 9b 00 00 	cmpw    cr7,r27,r0
    5dcc:	40 9e fe 60 	bne     cr7,5c2c <_start+0x4ae0>
    5dd0:	38 00 00 00 	li      r0,0
    5dd4:	90 1e 01 4c 	stw     r0,332(r30)
    5dd8:	80 1e 01 50 	lwz     r0,336(r30)
    5ddc:	7f 9b 00 00 	cmpw    cr7,r27,r0
    5de0:	40 9e fe 58 	bne     cr7,5c38 <_start+0x4aec>
    5de4:	38 00 00 00 	li      r0,0
    5de8:	90 1e 01 50 	stw     r0,336(r30)
    5dec:	80 1e 01 54 	lwz     r0,340(r30)
    5df0:	7f 9b 00 00 	cmpw    cr7,r27,r0
    5df4:	40 9e fe 50 	bne     cr7,5c44 <_start+0x4af8>
    5df8:	38 00 00 00 	li      r0,0
    5dfc:	90 1e 01 54 	stw     r0,340(r30)
    5e00:	80 1e 01 58 	lwz     r0,344(r30)
    5e04:	7f 9b 00 00 	cmpw    cr7,r27,r0
    5e08:	40 9e fe 48 	bne     cr7,5c50 <_start+0x4b04>
    5e0c:	38 00 00 00 	li      r0,0
    5e10:	90 1e 01 58 	stw     r0,344(r30)
    5e14:	80 1b 00 8e 	lwz     r0,142(r27)
    5e18:	2f 80 00 00 	cmpwi   cr7,r0,0
    5e1c:	7c 1f 03 78 	mr      r31,r0
    5e20:	40 9e fe 40 	bne     cr7,5c60 <_start+0x4b14>
    5e24:	3d 60 80 00 	lis     r11,-32768
    5e28:	39 20 00 01 	li      r9,1
    5e2c:	90 01 00 28 	stw     r0,40(r1)
    5e30:	61 6b 00 01 	ori     r11,r11,1
    5e34:	91 21 00 24 	stw     r9,36(r1)
    5e38:	38 80 00 3c 	li      r4,60
    5e3c:	91 61 00 08 	stw     r11,8(r1)
    5e40:	39 60 10 00 	li      r11,4096
    5e44:	91 61 00 0c 	stw     r11,12(r1)
    5e48:	3d 60 80 00 	lis     r11,-32768
    5e4c:	61 6b 00 03 	ori     r11,r11,3
    5e50:	91 21 00 14 	stw     r9,20(r1)
    5e54:	3d 20 00 02 	lis     r9,2
    5e58:	91 61 00 10 	stw     r11,16(r1)
    5e5c:	3d 60 80 00 	lis     r11,-32768
    5e60:	61 6b 00 06 	ori     r11,r11,6
    5e64:	90 01 00 1c 	stw     r0,28(r1)
    5e68:	91 61 00 18 	stw     r11,24(r1)
    5e6c:	3d 60 80 00 	lis     r11,-32768
    5e70:	61 6b 00 08 	ori     r11,r11,8
    5e74:	81 29 03 48 	lwz     r9,840(r9)
    5e78:	91 61 00 20 	stw     r11,32(r1)
    5e7c:	7d 23 4b 78 	mr      r3,r9
    5e80:	80 09 03 a8 	lwz     r0,936(r9)
    5e84:	7c 09 03 a6 	mtctr   r0
    5e88:	4e 80 04 21 	bctrl
    5e8c:	2f 83 00 00 	cmpwi   cr7,r3,0
    5e90:	7c 7f 1b 78 	mr      r31,r3
    5e94:	90 7b 00 8e 	stw     r3,142(r27)
    5e98:	41 9e 01 b0 	beq     cr7,6048 <_start+0x4efc>
    5e9c:	80 1e 00 00 	lwz     r0,0(r30)
    5ea0:	70 00 00 02 	andi.   r0,r0,2
    5ea4:	41 82 01 74 	beq     6018 <_start+0x4ecc>
    5ea8:	80 1e 00 0c 	lwz     r0,12(r30)
    5eac:	90 03 00 38 	stw     r0,56(r3)
    5eb0:	a8 19 00 08 	lha     r0,8(r25)
    5eb4:	2f 80 00 00 	cmpwi   cr7,r0,0
    5eb8:	40 9e 01 50 	bne     cr7,6008 <_start+0x4ebc>
    5ebc:	81 7f 00 04 	lwz     r11,4(r31)
    5ec0:	81 3b 00 76 	lwz     r9,118(r27)
    5ec4:	7d 29 00 34 	cntlzw  r9,r9
    5ec8:	80 1b 00 7e 	lwz     r0,126(r27)
    5ecc:	7c 00 00 34 	cntlzw  r0,r0
    5ed0:	7d 5c e8 2e 	lwzx    r10,r28,r29
    5ed4:	21 29 00 1f 	subfic  r9,r9,31
    5ed8:	20 00 00 1f 	subfic  r0,r0,31
    5edc:	55 29 40 2e 	slwi    r9,r9,8
    5ee0:	54 00 60 26 	slwi    r0,r0,12
    5ee4:	93 3f 00 1c 	stw     r25,28(r31)
    5ee8:	65 4a 80 00 	oris    r10,r10,32768
    5eec:	7d 4b 5b 78 	or      r11,r10,r11
    5ef0:	7d 69 4b 78 	or      r9,r11,r9
    5ef4:	7d 20 03 78 	or      r0,r9,r0
    5ef8:	90 1f 00 04 	stw     r0,4(r31)
    5efc:	38 00 00 00 	li      r0,0
    5f00:	90 1f 00 00 	stw     r0,0(r31)
    5f04:	38 00 ff ff 	li      r0,-1
    5f08:	90 1f 00 14 	stw     r0,20(r31)
    5f0c:	a8 1b 00 10 	lha     r0,16(r27)
    5f10:	2f 80 00 00 	cmpwi   cr7,r0,0
    5f14:	41 9e 01 0c 	beq     cr7,6020 <_start+0x4ed4>
    5f18:	81 3b 00 76 	lwz     r9,118(r27)
    5f1c:	80 1b 00 7e 	lwz     r0,126(r27)
    5f20:	2f 89 00 01 	cmpwi   cr7,r9,1
    5f24:	41 9e 00 fc 	beq     cr7,6020 <_start+0x4ed4>
    5f28:	2f 80 00 01 	cmpwi   cr7,r0,1
    5f2c:	41 9e 00 f4 	beq     cr7,6020 <_start+0x4ed4>
    5f30:	39 60 00 00 	li      r11,0
    5f34:	48 00 00 08 	b       5f3c <_start+0x4df0>
    5f38:	41 9a 00 1c 	beq     cr6,5f54 <_start+0x4e08>
    5f3c:	55 29 f8 7e 	srwi    r9,r9,1
    5f40:	54 00 f8 7e 	srwi    r0,r0,1
    5f44:	2f 89 00 01 	cmpwi   cr7,r9,1
    5f48:	2f 00 00 01 	cmpwi   cr6,r0,1
    5f4c:	39 6b 00 01 	addi    r11,r11,1
    5f50:	40 9e ff e8 	bne     cr7,5f38 <_start+0x4dec>
    5f54:	3c 00 43 30 	lis     r0,17200
    5f58:	91 7f 00 24 	stw     r11,36(r31)
    5f5c:	90 01 00 30 	stw     r0,48(r1)
    5f60:	81 3b 00 76 	lwz     r9,118(r27)
    5f64:	6d 29 80 00 	xoris   r9,r9,32768
    5f68:	91 21 00 34 	stw     r9,52(r1)
    5f6c:	3d 20 00 01 	lis     r9,1
    5f70:	c1 a9 63 ac 	lfs     f13,25516(r9)
    5f74:	3d 20 00 01 	lis     r9,1
    5f78:	c0 09 67 b0 	lfs     f0,26544(r9)
    5f7c:	c9 81 00 30 	lfd     f12,48(r1)
    5f80:	fd 8c 68 28 	fsub    f12,f12,f13
    5f84:	fd 80 60 18 	frsp    f12,f12
    5f88:	ed 80 60 24 	fdivs   f12,f0,f12
    5f8c:	d1 9f 00 28 	stfs    f12,40(r31)
    5f90:	90 01 00 38 	stw     r0,56(r1)
    5f94:	80 1b 00 7e 	lwz     r0,126(r27)
    5f98:	6c 00 80 00 	xoris   r0,r0,32768
    5f9c:	90 01 00 3c 	stw     r0,60(r1)
    5fa0:	c9 81 00 38 	lfd     f12,56(r1)
    5fa4:	fd ac 68 28 	fsub    f13,f12,f13
    5fa8:	fd a0 68 18 	frsp    f13,f13
    5fac:	ec 00 68 24 	fdivs   f0,f0,f13
    5fb0:	d0 1f 00 2c 	stfs    f0,44(r31)
    5fb4:	4b ff fc ac 	b       5c60 <_start+0x4b14>
    5fb8:	38 00 00 00 	li      r0,0
    5fbc:	90 1e 01 44 	stw     r0,324(r30)
    5fc0:	4b ff fc 54 	b       5c14 <_start+0x4ac8>
    5fc4:	7f 63 db 78 	mr      r3,r27
    5fc8:	4b ff fb 21 	bl      5ae8 <_start+0x499c>
    5fcc:	3d 20 00 02 	lis     r9,2
    5fd0:	38 a0 00 00 	li      r5,0
    5fd4:	81 29 03 48 	lwz     r9,840(r9)
    5fd8:	7c 64 1b 78 	mr      r4,r3
    5fdc:	7c 7e 1b 78 	mr      r30,r3
    5fe0:	80 09 00 70 	lwz     r0,112(r9)
    5fe4:	7d 23 4b 78 	mr      r3,r9
    5fe8:	7c 09 03 a6 	mtctr   r0
    5fec:	4e 80 04 21 	bctrl
    5ff0:	2f 83 00 00 	cmpwi   cr7,r3,0
    5ff4:	90 7b 00 6a 	stw     r3,106(r27)
    5ff8:	41 9e 00 50 	beq     cr7,6048 <_start+0x4efc>
    5ffc:	93 df 00 18 	stw     r30,24(r31)
    6000:	80 9b 00 6a 	lwz     r4,106(r27)
    6004:	4b ff fc 98 	b       5c9c <_start+0x4b50>
    6008:	38 00 00 40 	li      r0,64
    600c:	39 60 00 40 	li      r11,64
    6010:	90 1f 00 04 	stw     r0,4(r31)
    6014:	4b ff fe ac 	b       5ec0 <_start+0x4d74>
    6018:	90 03 00 38 	stw     r0,56(r3)
    601c:	4b ff fe 94 	b       5eb0 <_start+0x4d64>
    6020:	39 60 00 00 	li      r11,0
    6024:	4b ff ff 30 	b       5f54 <_start+0x4e08>
    6028:	39 20 00 01 	li      r9,1
    602c:	90 1b 00 6a 	stw     r0,106(r27)
    6030:	7f 63 db 78 	mr      r3,r27
    6034:	b1 3b 00 14 	sth     r9,20(r27)
    6038:	4b ff fa b1 	bl      5ae8 <_start+0x499c>
    603c:	90 7f 00 18 	stw     r3,24(r31)
    6040:	38 60 00 00 	li      r3,0
    6044:	4b ff fd 00 	b       5d44 <_start+0x4bf8>
    6048:	38 60 ff fd 	li      r3,-3
    604c:	4b ff fc f8 	b       5d44 <_start+0x4bf8>
    6050:	2c 03 00 00 	cmpwi   r3,0
    6054:	41 82 00 94 	beq     60e8 <_start+0x4f9c>
    6058:	81 23 00 00 	lwz     r9,0(r3)
    605c:	a8 03 00 44 	lha     r0,68(r3)
    6060:	2f 80 00 00 	cmpwi   cr7,r0,0
    6064:	40 9e 00 10 	bne     cr7,6074 <_start+0x4f28>
    6068:	a8 03 00 46 	lha     r0,70(r3)
    606c:	2f 80 00 00 	cmpwi   cr7,r0,0
    6070:	4d 9e 00 20 	beqlr   cr7
    6074:	81 43 00 14 	lwz     r10,20(r3)
    6078:	81 69 00 18 	lwz     r11,24(r9)
    607c:	38 0a 0f ff 	addi    r0,r10,4095
    6080:	54 00 00 26 	clrrwi  r0,r0,12
    6084:	90 0b 00 cc 	stw     r0,204(r11)
    6088:	81 69 00 18 	lwz     r11,24(r9)
    608c:	81 4b 00 0c 	lwz     r10,12(r11)
    6090:	65 4a 00 04 	oris    r10,r10,4
    6094:	91 4b 00 0c 	stw     r10,12(r11)
    6098:	81 63 00 34 	lwz     r11,52(r3)
    609c:	71 67 00 07 	andi.   r7,r11,7
    60a0:	41 82 00 0c 	beq     60ac <_start+0x4f60>
    60a4:	39 6b 00 08 	addi    r11,r11,8
    60a8:	55 6b 00 38 	clrrwi  r11,r11,3
    60ac:	81 09 07 bc 	lwz     r8,1980(r9)
    60b0:	55 6a 04 f8 	rlwinm  r10,r11,0,19,28
    60b4:	90 09 00 34 	stw     r0,52(r9)
    60b8:	65 40 00 08 	oris    r0,r10,8
    60bc:	71 07 20 00 	andi.   r7,r8,8192
    60c0:	91 69 00 38 	stw     r11,56(r9)
    60c4:	41 82 00 08 	beq     60cc <_start+0x4f80>
    60c8:	65 40 00 04 	oris    r0,r10,4
    60cc:	81 69 00 18 	lwz     r11,24(r9)
    60d0:	90 0b 00 d0 	stw     r0,208(r11)
    60d4:	81 29 00 18 	lwz     r9,24(r9)
    60d8:	80 09 00 0c 	lwz     r0,12(r9)
    60dc:	64 00 00 04 	oris    r0,r0,4
    60e0:	90 09 00 0c 	stw     r0,12(r9)
    60e4:	4e 80 00 20 	blr
    60e8:	39 20 00 00 	li      r9,0
    60ec:	4b ff ff 70 	b       605c <_start+0x4f10>
    60f0:	2c 05 00 00 	cmpwi   r5,0
    60f4:	94 21 ff e0 	stwu    r1,-32(r1)
    60f8:	7c 08 02 a6 	mflr    r0
    60fc:	7c 69 1b 78 	mr      r9,r3
    6100:	90 01 00 24 	stw     r0,36(r1)
    6104:	41 82 00 38 	beq     613c <_start+0x4ff0>
    6108:	c8 05 00 00 	lfd     f0,0(r5)
    610c:	38 c1 00 08 	addi    r6,r1,8
    6110:	7d 23 4b 78 	mr      r3,r9
    6114:	38 a0 00 00 	li      r5,0
    6118:	38 e0 00 00 	li      r7,0
    611c:	d8 01 00 08 	stfd    f0,8(r1)
    6120:	80 09 01 7c 	lwz     r0,380(r9)
    6124:	7c 09 03 a6 	mtctr   r0
    6128:	4e 80 04 21 	bctrl
    612c:	80 01 00 24 	lwz     r0,36(r1)
    6130:	38 21 00 20 	addi    r1,r1,32
    6134:	7c 08 03 a6 	mtlr    r0
    6138:	4e 80 00 20 	blr
    613c:	3d 60 00 01 	lis     r11,1
    6140:	38 c1 00 08 	addi    r6,r1,8
    6144:	c8 0b 69 00 	lfd     f0,26880(r11)
    6148:	7d 23 4b 78 	mr      r3,r9
    614c:	38 a0 00 00 	li      r5,0
    6150:	38 e0 00 00 	li      r7,0
    6154:	d8 01 00 08 	stfd    f0,8(r1)
    6158:	80 09 01 7c 	lwz     r0,380(r9)
    615c:	7c 09 03 a6 	mtctr   r0
    6160:	4e 80 04 21 	bctrl
    6164:	80 01 00 24 	lwz     r0,36(r1)
    6168:	38 21 00 20 	addi    r1,r1,32
    616c:	7c 08 03 a6 	mtlr    r0
    6170:	4e 80 00 20 	blr
    6174:	94 21 ff f0 	stwu    r1,-16(r1)
    6178:	7c 08 02 a6 	mflr    r0
    617c:	93 e1 00 0c 	stw     r31,12(r1)
    6180:	7c 9f 23 79 	mr.     r31,r4
    6184:	90 01 00 14 	stw     r0,20(r1)
    6188:	41 82 00 64 	beq     61ec <_start+0x50a0>
    618c:	81 7f 00 00 	lwz     r11,0(r31)
    6190:	a8 1f 00 44 	lha     r0,68(r31)
    6194:	38 60 ff e9 	li      r3,-23
    6198:	2f 80 00 00 	cmpwi   cr7,r0,0
    619c:	41 be 00 3c 	beq     cr7,61d8 <_start+0x508c>
    61a0:	3d 20 00 02 	lis     r9,2
    61a4:	80 cb 00 30 	lwz     r6,48(r11)
    61a8:	7f e4 fb 78 	mr      r4,r31
    61ac:	81 29 03 40 	lwz     r9,832(r9)
    61b0:	38 e0 00 01 	li      r7,1
    61b4:	80 bf 00 14 	lwz     r5,20(r31)
    61b8:	80 09 00 54 	lwz     r0,84(r9)
    61bc:	7d 23 4b 78 	mr      r3,r9
    61c0:	7c 09 03 a6 	mtctr   r0
    61c4:	4e 80 04 21 	bctrl
    61c8:	38 00 00 00 	li      r0,0
    61cc:	38 60 00 00 	li      r3,0
    61d0:	b0 1f 00 44 	sth     r0,68(r31)
    61d4:	90 1f 00 14 	stw     r0,20(r31)
    61d8:	80 01 00 14 	lwz     r0,20(r1)
    61dc:	83 e1 00 0c 	lwz     r31,12(r1)
    61e0:	38 21 00 10 	addi    r1,r1,16
    61e4:	7c 08 03 a6 	mtlr    r0
    61e8:	4e 80 00 20 	blr
    61ec:	39 60 00 00 	li      r11,0
    61f0:	4b ff ff a0 	b       6190 <_start+0x5044>
    61f4:	2c 04 00 00 	cmpwi   r4,0
    61f8:	39 20 00 00 	li      r9,0
    61fc:	41 82 00 08 	beq     6204 <_start+0x50b8>
    6200:	81 24 00 00 	lwz     r9,0(r4)
    6204:	2b 85 00 08 	cmplwi  cr7,r5,8
    6208:	81 69 00 18 	lwz     r11,24(r9)
    620c:	80 0b 00 2c 	lwz     r0,44(r11)
    6210:	54 00 07 30 	rlwinm  r0,r0,0,28,24
    6214:	40 9d 00 0c 	ble     cr7,6220 <_start+0x50d4>
    6218:	38 60 ff f3 	li      r3,-13
    621c:	4e 80 00 20 	blr
    6220:	3d 40 00 01 	lis     r10,1
    6224:	54 a5 10 3a 	slwi    r5,r5,2
    6228:	39 4a 68 d8 	addi    r10,r10,26840
    622c:	7d 0a 28 2e 	lwzx    r8,r10,r5
    6230:	7d 48 52 14 	add     r10,r8,r10
    6234:	7d 49 03 a6 	mtctr   r10
    6238:	4e 80 04 20 	bctr
    623c:	60 00 00 70 	ori     r0,r0,112
    6240:	90 0b 00 2c 	stw     r0,44(r11)
    6244:	38 60 00 00 	li      r3,0
    6248:	81 29 00 18 	lwz     r9,24(r9)
    624c:	80 09 00 0c 	lwz     r0,12(r9)
    6250:	60 00 00 04 	ori     r0,r0,4
    6254:	90 09 00 0c 	stw     r0,12(r9)
    6258:	4e 80 00 20 	blr
    625c:	60 00 00 10 	ori     r0,r0,16
    6260:	38 60 00 00 	li      r3,0
    6264:	90 0b 00 2c 	stw     r0,44(r11)
    6268:	81 29 00 18 	lwz     r9,24(r9)
    626c:	80 09 00 0c 	lwz     r0,12(r9)
    6270:	60 00 00 04 	ori     r0,r0,4
    6274:	90 09 00 0c 	stw     r0,12(r9)
    6278:	4e 80 00 20 	blr
    627c:	60 00 00 40 	ori     r0,r0,64
    6280:	38 60 00 00 	li      r3,0
    6284:	90 0b 00 2c 	stw     r0,44(r11)
    6288:	81 29 00 18 	lwz     r9,24(r9)
    628c:	80 09 00 0c 	lwz     r0,12(r9)
    6290:	60 00 00 04 	ori     r0,r0,4
    6294:	90 09 00 0c 	stw     r0,12(r9)
    6298:	4e 80 00 20 	blr
    629c:	60 00 00 20 	ori     r0,r0,32
    62a0:	38 60 00 00 	li      r3,0
    62a4:	90 0b 00 2c 	stw     r0,44(r11)
    62a8:	81 29 00 18 	lwz     r9,24(r9)
    62ac:	80 09 00 0c 	lwz     r0,12(r9)
    62b0:	60 00 00 04 	ori     r0,r0,4
    62b4:	90 09 00 0c 	stw     r0,12(r9)
    62b8:	4e 80 00 20 	blr
    62bc:	60 00 00 50 	ori     r0,r0,80
    62c0:	38 60 00 00 	li      r3,0
    62c4:	90 0b 00 2c 	stw     r0,44(r11)
    62c8:	81 29 00 18 	lwz     r9,24(r9)
    62cc:	80 09 00 0c 	lwz     r0,12(r9)
    62d0:	60 00 00 04 	ori     r0,r0,4
    62d4:	90 09 00 0c 	stw     r0,12(r9)
    62d8:	4e 80 00 20 	blr
    62dc:	60 00 00 60 	ori     r0,r0,96
    62e0:	38 60 00 00 	li      r3,0
    62e4:	90 0b 00 2c 	stw     r0,44(r11)
    62e8:	81 29 00 18 	lwz     r9,24(r9)
    62ec:	80 09 00 0c 	lwz     r0,12(r9)
    62f0:	60 00 00 04 	ori     r0,r0,4
    62f4:	90 09 00 0c 	stw     r0,12(r9)
    62f8:	4e 80 00 20 	blr
    62fc:	60 00 00 30 	ori     r0,r0,48
    6300:	38 60 00 00 	li      r3,0
    6304:	90 0b 00 2c 	stw     r0,44(r11)
    6308:	81 29 00 18 	lwz     r9,24(r9)
    630c:	80 09 00 0c 	lwz     r0,12(r9)
    6310:	60 00 00 04 	ori     r0,r0,4
    6314:	90 09 00 0c 	stw     r0,12(r9)
    6318:	4e 80 00 20 	blr
    631c:	94 21 ff c0 	stwu    r1,-64(r1)
    6320:	7c 08 02 a6 	mflr    r0
    6324:	93 e1 00 3c 	stw     r31,60(r1)
    6328:	7c 9f 23 79 	mr.     r31,r4
    632c:	93 c1 00 38 	stw     r30,56(r1)
    6330:	7c 7e 1b 78 	mr      r30,r3
    6334:	90 01 00 44 	stw     r0,68(r1)
    6338:	93 81 00 30 	stw     r28,48(r1)
    633c:	93 a1 00 34 	stw     r29,52(r1)
    6340:	41 82 01 50 	beq     6490 <_start+0x5344>
    6344:	81 3f 00 00 	lwz     r9,0(r31)
    6348:	80 1f 00 34 	lwz     r0,52(r31)
    634c:	83 a9 00 34 	lwz     r29,52(r9)
    6350:	7f 85 00 40 	cmplw   cr7,r5,r0
    6354:	83 89 00 38 	lwz     r28,56(r9)
    6358:	41 9d 01 14 	bgt     cr7,646c <_start+0x5320>
    635c:	80 1f 00 38 	lwz     r0,56(r31)
    6360:	7f 86 00 40 	cmplw   cr7,r6,r0
    6364:	41 9d 01 08 	bgt     cr7,646c <_start+0x5320>
    6368:	a9 3f 00 48 	lha     r9,72(r31)
    636c:	38 00 00 00 	li      r0,0
    6370:	2f 89 00 00 	cmpwi   cr7,r9,0
    6374:	41 9e 01 3c 	beq     cr7,64b0 <_start+0x5364>
    6378:	54 ab 1e f6 	rlwinm  r11,r5,3,27,27
    637c:	54 a9 17 7a 	rlwinm  r9,r5,2,29,29
    6380:	c8 07 00 00 	lfd     f0,0(r7)
    6384:	7d 69 4b 78 	or      r9,r11,r9
    6388:	3d 60 00 01 	lis     r11,1
    638c:	c1 ab 68 fc 	lfs     f13,26876(r11)
    6390:	3d 60 00 01 	lis     r11,1
    6394:	54 ca e6 be 	rlwinm  r10,r6,28,26,31
    6398:	57 9c de 7e 	rlwinm  r28,r28,27,25,31
    639c:	7f 8a e1 d6 	mullw   r28,r10,r28
    63a0:	fc 0d 00 32 	fmul    f0,f13,f0
    63a4:	c1 ab 64 c0 	lfs     f13,25792(r11)
    63a8:	54 ab 35 ee 	rlwinm  r11,r5,6,23,23
    63ac:	7d 29 5b 78 	or      r9,r9,r11
    63b0:	54 ab 1e 72 	rlwinm  r11,r5,3,25,25
    63b4:	7d 29 5b 78 	or      r9,r9,r11
    63b8:	54 ab 1e 30 	rlwinm  r11,r5,3,24,24
    63bc:	7d 29 5b 78 	or      r9,r9,r11
    63c0:	ff 80 68 00 	fcmpu   cr7,f0,f13
    63c4:	54 cb 1f 38 	rlwinm  r11,r6,3,28,28
    63c8:	7d 29 5b 78 	or      r9,r9,r11
    63cc:	54 cb 26 b4 	rlwinm  r11,r6,4,26,26
    63d0:	7d 29 5b 78 	or      r9,r9,r11
    63d4:	54 a5 de fe 	rlwinm  r5,r5,27,27,31
    63d8:	54 cb 3d ac 	rlwinm  r11,r6,7,22,22
    63dc:	7c bc 2a 14 	add     r5,r28,r5
    63e0:	7d 29 5b 78 	or      r9,r9,r11
    63e4:	54 c6 3d 6a 	rlwinm  r6,r6,7,21,21
    63e8:	7d 26 33 78 	or      r6,r9,r6
    63ec:	54 a9 5d 28 	rlwinm  r9,r5,11,20,20
    63f0:	4f dd f3 82 	cror    4*cr7+eq,4*cr7+gt,4*cr7+eq
    63f4:	7c c6 4b 78 	or      r6,r6,r9
    63f8:	54 a5 59 e6 	rlwinm  r5,r5,11,7,19
    63fc:	7c c6 2a 14 	add     r6,r6,r5
    6400:	7d 7d 30 2e 	lwzx    r11,r29,r6
    6404:	55 6b 00 0e 	clrrwi  r11,r11,24
    6408:	41 9e 00 90 	beq     cr7,6498 <_start+0x534c>
    640c:	fc 00 00 1e 	fctiwz  f0,f0
    6410:	d8 01 00 08 	stfd    f0,8(r1)
    6414:	81 21 00 0c 	lwz     r9,12(r1)
    6418:	7d 69 4b 78 	or      r9,r11,r9
    641c:	7d 3d 31 2e 	stwx    r9,r29,r6
    6420:	7c 00 04 ac 	hwsync
    6424:	7c 00 06 ac 	eieio
    6428:	2f 80 00 00 	cmpwi   cr7,r0,0
    642c:	38 60 00 00 	li      r3,0
    6430:	41 be 00 40 	beq     cr7,6470 <_start+0x5324>
    6434:	80 1e 00 f0 	lwz     r0,240(r30)
    6438:	7f c3 f3 78 	mr      r3,r30
    643c:	7f e4 fb 78 	mr      r4,r31
    6440:	7c 09 03 a6 	mtctr   r0
    6444:	4e 80 04 21 	bctrl
    6448:	80 01 00 44 	lwz     r0,68(r1)
    644c:	38 60 00 00 	li      r3,0
    6450:	83 81 00 30 	lwz     r28,48(r1)
    6454:	7c 08 03 a6 	mtlr    r0
    6458:	83 a1 00 34 	lwz     r29,52(r1)
    645c:	83 c1 00 38 	lwz     r30,56(r1)
    6460:	83 e1 00 3c 	lwz     r31,60(r1)
    6464:	38 21 00 40 	addi    r1,r1,64
    6468:	4e 80 00 20 	blr
    646c:	38 60 ff f7 	li      r3,-9
    6470:	80 01 00 44 	lwz     r0,68(r1)
    6474:	83 81 00 30 	lwz     r28,48(r1)
    6478:	7c 08 03 a6 	mtlr    r0
    647c:	83 a1 00 34 	lwz     r29,52(r1)
    6480:	83 c1 00 38 	lwz     r30,56(r1)
    6484:	83 e1 00 3c 	lwz     r31,60(r1)
    6488:	38 21 00 40 	addi    r1,r1,64
    648c:	4e 80 00 20 	blr
    6490:	39 20 00 00 	li      r9,0
    6494:	4b ff fe b4 	b       6348 <_start+0x51fc>
    6498:	fc 00 68 28 	fsub    f0,f0,f13
    649c:	fc 00 00 1e 	fctiwz  f0,f0
    64a0:	d8 01 00 10 	stfd    f0,16(r1)
    64a4:	81 21 00 14 	lwz     r9,20(r1)
    64a8:	3d 29 80 00 	addis   r9,r9,-32768
    64ac:	4b ff ff 6c 	b       6418 <_start+0x52cc>
    64b0:	80 1e 00 ec 	lwz     r0,236(r30)
    64b4:	7f c3 f3 78 	mr      r3,r30
    64b8:	7f e4 fb 78 	mr      r4,r31
    64bc:	90 a1 00 18 	stw     r5,24(r1)
    64c0:	90 c1 00 1c 	stw     r6,28(r1)
    64c4:	7c 09 03 a6 	mtctr   r0
    64c8:	90 e1 00 20 	stw     r7,32(r1)
    64cc:	4e 80 04 21 	bctrl
    64d0:	38 00 00 01 	li      r0,1
    64d4:	80 e1 00 20 	lwz     r7,32(r1)
    64d8:	80 c1 00 1c 	lwz     r6,28(r1)
    64dc:	80 a1 00 18 	lwz     r5,24(r1)
    64e0:	4b ff fe 98 	b       6378 <_start+0x522c>
    64e4:	94 21 ff e0 	stwu    r1,-32(r1)
    64e8:	7c 08 02 a6 	mflr    r0
    64ec:	7c 69 1b 78 	mr      r9,r3
    64f0:	93 e1 00 1c 	stw     r31,28(r1)
    64f4:	7c 9f 23 79 	mr.     r31,r4
    64f8:	90 01 00 24 	stw     r0,36(r1)
    64fc:	93 a1 00 14 	stw     r29,20(r1)
    6500:	93 c1 00 18 	stw     r30,24(r1)
    6504:	41 82 01 54 	beq     6658 <_start+0x550c>
    6508:	83 df 00 00 	lwz     r30,0(r31)
    650c:	81 7e 07 bc 	lwz     r11,1980(r30)
    6510:	a9 5f 00 44 	lha     r10,68(r31)
    6514:	55 6b 90 1a 	slwi    r11,r11,18
    6518:	83 bf 00 38 	lwz     r29,56(r31)
    651c:	80 1f 00 34 	lwz     r0,52(r31)
    6520:	7d 6b fe 70 	srawi   r11,r11,31
    6524:	2f 8a 00 00 	cmpwi   cr7,r10,0
    6528:	55 6b 00 3c 	clrrwi  r11,r11,1
    652c:	7f bd 01 d6 	mullw   r29,r29,r0
    6530:	39 6b 00 04 	addi    r11,r11,4
    6534:	7f ab e9 d6 	mullw   r29,r11,r29
    6538:	3b bd 0f ff 	addi    r29,r29,4095
    653c:	41 9e 00 28 	beq     cr7,6564 <_start+0x5418>
    6540:	80 1e 00 30 	lwz     r0,48(r30)
    6544:	38 60 00 00 	li      r3,0
    6548:	7f 80 e8 00 	cmpw    cr7,r0,r29
    654c:	41 9e 00 f0 	beq     cr7,663c <_start+0x54f0>
    6550:	80 09 00 90 	lwz     r0,144(r9)
    6554:	7d 23 4b 78 	mr      r3,r9
    6558:	7f e4 fb 78 	mr      r4,r31
    655c:	7c 09 03 a6 	mtctr   r0
    6560:	4e 80 04 21 	bctrl
    6564:	3d 20 00 02 	lis     r9,2
    6568:	7f e4 fb 78 	mr      r4,r31
    656c:	81 29 03 40 	lwz     r9,832(r9)
    6570:	7f a5 eb 78 	mr      r5,r29
    6574:	38 c0 00 01 	li      r6,1
    6578:	80 09 00 4c 	lwz     r0,76(r9)
    657c:	7d 23 4b 78 	mr      r3,r9
    6580:	7c 09 03 a6 	mtctr   r0
    6584:	4e 80 04 21 	bctrl
    6588:	2f 83 00 00 	cmpwi   cr7,r3,0
    658c:	90 7f 00 14 	stw     r3,20(r31)
    6590:	38 60 ff f8 	li      r3,-8
    6594:	41 9e 00 a8 	beq     cr7,663c <_start+0x54f0>
    6598:	93 be 00 30 	stw     r29,48(r30)
    659c:	38 00 00 01 	li      r0,1
    65a0:	b0 1f 00 44 	sth     r0,68(r31)
    65a4:	81 3f 00 00 	lwz     r9,0(r31)
    65a8:	81 5f 00 14 	lwz     r10,20(r31)
    65ac:	81 69 00 18 	lwz     r11,24(r9)
    65b0:	38 0a 0f ff 	addi    r0,r10,4095
    65b4:	54 00 00 26 	clrrwi  r0,r0,12
    65b8:	90 0b 00 cc 	stw     r0,204(r11)
    65bc:	81 69 00 18 	lwz     r11,24(r9)
    65c0:	81 4b 00 0c 	lwz     r10,12(r11)
    65c4:	65 4a 00 04 	oris    r10,r10,4
    65c8:	91 4b 00 0c 	stw     r10,12(r11)
    65cc:	81 7f 00 34 	lwz     r11,52(r31)
    65d0:	71 67 00 07 	andi.   r7,r11,7
    65d4:	41 82 00 0c 	beq     65e0 <_start+0x5494>
    65d8:	39 6b 00 08 	addi    r11,r11,8
    65dc:	55 6b 00 38 	clrrwi  r11,r11,3
    65e0:	81 09 07 bc 	lwz     r8,1980(r9)
    65e4:	55 6a 04 f8 	rlwinm  r10,r11,0,19,28
    65e8:	90 09 00 34 	stw     r0,52(r9)
    65ec:	65 40 00 08 	oris    r0,r10,8
    65f0:	71 07 20 00 	andi.   r7,r8,8192
    65f4:	91 69 00 38 	stw     r11,56(r9)
    65f8:	41 82 00 08 	beq     6600 <_start+0x54b4>
    65fc:	65 40 00 04 	oris    r0,r10,4
    6600:	81 69 00 18 	lwz     r11,24(r9)
    6604:	38 60 00 00 	li      r3,0
    6608:	90 0b 00 d0 	stw     r0,208(r11)
    660c:	81 29 00 18 	lwz     r9,24(r9)
    6610:	80 09 00 0c 	lwz     r0,12(r9)
    6614:	64 00 00 04 	oris    r0,r0,4
    6618:	90 09 00 0c 	stw     r0,12(r9)
    661c:	81 3e 00 18 	lwz     r9,24(r30)
    6620:	80 09 00 2c 	lwz     r0,44(r9)
    6624:	64 00 40 00 	oris    r0,r0,16384
    6628:	90 09 00 2c 	stw     r0,44(r9)
    662c:	81 3e 00 18 	lwz     r9,24(r30)
    6630:	80 09 00 0c 	lwz     r0,12(r9)
    6634:	60 00 00 04 	ori     r0,r0,4
    6638:	90 09 00 0c 	stw     r0,12(r9)
    663c:	80 01 00 24 	lwz     r0,36(r1)
    6640:	83 a1 00 14 	lwz     r29,20(r1)
    6644:	7c 08 03 a6 	mtlr    r0
    6648:	83 c1 00 18 	lwz     r30,24(r1)
    664c:	83 e1 00 1c 	lwz     r31,28(r1)
    6650:	38 21 00 20 	addi    r1,r1,32
    6654:	4e 80 00 20 	blr
    6658:	3b c0 00 00 	li      r30,0
    665c:	4b ff fe b0 	b       650c <_start+0x53c0>
    6660:	94 21 ff d0 	stwu    r1,-48(r1)
    6664:	7c 08 02 a6 	mflr    r0
    6668:	93 e1 00 2c 	stw     r31,44(r1)
    666c:	7c 9f 23 79 	mr.     r31,r4
    6670:	93 c1 00 28 	stw     r30,40(r1)
    6674:	7c 7e 1b 78 	mr      r30,r3
    6678:	90 01 00 34 	stw     r0,52(r1)
    667c:	93 81 00 20 	stw     r28,32(r1)
    6680:	93 a1 00 24 	stw     r29,36(r1)
    6684:	41 82 01 6c 	beq     67f0 <_start+0x56a4>
    6688:	83 bf 00 00 	lwz     r29,0(r31)
    668c:	80 1f 00 34 	lwz     r0,52(r31)
    6690:	7f 80 28 40 	cmplw   cr7,r0,r5
    6694:	41 9c 01 38 	blt     cr7,67cc <_start+0x5680>
    6698:	80 1f 00 38 	lwz     r0,56(r31)
    669c:	7f 80 30 40 	cmplw   cr7,r0,r6
    66a0:	41 9c 01 2c 	blt     cr7,67cc <_start+0x5680>
    66a4:	a8 1f 00 48 	lha     r0,72(r31)
    66a8:	39 80 00 00 	li      r12,0
    66ac:	2f 80 00 00 	cmpwi   cr7,r0,0
    66b0:	41 9e 01 48 	beq     cr7,67f8 <_start+0x56ac>
    66b4:	2f 87 00 00 	cmpwi   cr7,r7,0
    66b8:	41 9e 00 d0 	beq     cr7,6788 <_start+0x563c>
    66bc:	54 c0 1f 38 	rlwinm  r0,r6,3,28,28
    66c0:	54 c3 26 b4 	rlwinm  r3,r6,4,26,26
    66c4:	7c e9 03 a6 	mtctr   r7
    66c8:	7c 63 03 78 	or      r3,r3,r0
    66cc:	3d 20 00 01 	lis     r9,1
    66d0:	54 c0 3d ac 	rlwinm  r0,r6,7,22,22
    66d4:	c1 89 63 a4 	lfs     f12,25508(r9)
    66d8:	3d 20 00 01 	lis     r9,1
    66dc:	7c 63 03 78 	or      r3,r3,r0
    66e0:	54 c0 3d 6a 	rlwinm  r0,r6,7,21,21
    66e4:	c1 a9 68 fc 	lfs     f13,26876(r9)
    66e8:	7c 63 03 78 	or      r3,r3,r0
    66ec:	54 c6 e6 be 	rlwinm  r6,r6,28,26,31
    66f0:	39 20 00 00 	li      r9,0
    66f4:	3f 80 43 30 	lis     r28,17200
    66f8:	7c 09 2a 14 	add     r0,r9,r5
    66fc:	81 7d 00 38 	lwz     r11,56(r29)
    6700:	54 07 17 7a 	rlwinm  r7,r0,2,29,29
    6704:	54 0a 1e f6 	rlwinm  r10,r0,3,27,27
    6708:	7c ea 53 78 	or      r10,r7,r10
    670c:	55 6b de 7e 	rlwinm  r11,r11,27,25,31
    6710:	54 07 35 ee 	rlwinm  r7,r0,6,23,23
    6714:	7d 66 59 d6 	mullw   r11,r6,r11
    6718:	7d 4a 1b 78 	or      r10,r10,r3
    671c:	54 04 de fe 	rlwinm  r4,r0,27,27,31
    6720:	7d 4a 3b 78 	or      r10,r10,r7
    6724:	54 07 1e 72 	rlwinm  r7,r0,3,25,25
    6728:	7d 64 5a 14 	add     r11,r4,r11
    672c:	7d 4a 3b 78 	or      r10,r10,r7
    6730:	54 00 1e 30 	rlwinm  r0,r0,3,24,24
    6734:	7d 40 03 78 	or      r0,r10,r0
    6738:	55 6a 5d 28 	rlwinm  r10,r11,11,20,20
    673c:	7c 00 53 78 	or      r0,r0,r10
    6740:	55 6b 59 e6 	rlwinm  r11,r11,11,7,19
    6744:	81 5d 00 34 	lwz     r10,52(r29)
    6748:	7d 60 5a 14 	add     r11,r0,r11
    674c:	7c 00 04 ac 	hwsync
    6750:	7c 00 06 ac 	eieio
    6754:	7c 0a 58 2e 	lwzx    r0,r10,r11
    6758:	7c 00 04 ac 	hwsync
    675c:	7c 00 06 ac 	eieio
    6760:	54 00 02 3e 	clrlwi  r0,r0,8
    6764:	93 81 00 08 	stw     r28,8(r1)
    6768:	39 29 00 01 	addi    r9,r9,1
    676c:	90 01 00 0c 	stw     r0,12(r1)
    6770:	c8 01 00 08 	lfd     f0,8(r1)
    6774:	fc 00 60 28 	fsub    f0,f0,f12
    6778:	fc 00 68 24 	fdiv    f0,f0,f13
    677c:	d8 08 00 00 	stfd    f0,0(r8)
    6780:	39 08 00 08 	addi    r8,r8,8
    6784:	42 00 ff 74 	bdnz    66f8 <_start+0x55ac>
    6788:	2f 8c 00 00 	cmpwi   cr7,r12,0
    678c:	38 60 00 00 	li      r3,0
    6790:	41 be 00 40 	beq     cr7,67d0 <_start+0x5684>
    6794:	80 1e 00 f0 	lwz     r0,240(r30)
    6798:	7f c3 f3 78 	mr      r3,r30
    679c:	7f e4 fb 78 	mr      r4,r31
    67a0:	7c 09 03 a6 	mtctr   r0
    67a4:	4e 80 04 21 	bctrl
    67a8:	80 01 00 34 	lwz     r0,52(r1)
    67ac:	38 60 00 00 	li      r3,0
    67b0:	83 81 00 20 	lwz     r28,32(r1)
    67b4:	7c 08 03 a6 	mtlr    r0
    67b8:	83 a1 00 24 	lwz     r29,36(r1)
    67bc:	83 c1 00 28 	lwz     r30,40(r1)
    67c0:	83 e1 00 2c 	lwz     r31,44(r1)
    67c4:	38 21 00 30 	addi    r1,r1,48
    67c8:	4e 80 00 20 	blr
    67cc:	38 60 ff f7 	li      r3,-9
    67d0:	80 01 00 34 	lwz     r0,52(r1)
    67d4:	83 81 00 20 	lwz     r28,32(r1)
    67d8:	7c 08 03 a6 	mtlr    r0
    67dc:	83 a1 00 24 	lwz     r29,36(r1)
    67e0:	83 c1 00 28 	lwz     r30,40(r1)
    67e4:	83 e1 00 2c 	lwz     r31,44(r1)
    67e8:	38 21 00 30 	addi    r1,r1,48
    67ec:	4e 80 00 20 	blr
    67f0:	3b a0 00 00 	li      r29,0
    67f4:	4b ff fe 98 	b       668c <_start+0x5540>
    67f8:	80 1e 00 ec 	lwz     r0,236(r30)
    67fc:	7f c3 f3 78 	mr      r3,r30
    6800:	7f e4 fb 78 	mr      r4,r31
    6804:	90 a1 00 10 	stw     r5,16(r1)
    6808:	90 c1 00 14 	stw     r6,20(r1)
    680c:	7c 09 03 a6 	mtctr   r0
    6810:	90 e1 00 18 	stw     r7,24(r1)
    6814:	91 01 00 1c 	stw     r8,28(r1)
    6818:	4e 80 04 21 	bctrl
    681c:	39 80 00 01 	li      r12,1
    6820:	81 01 00 1c 	lwz     r8,28(r1)
    6824:	80 e1 00 18 	lwz     r7,24(r1)
    6828:	80 c1 00 14 	lwz     r6,20(r1)
    682c:	80 a1 00 10 	lwz     r5,16(r1)
    6830:	4b ff fe 84 	b       66b4 <_start+0x5568>
    6834:	94 21 ff b0 	stwu    r1,-80(r1)
    6838:	7c 08 02 a6 	mflr    r0
    683c:	93 e1 00 4c 	stw     r31,76(r1)
    6840:	7c 9f 23 79 	mr.     r31,r4
    6844:	93 c1 00 48 	stw     r30,72(r1)
    6848:	7c 7e 1b 78 	mr      r30,r3
    684c:	90 01 00 54 	stw     r0,84(r1)
    6850:	93 41 00 38 	stw     r26,56(r1)
    6854:	93 61 00 3c 	stw     r27,60(r1)
    6858:	93 81 00 40 	stw     r28,64(r1)
    685c:	93 a1 00 44 	stw     r29,68(r1)
    6860:	41 82 01 b8 	beq     6a18 <_start+0x58cc>
    6864:	83 bf 00 00 	lwz     r29,0(r31)
    6868:	80 1f 00 34 	lwz     r0,52(r31)
    686c:	7f 80 28 40 	cmplw   cr7,r0,r5
    6870:	41 9c 01 64 	blt     cr7,69d4 <_start+0x5888>
    6874:	80 1f 00 38 	lwz     r0,56(r31)
    6878:	7f 80 30 40 	cmplw   cr7,r0,r6
    687c:	41 9c 01 58 	blt     cr7,69d4 <_start+0x5888>
    6880:	a8 1f 00 48 	lha     r0,72(r31)
    6884:	3b 60 00 00 	li      r27,0
    6888:	2f 80 00 00 	cmpwi   cr7,r0,0
    688c:	41 9e 01 94 	beq     cr7,6a20 <_start+0x58d4>
    6890:	2f 87 00 00 	cmpwi   cr7,r7,0
    6894:	41 9e 00 f4 	beq     cr7,6988 <_start+0x583c>
    6898:	54 c0 1f 38 	rlwinm  r0,r6,3,28,28
    689c:	54 dc 26 b4 	rlwinm  r28,r6,4,26,26
    68a0:	7c e9 03 a6 	mtctr   r7
    68a4:	7f 9c 03 78 	or      r28,r28,r0
    68a8:	54 c0 3d ac 	rlwinm  r0,r6,7,22,22
    68ac:	7f 9c 03 78 	or      r28,r28,r0
    68b0:	3d 80 00 01 	lis     r12,1
    68b4:	54 c0 3d 6a 	rlwinm  r0,r6,7,21,21
    68b8:	3c 60 00 01 	lis     r3,1
    68bc:	7f 9c 03 78 	or      r28,r28,r0
    68c0:	39 8c 68 fc 	addi    r12,r12,26876
    68c4:	38 63 64 c0 	addi    r3,r3,25792
    68c8:	54 c6 e6 be 	rlwinm  r6,r6,28,26,31
    68cc:	39 60 00 00 	li      r11,0
    68d0:	48 00 00 0c 	b       68dc <_start+0x5790>
    68d4:	39 6b 00 01 	addi    r11,r11,1
    68d8:	42 40 00 b0 	bdz     6988 <_start+0x583c>
    68dc:	7c 09 58 ae 	lbzx    r0,r9,r11
    68e0:	2f 80 00 00 	cmpwi   cr7,r0,0
    68e4:	41 9e ff f0 	beq     cr7,68d4 <_start+0x5788>
    68e8:	c1 8c 00 00 	lfs     f12,0(r12)
    68ec:	7c 0b 2a 14 	add     r0,r11,r5
    68f0:	c8 08 00 00 	lfd     f0,0(r8)
    68f4:	54 04 17 7a 	rlwinm  r4,r0,2,29,29
    68f8:	54 07 1e f6 	rlwinm  r7,r0,3,27,27
    68fc:	c1 a3 00 00 	lfs     f13,0(r3)
    6900:	7c 87 3b 78 	or      r7,r4,r7
    6904:	54 04 35 ee 	rlwinm  r4,r0,6,23,23
    6908:	81 5d 00 38 	lwz     r10,56(r29)
    690c:	7c e7 e3 78 	or      r7,r7,r28
    6910:	54 1a de fe 	rlwinm  r26,r0,27,27,31
    6914:	fc 0c 00 32 	fmul    f0,f12,f0
    6918:	7c e7 23 78 	or      r7,r7,r4
    691c:	54 04 1e 72 	rlwinm  r4,r0,3,25,25
    6920:	55 4a de 7e 	rlwinm  r10,r10,27,25,31
    6924:	7c e7 23 78 	or      r7,r7,r4
    6928:	7d 46 51 d6 	mullw   r10,r6,r10
    692c:	54 00 1e 30 	rlwinm  r0,r0,3,24,24
    6930:	ff 80 68 00 	fcmpu   cr7,f0,f13
    6934:	7c e0 03 78 	or      r0,r7,r0
    6938:	7d 5a 52 14 	add     r10,r26,r10
    693c:	55 47 5d 28 	rlwinm  r7,r10,11,20,20
    6940:	7c 00 3b 78 	or      r0,r0,r7
    6944:	55 47 59 e6 	rlwinm  r7,r10,11,7,19
    6948:	81 5d 00 34 	lwz     r10,52(r29)
    694c:	7c 00 3a 14 	add     r0,r0,r7
    6950:	4f dd f3 82 	cror    4*cr7+eq,4*cr7+gt,4*cr7+eq
    6954:	7c 8a 00 2e 	lwzx    r4,r10,r0
    6958:	54 84 00 0e 	clrrwi  r4,r4,24
    695c:	41 9e 00 a4 	beq     cr7,6a00 <_start+0x58b4>
    6960:	fc 00 00 1e 	fctiwz  f0,f0
    6964:	d8 01 00 08 	stfd    f0,8(r1)
    6968:	80 e1 00 0c 	lwz     r7,12(r1)
    696c:	7c 87 3b 78 	or      r7,r4,r7
    6970:	7c ea 01 2e 	stwx    r7,r10,r0
    6974:	7c 00 04 ac 	hwsync
    6978:	7c 00 06 ac 	eieio
    697c:	39 08 00 08 	addi    r8,r8,8
    6980:	39 6b 00 01 	addi    r11,r11,1
    6984:	42 00 ff 58 	bdnz    68dc <_start+0x5790>
    6988:	2f 9b 00 00 	cmpwi   cr7,r27,0
    698c:	38 60 00 00 	li      r3,0
    6990:	41 be 00 48 	beq     cr7,69d8 <_start+0x588c>
    6994:	80 1e 00 f0 	lwz     r0,240(r30)
    6998:	7f c3 f3 78 	mr      r3,r30
    699c:	7f e4 fb 78 	mr      r4,r31
    69a0:	7c 09 03 a6 	mtctr   r0
    69a4:	4e 80 04 21 	bctrl
    69a8:	80 01 00 54 	lwz     r0,84(r1)
    69ac:	38 60 00 00 	li      r3,0
    69b0:	83 41 00 38 	lwz     r26,56(r1)
    69b4:	7c 08 03 a6 	mtlr    r0
    69b8:	83 61 00 3c 	lwz     r27,60(r1)
    69bc:	83 81 00 40 	lwz     r28,64(r1)
    69c0:	83 a1 00 44 	lwz     r29,68(r1)
    69c4:	83 c1 00 48 	lwz     r30,72(r1)
    69c8:	83 e1 00 4c 	lwz     r31,76(r1)
    69cc:	38 21 00 50 	addi    r1,r1,80
    69d0:	4e 80 00 20 	blr
    69d4:	38 60 ff f7 	li      r3,-9
    69d8:	80 01 00 54 	lwz     r0,84(r1)
    69dc:	83 41 00 38 	lwz     r26,56(r1)
    69e0:	7c 08 03 a6 	mtlr    r0
    69e4:	83 61 00 3c 	lwz     r27,60(r1)
    69e8:	83 81 00 40 	lwz     r28,64(r1)
    69ec:	83 a1 00 44 	lwz     r29,68(r1)
    69f0:	83 c1 00 48 	lwz     r30,72(r1)
    69f4:	83 e1 00 4c 	lwz     r31,76(r1)
    69f8:	38 21 00 50 	addi    r1,r1,80
    69fc:	4e 80 00 20 	blr
    6a00:	fc 00 68 28 	fsub    f0,f0,f13
    6a04:	fc 00 00 1e 	fctiwz  f0,f0
    6a08:	d8 01 00 10 	stfd    f0,16(r1)
    6a0c:	80 e1 00 14 	lwz     r7,20(r1)
    6a10:	3c e7 80 00 	addis   r7,r7,-32768
    6a14:	4b ff ff 58 	b       696c <_start+0x5820>
    6a18:	3b a0 00 00 	li      r29,0
    6a1c:	4b ff fe 4c 	b       6868 <_start+0x571c>
    6a20:	80 1e 00 ec 	lwz     r0,236(r30)
    6a24:	7f c3 f3 78 	mr      r3,r30
    6a28:	7f e4 fb 78 	mr      r4,r31
    6a2c:	90 a1 00 18 	stw     r5,24(r1)
    6a30:	3b 60 00 01 	li      r27,1
    6a34:	90 c1 00 1c 	stw     r6,28(r1)
    6a38:	7c 09 03 a6 	mtctr   r0
    6a3c:	90 e1 00 20 	stw     r7,32(r1)
    6a40:	91 01 00 24 	stw     r8,36(r1)
    6a44:	91 21 00 28 	stw     r9,40(r1)
    6a48:	4e 80 04 21 	bctrl
    6a4c:	81 21 00 28 	lwz     r9,40(r1)
    6a50:	81 01 00 24 	lwz     r8,36(r1)
    6a54:	80 e1 00 20 	lwz     r7,32(r1)
    6a58:	80 c1 00 1c 	lwz     r6,28(r1)
    6a5c:	80 a1 00 18 	lwz     r5,24(r1)
    6a60:	4b ff fe 30 	b       6890 <_start+0x5744>
    6a64:	94 21 ff d0 	stwu    r1,-48(r1)
    6a68:	7c 08 02 a6 	mflr    r0
    6a6c:	93 e1 00 2c 	stw     r31,44(r1)
    6a70:	7c 9f 23 79 	mr.     r31,r4
    6a74:	93 c1 00 28 	stw     r30,40(r1)
    6a78:	7c 7e 1b 78 	mr      r30,r3
    6a7c:	90 01 00 34 	stw     r0,52(r1)
    6a80:	93 81 00 20 	stw     r28,32(r1)
    6a84:	93 a1 00 24 	stw     r29,36(r1)
    6a88:	41 82 01 4c 	beq     6bd4 <_start+0x5a88>
    6a8c:	81 3f 00 00 	lwz     r9,0(r31)
    6a90:	80 1f 00 34 	lwz     r0,52(r31)
    6a94:	83 a9 00 34 	lwz     r29,52(r9)
    6a98:	7f 85 00 40 	cmplw   cr7,r5,r0
    6a9c:	83 89 00 38 	lwz     r28,56(r9)
    6aa0:	41 9d 01 10 	bgt     cr7,6bb0 <_start+0x5a64>
    6aa4:	80 1f 00 38 	lwz     r0,56(r31)
    6aa8:	7f 86 00 40 	cmplw   cr7,r6,r0
    6aac:	41 9d 01 04 	bgt     cr7,6bb0 <_start+0x5a64>
    6ab0:	a9 3f 00 48 	lha     r9,72(r31)
    6ab4:	38 00 00 00 	li      r0,0
    6ab8:	2f 89 00 00 	cmpwi   cr7,r9,0
    6abc:	41 9e 01 20 	beq     cr7,6bdc <_start+0x5a90>
    6ac0:	54 c9 e6 be 	rlwinm  r9,r6,28,26,31
    6ac4:	57 9c de 7e 	rlwinm  r28,r28,27,25,31
    6ac8:	7f 89 e1 d6 	mullw   r28,r9,r28
    6acc:	54 a9 de fe 	rlwinm  r9,r5,27,27,31
    6ad0:	7f 9c 4a 14 	add     r28,r28,r9
    6ad4:	7c 00 04 ac 	hwsync
    6ad8:	7c 00 06 ac 	eieio
    6adc:	54 ab 1e f6 	rlwinm  r11,r5,3,27,27
    6ae0:	54 a9 17 7a 	rlwinm  r9,r5,2,29,29
    6ae4:	7d 69 4b 78 	or      r9,r11,r9
    6ae8:	54 ab 35 ee 	rlwinm  r11,r5,6,23,23
    6aec:	7d 29 5b 78 	or      r9,r9,r11
    6af0:	54 ab 1e 72 	rlwinm  r11,r5,3,25,25
    6af4:	7d 29 5b 78 	or      r9,r9,r11
    6af8:	54 a5 1e 30 	rlwinm  r5,r5,3,24,24
    6afc:	54 cb 1f 38 	rlwinm  r11,r6,3,28,28
    6b00:	7d 29 2b 78 	or      r9,r9,r5
    6b04:	7d 29 5b 78 	or      r9,r9,r11
    6b08:	54 cb 26 b4 	rlwinm  r11,r6,4,26,26
    6b0c:	7d 29 5b 78 	or      r9,r9,r11
    6b10:	54 cb 3d ac 	rlwinm  r11,r6,7,22,22
    6b14:	7d 29 5b 78 	or      r9,r9,r11
    6b18:	54 c6 3d 6a 	rlwinm  r6,r6,7,21,21
    6b1c:	7d 26 33 78 	or      r6,r9,r6
    6b20:	57 89 5d 28 	rlwinm  r9,r28,11,20,20
    6b24:	7c c6 4b 78 	or      r6,r6,r9
    6b28:	57 9c 59 e6 	rlwinm  r28,r28,11,7,19
    6b2c:	7f 86 e2 14 	add     r28,r6,r28
    6b30:	7d 3d e0 2e 	lwzx    r9,r29,r28
    6b34:	7c 00 04 ac 	hwsync
    6b38:	7c 00 06 ac 	eieio
    6b3c:	55 29 02 3e 	clrlwi  r9,r9,8
    6b40:	2f 80 00 00 	cmpwi   cr7,r0,0
    6b44:	91 21 00 0c 	stw     r9,12(r1)
    6b48:	3d 20 43 30 	lis     r9,17200
    6b4c:	38 60 00 00 	li      r3,0
    6b50:	91 21 00 08 	stw     r9,8(r1)
    6b54:	3d 20 00 01 	lis     r9,1
    6b58:	c0 09 63 a4 	lfs     f0,25508(r9)
    6b5c:	3d 20 00 01 	lis     r9,1
    6b60:	c9 a1 00 08 	lfd     f13,8(r1)
    6b64:	fc 0d 00 28 	fsub    f0,f13,f0
    6b68:	c1 a9 68 fc 	lfs     f13,26876(r9)
    6b6c:	fc 00 68 24 	fdiv    f0,f0,f13
    6b70:	d8 07 00 00 	stfd    f0,0(r7)
    6b74:	41 be 00 40 	beq     cr7,6bb4 <_start+0x5a68>
    6b78:	80 1e 00 f0 	lwz     r0,240(r30)
    6b7c:	7f c3 f3 78 	mr      r3,r30
    6b80:	7f e4 fb 78 	mr      r4,r31
    6b84:	7c 09 03 a6 	mtctr   r0
    6b88:	4e 80 04 21 	bctrl
    6b8c:	80 01 00 34 	lwz     r0,52(r1)
    6b90:	38 60 00 00 	li      r3,0
    6b94:	83 81 00 20 	lwz     r28,32(r1)
    6b98:	7c 08 03 a6 	mtlr    r0
    6b9c:	83 a1 00 24 	lwz     r29,36(r1)
    6ba0:	83 c1 00 28 	lwz     r30,40(r1)
    6ba4:	83 e1 00 2c 	lwz     r31,44(r1)
    6ba8:	38 21 00 30 	addi    r1,r1,48
    6bac:	4e 80 00 20 	blr
    6bb0:	38 60 ff f7 	li      r3,-9
    6bb4:	80 01 00 34 	lwz     r0,52(r1)
    6bb8:	83 81 00 20 	lwz     r28,32(r1)
    6bbc:	7c 08 03 a6 	mtlr    r0
    6bc0:	83 a1 00 24 	lwz     r29,36(r1)
    6bc4:	83 c1 00 28 	lwz     r30,40(r1)
    6bc8:	83 e1 00 2c 	lwz     r31,44(r1)
    6bcc:	38 21 00 30 	addi    r1,r1,48
    6bd0:	4e 80 00 20 	blr
    6bd4:	39 20 00 00 	li      r9,0
    6bd8:	4b ff fe b8 	b       6a90 <_start+0x5944>
    6bdc:	80 1e 00 ec 	lwz     r0,236(r30)
    6be0:	7f c3 f3 78 	mr      r3,r30
    6be4:	7f e4 fb 78 	mr      r4,r31
    6be8:	90 a1 00 10 	stw     r5,16(r1)
    6bec:	90 c1 00 14 	stw     r6,20(r1)
    6bf0:	7c 09 03 a6 	mtctr   r0
    6bf4:	90 e1 00 18 	stw     r7,24(r1)
    6bf8:	4e 80 04 21 	bctrl
    6bfc:	38 00 00 01 	li      r0,1
    6c00:	80 e1 00 18 	lwz     r7,24(r1)
    6c04:	80 c1 00 14 	lwz     r6,20(r1)
    6c08:	80 a1 00 10 	lwz     r5,16(r1)
    6c0c:	4b ff fe b4 	b       6ac0 <_start+0x5974>
    6c10:	94 21 ff e0 	stwu    r1,-32(r1)
    6c14:	7c 08 02 a6 	mflr    r0
    6c18:	93 e1 00 1c 	stw     r31,28(r1)
    6c1c:	7c 9f 23 79 	mr.     r31,r4
    6c20:	93 c1 00 18 	stw     r30,24(r1)
    6c24:	7c 7e 1b 78 	mr      r30,r3
    6c28:	90 01 00 24 	stw     r0,36(r1)
    6c2c:	93 a1 00 14 	stw     r29,20(r1)
    6c30:	41 82 04 3c 	beq     706c <_start+0x5f20>
    6c34:	83 bf 00 00 	lwz     r29,0(r31)
    6c38:	81 3f 00 d4 	lwz     r9,212(r31)
    6c3c:	80 1d 05 e4 	lwz     r0,1508(r29)
    6c40:	7f 89 00 00 	cmpw    cr7,r9,r0
    6c44:	41 9e 04 04 	beq     cr7,7048 <_start+0x5efc>
    6c48:	80 1e 01 50 	lwz     r0,336(r30)
    6c4c:	7f c3 f3 78 	mr      r3,r30
    6c50:	7f e4 fb 78 	mr      r4,r31
    6c54:	7c 09 03 a6 	mtctr   r0
    6c58:	4e 80 04 21 	bctrl
    6c5c:	81 3f 02 64 	lwz     r9,612(r31)
    6c60:	80 1d 06 84 	lwz     r0,1668(r29)
    6c64:	7f 89 00 00 	cmpw    cr7,r9,r0
    6c68:	41 9e 03 ac 	beq     cr7,7014 <_start+0x5ec8>
    6c6c:	80 1e 01 58 	lwz     r0,344(r30)
    6c70:	7f c3 f3 78 	mr      r3,r30
    6c74:	7f e4 fb 78 	mr      r4,r31
    6c78:	7c 09 03 a6 	mtctr   r0
    6c7c:	4e 80 04 21 	bctrl
    6c80:	81 3f 00 e4 	lwz     r9,228(r31)
    6c84:	80 1d 05 f4 	lwz     r0,1524(r29)
    6c88:	7f 89 00 00 	cmpw    cr7,r9,r0
    6c8c:	41 9e 01 f0 	beq     cr7,6e7c <_start+0x5d30>
    6c90:	80 1e 01 54 	lwz     r0,340(r30)
    6c94:	7f c3 f3 78 	mr      r3,r30
    6c98:	7f e4 fb 78 	mr      r4,r31
    6c9c:	38 a0 00 00 	li      r5,0
    6ca0:	7c 09 03 a6 	mtctr   r0
    6ca4:	4e 80 04 21 	bctrl
    6ca8:	80 df 01 64 	lwz     r6,356(r31)
    6cac:	80 1d 06 24 	lwz     r0,1572(r29)
    6cb0:	7f 86 00 00 	cmpw    cr7,r6,r0
    6cb4:	41 9e 00 1c 	beq     cr7,6cd0 <_start+0x5b84>
    6cb8:	80 1e 01 68 	lwz     r0,360(r30)
    6cbc:	7f c3 f3 78 	mr      r3,r30
    6cc0:	7f e4 fb 78 	mr      r4,r31
    6cc4:	38 a0 00 00 	li      r5,0
    6cc8:	7c 09 03 a6 	mtctr   r0
    6ccc:	4e 80 04 21 	bctrl
    6cd0:	81 3f 00 e8 	lwz     r9,232(r31)
    6cd4:	80 1d 05 f8 	lwz     r0,1528(r29)
    6cd8:	7f 89 00 00 	cmpw    cr7,r9,r0
    6cdc:	41 9e 02 f4 	beq     cr7,6fd0 <_start+0x5e84>
    6ce0:	80 1e 01 54 	lwz     r0,340(r30)
    6ce4:	7f c3 f3 78 	mr      r3,r30
    6ce8:	7f e4 fb 78 	mr      r4,r31
    6cec:	38 a0 00 01 	li      r5,1
    6cf0:	7c 09 03 a6 	mtctr   r0
    6cf4:	4e 80 04 21 	bctrl
    6cf8:	80 df 01 68 	lwz     r6,360(r31)
    6cfc:	80 1d 06 28 	lwz     r0,1576(r29)
    6d00:	7f 86 00 00 	cmpw    cr7,r6,r0
    6d04:	41 9e 00 1c 	beq     cr7,6d20 <_start+0x5bd4>
    6d08:	80 1e 01 68 	lwz     r0,360(r30)
    6d0c:	7f c3 f3 78 	mr      r3,r30
    6d10:	7f e4 fb 78 	mr      r4,r31
    6d14:	38 a0 00 01 	li      r5,1
    6d18:	7c 09 03 a6 	mtctr   r0
    6d1c:	4e 80 04 21 	bctrl
    6d20:	81 3f 00 ec 	lwz     r9,236(r31)
    6d24:	80 1d 05 fc 	lwz     r0,1532(r29)
    6d28:	7f 89 00 00 	cmpw    cr7,r9,r0
    6d2c:	41 9e 02 60 	beq     cr7,6f8c <_start+0x5e40>
    6d30:	80 1e 01 54 	lwz     r0,340(r30)
    6d34:	7f c3 f3 78 	mr      r3,r30
    6d38:	7f e4 fb 78 	mr      r4,r31
    6d3c:	38 a0 00 02 	li      r5,2
    6d40:	7c 09 03 a6 	mtctr   r0
    6d44:	4e 80 04 21 	bctrl
    6d48:	80 df 01 6c 	lwz     r6,364(r31)
    6d4c:	80 1d 06 2c 	lwz     r0,1580(r29)
    6d50:	7f 86 00 00 	cmpw    cr7,r6,r0
    6d54:	41 9e 00 1c 	beq     cr7,6d70 <_start+0x5c24>
    6d58:	80 1e 01 68 	lwz     r0,360(r30)
    6d5c:	7f c3 f3 78 	mr      r3,r30
    6d60:	7f e4 fb 78 	mr      r4,r31
    6d64:	38 a0 00 02 	li      r5,2
    6d68:	7c 09 03 a6 	mtctr   r0
    6d6c:	4e 80 04 21 	bctrl
    6d70:	81 3f 00 f0 	lwz     r9,240(r31)
    6d74:	80 1d 06 00 	lwz     r0,1536(r29)
    6d78:	7f 89 00 00 	cmpw    cr7,r9,r0
    6d7c:	41 9e 01 cc 	beq     cr7,6f48 <_start+0x5dfc>
    6d80:	80 1e 01 54 	lwz     r0,340(r30)
    6d84:	7f c3 f3 78 	mr      r3,r30
    6d88:	7f e4 fb 78 	mr      r4,r31
    6d8c:	38 a0 00 03 	li      r5,3
    6d90:	7c 09 03 a6 	mtctr   r0
    6d94:	4e 80 04 21 	bctrl
    6d98:	80 df 01 70 	lwz     r6,368(r31)
    6d9c:	80 1d 06 30 	lwz     r0,1584(r29)
    6da0:	7f 86 00 00 	cmpw    cr7,r6,r0
    6da4:	41 9e 00 1c 	beq     cr7,6dc0 <_start+0x5c74>
    6da8:	80 1e 01 68 	lwz     r0,360(r30)
    6dac:	7f c3 f3 78 	mr      r3,r30
    6db0:	7f e4 fb 78 	mr      r4,r31
    6db4:	38 a0 00 03 	li      r5,3
    6db8:	7c 09 03 a6 	mtctr   r0
    6dbc:	4e 80 04 21 	bctrl
    6dc0:	81 3f 00 f4 	lwz     r9,244(r31)
    6dc4:	80 1d 06 04 	lwz     r0,1540(r29)
    6dc8:	7f 89 00 00 	cmpw    cr7,r9,r0
    6dcc:	41 9e 01 38 	beq     cr7,6f04 <_start+0x5db8>
    6dd0:	80 1e 01 54 	lwz     r0,340(r30)
    6dd4:	7f c3 f3 78 	mr      r3,r30
    6dd8:	7f e4 fb 78 	mr      r4,r31
    6ddc:	38 a0 00 04 	li      r5,4
    6de0:	7c 09 03 a6 	mtctr   r0
    6de4:	4e 80 04 21 	bctrl
    6de8:	80 df 01 74 	lwz     r6,372(r31)
    6dec:	80 1d 06 34 	lwz     r0,1588(r29)
    6df0:	7f 86 00 00 	cmpw    cr7,r6,r0
    6df4:	41 9e 00 1c 	beq     cr7,6e10 <_start+0x5cc4>
    6df8:	80 1e 01 68 	lwz     r0,360(r30)
    6dfc:	7f c3 f3 78 	mr      r3,r30
    6e00:	7f e4 fb 78 	mr      r4,r31
    6e04:	38 a0 00 04 	li      r5,4
    6e08:	7c 09 03 a6 	mtctr   r0
    6e0c:	4e 80 04 21 	bctrl
    6e10:	81 3f 00 f8 	lwz     r9,248(r31)
    6e14:	80 1d 06 08 	lwz     r0,1544(r29)
    6e18:	7f 89 00 00 	cmpw    cr7,r9,r0
    6e1c:	41 9e 00 a4 	beq     cr7,6ec0 <_start+0x5d74>
    6e20:	80 1e 01 54 	lwz     r0,340(r30)
    6e24:	7f c3 f3 78 	mr      r3,r30
    6e28:	7f e4 fb 78 	mr      r4,r31
    6e2c:	38 a0 00 05 	li      r5,5
    6e30:	7c 09 03 a6 	mtctr   r0
    6e34:	4e 80 04 21 	bctrl
    6e38:	80 1d 06 38 	lwz     r0,1592(r29)
    6e3c:	80 df 01 78 	lwz     r6,376(r31)
    6e40:	7f 86 00 00 	cmpw    cr7,r6,r0
    6e44:	41 9e 00 1c 	beq     cr7,6e60 <_start+0x5d14>
    6e48:	80 1e 01 68 	lwz     r0,360(r30)
    6e4c:	7f c3 f3 78 	mr      r3,r30
    6e50:	7f e4 fb 78 	mr      r4,r31
    6e54:	38 a0 00 05 	li      r5,5
    6e58:	7c 09 03 a6 	mtctr   r0
    6e5c:	4e 80 04 21 	bctrl
    6e60:	80 01 00 24 	lwz     r0,36(r1)
    6e64:	83 a1 00 14 	lwz     r29,20(r1)
    6e68:	7c 08 03 a6 	mtlr    r0
    6e6c:	83 c1 00 18 	lwz     r30,24(r1)
    6e70:	83 e1 00 1c 	lwz     r31,28(r1)
    6e74:	38 21 00 20 	addi    r1,r1,32
    6e78:	4e 80 00 20 	blr
    6e7c:	81 3f 01 24 	lwz     r9,292(r31)
    6e80:	80 1d 06 0c 	lwz     r0,1548(r29)
    6e84:	7f 89 00 00 	cmpw    cr7,r9,r0
    6e88:	40 9e fe 08 	bne     cr7,6c90 <_start+0x5b44>
    6e8c:	81 3f 01 a4 	lwz     r9,420(r31)
    6e90:	80 1d 06 3c 	lwz     r0,1596(r29)
    6e94:	7f 89 00 00 	cmpw    cr7,r9,r0
    6e98:	40 9e fd f8 	bne     cr7,6c90 <_start+0x5b44>
    6e9c:	81 3f 01 e4 	lwz     r9,484(r31)
    6ea0:	80 1d 06 54 	lwz     r0,1620(r29)
    6ea4:	7f 89 00 00 	cmpw    cr7,r9,r0
    6ea8:	40 9e fd e8 	bne     cr7,6c90 <_start+0x5b44>
    6eac:	81 3f 02 24 	lwz     r9,548(r31)
    6eb0:	80 1d 06 6c 	lwz     r0,1644(r29)
    6eb4:	7f 89 00 00 	cmpw    cr7,r9,r0
    6eb8:	40 9e fd d8 	bne     cr7,6c90 <_start+0x5b44>
    6ebc:	4b ff fd ec 	b       6ca8 <_start+0x5b5c>
    6ec0:	81 3f 01 38 	lwz     r9,312(r31)
    6ec4:	80 1d 06 20 	lwz     r0,1568(r29)
    6ec8:	7f 89 00 00 	cmpw    cr7,r9,r0
    6ecc:	40 9e ff 54 	bne     cr7,6e20 <_start+0x5cd4>
    6ed0:	81 3f 01 b8 	lwz     r9,440(r31)
    6ed4:	80 1d 06 50 	lwz     r0,1616(r29)
    6ed8:	7f 89 00 00 	cmpw    cr7,r9,r0
    6edc:	40 9e ff 44 	bne     cr7,6e20 <_start+0x5cd4>
    6ee0:	81 3f 01 f8 	lwz     r9,504(r31)
    6ee4:	80 1d 06 68 	lwz     r0,1640(r29)
    6ee8:	7f 89 00 00 	cmpw    cr7,r9,r0
    6eec:	40 9e ff 34 	bne     cr7,6e20 <_start+0x5cd4>
    6ef0:	81 3f 02 38 	lwz     r9,568(r31)
    6ef4:	80 1d 06 80 	lwz     r0,1664(r29)
    6ef8:	7f 89 00 00 	cmpw    cr7,r9,r0
    6efc:	40 9e ff 24 	bne     cr7,6e20 <_start+0x5cd4>
    6f00:	4b ff ff 38 	b       6e38 <_start+0x5cec>
    6f04:	81 3f 01 34 	lwz     r9,308(r31)
    6f08:	80 1d 06 1c 	lwz     r0,1564(r29)
    6f0c:	7f 89 00 00 	cmpw    cr7,r9,r0
    6f10:	40 9e fe c0 	bne     cr7,6dd0 <_start+0x5c84>
    6f14:	81 3f 01 b4 	lwz     r9,436(r31)
    6f18:	80 1d 06 4c 	lwz     r0,1612(r29)
    6f1c:	7f 89 00 00 	cmpw    cr7,r9,r0
    6f20:	40 9e fe b0 	bne     cr7,6dd0 <_start+0x5c84>
    6f24:	81 3f 01 f4 	lwz     r9,500(r31)
    6f28:	80 1d 06 64 	lwz     r0,1636(r29)
    6f2c:	7f 89 00 00 	cmpw    cr7,r9,r0
    6f30:	40 9e fe a0 	bne     cr7,6dd0 <_start+0x5c84>
    6f34:	81 3f 02 34 	lwz     r9,564(r31)
    6f38:	80 1d 06 7c 	lwz     r0,1660(r29)
    6f3c:	7f 89 00 00 	cmpw    cr7,r9,r0
    6f40:	40 9e fe 90 	bne     cr7,6dd0 <_start+0x5c84>
    6f44:	4b ff fe a4 	b       6de8 <_start+0x5c9c>
    6f48:	81 3f 01 30 	lwz     r9,304(r31)
    6f4c:	80 1d 06 18 	lwz     r0,1560(r29)
    6f50:	7f 89 00 00 	cmpw    cr7,r9,r0
    6f54:	40 9e fe 2c 	bne     cr7,6d80 <_start+0x5c34>
    6f58:	81 3f 01 b0 	lwz     r9,432(r31)
    6f5c:	80 1d 06 48 	lwz     r0,1608(r29)
    6f60:	7f 89 00 00 	cmpw    cr7,r9,r0
    6f64:	40 9e fe 1c 	bne     cr7,6d80 <_start+0x5c34>
    6f68:	81 3f 01 f0 	lwz     r9,496(r31)
    6f6c:	80 1d 06 60 	lwz     r0,1632(r29)
    6f70:	7f 89 00 00 	cmpw    cr7,r9,r0
    6f74:	40 9e fe 0c 	bne     cr7,6d80 <_start+0x5c34>
    6f78:	81 3f 02 30 	lwz     r9,560(r31)
    6f7c:	80 1d 06 78 	lwz     r0,1656(r29)
    6f80:	7f 89 00 00 	cmpw    cr7,r9,r0
    6f84:	40 9e fd fc 	bne     cr7,6d80 <_start+0x5c34>
    6f88:	4b ff fe 10 	b       6d98 <_start+0x5c4c>
    6f8c:	81 3f 01 2c 	lwz     r9,300(r31)
    6f90:	80 1d 06 14 	lwz     r0,1556(r29)
    6f94:	7f 89 00 00 	cmpw    cr7,r9,r0
    6f98:	40 9e fd 98 	bne     cr7,6d30 <_start+0x5be4>
    6f9c:	81 3f 01 ac 	lwz     r9,428(r31)
    6fa0:	80 1d 06 44 	lwz     r0,1604(r29)
    6fa4:	7f 89 00 00 	cmpw    cr7,r9,r0
    6fa8:	40 9e fd 88 	bne     cr7,6d30 <_start+0x5be4>
    6fac:	81 3f 01 ec 	lwz     r9,492(r31)
    6fb0:	80 1d 06 5c 	lwz     r0,1628(r29)
    6fb4:	7f 89 00 00 	cmpw    cr7,r9,r0
    6fb8:	40 9e fd 78 	bne     cr7,6d30 <_start+0x5be4>
    6fbc:	81 3f 02 2c 	lwz     r9,556(r31)
    6fc0:	80 1d 06 74 	lwz     r0,1652(r29)
    6fc4:	7f 89 00 00 	cmpw    cr7,r9,r0
    6fc8:	40 9e fd 68 	bne     cr7,6d30 <_start+0x5be4>
    6fcc:	4b ff fd 7c 	b       6d48 <_start+0x5bfc>
    6fd0:	81 3f 01 28 	lwz     r9,296(r31)
    6fd4:	80 1d 06 10 	lwz     r0,1552(r29)
    6fd8:	7f 89 00 00 	cmpw    cr7,r9,r0
    6fdc:	40 9e fd 04 	bne     cr7,6ce0 <_start+0x5b94>
    6fe0:	81 3f 01 a8 	lwz     r9,424(r31)
    6fe4:	80 1d 06 40 	lwz     r0,1600(r29)
    6fe8:	7f 89 00 00 	cmpw    cr7,r9,r0
    6fec:	40 9e fc f4 	bne     cr7,6ce0 <_start+0x5b94>
    6ff0:	81 3f 01 e8 	lwz     r9,488(r31)
    6ff4:	80 1d 06 58 	lwz     r0,1624(r29)
    6ff8:	7f 89 00 00 	cmpw    cr7,r9,r0
    6ffc:	40 9e fc e4 	bne     cr7,6ce0 <_start+0x5b94>
    7000:	81 3f 02 28 	lwz     r9,552(r31)
    7004:	80 1d 06 70 	lwz     r0,1648(r29)
    7008:	7f 89 00 00 	cmpw    cr7,r9,r0
    700c:	40 9e fc d4 	bne     cr7,6ce0 <_start+0x5b94>
    7010:	4b ff fc e8 	b       6cf8 <_start+0x5bac>
    7014:	81 3f 02 68 	lwz     r9,616(r31)
    7018:	80 1d 06 88 	lwz     r0,1672(r29)
    701c:	7f 89 00 00 	cmpw    cr7,r9,r0
    7020:	40 9e fc 4c 	bne     cr7,6c6c <_start+0x5b20>
    7024:	81 3f 02 6c 	lwz     r9,620(r31)
    7028:	80 1d 06 8c 	lwz     r0,1676(r29)
    702c:	7f 89 00 00 	cmpw    cr7,r9,r0
    7030:	40 9e fc 3c 	bne     cr7,6c6c <_start+0x5b20>
    7034:	81 3f 02 70 	lwz     r9,624(r31)
    7038:	80 1d 06 90 	lwz     r0,1680(r29)
    703c:	7f 89 00 00 	cmpw    cr7,r9,r0
    7040:	40 9e fc 2c 	bne     cr7,6c6c <_start+0x5b20>
    7044:	4b ff fc 3c 	b       6c80 <_start+0x5b34>
    7048:	81 3f 00 d8 	lwz     r9,216(r31)
    704c:	80 1d 05 e8 	lwz     r0,1512(r29)
    7050:	7f 89 00 00 	cmpw    cr7,r9,r0
    7054:	40 9e fb f4 	bne     cr7,6c48 <_start+0x5afc>
    7058:	81 3f 00 e0 	lwz     r9,224(r31)
    705c:	80 1d 05 f0 	lwz     r0,1520(r29)
    7060:	7f 89 00 00 	cmpw    cr7,r9,r0
    7064:	40 9e fb e4 	bne     cr7,6c48 <_start+0x5afc>
    7068:	4b ff fb f4 	b       6c5c <_start+0x5b10>
    706c:	3b a0 00 00 	li      r29,0
    7070:	4b ff fb c8 	b       6c38 <_start+0x5aec>
    7074:	2c 04 00 00 	cmpwi   r4,0
    7078:	41 82 01 70 	beq     71e8 <_start+0x609c>
    707c:	2f 85 00 05 	cmpwi   cr7,r5,5
    7080:	81 24 00 00 	lwz     r9,0(r4)
    7084:	38 00 00 00 	li      r0,0
    7088:	38 60 ff fe 	li      r3,-2
    708c:	90 09 05 94 	stw     r0,1428(r9)
    7090:	4d 9d 00 20 	bgtlr   cr7
    7094:	38 05 00 88 	addi    r0,r5,136
    7098:	54 0b 10 3a 	slwi    r11,r0,2
    709c:	7d 64 5a 14 	add     r11,r4,r11
    70a0:	81 6b 00 04 	lwz     r11,4(r11)
    70a4:	71 6a 00 01 	andi.   r10,r11,1
    70a8:	40 82 01 00 	bne     71a8 <_start+0x605c>
    70ac:	81 49 07 bc 	lwz     r10,1980(r9)
    70b0:	39 60 ff fe 	li      r11,-2
    70b4:	5d 6b 28 3e 	rotlw   r11,r11,r5
    70b8:	7d 4b 58 38 	and     r11,r10,r11
    70bc:	91 69 07 bc 	stw     r11,1980(r9)
    70c0:	39 65 00 50 	addi    r11,r5,80
    70c4:	55 6b 10 3a 	slwi    r11,r11,2
    70c8:	7d 69 5a 14 	add     r11,r9,r11
    70cc:	81 6b 00 04 	lwz     r11,4(r11)
    70d0:	2f 8b 00 00 	cmpwi   cr7,r11,0
    70d4:	41 9e 00 30 	beq     cr7,7104 <_start+0x5fb8>
    70d8:	81 6b 00 8e 	lwz     r11,142(r11)
    70dc:	39 45 01 6c 	addi    r10,r5,364
    70e0:	55 4a 10 3a 	slwi    r10,r10,2
    70e4:	81 0b 00 28 	lwz     r8,40(r11)
    70e8:	7d 49 52 14 	add     r10,r9,r10
    70ec:	91 0a 00 04 	stw     r8,4(r10)
    70f0:	39 05 01 70 	addi    r8,r5,368
    70f4:	55 08 10 3a 	slwi    r8,r8,2
    70f8:	81 4b 00 2c 	lwz     r10,44(r11)
    70fc:	7d 69 42 14 	add     r11,r9,r8
    7100:	91 4b 00 0c 	stw     r10,12(r11)
    7104:	39 45 00 38 	addi    r10,r5,56
    7108:	39 65 01 7c 	addi    r11,r5,380
    710c:	55 4a 10 3a 	slwi    r10,r10,2
    7110:	55 6b 10 3a 	slwi    r11,r11,2
    7114:	7d 44 52 14 	add     r10,r4,r10
    7118:	7d 69 5a 14 	add     r11,r9,r11
    711c:	81 4a 00 04 	lwz     r10,4(r10)
    7120:	54 00 10 3a 	slwi    r0,r0,2
    7124:	38 60 00 00 	li      r3,0
    7128:	91 4b 00 04 	stw     r10,4(r11)
    712c:	39 45 00 48 	addi    r10,r5,72
    7130:	39 65 01 80 	addi    r11,r5,384
    7134:	55 4a 10 3a 	slwi    r10,r10,2
    7138:	55 6b 10 3a 	slwi    r11,r11,2
    713c:	7d 44 52 14 	add     r10,r4,r10
    7140:	7d 69 5a 14 	add     r11,r9,r11
    7144:	81 4a 00 04 	lwz     r10,4(r10)
    7148:	91 4b 00 0c 	stw     r10,12(r11)
    714c:	39 45 00 68 	addi    r10,r5,104
    7150:	39 65 01 8c 	addi    r11,r5,396
    7154:	55 4a 10 3a 	slwi    r10,r10,2
    7158:	55 6b 10 3a 	slwi    r11,r11,2
    715c:	7d 44 52 14 	add     r10,r4,r10
    7160:	7d 69 5a 14 	add     r11,r9,r11
    7164:	81 4a 00 04 	lwz     r10,4(r10)
    7168:	91 4b 00 0c 	stw     r10,12(r11)
    716c:	39 45 00 78 	addi    r10,r5,120
    7170:	39 65 01 94 	addi    r11,r5,404
    7174:	55 4a 10 3a 	slwi    r10,r10,2
    7178:	55 6b 10 3a 	slwi    r11,r11,2
    717c:	7d 44 52 14 	add     r10,r4,r10
    7180:	7d 69 5a 14 	add     r11,r9,r11
    7184:	81 4a 00 04 	lwz     r10,4(r10)
    7188:	7c 84 02 14 	add     r4,r4,r0
    718c:	38 a5 01 98 	addi    r5,r5,408
    7190:	54 a5 10 3a 	slwi    r5,r5,2
    7194:	91 4b 00 04 	stw     r10,4(r11)
    7198:	7d 29 2a 14 	add     r9,r9,r5
    719c:	80 04 00 04 	lwz     r0,4(r4)
    71a0:	90 09 00 0c 	stw     r0,12(r9)
    71a4:	4e 80 00 20 	blr
    71a8:	80 c9 07 bc 	lwz     r6,1980(r9)
    71ac:	39 05 01 6c 	addi    r8,r5,364
    71b0:	39 45 01 70 	addi    r10,r5,368
    71b4:	3d 60 00 01 	lis     r11,1
    71b8:	38 e0 00 01 	li      r7,1
    71bc:	81 6b 67 b0 	lwz     r11,26544(r11)
    71c0:	7c e7 28 30 	slw     r7,r7,r5
    71c4:	55 08 10 3a 	slwi    r8,r8,2
    71c8:	55 4a 10 3a 	slwi    r10,r10,2
    71cc:	7c c7 3b 78 	or      r7,r6,r7
    71d0:	7d 09 42 14 	add     r8,r9,r8
    71d4:	7d 49 52 14 	add     r10,r9,r10
    71d8:	90 e9 07 bc 	stw     r7,1980(r9)
    71dc:	91 68 00 04 	stw     r11,4(r8)
    71e0:	91 6a 00 0c 	stw     r11,12(r10)
    71e4:	4b ff ff 20 	b       7104 <_start+0x5fb8>
    71e8:	2f 85 00 05 	cmpwi   cr7,r5,5
    71ec:	39 20 00 00 	li      r9,0
    71f0:	38 00 00 00 	li      r0,0
    71f4:	38 60 ff fe 	li      r3,-2
    71f8:	90 09 05 94 	stw     r0,1428(r9)
    71fc:	40 9d fe 98 	ble     cr7,7094 <_start+0x5f48>
    7200:	4e 80 00 20 	blr
    7204:	2c 04 00 00 	cmpwi   r4,0
    7208:	41 82 00 3c 	beq     7244 <_start+0x60f8>
    720c:	2b 85 00 05 	cmplwi  cr7,r5,5
    7210:	80 04 00 00 	lwz     r0,0(r4)
    7214:	38 60 ff fe 	li      r3,-2
    7218:	4d 9d 00 20 	bgtlr   cr7
    721c:	39 25 00 58 	addi    r9,r5,88
    7220:	38 a5 01 88 	addi    r5,r5,392
    7224:	55 29 10 3a 	slwi    r9,r9,2
    7228:	54 a5 10 3a 	slwi    r5,r5,2
    722c:	7c 84 4a 14 	add     r4,r4,r9
    7230:	7c a0 2a 14 	add     r5,r0,r5
    7234:	81 24 00 04 	lwz     r9,4(r4)
    7238:	38 60 00 00 	li      r3,0
    723c:	91 25 00 04 	stw     r9,4(r5)
    7240:	4e 80 00 20 	blr
    7244:	2b 85 00 05 	cmplwi  cr7,r5,5
    7248:	38 00 00 00 	li      r0,0
    724c:	38 60 ff fe 	li      r3,-2
    7250:	40 9d ff cc 	ble     cr7,721c <_start+0x60d0>
    7254:	4e 80 00 20 	blr
    7258:	2c 04 00 00 	cmpwi   r4,0
    725c:	94 21 ff f0 	stwu    r1,-16(r1)
    7260:	7c 08 02 a6 	mflr    r0
    7264:	93 e1 00 0c 	stw     r31,12(r1)
    7268:	90 01 00 14 	stw     r0,20(r1)
    726c:	41 82 00 74 	beq     72e0 <_start+0x6194>
    7270:	83 e4 00 00 	lwz     r31,0(r4)
    7274:	38 00 00 00 	li      r0,0
    7278:	90 1f 05 94 	stw     r0,1428(r31)
    727c:	80 04 00 1c 	lwz     r0,28(r4)
    7280:	70 09 40 00 	andi.   r9,r0,16384
    7284:	41 82 00 1c 	beq     72a0 <_start+0x6154>
    7288:	74 09 20 00 	andis.  r9,r0,8192
    728c:	40 82 00 2c 	bne     72b8 <_start+0x616c>
    7290:	80 64 02 90 	lwz     r3,656(r4)
    7294:	38 80 00 00 	li      r4,0
    7298:	48 00 1b f9 	bl      8e90 <_start+0x7d44>
    729c:	90 7f 00 48 	stw     r3,72(r31)
    72a0:	80 01 00 14 	lwz     r0,20(r1)
    72a4:	38 60 00 00 	li      r3,0
    72a8:	83 e1 00 0c 	lwz     r31,12(r1)
    72ac:	38 21 00 10 	addi    r1,r1,16
    72b0:	7c 08 03 a6 	mtlr    r0
    72b4:	4e 80 00 20 	blr
    72b8:	80 64 02 90 	lwz     r3,656(r4)
    72bc:	38 80 00 01 	li      r4,1
    72c0:	48 00 1b d1 	bl      8e90 <_start+0x7d44>
    72c4:	90 7f 00 48 	stw     r3,72(r31)
    72c8:	38 60 00 00 	li      r3,0
    72cc:	80 01 00 14 	lwz     r0,20(r1)
    72d0:	83 e1 00 0c 	lwz     r31,12(r1)
    72d4:	38 21 00 10 	addi    r1,r1,16
    72d8:	7c 08 03 a6 	mtlr    r0
    72dc:	4e 80 00 20 	blr
    72e0:	3b e0 00 00 	li      r31,0
    72e4:	4b ff ff 90 	b       7274 <_start+0x6128>
    72e8:	2c 04 00 00 	cmpwi   r4,0
    72ec:	94 21 ff f0 	stwu    r1,-16(r1)
    72f0:	7c 08 02 a6 	mflr    r0
    72f4:	93 e1 00 0c 	stw     r31,12(r1)
    72f8:	90 01 00 14 	stw     r0,20(r1)
    72fc:	41 82 00 48 	beq     7344 <_start+0x61f8>
    7300:	83 e4 00 00 	lwz     r31,0(r4)
    7304:	38 00 00 00 	li      r0,0
    7308:	90 1f 05 94 	stw     r0,1428(r31)
    730c:	80 04 00 1c 	lwz     r0,28(r4)
    7310:	74 09 00 80 	andis.  r9,r0,128
    7314:	41 a2 00 18 	beq     732c <_start+0x61e0>
    7318:	80 64 02 84 	lwz     r3,644(r4)
    731c:	54 64 00 be 	clrlwi  r4,r3,2
    7320:	54 63 00 02 	clrrwi  r3,r3,30
    7324:	48 00 1a 71 	bl      8d94 <_start+0x7c48>
    7328:	90 7f 00 44 	stw     r3,68(r31)
    732c:	80 01 00 14 	lwz     r0,20(r1)
    7330:	38 60 00 00 	li      r3,0
    7334:	83 e1 00 0c 	lwz     r31,12(r1)
    7338:	38 21 00 10 	addi    r1,r1,16
    733c:	7c 08 03 a6 	mtlr    r0
    7340:	4e 80 00 20 	blr
    7344:	3b e0 00 00 	li      r31,0
    7348:	4b ff ff bc 	b       7304 <_start+0x61b8>
    734c:	94 21 ff f0 	stwu    r1,-16(r1)
    7350:	7c 08 02 a6 	mflr    r0
    7354:	93 e1 00 0c 	stw     r31,12(r1)
    7358:	7c 9f 23 79 	mr.     r31,r4
    735c:	90 01 00 14 	stw     r0,20(r1)
    7360:	93 c1 00 08 	stw     r30,8(r1)
    7364:	41 82 00 6c 	beq     73d0 <_start+0x6284>
    7368:	83 df 00 00 	lwz     r30,0(r31)
    736c:	38 00 00 00 	li      r0,0
    7370:	90 1e 05 94 	stw     r0,1428(r30)
    7374:	80 1f 00 1c 	lwz     r0,28(r31)
    7378:	70 09 04 00 	andi.   r9,r0,1024
    737c:	41 a2 00 18 	beq     7394 <_start+0x6248>
    7380:	80 7f 02 6c 	lwz     r3,620(r31)
    7384:	54 64 00 be 	clrlwi  r4,r3,2
    7388:	54 63 00 02 	clrrwi  r3,r3,30
    738c:	48 00 1a 09 	bl      8d94 <_start+0x7c48>
    7390:	90 7e 00 40 	stw     r3,64(r30)
    7394:	80 1f 02 64 	lwz     r0,612(r31)
    7398:	38 60 00 00 	li      r3,0
    739c:	90 1e 06 84 	stw     r0,1668(r30)
    73a0:	80 1f 02 68 	lwz     r0,616(r31)
    73a4:	90 1e 06 88 	stw     r0,1672(r30)
    73a8:	80 1f 02 6c 	lwz     r0,620(r31)
    73ac:	90 1e 06 8c 	stw     r0,1676(r30)
    73b0:	80 1f 02 70 	lwz     r0,624(r31)
    73b4:	90 1e 06 90 	stw     r0,1680(r30)
    73b8:	80 01 00 14 	lwz     r0,20(r1)
    73bc:	83 c1 00 08 	lwz     r30,8(r1)
    73c0:	7c 08 03 a6 	mtlr    r0
    73c4:	83 e1 00 0c 	lwz     r31,12(r1)
    73c8:	38 21 00 10 	addi    r1,r1,16
    73cc:	4e 80 00 20 	blr
    73d0:	3b c0 00 00 	li      r30,0
    73d4:	4b ff ff 98 	b       736c <_start+0x6220>
    73d8:	94 21 ff f0 	stwu    r1,-16(r1)
    73dc:	7c 08 02 a6 	mflr    r0
    73e0:	93 c1 00 08 	stw     r30,8(r1)
    73e4:	7c 9e 23 79 	mr.     r30,r4
    73e8:	90 01 00 14 	stw     r0,20(r1)
    73ec:	93 e1 00 0c 	stw     r31,12(r1)
    73f0:	41 82 00 50 	beq     7440 <_start+0x62f4>
    73f4:	83 fe 00 00 	lwz     r31,0(r30)
    73f8:	80 7e 00 dc 	lwz     r3,220(r30)
    73fc:	48 00 0d 39 	bl      8134 <_start+0x6fe8>
    7400:	38 00 00 00 	li      r0,0
    7404:	90 7f 00 3c 	stw     r3,60(r31)
    7408:	38 60 00 00 	li      r3,0
    740c:	90 1f 05 94 	stw     r0,1428(r31)
    7410:	80 1e 00 d4 	lwz     r0,212(r30)
    7414:	90 1f 05 e4 	stw     r0,1508(r31)
    7418:	80 1e 00 d8 	lwz     r0,216(r30)
    741c:	90 1f 05 e8 	stw     r0,1512(r31)
    7420:	80 1e 00 e0 	lwz     r0,224(r30)
    7424:	90 1f 05 f0 	stw     r0,1520(r31)
    7428:	80 01 00 14 	lwz     r0,20(r1)
    742c:	83 c1 00 08 	lwz     r30,8(r1)
    7430:	7c 08 03 a6 	mtlr    r0
    7434:	83 e1 00 0c 	lwz     r31,12(r1)
    7438:	38 21 00 10 	addi    r1,r1,16
    743c:	4e 80 00 20 	blr
    7440:	3b e0 00 00 	li      r31,0
    7444:	4b ff ff b4 	b       73f8 <_start+0x62ac>
    7448:	2c 04 00 00 	cmpwi   r4,0
    744c:	94 21 ff e0 	stwu    r1,-32(r1)
    7450:	7c 08 02 a6 	mflr    r0
    7454:	93 61 00 0c 	stw     r27,12(r1)
    7458:	7d 1b 43 78 	mr      r27,r8
    745c:	93 81 00 10 	stw     r28,16(r1)
    7460:	3b 80 00 00 	li      r28,0
    7464:	93 a1 00 14 	stw     r29,20(r1)
    7468:	7c fd 3b 78 	mr      r29,r7
    746c:	93 c1 00 18 	stw     r30,24(r1)
    7470:	7c de 33 78 	mr      r30,r6
    7474:	93 e1 00 1c 	stw     r31,28(r1)
    7478:	7c bf 2b 78 	mr      r31,r5
    747c:	90 01 00 24 	stw     r0,36(r1)
    7480:	41 82 00 08 	beq     7488 <_start+0x633c>
    7484:	83 84 00 00 	lwz     r28,0(r4)
    7488:	77 60 00 20 	andis.  r0,r27,32
    748c:	41 82 00 0c 	beq     7498 <_start+0x634c>
    7490:	57 7b 02 d2 	rlwinm  r27,r27,0,11,9
    7494:	63 7b 00 01 	ori     r27,r27,1
    7498:	7f a3 eb 78 	mr      r3,r29
    749c:	48 00 ac a1 	bl      1213c <_start+0x10ff0>
    74a0:	90 7c 05 94 	stw     r3,1428(r28)
    74a4:	7f a3 eb 78 	mr      r3,r29
    74a8:	48 00 d1 49 	bl      145f0 <_start+0x134a4>
    74ac:	73 69 00 01 	andi.   r9,r27,1
    74b0:	93 bc 05 a0 	stw     r29,1440(r28)
    74b4:	90 7c 05 ac 	stw     r3,1452(r28)
    74b8:	93 fc 05 98 	stw     r31,1432(r28)
    74bc:	93 dc 05 9c 	stw     r30,1436(r28)
    74c0:	41 82 00 84 	beq     7544 <_start+0x63f8>
    74c4:	81 3c 07 bc 	lwz     r9,1980(r28)
    74c8:	3d 60 00 01 	lis     r11,1
    74cc:	80 0b 67 b0 	lwz     r0,26544(r11)
    74d0:	61 29 00 3f 	ori     r9,r9,63
    74d4:	90 1c 05 e0 	stw     r0,1504(r28)
    74d8:	91 3c 07 bc 	stw     r9,1980(r28)
    74dc:	90 1c 05 b4 	stw     r0,1460(r28)
    74e0:	90 1c 05 cc 	stw     r0,1484(r28)
    74e4:	90 1c 05 b8 	stw     r0,1464(r28)
    74e8:	90 1c 05 d0 	stw     r0,1488(r28)
    74ec:	90 1c 05 bc 	stw     r0,1468(r28)
    74f0:	90 1c 05 d4 	stw     r0,1492(r28)
    74f4:	90 1c 05 c0 	stw     r0,1472(r28)
    74f8:	90 1c 05 d8 	stw     r0,1496(r28)
    74fc:	90 1c 05 c4 	stw     r0,1476(r28)
    7500:	90 1c 05 dc 	stw     r0,1500(r28)
    7504:	90 1c 05 c8 	stw     r0,1480(r28)
    7508:	80 1c 05 94 	lwz     r0,1428(r28)
    750c:	7c 09 fe 70 	srawi   r9,r0,31
    7510:	83 61 00 0c 	lwz     r27,12(r1)
    7514:	7d 23 02 78 	xor     r3,r9,r0
    7518:	80 01 00 24 	lwz     r0,36(r1)
    751c:	7c 63 48 50 	subf    r3,r3,r9
    7520:	83 81 00 10 	lwz     r28,16(r1)
    7524:	7c 08 03 a6 	mtlr    r0
    7528:	54 63 17 bc 	rlwinm  r3,r3,2,30,30
    752c:	83 a1 00 14 	lwz     r29,20(r1)
    7530:	38 63 ff fe 	addi    r3,r3,-2
    7534:	83 c1 00 18 	lwz     r30,24(r1)
    7538:	83 e1 00 1c 	lwz     r31,28(r1)
    753c:	38 21 00 20 	addi    r1,r1,32
    7540:	4e 80 00 20 	blr
    7544:	80 1c 07 bc 	lwz     r0,1980(r28)
    7548:	54 00 00 32 	clrrwi  r0,r0,6
    754c:	90 1c 07 bc 	stw     r0,1980(r28)
    7550:	80 1c 05 94 	lwz     r0,1428(r28)
    7554:	7c 09 fe 70 	srawi   r9,r0,31
    7558:	83 61 00 0c 	lwz     r27,12(r1)
    755c:	7d 23 02 78 	xor     r3,r9,r0
    7560:	80 01 00 24 	lwz     r0,36(r1)
    7564:	7c 63 48 50 	subf    r3,r3,r9
    7568:	83 81 00 10 	lwz     r28,16(r1)
    756c:	7c 08 03 a6 	mtlr    r0
    7570:	54 63 17 bc 	rlwinm  r3,r3,2,30,30
    7574:	83 a1 00 14 	lwz     r29,20(r1)
    7578:	38 63 ff fe 	addi    r3,r3,-2
    757c:	83 c1 00 18 	lwz     r30,24(r1)
    7580:	83 e1 00 1c 	lwz     r31,28(r1)
    7584:	38 21 00 20 	addi    r1,r1,32
    7588:	4e 80 00 20 	blr
    758c:	94 21 ff f0 	stwu    r1,-16(r1)
    7590:	7c 08 02 a6 	mflr    r0
    7594:	3d 20 00 02 	lis     r9,2
    7598:	3c 80 00 01 	lis     r4,1
    759c:	81 29 03 48 	lwz     r9,840(r9)
    75a0:	38 84 69 08 	addi    r4,r4,26888
    75a4:	93 e1 00 0c 	stw     r31,12(r1)
    75a8:	7d 23 4b 78 	mr      r3,r9
    75ac:	3f e0 00 02 	lis     r31,2
    75b0:	90 01 00 14 	stw     r0,20(r1)
    75b4:	80 09 02 28 	lwz     r0,552(r9)
    75b8:	7c 09 03 a6 	mtctr   r0
    75bc:	4e 80 04 21 	bctrl
    75c0:	2f 83 00 00 	cmpwi   cr7,r3,0
    75c4:	90 7f 03 74 	stw     r3,884(r31)
    75c8:	41 9e 00 3c 	beq     cr7,7604 <_start+0x64b8>
    75cc:	80 03 00 14 	lwz     r0,20(r3)
    75d0:	38 60 00 00 	li      r3,0
    75d4:	7c 09 03 a6 	mtctr   r0
    75d8:	4e 80 04 21 	bctrl
    75dc:	3d 20 00 02 	lis     r9,2
    75e0:	2f 83 00 00 	cmpwi   cr7,r3,0
    75e4:	90 69 03 70 	stw     r3,880(r9)
    75e8:	41 9e 00 1c 	beq     cr7,7604 <_start+0x64b8>
    75ec:	81 3f 03 74 	lwz     r9,884(r31)
    75f0:	80 09 00 2c 	lwz     r0,44(r9)
    75f4:	7c 09 03 a6 	mtctr   r0
    75f8:	4e 80 04 21 	bctrl
    75fc:	2f 83 00 02 	cmpwi   cr7,r3,2
    7600:	41 9e 00 1c 	beq     cr7,761c <_start+0x64d0>
    7604:	80 01 00 14 	lwz     r0,20(r1)
    7608:	38 60 00 00 	li      r3,0
    760c:	83 e1 00 0c 	lwz     r31,12(r1)
    7610:	38 21 00 10 	addi    r1,r1,16
    7614:	7c 08 03 a6 	mtlr    r0
    7618:	4e 80 00 20 	blr
    761c:	48 00 db 69 	bl      15184 <_start+0x14038>
    7620:	80 01 00 14 	lwz     r0,20(r1)
    7624:	54 63 04 3e 	clrlwi  r3,r3,16
    7628:	83 e1 00 0c 	lwz     r31,12(r1)
    762c:	38 21 00 10 	addi    r1,r1,16
    7630:	7c 08 03 a6 	mtlr    r0
    7634:	7c 63 00 d0 	neg     r3,r3
    7638:	54 63 0f fe 	srwi    r3,r3,31
    763c:	4e 80 00 20 	blr
    7640:	94 21 ff f0 	stwu    r1,-16(r1)
    7644:	7c 08 02 a6 	mflr    r0
    7648:	93 e1 00 0c 	stw     r31,12(r1)
    764c:	3f e0 00 02 	lis     r31,2
    7650:	80 7f 03 70 	lwz     r3,880(r31)
    7654:	90 01 00 14 	stw     r0,20(r1)
    7658:	2f 83 00 00 	cmpwi   cr7,r3,0
    765c:	93 c1 00 08 	stw     r30,8(r1)
    7660:	41 9e 00 2c 	beq     cr7,768c <_start+0x6540>
    7664:	3f c0 00 02 	lis     r30,2
    7668:	81 3e 03 74 	lwz     r9,884(r30)
    766c:	80 09 00 1c 	lwz     r0,28(r9)
    7670:	7c 09 03 a6 	mtctr   r0
    7674:	4e 80 04 21 	bctrl
    7678:	81 3e 03 74 	lwz     r9,884(r30)
    767c:	80 7f 03 70 	lwz     r3,880(r31)
    7680:	80 09 00 18 	lwz     r0,24(r9)
    7684:	7c 09 03 a6 	mtctr   r0
    7688:	4e 80 04 21 	bctrl
    768c:	48 00 db f9 	bl      15284 <_start+0x14138>
    7690:	80 01 00 14 	lwz     r0,20(r1)
    7694:	83 c1 00 08 	lwz     r30,8(r1)
    7698:	7c 08 03 a6 	mtlr    r0
    769c:	83 e1 00 0c 	lwz     r31,12(r1)
    76a0:	38 21 00 10 	addi    r1,r1,16
    76a4:	4e 80 00 20 	blr
    76a8:	2c 05 00 00 	cmpwi   r5,0
    76ac:	4d 82 00 20 	beqlr
    76b0:	7c a9 03 a6 	mtctr   r5
    76b4:	39 20 00 00 	li      r9,0
    76b8:	7d 63 48 ae 	lbzx    r11,r3,r9
    76bc:	55 20 08 3c 	slwi    r0,r9,1
    76c0:	39 29 00 01 	addi    r9,r9,1
    76c4:	55 6b 08 3c 	slwi    r11,r11,1
    76c8:	7d 66 5a 2e 	lhzx    r11,r6,r11
    76cc:	7d 64 03 2e 	sthx    r11,r4,r0
    76d0:	42 00 ff e8 	bdnz    76b8 <_start+0x656c>
    76d4:	4e 80 00 20 	blr
    76d8:	2c 05 00 00 	cmpwi   r5,0
    76dc:	4d 82 00 20 	beqlr
    76e0:	1c a5 00 03 	mulli   r5,r5,3
    76e4:	3c 00 aa aa 	lis     r0,-21846
    76e8:	60 00 aa ab 	ori     r0,r0,43691
    76ec:	38 a5 ff fd 	addi    r5,r5,-3
    76f0:	7c a5 01 d6 	mullw   r5,r5,r0
    76f4:	38 a5 00 01 	addi    r5,r5,1
    76f8:	7c a9 03 a6 	mtctr   r5
    76fc:	89 63 00 00 	lbz     r11,0(r3)
    7700:	88 03 00 01 	lbz     r0,1(r3)
    7704:	89 23 00 02 	lbz     r9,2(r3)
    7708:	61 6b ff 00 	ori     r11,r11,65280
    770c:	38 63 00 03 	addi    r3,r3,3
    7710:	54 00 c0 0e 	slwi    r0,r0,24
    7714:	7d 60 03 78 	or      r0,r11,r0
    7718:	55 29 80 1e 	slwi    r9,r9,16
    771c:	7c 00 4b 78 	or      r0,r0,r9
    7720:	90 04 00 00 	stw     r0,0(r4)
    7724:	38 84 00 04 	addi    r4,r4,4
    7728:	42 00 ff d4 	bdnz    76fc <_start+0x65b0>
    772c:	4e 80 00 20 	blr
    7730:	2c 05 00 00 	cmpwi   r5,0
    7734:	4d 82 00 20 	beqlr
    7738:	7c a9 03 a6 	mtctr   r5
    773c:	39 20 00 00 	li      r9,0
    7740:	39 60 ff ff 	li      r11,-1
    7744:	7c 03 48 ae 	lbzx    r0,r3,r9
    7748:	39 29 00 01 	addi    r9,r9,1
    774c:	99 64 00 01 	stb     r11,1(r4)
    7750:	98 04 00 00 	stb     r0,0(r4)
    7754:	38 84 00 02 	addi    r4,r4,2
    7758:	42 00 ff ec 	bdnz    7744 <_start+0x65f8>
    775c:	4e 80 00 20 	blr
    7760:	38 00 01 00 	li      r0,256
    7764:	39 20 00 00 	li      r9,0
    7768:	7c 09 03 a6 	mtctr   r0
    776c:	80 03 00 00 	lwz     r0,0(r3)
    7770:	38 63 00 04 	addi    r3,r3,4
    7774:	54 0a a5 2e 	rlwinm  r10,r0,20,20,23
    7778:	54 0b 84 26 	rlwinm  r11,r0,16,16,19
    777c:	7d 4b 5b 78 	or      r11,r10,r11
    7780:	54 0a c6 36 	rlwinm  r10,r0,24,24,27
    7784:	7d 6b 53 78 	or      r11,r11,r10
    7788:	54 00 e7 3e 	rlwinm  r0,r0,28,28,31
    778c:	7d 60 03 78 	or      r0,r11,r0
    7790:	7c 04 4b 2e 	sthx    r0,r4,r9
    7794:	39 29 00 02 	addi    r9,r9,2
    7798:	42 00 ff d4 	bdnz    776c <_start+0x6620>
    779c:	4e 80 00 20 	blr
    77a0:	2c 09 00 00 	cmpwi   r9,0
    77a4:	94 21 fd d0 	stwu    r1,-560(r1)
    77a8:	7c 08 02 a6 	mflr    r0
    77ac:	93 41 02 18 	stw     r26,536(r1)
    77b0:	7d 1a 43 78 	mr      r26,r8
    77b4:	93 61 02 1c 	stw     r27,540(r1)
    77b8:	7c fb 3b 78 	mr      r27,r7
    77bc:	93 81 02 20 	stw     r28,544(r1)
    77c0:	7c 7c 1b 78 	mr      r28,r3
    77c4:	93 a1 02 24 	stw     r29,548(r1)
    77c8:	7c 9d 23 78 	mr      r29,r4
    77cc:	93 c1 02 28 	stw     r30,552(r1)
    77d0:	7c be 2b 78 	mr      r30,r5
    77d4:	93 e1 02 2c 	stw     r31,556(r1)
    77d8:	7c df 33 78 	mr      r31,r6
    77dc:	90 01 02 34 	stw     r0,564(r1)
    77e0:	93 01 02 10 	stw     r24,528(r1)
    77e4:	93 21 02 14 	stw     r25,532(r1)
    77e8:	91 41 02 08 	stw     r10,520(r1)
    77ec:	41 82 00 14 	beq     7800 <_start+0x66b4>
    77f0:	3d 60 00 00 	lis     r11,0
    77f4:	38 0b 76 a8 	addi    r0,r11,30376
    77f8:	7f 8a 00 00 	cmpw    cr7,r10,r0
    77fc:	41 9e 00 74 	beq     cr7,7870 <_start+0x6724>
    7800:	2f 9f 00 00 	cmpwi   cr7,r31,0
    7804:	41 9e 00 3c 	beq     cr7,7840 <_start+0x66f4>
    7808:	3b 20 00 00 	li      r25,0
    780c:	3b 01 00 08 	addi    r24,r1,8
    7810:	80 01 02 08 	lwz     r0,520(r1)
    7814:	7f 83 e3 78 	mr      r3,r28
    7818:	7f a4 eb 78 	mr      r4,r29
    781c:	7f c5 f3 78 	mr      r5,r30
    7820:	7f 06 c3 78 	mr      r6,r24
    7824:	7c 09 03 a6 	mtctr   r0
    7828:	3b 39 00 01 	addi    r25,r25,1
    782c:	7f 9c da 14 	add     r28,r28,r27
    7830:	7f bd d2 14 	add     r29,r29,r26
    7834:	4e 80 04 21 	bctrl
    7838:	7f 9f c8 40 	cmplw   cr7,r31,r25
    783c:	41 9d ff d4 	bgt     cr7,7810 <_start+0x66c4>
    7840:	80 01 02 34 	lwz     r0,564(r1)
    7844:	83 01 02 10 	lwz     r24,528(r1)
    7848:	7c 08 03 a6 	mtlr    r0
    784c:	83 21 02 14 	lwz     r25,532(r1)
    7850:	83 41 02 18 	lwz     r26,536(r1)
    7854:	83 61 02 1c 	lwz     r27,540(r1)
    7858:	83 81 02 20 	lwz     r28,544(r1)
    785c:	83 a1 02 24 	lwz     r29,548(r1)
    7860:	83 c1 02 28 	lwz     r30,552(r1)
    7864:	83 e1 02 2c 	lwz     r31,556(r1)
    7868:	38 21 02 30 	addi    r1,r1,560
    786c:	4e 80 00 20 	blr
    7870:	7d 23 4b 78 	mr      r3,r9
    7874:	38 81 00 08 	addi    r4,r1,8
    7878:	4b ff fe e9 	bl      7760 <_start+0x6614>
    787c:	4b ff ff 84 	b       7800 <_start+0x66b4>
    7880:	2b 85 00 03 	cmplwi  cr7,r5,3
    7884:	39 20 00 00 	li      r9,0
    7888:	40 9d 00 38 	ble     cr7,78c0 <_start+0x6774>
    788c:	7c 04 48 2e 	lwzx    r0,r4,r9
    7890:	54 0a 40 0e 	rlwinm  r10,r0,8,0,7
    7894:	54 0b c2 1e 	rlwinm  r11,r0,24,8,15
    7898:	7d 4b 5b 78 	or      r11,r10,r11
    789c:	54 0a c6 3e 	rlwinm  r10,r0,24,24,31
    78a0:	7d 6b 53 78 	or      r11,r11,r10
    78a4:	54 00 44 2e 	rlwinm  r0,r0,8,16,23
    78a8:	7d 60 03 78 	or      r0,r11,r0
    78ac:	7c 03 49 2e 	stwx    r0,r3,r9
    78b0:	39 29 00 04 	addi    r9,r9,4
    78b4:	7f 85 48 40 	cmplw   cr7,r5,r9
    78b8:	41 9d ff d4 	bgt     cr7,788c <_start+0x6740>
    78bc:	4e 80 00 20 	blr
    78c0:	a0 04 00 00 	lhz     r0,0(r4)
    78c4:	54 09 40 2e 	slwi    r9,r0,8
    78c8:	54 00 c2 3e 	srwi    r0,r0,8
    78cc:	7c 00 4b 78 	or      r0,r0,r9
    78d0:	b0 03 00 00 	sth     r0,0(r3)
    78d4:	4e 80 00 20 	blr
    78d8:	2c 05 00 00 	cmpwi   r5,0
    78dc:	4d 82 00 20 	beqlr
    78e0:	39 20 00 00 	li      r9,0
    78e4:	7c 04 48 2e 	lwzx    r0,r4,r9
    78e8:	54 0a c0 0e 	slwi    r10,r0,24
    78ec:	54 0b 46 3e 	srwi    r11,r0,24
    78f0:	7d 4b 5b 78 	or      r11,r10,r11
    78f4:	54 0a c4 2e 	rlwinm  r10,r0,24,16,23
    78f8:	7d 6b 53 78 	or      r11,r11,r10
    78fc:	54 00 42 1e 	rlwinm  r0,r0,8,8,15
    7900:	7d 60 03 78 	or      r0,r11,r0
    7904:	7c 03 49 2e 	stwx    r0,r3,r9
    7908:	39 29 00 04 	addi    r9,r9,4
    790c:	7f 85 48 40 	cmplw   cr7,r5,r9
    7910:	41 9d ff d4 	bgt     cr7,78e4 <_start+0x6798>
    7914:	4e 80 00 20 	blr
    7918:	81 23 00 62 	lwz     r9,98(r3)
    791c:	39 29 ff f4 	addi    r9,r9,-12
    7920:	2b 89 00 02 	cmplwi  cr7,r9,2
    7924:	41 9d 00 1c 	bgt     cr7,7940 <_start+0x67f4>
    7928:	2b 84 00 03 	cmplwi  cr7,r4,3
    792c:	41 9d 00 38 	bgt     cr7,7964 <_start+0x6818>
    7930:	2b 85 00 03 	cmplwi  cr7,r5,3
    7934:	38 80 00 01 	li      r4,1
    7938:	41 9d 00 38 	bgt     cr7,7970 <_start+0x6824>
    793c:	38 a0 00 01 	li      r5,1
    7940:	81 23 00 8e 	lwz     r9,142(r3)
    7944:	81 29 00 1c 	lwz     r9,28(r9)
    7948:	80 09 00 0c 	lwz     r0,12(r9)
    794c:	7c 84 01 d6 	mullw   r4,r4,r0
    7950:	2b 84 00 1f 	cmplwi  cr7,r4,31
    7954:	41 9d 00 08 	bgt     cr7,795c <_start+0x6810>
    7958:	38 80 00 20 	li      r4,32
    795c:	7c 64 29 d6 	mullw   r3,r4,r5
    7960:	4e 80 00 20 	blr
    7964:	2b 85 00 03 	cmplwi  cr7,r5,3
    7968:	54 84 f0 be 	srwi    r4,r4,2
    796c:	40 bd ff d0 	ble     cr7,793c <_start+0x67f0>
    7970:	54 a5 f0 be 	srwi    r5,r5,2
    7974:	4b ff ff cc 	b       7940 <_start+0x67f4>
    7978:	70 80 00 01 	andi.   r0,r4,1
    797c:	41 82 00 18 	beq     7994 <_start+0x6848>
    7980:	88 03 00 00 	lbz     r0,0(r3)
    7984:	38 a5 ff ff 	addi    r5,r5,-1
    7988:	38 63 00 01 	addi    r3,r3,1
    798c:	98 04 00 00 	stb     r0,0(r4)
    7990:	38 84 00 01 	addi    r4,r4,1
    7994:	70 89 00 02 	andi.   r9,r4,2
    7998:	41 82 00 20 	beq     79b8 <_start+0x686c>
    799c:	2b 85 00 01 	cmplwi  cr7,r5,1
    79a0:	40 9d 00 18 	ble     cr7,79b8 <_start+0x686c>
    79a4:	a0 03 00 00 	lhz     r0,0(r3)
    79a8:	38 a5 ff fe 	addi    r5,r5,-2
    79ac:	38 63 00 01 	addi    r3,r3,1
    79b0:	b0 04 00 00 	sth     r0,0(r4)
    79b4:	38 84 00 01 	addi    r4,r4,1
    79b8:	70 80 00 04 	andi.   r0,r4,4
    79bc:	41 82 00 0c 	beq     79c8 <_start+0x687c>
    79c0:	2b 85 00 03 	cmplwi  cr7,r5,3
    79c4:	41 9d 01 e4 	bgt     cr7,7ba8 <_start+0x6a5c>
    79c8:	70 89 00 1f 	andi.   r9,r4,31
    79cc:	41 82 00 40 	beq     7a0c <_start+0x68c0>
    79d0:	2b 85 00 07 	cmplwi  cr7,r5,7
    79d4:	40 9d 00 a0 	ble     cr7,7a74 <_start+0x6928>
    79d8:	39 25 ff f8 	addi    r9,r5,-8
    79dc:	55 29 e8 fe 	srwi    r9,r9,3
    79e0:	39 29 00 01 	addi    r9,r9,1
    79e4:	7d 29 03 a6 	mtctr   r9
    79e8:	48 00 00 08 	b       79f0 <_start+0x68a4>
    79ec:	42 40 00 88 	bdz     7a74 <_start+0x6928>
    79f0:	c8 03 00 00 	lfd     f0,0(r3)
    79f4:	38 a5 ff f8 	addi    r5,r5,-8
    79f8:	38 63 00 08 	addi    r3,r3,8
    79fc:	d8 04 00 00 	stfd    f0,0(r4)
    7a00:	38 84 00 08 	addi    r4,r4,8
    7a04:	70 80 00 1f 	andi.   r0,r4,31
    7a08:	40 82 ff e4 	bne     79ec <_start+0x68a0>
    7a0c:	2b 85 00 1f 	cmplwi  cr7,r5,31
    7a10:	40 9d 00 64 	ble     cr7,7a74 <_start+0x6928>
    7a14:	54 a0 00 34 	clrrwi  r0,r5,5
    7a18:	7c 04 02 14 	add     r0,r4,r0
    7a1c:	7f 80 20 40 	cmplw   cr7,r0,r4
    7a20:	40 9d 00 54 	ble     cr7,7a74 <_start+0x6928>
    7a24:	7c 89 23 78 	mr      r9,r4
    7a28:	7c 6b 1b 78 	mr      r11,r3
    7a2c:	c8 0b 00 00 	lfd     f0,0(r11)
    7a30:	d8 09 00 00 	stfd    f0,0(r9)
    7a34:	c8 0b 00 08 	lfd     f0,8(r11)
    7a38:	d8 09 00 08 	stfd    f0,8(r9)
    7a3c:	c8 0b 00 10 	lfd     f0,16(r11)
    7a40:	d8 09 00 10 	stfd    f0,16(r9)
    7a44:	c8 0b 00 18 	lfd     f0,24(r11)
    7a48:	39 6b 00 20 	addi    r11,r11,32
    7a4c:	d8 09 00 18 	stfd    f0,24(r9)
    7a50:	39 29 00 20 	addi    r9,r9,32
    7a54:	7f 80 48 40 	cmplw   cr7,r0,r9
    7a58:	41 9d ff d4 	bgt     cr7,7a2c <_start+0x68e0>
    7a5c:	7c 89 20 f8 	not     r9,r4
    7a60:	7c 00 4a 14 	add     r0,r0,r9
    7a64:	54 09 00 34 	clrrwi  r9,r0,5
    7a68:	38 09 00 20 	addi    r0,r9,32
    7a6c:	7c 84 02 14 	add     r4,r4,r0
    7a70:	7c 63 02 14 	add     r3,r3,r0
    7a74:	54 a5 06 fe 	clrlwi  r5,r5,27
    7a78:	39 20 00 00 	li      r9,0
    7a7c:	2b 85 00 07 	cmplwi  cr7,r5,7
    7a80:	7c a6 2b 78 	mr      r6,r5
    7a84:	7c 8a 23 78 	mr      r10,r4
    7a88:	7c 6b 1b 78 	mr      r11,r3
    7a8c:	40 9d 00 48 	ble     cr7,7ad4 <_start+0x6988>
    7a90:	39 65 ff f8 	addi    r11,r5,-8
    7a94:	55 6b e8 fe 	srwi    r11,r11,3
    7a98:	39 6b 00 01 	addi    r11,r11,1
    7a9c:	7d 69 03 a6 	mtctr   r11
    7aa0:	7c 03 4c ae 	lfdx    f0,r3,r9
    7aa4:	7c 04 4d ae 	stfdx   f0,r4,r9
    7aa8:	39 29 00 08 	addi    r9,r9,8
    7aac:	42 00 ff f4 	bdnz    7aa0 <_start+0x6954>
    7ab0:	38 a5 ff f8 	addi    r5,r5,-8
    7ab4:	54 ab e8 fe 	srwi    r11,r5,3
    7ab8:	1c 0b ff f8 	mulli   r0,r11,-8
    7abc:	39 6b 00 01 	addi    r11,r11,1
    7ac0:	55 6b 18 38 	slwi    r11,r11,3
    7ac4:	7c a0 2a 14 	add     r5,r0,r5
    7ac8:	7d 44 5a 14 	add     r10,r4,r11
    7acc:	7c a6 2b 78 	mr      r6,r5
    7ad0:	7d 63 5a 14 	add     r11,r3,r11
    7ad4:	2b 85 00 03 	cmplwi  cr7,r5,3
    7ad8:	40 9d 00 4c 	ble     cr7,7b24 <_start+0x69d8>
    7adc:	39 25 ff fc 	addi    r9,r5,-4
    7ae0:	55 29 f0 be 	srwi    r9,r9,2
    7ae4:	39 29 00 01 	addi    r9,r9,1
    7ae8:	7d 29 03 a6 	mtctr   r9
    7aec:	39 20 00 00 	li      r9,0
    7af0:	7c 0b 48 2e 	lwzx    r0,r11,r9
    7af4:	7c 0a 49 2e 	stwx    r0,r10,r9
    7af8:	39 29 00 04 	addi    r9,r9,4
    7afc:	42 00 ff f4 	bdnz    7af0 <_start+0x69a4>
    7b00:	38 a5 ff fc 	addi    r5,r5,-4
    7b04:	54 a9 f0 be 	srwi    r9,r5,2
    7b08:	1d 09 ff fc 	mulli   r8,r9,-4
    7b0c:	38 09 00 01 	addi    r0,r9,1
    7b10:	54 00 10 3a 	slwi    r0,r0,2
    7b14:	7c a8 2a 14 	add     r5,r8,r5
    7b18:	7d 4a 02 14 	add     r10,r10,r0
    7b1c:	7d 6b 02 14 	add     r11,r11,r0
    7b20:	7c a6 2b 78 	mr      r6,r5
    7b24:	2b 86 00 01 	cmplwi  cr7,r6,1
    7b28:	40 9d 00 5c 	ble     cr7,7b84 <_start+0x6a38>
    7b2c:	39 86 ff fe 	addi    r12,r6,-2
    7b30:	55 85 f8 7e 	srwi    r5,r12,1
    7b34:	38 85 00 01 	addi    r4,r5,1
    7b38:	2b 84 00 01 	cmplwi  cr7,r4,1
    7b3c:	40 9d 00 10 	ble     cr7,7b4c <_start+0x6a00>
    7b40:	7d 40 5b 78 	or      r0,r10,r11
    7b44:	70 09 00 03 	andi.   r9,r0,3
    7b48:	41 82 00 78 	beq     7bc0 <_start+0x6a74>
    7b4c:	38 c6 ff fe 	addi    r6,r6,-2
    7b50:	39 20 00 00 	li      r9,0
    7b54:	54 c6 f8 7e 	srwi    r6,r6,1
    7b58:	38 c6 00 01 	addi    r6,r6,1
    7b5c:	7c c9 03 a6 	mtctr   r6
    7b60:	7c 0b 4a 2e 	lhzx    r0,r11,r9
    7b64:	7c 0a 4b 2e 	sthx    r0,r10,r9
    7b68:	39 29 00 02 	addi    r9,r9,2
    7b6c:	42 00 ff f4 	bdnz    7b60 <_start+0x6a14>
    7b70:	1c a5 ff fe 	mulli   r5,r5,-2
    7b74:	54 84 08 3c 	slwi    r4,r4,1
    7b78:	7d 4a 22 14 	add     r10,r10,r4
    7b7c:	7d 6b 22 14 	add     r11,r11,r4
    7b80:	7c a5 62 14 	add     r5,r5,r12
    7b84:	2f 85 00 00 	cmpwi   cr7,r5,0
    7b88:	4d 9e 00 20 	beqlr   cr7
    7b8c:	7c a9 03 a6 	mtctr   r5
    7b90:	39 20 00 00 	li      r9,0
    7b94:	7c 0b 48 ae 	lbzx    r0,r11,r9
    7b98:	7c 0a 49 ae 	stbx    r0,r10,r9
    7b9c:	39 29 00 01 	addi    r9,r9,1
    7ba0:	42 00 ff f4 	bdnz    7b94 <_start+0x6a48>
    7ba4:	4e 80 00 20 	blr
    7ba8:	80 03 00 00 	lwz     r0,0(r3)
    7bac:	38 a5 ff fc 	addi    r5,r5,-4
    7bb0:	38 63 00 01 	addi    r3,r3,1
    7bb4:	90 04 00 00 	stw     r0,0(r4)
    7bb8:	38 84 00 01 	addi    r4,r4,1
    7bbc:	4b ff fe 0c 	b       79c8 <_start+0x687c>
    7bc0:	38 0b 00 04 	addi    r0,r11,4
    7bc4:	7f 8a 00 40 	cmplw   cr7,r10,r0
    7bc8:	40 9d 00 90 	ble     cr7,7c58 <_start+0x6b0c>
    7bcc:	54 80 f8 7e 	srwi    r0,r4,1
    7bd0:	39 20 00 00 	li      r9,0
    7bd4:	54 03 08 3d 	slwi.   r3,r0,1
    7bd8:	7d 48 53 78 	mr      r8,r10
    7bdc:	7d 67 5b 78 	mr      r7,r11
    7be0:	41 82 00 3c 	beq     7c1c <_start+0x6ad0>
    7be4:	2f 80 00 00 	cmpwi   cr7,r0,0
    7be8:	7c 09 03 a6 	mtctr   r0
    7bec:	41 9e 00 7c 	beq     cr7,7c68 <_start+0x6b1c>
    7bf0:	7c 0b 48 2e 	lwzx    r0,r11,r9
    7bf4:	7c 0a 49 2e 	stwx    r0,r10,r9
    7bf8:	39 29 00 04 	addi    r9,r9,4
    7bfc:	42 00 ff f4 	bdnz    7bf0 <_start+0x6aa4>
    7c00:	7f 84 18 00 	cmpw    cr7,r4,r3
    7c04:	1c 03 ff fe 	mulli   r0,r3,-2
    7c08:	54 67 08 3c 	slwi    r7,r3,1
    7c0c:	7d 0a 3a 14 	add     r8,r10,r7
    7c10:	7c eb 3a 14 	add     r7,r11,r7
    7c14:	7c c6 02 14 	add     r6,r6,r0
    7c18:	41 be ff 58 	beq     cr7,7b70 <_start+0x6a24>
    7c1c:	38 c6 ff fe 	addi    r6,r6,-2
    7c20:	39 20 00 00 	li      r9,0
    7c24:	54 c6 f8 7e 	srwi    r6,r6,1
    7c28:	38 c6 00 01 	addi    r6,r6,1
    7c2c:	7c c9 03 a6 	mtctr   r6
    7c30:	7c 07 4a 2e 	lhzx    r0,r7,r9
    7c34:	7c 08 4b 2e 	sthx    r0,r8,r9
    7c38:	39 29 00 02 	addi    r9,r9,2
    7c3c:	42 00 ff f4 	bdnz    7c30 <_start+0x6ae4>
    7c40:	1c a5 ff fe 	mulli   r5,r5,-2
    7c44:	54 84 08 3c 	slwi    r4,r4,1
    7c48:	7d 4a 22 14 	add     r10,r10,r4
    7c4c:	7d 6b 22 14 	add     r11,r11,r4
    7c50:	7c a5 62 14 	add     r5,r5,r12
    7c54:	4b ff ff 30 	b       7b84 <_start+0x6a38>
    7c58:	38 0a 00 04 	addi    r0,r10,4
    7c5c:	7f 8b 00 40 	cmplw   cr7,r11,r0
    7c60:	40 bd fe ec 	ble     cr7,7b4c <_start+0x6a00>
    7c64:	4b ff ff 68 	b       7bcc <_start+0x6a80>
    7c68:	38 00 00 01 	li      r0,1
    7c6c:	7c 09 03 a6 	mtctr   r0
    7c70:	4b ff ff 80 	b       7bf0 <_start+0x6aa4>
    7c74:	7c 69 1b 79 	mr.     r9,r3
    7c78:	94 21 ff e0 	stwu    r1,-32(r1)
    7c7c:	7c 08 02 a6 	mflr    r0
    7c80:	93 e1 00 1c 	stw     r31,28(r1)
    7c84:	7c bf 2b 78 	mr      r31,r5
    7c88:	90 01 00 24 	stw     r0,36(r1)
    7c8c:	93 61 00 0c 	stw     r27,12(r1)
    7c90:	93 81 00 10 	stw     r28,16(r1)
    7c94:	93 a1 00 14 	stw     r29,20(r1)
    7c98:	93 c1 00 18 	stw     r30,24(r1)
    7c9c:	41 82 00 e4 	beq     7d80 <_start+0x6c34>
    7ca0:	81 49 00 8e 	lwz     r10,142(r9)
    7ca4:	81 69 00 62 	lwz     r11,98(r9)
    7ca8:	81 2a 00 1c 	lwz     r9,28(r10)
    7cac:	38 0b ff f4 	addi    r0,r11,-12
    7cb0:	2b 80 00 02 	cmplwi  cr7,r0,2
    7cb4:	83 69 00 0c 	lwz     r27,12(r9)
    7cb8:	41 9d 00 1c 	bgt     cr7,7cd4 <_start+0x6b88>
    7cbc:	2b 84 00 03 	cmplwi  cr7,r4,3
    7cc0:	41 9d 00 ac 	bgt     cr7,7d6c <_start+0x6c20>
    7cc4:	2b 9f 00 03 	cmplwi  cr7,r31,3
    7cc8:	38 80 00 01 	li      r4,1
    7ccc:	41 9d 00 ac 	bgt     cr7,7d78 <_start+0x6c2c>
    7cd0:	3b e0 00 01 	li      r31,1
    7cd4:	7f 64 d9 d6 	mullw   r27,r4,r27
    7cd8:	2b 9b 00 1f 	cmplwi  cr7,r27,31
    7cdc:	40 9d 00 34 	ble     cr7,7d10 <_start+0x6bc4>
    7ce0:	80 01 00 24 	lwz     r0,36(r1)
    7ce4:	7c bb f9 d6 	mullw   r5,r27,r31
    7ce8:	7c c3 33 78 	mr      r3,r6
    7cec:	7c e4 3b 78 	mr      r4,r7
    7cf0:	83 61 00 0c 	lwz     r27,12(r1)
    7cf4:	7c 08 03 a6 	mtlr    r0
    7cf8:	83 81 00 10 	lwz     r28,16(r1)
    7cfc:	83 a1 00 14 	lwz     r29,20(r1)
    7d00:	83 c1 00 18 	lwz     r30,24(r1)
    7d04:	83 e1 00 1c 	lwz     r31,28(r1)
    7d08:	38 21 00 20 	addi    r1,r1,32
    7d0c:	4b ff fc 6c 	b       7978 <_start+0x682c>
    7d10:	2f 9f 00 00 	cmpwi   cr7,r31,0
    7d14:	41 9e 00 34 	beq     cr7,7d48 <_start+0x6bfc>
    7d18:	7c dc 33 78 	mr      r28,r6
    7d1c:	7c fd 3b 78 	mr      r29,r7
    7d20:	3b c0 00 00 	li      r30,0
    7d24:	7f 83 e3 78 	mr      r3,r28
    7d28:	7f a4 eb 78 	mr      r4,r29
    7d2c:	3b de 00 01 	addi    r30,r30,1
    7d30:	7f 65 db 78 	mr      r5,r27
    7d34:	4b ff fc 45 	bl      7978 <_start+0x682c>
    7d38:	7f 9f f0 40 	cmplw   cr7,r31,r30
    7d3c:	7f 9c da 14 	add     r28,r28,r27
    7d40:	3b bd 00 20 	addi    r29,r29,32
    7d44:	41 9d ff e0 	bgt     cr7,7d24 <_start+0x6bd8>
    7d48:	80 01 00 24 	lwz     r0,36(r1)
    7d4c:	83 61 00 0c 	lwz     r27,12(r1)
    7d50:	7c 08 03 a6 	mtlr    r0
    7d54:	83 81 00 10 	lwz     r28,16(r1)
    7d58:	83 a1 00 14 	lwz     r29,20(r1)
    7d5c:	83 c1 00 18 	lwz     r30,24(r1)
    7d60:	83 e1 00 1c 	lwz     r31,28(r1)
    7d64:	38 21 00 20 	addi    r1,r1,32
    7d68:	4e 80 00 20 	blr
    7d6c:	2b 9f 00 03 	cmplwi  cr7,r31,3
    7d70:	54 84 f0 be 	srwi    r4,r4,2
    7d74:	40 bd ff 5c 	ble     cr7,7cd0 <_start+0x6b84>
    7d78:	57 ff f0 be 	srwi    r31,r31,2
    7d7c:	4b ff ff 58 	b       7cd4 <_start+0x6b88>
    7d80:	39 40 00 00 	li      r10,0
    7d84:	4b ff ff 20 	b       7ca4 <_start+0x6b58>
    7d88:	7c 60 1b 78 	mr      r0,r3
    7d8c:	7c 83 23 78 	mr      r3,r4
    7d90:	7c 04 03 78 	mr      r4,r0
    7d94:	4b ff fb e4 	b       7978 <_start+0x682c>
    7d98:	94 21 ff d0 	stwu    r1,-48(r1)
    7d9c:	7c 08 02 a6 	mflr    r0
    7da0:	93 01 00 10 	stw     r24,16(r1)
    7da4:	7c 78 1b 79 	mr.     r24,r3
    7da8:	90 01 00 34 	stw     r0,52(r1)
    7dac:	92 c1 00 08 	stw     r22,8(r1)
    7db0:	92 e1 00 0c 	stw     r23,12(r1)
    7db4:	93 21 00 14 	stw     r25,20(r1)
    7db8:	93 41 00 18 	stw     r26,24(r1)
    7dbc:	93 61 00 1c 	stw     r27,28(r1)
    7dc0:	93 81 00 20 	stw     r28,32(r1)
    7dc4:	93 a1 00 24 	stw     r29,36(r1)
    7dc8:	93 c1 00 28 	stw     r30,40(r1)
    7dcc:	93 e1 00 2c 	stw     r31,44(r1)
    7dd0:	41 82 02 0c 	beq     7fdc <_start+0x6e90>
    7dd4:	81 38 00 8e 	lwz     r9,142(r24)
    7dd8:	a8 18 00 14 	lha     r0,20(r24)
    7ddc:	2f 80 00 00 	cmpwi   cr7,r0,0
    7de0:	41 9e 01 bc 	beq     cr7,7f9c <_start+0x6e50>
    7de4:	81 78 00 8e 	lwz     r11,142(r24)
    7de8:	7c 97 23 78 	mr      r23,r4
    7dec:	7f 16 c3 78 	mr      r22,r24
    7df0:	81 38 00 62 	lwz     r9,98(r24)
    7df4:	81 6b 00 1c 	lwz     r11,28(r11)
    7df8:	83 f8 00 1e 	lwz     r31,30(r24)
    7dfc:	39 29 ff f4 	addi    r9,r9,-12
    7e00:	81 6b 00 0c 	lwz     r11,12(r11)
    7e04:	83 58 00 76 	lwz     r26,118(r24)
    7e08:	83 38 00 7e 	lwz     r25,126(r24)
    7e0c:	2b 89 00 02 	cmplwi  cr7,r9,2
    7e10:	7f 3b cb 78 	mr      r27,r25
    7e14:	7f 5c d3 78 	mr      r28,r26
    7e18:	41 9d 00 24 	bgt     cr7,7e3c <_start+0x6cf0>
    7e1c:	2b 9a 00 03 	cmplwi  cr7,r26,3
    7e20:	57 5c f0 be 	srwi    r28,r26,2
    7e24:	41 9d 00 08 	bgt     cr7,7e2c <_start+0x6ce0>
    7e28:	3b 80 00 01 	li      r28,1
    7e2c:	2b 99 00 03 	cmplwi  cr7,r25,3
    7e30:	57 3b f0 be 	srwi    r27,r25,2
    7e34:	41 9d 00 08 	bgt     cr7,7e3c <_start+0x6cf0>
    7e38:	3b 60 00 01 	li      r27,1
    7e3c:	7f 9c 59 d6 	mullw   r28,r28,r11
    7e40:	2b 9c 00 1f 	cmplwi  cr7,r28,31
    7e44:	40 9d 00 a0 	ble     cr7,7ee4 <_start+0x6d98>
    7e48:	7c bc d9 d6 	mullw   r5,r28,r27
    7e4c:	7f e3 fb 78 	mr      r3,r31
    7e50:	7e e4 bb 78 	mr      r4,r23
    7e54:	4b ff fb 25 	bl      7978 <_start+0x682c>
    7e58:	a8 18 00 10 	lha     r0,16(r24)
    7e5c:	2f 80 00 00 	cmpwi   cr7,r0,0
    7e60:	41 9e 00 c4 	beq     cr7,7f24 <_start+0x6dd8>
    7e64:	81 38 00 62 	lwz     r9,98(r24)
    7e68:	7f 2a cb 78 	mr      r10,r25
    7e6c:	7f 40 d3 78 	mr      r0,r26
    7e70:	39 29 ff f4 	addi    r9,r9,-12
    7e74:	2b 89 00 02 	cmplwi  cr7,r9,2
    7e78:	41 9d 00 24 	bgt     cr7,7e9c <_start+0x6d50>
    7e7c:	2b 9a 00 03 	cmplwi  cr7,r26,3
    7e80:	57 40 f0 be 	srwi    r0,r26,2
    7e84:	41 9d 00 08 	bgt     cr7,7e8c <_start+0x6d40>
    7e88:	38 00 00 01 	li      r0,1
    7e8c:	2b 99 00 03 	cmplwi  cr7,r25,3
    7e90:	57 2a f0 be 	srwi    r10,r25,2
    7e94:	41 9d 00 08 	bgt     cr7,7e9c <_start+0x6d50>
    7e98:	39 40 00 01 	li      r10,1
    7e9c:	81 78 00 8e 	lwz     r11,142(r24)
    7ea0:	81 6b 00 1c 	lwz     r11,28(r11)
    7ea4:	81 6b 00 0c 	lwz     r11,12(r11)
    7ea8:	7c 00 59 d6 	mullw   r0,r0,r11
    7eac:	2b 80 00 1f 	cmplwi  cr7,r0,31
    7eb0:	41 9d 00 08 	bgt     cr7,7eb8 <_start+0x6d6c>
    7eb4:	38 00 00 20 	li      r0,32
    7eb8:	2f 9a 00 01 	cmpwi   cr7,r26,1
    7ebc:	83 f6 00 22 	lwz     r31,34(r22)
    7ec0:	41 9e 00 9c 	beq     cr7,7f5c <_start+0x6e10>
    7ec4:	2f 99 00 01 	cmpwi   cr7,r25,1
    7ec8:	57 5a f8 7e 	srwi    r26,r26,1
    7ecc:	41 9e 00 08 	beq     cr7,7ed4 <_start+0x6d88>
    7ed0:	57 39 f8 7e 	srwi    r25,r25,1
    7ed4:	7c 00 51 d6 	mullw   r0,r0,r10
    7ed8:	3a d6 00 04 	addi    r22,r22,4
    7edc:	7e f7 02 14 	add     r23,r23,r0
    7ee0:	4b ff ff 2c 	b       7e0c <_start+0x6cc0>
    7ee4:	2f 9b 00 00 	cmpwi   cr7,r27,0
    7ee8:	7e fd bb 78 	mr      r29,r23
    7eec:	3b c0 00 00 	li      r30,0
    7ef0:	41 be ff 68 	beq     cr7,7e58 <_start+0x6d0c>
    7ef4:	7f e3 fb 78 	mr      r3,r31
    7ef8:	7f a4 eb 78 	mr      r4,r29
    7efc:	3b de 00 01 	addi    r30,r30,1
    7f00:	7f 85 e3 78 	mr      r5,r28
    7f04:	4b ff fa 75 	bl      7978 <_start+0x682c>
    7f08:	7f 9e d8 40 	cmplw   cr7,r30,r27
    7f0c:	7f ff e2 14 	add     r31,r31,r28
    7f10:	3b bd 00 20 	addi    r29,r29,32
    7f14:	41 9c ff e0 	blt     cr7,7ef4 <_start+0x6da8>
    7f18:	a8 18 00 10 	lha     r0,16(r24)
    7f1c:	2f 80 00 00 	cmpwi   cr7,r0,0
    7f20:	40 9e ff 44 	bne     cr7,7e64 <_start+0x6d18>
    7f24:	80 01 00 34 	lwz     r0,52(r1)
    7f28:	82 c1 00 08 	lwz     r22,8(r1)
    7f2c:	7c 08 03 a6 	mtlr    r0
    7f30:	82 e1 00 0c 	lwz     r23,12(r1)
    7f34:	83 01 00 10 	lwz     r24,16(r1)
    7f38:	83 21 00 14 	lwz     r25,20(r1)
    7f3c:	83 41 00 18 	lwz     r26,24(r1)
    7f40:	83 61 00 1c 	lwz     r27,28(r1)
    7f44:	83 81 00 20 	lwz     r28,32(r1)
    7f48:	83 a1 00 24 	lwz     r29,36(r1)
    7f4c:	83 c1 00 28 	lwz     r30,40(r1)
    7f50:	83 e1 00 2c 	lwz     r31,44(r1)
    7f54:	38 21 00 30 	addi    r1,r1,48
    7f58:	4e 80 00 20 	blr
    7f5c:	2f 99 00 01 	cmpwi   cr7,r25,1
    7f60:	40 9e ff 70 	bne     cr7,7ed0 <_start+0x6d84>
    7f64:	80 01 00 34 	lwz     r0,52(r1)
    7f68:	82 c1 00 08 	lwz     r22,8(r1)
    7f6c:	7c 08 03 a6 	mtlr    r0
    7f70:	82 e1 00 0c 	lwz     r23,12(r1)
    7f74:	83 01 00 10 	lwz     r24,16(r1)
    7f78:	83 21 00 14 	lwz     r25,20(r1)
    7f7c:	83 41 00 18 	lwz     r26,24(r1)
    7f80:	83 61 00 1c 	lwz     r27,28(r1)
    7f84:	83 81 00 20 	lwz     r28,32(r1)
    7f88:	83 a1 00 24 	lwz     r29,36(r1)
    7f8c:	83 c1 00 28 	lwz     r30,40(r1)
    7f90:	83 e1 00 2c 	lwz     r31,44(r1)
    7f94:	38 21 00 30 	addi    r1,r1,48
    7f98:	4e 80 00 20 	blr
    7f9c:	80 01 00 34 	lwz     r0,52(r1)
    7fa0:	80 78 00 6a 	lwz     r3,106(r24)
    7fa4:	80 a9 00 18 	lwz     r5,24(r9)
    7fa8:	7c 08 03 a6 	mtlr    r0
    7fac:	82 c1 00 08 	lwz     r22,8(r1)
    7fb0:	82 e1 00 0c 	lwz     r23,12(r1)
    7fb4:	83 01 00 10 	lwz     r24,16(r1)
    7fb8:	83 21 00 14 	lwz     r25,20(r1)
    7fbc:	83 41 00 18 	lwz     r26,24(r1)
    7fc0:	83 61 00 1c 	lwz     r27,28(r1)
    7fc4:	83 81 00 20 	lwz     r28,32(r1)
    7fc8:	83 a1 00 24 	lwz     r29,36(r1)
    7fcc:	83 c1 00 28 	lwz     r30,40(r1)
    7fd0:	83 e1 00 2c 	lwz     r31,44(r1)
    7fd4:	38 21 00 30 	addi    r1,r1,48
    7fd8:	4b ff f9 a0 	b       7978 <_start+0x682c>
    7fdc:	39 20 00 00 	li      r9,0
    7fe0:	4b ff fd f8 	b       7dd8 <_start+0x6c8c>
    7fe4:	80 04 00 00 	lwz     r0,0(r4)
    7fe8:	7c 69 1b 78 	mr      r9,r3
    7fec:	39 63 00 04 	addi    r11,r3,4
    7ff0:	90 03 00 00 	stw     r0,0(r3)
    7ff4:	38 6b 00 08 	addi    r3,r11,8
    7ff8:	80 04 00 04 	lwz     r0,4(r4)
    7ffc:	90 09 00 04 	stw     r0,4(r9)
    8000:	80 04 00 08 	lwz     r0,8(r4)
    8004:	90 0b 00 04 	stw     r0,4(r11)
    8008:	4e 80 00 20 	blr
    800c:	80 04 00 00 	lwz     r0,0(r4)
    8010:	39 24 00 04 	addi    r9,r4,4
    8014:	39 63 00 04 	addi    r11,r3,4
    8018:	39 49 00 04 	addi    r10,r9,4
    801c:	94 21 ff d0 	stwu    r1,-48(r1)
    8020:	39 0b 00 04 	addi    r8,r11,4
    8024:	90 03 00 00 	stw     r0,0(r3)
    8028:	71 40 00 07 	andi.   r0,r10,7
    802c:	80 04 00 04 	lwz     r0,4(r4)
    8030:	90 03 00 04 	stw     r0,4(r3)
    8034:	40 82 00 3c 	bne     8070 <_start+0x6f24>
    8038:	c8 09 00 04 	lfd     f0,4(r9)
    803c:	3d 20 00 01 	lis     r9,1
    8040:	c1 a9 64 c0 	lfs     f13,25792(r9)
    8044:	fc 00 00 18 	frsp    f0,f0
    8048:	ff 80 68 00 	fcmpu   cr7,f0,f13
    804c:	4f dd f3 82 	cror    4*cr7+eq,4*cr7+gt,4*cr7+eq
    8050:	41 9e 00 68 	beq     cr7,80b8 <_start+0x6f6c>
    8054:	fc 00 00 1e 	fctiwz  f0,f0
    8058:	38 68 00 04 	addi    r3,r8,4
    805c:	d8 01 00 18 	stfd    f0,24(r1)
    8060:	80 01 00 1c 	lwz     r0,28(r1)
    8064:	38 21 00 30 	addi    r1,r1,48
    8068:	90 0b 00 04 	stw     r0,4(r11)
    806c:	4e 80 00 20 	blr
    8070:	80 c9 00 04 	lwz     r6,4(r9)
    8074:	3d 20 00 01 	lis     r9,1
    8078:	80 ea 00 04 	lwz     r7,4(r10)
    807c:	c1 a9 64 c0 	lfs     f13,25792(r9)
    8080:	90 c1 00 28 	stw     r6,40(r1)
    8084:	90 e1 00 2c 	stw     r7,44(r1)
    8088:	c9 81 00 28 	lfd     f12,40(r1)
    808c:	fc 00 60 18 	frsp    f0,f12
    8090:	ff 80 68 00 	fcmpu   cr7,f0,f13
    8094:	4f dd f3 82 	cror    4*cr7+eq,4*cr7+gt,4*cr7+eq
    8098:	41 9e 00 44 	beq     cr7,80dc <_start+0x6f90>
    809c:	fc 00 00 1e 	fctiwz  f0,f0
    80a0:	38 68 00 04 	addi    r3,r8,4
    80a4:	d8 01 00 08 	stfd    f0,8(r1)
    80a8:	80 01 00 0c 	lwz     r0,12(r1)
    80ac:	38 21 00 30 	addi    r1,r1,48
    80b0:	90 0b 00 04 	stw     r0,4(r11)
    80b4:	4e 80 00 20 	blr
    80b8:	fc 00 68 28 	fsub    f0,f0,f13
    80bc:	38 68 00 04 	addi    r3,r8,4
    80c0:	fc 00 00 1e 	fctiwz  f0,f0
    80c4:	d8 01 00 20 	stfd    f0,32(r1)
    80c8:	81 21 00 24 	lwz     r9,36(r1)
    80cc:	38 21 00 30 	addi    r1,r1,48
    80d0:	3c 09 80 00 	addis   r0,r9,-32768
    80d4:	90 0b 00 04 	stw     r0,4(r11)
    80d8:	4e 80 00 20 	blr
    80dc:	fc 00 68 28 	fsub    f0,f0,f13
    80e0:	38 68 00 04 	addi    r3,r8,4
    80e4:	fc 00 00 1e 	fctiwz  f0,f0
    80e8:	d8 01 00 10 	stfd    f0,16(r1)
    80ec:	81 21 00 14 	lwz     r9,20(r1)
    80f0:	38 21 00 30 	addi    r1,r1,48
    80f4:	3c 09 80 00 	addis   r0,r9,-32768
    80f8:	90 0b 00 04 	stw     r0,4(r11)
    80fc:	4e 80 00 20 	blr
    8100:	c8 04 00 00 	lfd     f0,0(r4)
    8104:	7c 69 1b 78 	mr      r9,r3
    8108:	39 63 00 04 	addi    r11,r3,4
    810c:	38 6b 00 08 	addi    r3,r11,8
    8110:	fc 00 00 18 	frsp    f0,f0
    8114:	d0 09 00 00 	stfs    f0,0(r9)
    8118:	c8 04 00 08 	lfd     f0,8(r4)
    811c:	fc 00 00 18 	frsp    f0,f0
    8120:	d0 09 00 04 	stfs    f0,4(r9)
    8124:	c8 04 00 10 	lfd     f0,16(r4)
    8128:	fc 00 00 18 	frsp    f0,f0
    812c:	d0 0b 00 04 	stfs    f0,4(r11)
    8130:	4e 80 00 20 	blr
    8134:	2b 83 00 02 	cmplwi  cr7,r3,2
    8138:	38 00 00 00 	li      r0,0
    813c:	41 9d 00 14 	bgt     cr7,8150 <_start+0x7004>
    8140:	3d 20 00 01 	lis     r9,1
    8144:	54 63 10 3a 	slwi    r3,r3,2
    8148:	39 29 69 a4 	addi    r9,r9,27044
    814c:	7c 09 18 2e 	lwzx    r0,r9,r3
    8150:	7c 03 03 78 	mr      r3,r0
    8154:	4e 80 00 20 	blr
    8158:	7c 04 34 2e 	lfsx    f0,r4,r6
    815c:	38 07 01 6c 	addi    r0,r7,364
    8160:	38 e7 01 70 	addi    r7,r7,368
    8164:	7d 84 2c 2e 	lfsx    f12,r4,r5
    8168:	54 e7 10 3a 	slwi    r7,r7,2
    816c:	54 00 10 3a 	slwi    r0,r0,2
    8170:	c1 a4 00 00 	lfs     f13,0(r4)
    8174:	7d 28 02 14 	add     r9,r8,r0
    8178:	7d 08 3a 14 	add     r8,r8,r7
    817c:	c1 69 00 04 	lfs     f11,4(r9)
    8180:	39 23 00 04 	addi    r9,r3,4
    8184:	c1 48 00 0c 	lfs     f10,12(r8)
    8188:	ed 80 03 32 	fmuls   f12,f0,f12
    818c:	ed a0 03 72 	fmuls   f13,f0,f13
    8190:	ed 8c 02 b2 	fmuls   f12,f12,f10
    8194:	ed ad 02 f2 	fmuls   f13,f13,f11
    8198:	d1 83 00 04 	stfs    f12,4(r3)
    819c:	d1 a3 00 00 	stfs    f13,0(r3)
    81a0:	38 69 00 08 	addi    r3,r9,8
    81a4:	d0 09 00 04 	stfs    f0,4(r9)
    81a8:	4e 80 00 20 	blr
    81ac:	2c 04 00 00 	cmpwi   r4,0
    81b0:	41 82 02 08 	beq     83b8 <_start+0x726c>
    81b4:	81 24 00 00 	lwz     r9,0(r4)
    81b8:	80 09 01 44 	lwz     r0,324(r9)
    81bc:	2f 80 00 00 	cmpwi   cr7,r0,0
    81c0:	4d 9e 00 20 	beqlr   cr7
    81c4:	81 65 00 00 	lwz     r11,0(r5)
    81c8:	80 04 01 a4 	lwz     r0,420(r4)
    81cc:	c1 8b 00 00 	lfs     f12,0(r11)
    81d0:	7d 6b 04 2e 	lfsx    f11,r11,r0
    81d4:	3d 60 00 01 	lis     r11,1
    81d8:	c1 a9 05 cc 	lfs     f13,1484(r9)
    81dc:	c0 09 05 b4 	lfs     f0,1460(r9)
    81e0:	80 0b 67 b0 	lwz     r0,26544(r11)
    81e4:	39 63 00 04 	addi    r11,r3,4
    81e8:	ed ab 03 72 	fmuls   f13,f11,f13
    81ec:	ec 0c 00 32 	fmuls   f0,f12,f0
    81f0:	d1 a3 00 04 	stfs    f13,4(r3)
    81f4:	d0 03 00 00 	stfs    f0,0(r3)
    81f8:	90 0b 00 04 	stw     r0,4(r11)
    81fc:	39 6b 00 04 	addi    r11,r11,4
    8200:	38 6b 00 04 	addi    r3,r11,4
    8204:	81 05 00 00 	lwz     r8,0(r5)
    8208:	81 44 01 24 	lwz     r10,292(r4)
    820c:	7d 48 52 14 	add     r10,r8,r10
    8210:	91 45 00 00 	stw     r10,0(r5)
    8214:	81 49 01 48 	lwz     r10,328(r9)
    8218:	2f 8a 00 00 	cmpwi   cr7,r10,0
    821c:	4d 9e 00 20 	beqlr   cr7
    8220:	81 45 00 04 	lwz     r10,4(r5)
    8224:	81 04 01 a8 	lwz     r8,424(r4)
    8228:	c1 8a 00 00 	lfs     f12,0(r10)
    822c:	7d 6a 44 2e 	lfsx    f11,r10,r8
    8230:	39 43 00 04 	addi    r10,r3,4
    8234:	c0 09 05 d0 	lfs     f0,1488(r9)
    8238:	39 0a 00 04 	addi    r8,r10,4
    823c:	c1 a9 05 b8 	lfs     f13,1464(r9)
    8240:	ec 0b 00 32 	fmuls   f0,f11,f0
    8244:	ed ac 03 72 	fmuls   f13,f12,f13
    8248:	d1 ab 00 04 	stfs    f13,4(r11)
    824c:	d0 03 00 04 	stfs    f0,4(r3)
    8250:	38 68 00 04 	addi    r3,r8,4
    8254:	90 0a 00 04 	stw     r0,4(r10)
    8258:	81 45 00 04 	lwz     r10,4(r5)
    825c:	81 64 01 28 	lwz     r11,296(r4)
    8260:	7d 6a 5a 14 	add     r11,r10,r11
    8264:	91 65 00 04 	stw     r11,4(r5)
    8268:	81 69 01 4c 	lwz     r11,332(r9)
    826c:	2f 8b 00 00 	cmpwi   cr7,r11,0
    8270:	4d 9e 00 20 	beqlr   cr7
    8274:	81 65 00 08 	lwz     r11,8(r5)
    8278:	81 44 01 ac 	lwz     r10,428(r4)
    827c:	c1 8b 00 00 	lfs     f12,0(r11)
    8280:	7d 6b 54 2e 	lfsx    f11,r11,r10
    8284:	39 63 00 04 	addi    r11,r3,4
    8288:	c0 09 05 d4 	lfs     f0,1492(r9)
    828c:	39 4b 00 04 	addi    r10,r11,4
    8290:	c1 a9 05 bc 	lfs     f13,1468(r9)
    8294:	ec 0b 00 32 	fmuls   f0,f11,f0
    8298:	ed ac 03 72 	fmuls   f13,f12,f13
    829c:	d1 a8 00 04 	stfs    f13,4(r8)
    82a0:	d0 03 00 04 	stfs    f0,4(r3)
    82a4:	38 6a 00 04 	addi    r3,r10,4
    82a8:	90 0b 00 04 	stw     r0,4(r11)
    82ac:	81 05 00 08 	lwz     r8,8(r5)
    82b0:	81 64 01 2c 	lwz     r11,300(r4)
    82b4:	7d 68 5a 14 	add     r11,r8,r11
    82b8:	91 65 00 08 	stw     r11,8(r5)
    82bc:	81 69 01 50 	lwz     r11,336(r9)
    82c0:	2f 8b 00 00 	cmpwi   cr7,r11,0
    82c4:	4d 9e 00 20 	beqlr   cr7
    82c8:	81 65 00 0c 	lwz     r11,12(r5)
    82cc:	81 04 01 b0 	lwz     r8,432(r4)
    82d0:	c1 8b 00 00 	lfs     f12,0(r11)
    82d4:	7d 6b 44 2e 	lfsx    f11,r11,r8
    82d8:	39 63 00 04 	addi    r11,r3,4
    82dc:	c0 09 05 d8 	lfs     f0,1496(r9)
    82e0:	39 0b 00 04 	addi    r8,r11,4
    82e4:	c1 a9 05 c0 	lfs     f13,1472(r9)
    82e8:	ec 0b 00 32 	fmuls   f0,f11,f0
    82ec:	ed ac 03 72 	fmuls   f13,f12,f13
    82f0:	d1 aa 00 04 	stfs    f13,4(r10)
    82f4:	d0 03 00 04 	stfs    f0,4(r3)
    82f8:	38 68 00 04 	addi    r3,r8,4
    82fc:	90 0b 00 04 	stw     r0,4(r11)
    8300:	81 45 00 0c 	lwz     r10,12(r5)
    8304:	81 64 01 30 	lwz     r11,304(r4)
    8308:	7d 6a 5a 14 	add     r11,r10,r11
    830c:	91 65 00 0c 	stw     r11,12(r5)
    8310:	81 69 01 54 	lwz     r11,340(r9)
    8314:	2f 8b 00 00 	cmpwi   cr7,r11,0
    8318:	4d 9e 00 20 	beqlr   cr7
    831c:	81 65 00 10 	lwz     r11,16(r5)
    8320:	81 44 01 b4 	lwz     r10,436(r4)
    8324:	c1 8b 00 00 	lfs     f12,0(r11)
    8328:	7d 6b 54 2e 	lfsx    f11,r11,r10
    832c:	39 63 00 04 	addi    r11,r3,4
    8330:	c0 09 05 dc 	lfs     f0,1500(r9)
    8334:	39 4b 00 04 	addi    r10,r11,4
    8338:	c1 a9 05 c4 	lfs     f13,1476(r9)
    833c:	ec 0b 00 32 	fmuls   f0,f11,f0
    8340:	ed ac 03 72 	fmuls   f13,f12,f13
    8344:	d1 a8 00 04 	stfs    f13,4(r8)
    8348:	d0 03 00 04 	stfs    f0,4(r3)
    834c:	38 6a 00 04 	addi    r3,r10,4
    8350:	90 0b 00 04 	stw     r0,4(r11)
    8354:	81 05 00 10 	lwz     r8,16(r5)
    8358:	81 64 01 34 	lwz     r11,308(r4)
    835c:	7d 68 5a 14 	add     r11,r8,r11
    8360:	91 65 00 10 	stw     r11,16(r5)
    8364:	81 69 01 58 	lwz     r11,344(r9)
    8368:	2f 8b 00 00 	cmpwi   cr7,r11,0
    836c:	4d 9e 00 20 	beqlr   cr7
    8370:	81 65 00 14 	lwz     r11,20(r5)
    8374:	81 04 01 b8 	lwz     r8,440(r4)
    8378:	c1 6b 00 00 	lfs     f11,0(r11)
    837c:	7d 8b 44 2e 	lfsx    f12,r11,r8
    8380:	c1 a9 05 c8 	lfs     f13,1480(r9)
    8384:	c0 09 05 e0 	lfs     f0,1504(r9)
    8388:	39 23 00 04 	addi    r9,r3,4
    838c:	ed ab 03 72 	fmuls   f13,f11,f13
    8390:	ec 0c 00 32 	fmuls   f0,f12,f0
    8394:	d1 aa 00 04 	stfs    f13,4(r10)
    8398:	d0 03 00 04 	stfs    f0,4(r3)
    839c:	38 69 00 08 	addi    r3,r9,8
    83a0:	90 09 00 04 	stw     r0,4(r9)
    83a4:	80 04 01 38 	lwz     r0,312(r4)
    83a8:	81 25 00 14 	lwz     r9,20(r5)
    83ac:	7c 09 02 14 	add     r0,r9,r0
    83b0:	90 05 00 14 	stw     r0,20(r5)
    83b4:	4e 80 00 20 	blr
    83b8:	39 20 00 00 	li      r9,0
    83bc:	80 09 01 44 	lwz     r0,324(r9)
    83c0:	2f 80 00 00 	cmpwi   cr7,r0,0
    83c4:	40 9e fe 00 	bne     cr7,81c4 <_start+0x7078>
    83c8:	4e 80 00 20 	blr
    83cc:	2c 04 00 00 	cmpwi   r4,0
    83d0:	41 82 02 60 	beq     8630 <_start+0x74e4>
    83d4:	81 24 00 00 	lwz     r9,0(r4)
    83d8:	80 09 01 44 	lwz     r0,324(r9)
    83dc:	2f 80 00 00 	cmpwi   cr7,r0,0
    83e0:	4d 9e 00 20 	beqlr   cr7
    83e4:	81 65 00 00 	lwz     r11,0(r5)
    83e8:	80 04 01 a4 	lwz     r0,420(r4)
    83ec:	c0 09 05 b4 	lfs     f0,1460(r9)
    83f0:	7d 6b 04 2e 	lfsx    f11,r11,r0
    83f4:	c1 ab 00 00 	lfs     f13,0(r11)
    83f8:	c1 89 05 cc 	lfs     f12,1484(r9)
    83fc:	80 04 01 e4 	lwz     r0,484(r4)
    8400:	ed ad 00 32 	fmuls   f13,f13,f0
    8404:	ed 8b 03 32 	fmuls   f12,f11,f12
    8408:	7c 0b 04 2e 	lfsx    f0,r11,r0
    840c:	39 63 00 04 	addi    r11,r3,4
    8410:	39 4b 00 04 	addi    r10,r11,4
    8414:	ed 8c 00 32 	fmuls   f12,f12,f0
    8418:	ed ad 00 32 	fmuls   f13,f13,f0
    841c:	d1 83 00 04 	stfs    f12,4(r3)
    8420:	d1 a3 00 00 	stfs    f13,0(r3)
    8424:	38 6a 00 04 	addi    r3,r10,4
    8428:	d0 0b 00 04 	stfs    f0,4(r11)
    842c:	81 65 00 00 	lwz     r11,0(r5)
    8430:	80 04 01 24 	lwz     r0,292(r4)
    8434:	7c 0b 02 14 	add     r0,r11,r0
    8438:	90 05 00 00 	stw     r0,0(r5)
    843c:	80 09 01 48 	lwz     r0,328(r9)
    8440:	2f 80 00 00 	cmpwi   cr7,r0,0
    8444:	4d 9e 00 20 	beqlr   cr7
    8448:	81 65 00 04 	lwz     r11,4(r5)
    844c:	80 04 01 a8 	lwz     r0,424(r4)
    8450:	c0 09 05 b8 	lfs     f0,1464(r9)
    8454:	7d 6b 04 2e 	lfsx    f11,r11,r0
    8458:	c1 8b 00 00 	lfs     f12,0(r11)
    845c:	c1 a9 05 d0 	lfs     f13,1488(r9)
    8460:	80 04 01 e8 	lwz     r0,488(r4)
    8464:	ed 8c 00 32 	fmuls   f12,f12,f0
    8468:	ed ab 03 72 	fmuls   f13,f11,f13
    846c:	7c 0b 04 2e 	lfsx    f0,r11,r0
    8470:	39 63 00 04 	addi    r11,r3,4
    8474:	39 0b 00 04 	addi    r8,r11,4
    8478:	ed ad 00 32 	fmuls   f13,f13,f0
    847c:	ed 8c 00 32 	fmuls   f12,f12,f0
    8480:	d1 8a 00 04 	stfs    f12,4(r10)
    8484:	d1 a3 00 04 	stfs    f13,4(r3)
    8488:	38 68 00 04 	addi    r3,r8,4
    848c:	d0 0b 00 04 	stfs    f0,4(r11)
    8490:	81 65 00 04 	lwz     r11,4(r5)
    8494:	80 04 01 28 	lwz     r0,296(r4)
    8498:	7c 0b 02 14 	add     r0,r11,r0
    849c:	90 05 00 04 	stw     r0,4(r5)
    84a0:	80 09 01 4c 	lwz     r0,332(r9)
    84a4:	2f 80 00 00 	cmpwi   cr7,r0,0
    84a8:	4d 9e 00 20 	beqlr   cr7
    84ac:	81 65 00 08 	lwz     r11,8(r5)
    84b0:	80 04 01 ac 	lwz     r0,428(r4)
    84b4:	c0 09 05 bc 	lfs     f0,1468(r9)
    84b8:	7d 6b 04 2e 	lfsx    f11,r11,r0
    84bc:	c1 8b 00 00 	lfs     f12,0(r11)
    84c0:	c1 a9 05 d4 	lfs     f13,1492(r9)
    84c4:	80 04 01 ec 	lwz     r0,492(r4)
    84c8:	ed 8c 00 32 	fmuls   f12,f12,f0
    84cc:	ed ab 03 72 	fmuls   f13,f11,f13
    84d0:	7c 0b 04 2e 	lfsx    f0,r11,r0
    84d4:	39 63 00 04 	addi    r11,r3,4
    84d8:	39 4b 00 04 	addi    r10,r11,4
    84dc:	ed ad 00 32 	fmuls   f13,f13,f0
    84e0:	ed 8c 00 32 	fmuls   f12,f12,f0
    84e4:	d1 88 00 04 	stfs    f12,4(r8)
    84e8:	d1 a3 00 04 	stfs    f13,4(r3)
    84ec:	38 6a 00 04 	addi    r3,r10,4
    84f0:	d0 0b 00 04 	stfs    f0,4(r11)
    84f4:	81 65 00 08 	lwz     r11,8(r5)
    84f8:	80 04 01 2c 	lwz     r0,300(r4)
    84fc:	7c 0b 02 14 	add     r0,r11,r0
    8500:	90 05 00 08 	stw     r0,8(r5)
    8504:	80 09 01 50 	lwz     r0,336(r9)
    8508:	2f 80 00 00 	cmpwi   cr7,r0,0
    850c:	4d 9e 00 20 	beqlr   cr7
    8510:	81 65 00 0c 	lwz     r11,12(r5)
    8514:	80 04 01 b0 	lwz     r0,432(r4)
    8518:	c0 09 05 c0 	lfs     f0,1472(r9)
    851c:	7d 6b 04 2e 	lfsx    f11,r11,r0
    8520:	c1 8b 00 00 	lfs     f12,0(r11)
    8524:	c1 a9 05 d8 	lfs     f13,1496(r9)
    8528:	80 04 01 f0 	lwz     r0,496(r4)
    852c:	ed 8c 00 32 	fmuls   f12,f12,f0
    8530:	ed ab 03 72 	fmuls   f13,f11,f13
    8534:	7c 0b 04 2e 	lfsx    f0,r11,r0
    8538:	39 63 00 04 	addi    r11,r3,4
    853c:	39 0b 00 04 	addi    r8,r11,4
    8540:	ed ad 00 32 	fmuls   f13,f13,f0
    8544:	ed 8c 00 32 	fmuls   f12,f12,f0
    8548:	d1 8a 00 04 	stfs    f12,4(r10)
    854c:	d1 a3 00 04 	stfs    f13,4(r3)
    8550:	38 68 00 04 	addi    r3,r8,4
    8554:	d0 0b 00 04 	stfs    f0,4(r11)
    8558:	81 65 00 0c 	lwz     r11,12(r5)
    855c:	80 04 01 30 	lwz     r0,304(r4)
    8560:	7c 0b 02 14 	add     r0,r11,r0
    8564:	90 05 00 0c 	stw     r0,12(r5)
    8568:	80 09 01 54 	lwz     r0,340(r9)
    856c:	2f 80 00 00 	cmpwi   cr7,r0,0
    8570:	4d 9e 00 20 	beqlr   cr7
    8574:	81 65 00 10 	lwz     r11,16(r5)
    8578:	80 04 01 b4 	lwz     r0,436(r4)
    857c:	c0 09 05 c4 	lfs     f0,1476(r9)
    8580:	7d 6b 04 2e 	lfsx    f11,r11,r0
    8584:	c1 8b 00 00 	lfs     f12,0(r11)
    8588:	c1 a9 05 dc 	lfs     f13,1500(r9)
    858c:	80 04 01 f4 	lwz     r0,500(r4)
    8590:	ed 8c 00 32 	fmuls   f12,f12,f0
    8594:	ed ab 03 72 	fmuls   f13,f11,f13
    8598:	7c 0b 04 2e 	lfsx    f0,r11,r0
    859c:	39 63 00 04 	addi    r11,r3,4
    85a0:	39 4b 00 04 	addi    r10,r11,4
    85a4:	ed ad 00 32 	fmuls   f13,f13,f0
    85a8:	ed 8c 00 32 	fmuls   f12,f12,f0
    85ac:	d1 88 00 04 	stfs    f12,4(r8)
    85b0:	d1 a3 00 04 	stfs    f13,4(r3)
    85b4:	38 6a 00 04 	addi    r3,r10,4
    85b8:	d0 0b 00 04 	stfs    f0,4(r11)
    85bc:	81 65 00 10 	lwz     r11,16(r5)
    85c0:	80 04 01 34 	lwz     r0,308(r4)
    85c4:	7c 0b 02 14 	add     r0,r11,r0
    85c8:	90 05 00 10 	stw     r0,16(r5)
    85cc:	80 09 01 58 	lwz     r0,344(r9)
    85d0:	2f 80 00 00 	cmpwi   cr7,r0,0
    85d4:	4d 9e 00 20 	beqlr   cr7
    85d8:	81 65 00 14 	lwz     r11,20(r5)
    85dc:	80 04 01 b8 	lwz     r0,440(r4)
    85e0:	c0 09 05 c8 	lfs     f0,1480(r9)
    85e4:	7d 6b 04 2e 	lfsx    f11,r11,r0
    85e8:	c1 8b 00 00 	lfs     f12,0(r11)
    85ec:	c1 a9 05 e0 	lfs     f13,1504(r9)
    85f0:	39 23 00 04 	addi    r9,r3,4
    85f4:	80 04 01 f8 	lwz     r0,504(r4)
    85f8:	ed 8c 00 32 	fmuls   f12,f12,f0
    85fc:	ed ab 03 72 	fmuls   f13,f11,f13
    8600:	7c 0b 04 2e 	lfsx    f0,r11,r0
    8604:	ed ad 00 32 	fmuls   f13,f13,f0
    8608:	ed 8c 00 32 	fmuls   f12,f12,f0
    860c:	d1 8a 00 04 	stfs    f12,4(r10)
    8610:	d1 a3 00 04 	stfs    f13,4(r3)
    8614:	38 69 00 08 	addi    r3,r9,8
    8618:	d0 09 00 04 	stfs    f0,4(r9)
    861c:	80 04 01 38 	lwz     r0,312(r4)
    8620:	81 25 00 14 	lwz     r9,20(r5)
    8624:	7c 09 02 14 	add     r0,r9,r0
    8628:	90 05 00 14 	stw     r0,20(r5)
    862c:	4e 80 00 20 	blr
    8630:	39 20 00 00 	li      r9,0
    8634:	80 09 01 44 	lwz     r0,324(r9)
    8638:	2f 80 00 00 	cmpwi   cr7,r0,0
    863c:	40 9e fd a8 	bne     cr7,83e4 <_start+0x7298>
    8640:	4e 80 00 20 	blr
    8644:	2c 04 00 00 	cmpwi   r4,0
    8648:	41 82 01 f0 	beq     8838 <_start+0x76ec>
    864c:	81 24 00 00 	lwz     r9,0(r4)
    8650:	80 09 01 44 	lwz     r0,324(r9)
    8654:	2f 80 00 00 	cmpwi   cr7,r0,0
    8658:	4d 9e 00 20 	beqlr   cr7
    865c:	80 04 01 24 	lwz     r0,292(r4)
    8660:	81 65 00 00 	lwz     r11,0(r5)
    8664:	7c 06 01 d6 	mullw   r0,r6,r0
    8668:	81 44 01 a4 	lwz     r10,420(r4)
    866c:	c1 a9 05 cc 	lfs     f13,1484(r9)
    8670:	7d 0b 02 14 	add     r8,r11,r0
    8674:	7d 8b 04 2e 	lfsx    f12,r11,r0
    8678:	3d 60 00 01 	lis     r11,1
    867c:	7d 68 54 2e 	lfsx    f11,r8,r10
    8680:	c0 09 05 b4 	lfs     f0,1460(r9)
    8684:	80 0b 67 b0 	lwz     r0,26544(r11)
    8688:	39 63 00 04 	addi    r11,r3,4
    868c:	ed ab 03 72 	fmuls   f13,f11,f13
    8690:	ec 0c 00 32 	fmuls   f0,f12,f0
    8694:	d1 a3 00 04 	stfs    f13,4(r3)
    8698:	d0 03 00 00 	stfs    f0,0(r3)
    869c:	90 0b 00 04 	stw     r0,4(r11)
    86a0:	39 6b 00 04 	addi    r11,r11,4
    86a4:	38 6b 00 04 	addi    r3,r11,4
    86a8:	81 49 01 48 	lwz     r10,328(r9)
    86ac:	2f 8a 00 00 	cmpwi   cr7,r10,0
    86b0:	4d 9e 00 20 	beqlr   cr7
    86b4:	81 44 01 28 	lwz     r10,296(r4)
    86b8:	81 05 00 04 	lwz     r8,4(r5)
    86bc:	7d 46 51 d6 	mullw   r10,r6,r10
    86c0:	80 e4 01 a8 	lwz     r7,424(r4)
    86c4:	c0 09 05 d0 	lfs     f0,1488(r9)
    86c8:	7d 88 52 14 	add     r12,r8,r10
    86cc:	7d 88 54 2e 	lfsx    f12,r8,r10
    86d0:	39 43 00 04 	addi    r10,r3,4
    86d4:	7d 6c 3c 2e 	lfsx    f11,r12,r7
    86d8:	39 0a 00 04 	addi    r8,r10,4
    86dc:	c1 a9 05 b8 	lfs     f13,1464(r9)
    86e0:	ec 0b 00 32 	fmuls   f0,f11,f0
    86e4:	ed ac 03 72 	fmuls   f13,f12,f13
    86e8:	d1 ab 00 04 	stfs    f13,4(r11)
    86ec:	d0 03 00 04 	stfs    f0,4(r3)
    86f0:	38 68 00 04 	addi    r3,r8,4
    86f4:	90 0a 00 04 	stw     r0,4(r10)
    86f8:	81 69 01 4c 	lwz     r11,332(r9)
    86fc:	2f 8b 00 00 	cmpwi   cr7,r11,0
    8700:	4d 9e 00 20 	beqlr   cr7
    8704:	81 64 01 2c 	lwz     r11,300(r4)
    8708:	81 45 00 08 	lwz     r10,8(r5)
    870c:	7d 66 59 d6 	mullw   r11,r6,r11
    8710:	80 e4 01 ac 	lwz     r7,428(r4)
    8714:	c0 09 05 d4 	lfs     f0,1492(r9)
    8718:	7d 8a 5a 14 	add     r12,r10,r11
    871c:	7d 8a 5c 2e 	lfsx    f12,r10,r11
    8720:	39 63 00 04 	addi    r11,r3,4
    8724:	7d 6c 3c 2e 	lfsx    f11,r12,r7
    8728:	39 4b 00 04 	addi    r10,r11,4
    872c:	c1 a9 05 bc 	lfs     f13,1468(r9)
    8730:	ec 0b 00 32 	fmuls   f0,f11,f0
    8734:	ed ac 03 72 	fmuls   f13,f12,f13
    8738:	d1 a8 00 04 	stfs    f13,4(r8)
    873c:	d0 03 00 04 	stfs    f0,4(r3)
    8740:	38 6a 00 04 	addi    r3,r10,4
    8744:	90 0b 00 04 	stw     r0,4(r11)
    8748:	81 69 01 50 	lwz     r11,336(r9)
    874c:	2f 8b 00 00 	cmpwi   cr7,r11,0
    8750:	4d 9e 00 20 	beqlr   cr7
    8754:	81 64 01 30 	lwz     r11,304(r4)
    8758:	81 05 00 0c 	lwz     r8,12(r5)
    875c:	7d 66 59 d6 	mullw   r11,r6,r11
    8760:	80 e4 01 b0 	lwz     r7,432(r4)
    8764:	c0 09 05 d8 	lfs     f0,1496(r9)
    8768:	7d 88 5a 14 	add     r12,r8,r11
    876c:	7d 88 5c 2e 	lfsx    f12,r8,r11
    8770:	39 63 00 04 	addi    r11,r3,4
    8774:	7d 6c 3c 2e 	lfsx    f11,r12,r7
    8778:	39 0b 00 04 	addi    r8,r11,4
    877c:	c1 a9 05 c0 	lfs     f13,1472(r9)
    8780:	ec 0b 00 32 	fmuls   f0,f11,f0
    8784:	ed ac 03 72 	fmuls   f13,f12,f13
    8788:	d1 aa 00 04 	stfs    f13,4(r10)
    878c:	d0 03 00 04 	stfs    f0,4(r3)
    8790:	38 68 00 04 	addi    r3,r8,4
    8794:	90 0b 00 04 	stw     r0,4(r11)
    8798:	81 69 01 54 	lwz     r11,340(r9)
    879c:	2f 8b 00 00 	cmpwi   cr7,r11,0
    87a0:	4d 9e 00 20 	beqlr   cr7
    87a4:	81 64 01 34 	lwz     r11,308(r4)
    87a8:	81 45 00 10 	lwz     r10,16(r5)
    87ac:	7d 66 59 d6 	mullw   r11,r6,r11
    87b0:	80 e4 01 b4 	lwz     r7,436(r4)
    87b4:	c0 09 05 dc 	lfs     f0,1500(r9)
    87b8:	7d 8a 5a 14 	add     r12,r10,r11
    87bc:	7d 8a 5c 2e 	lfsx    f12,r10,r11
    87c0:	39 63 00 04 	addi    r11,r3,4
    87c4:	7d 6c 3c 2e 	lfsx    f11,r12,r7
    87c8:	39 4b 00 04 	addi    r10,r11,4
    87cc:	c1 a9 05 c4 	lfs     f13,1476(r9)
    87d0:	ec 0b 00 32 	fmuls   f0,f11,f0
    87d4:	ed ac 03 72 	fmuls   f13,f12,f13
    87d8:	d1 a8 00 04 	stfs    f13,4(r8)
    87dc:	d0 03 00 04 	stfs    f0,4(r3)
    87e0:	38 6a 00 04 	addi    r3,r10,4
    87e4:	90 0b 00 04 	stw     r0,4(r11)
    87e8:	81 69 01 58 	lwz     r11,344(r9)
    87ec:	2f 8b 00 00 	cmpwi   cr7,r11,0
    87f0:	4d 9e 00 20 	beqlr   cr7
    87f4:	81 04 01 38 	lwz     r8,312(r4)
    87f8:	81 65 00 14 	lwz     r11,20(r5)
    87fc:	7c c6 41 d6 	mullw   r6,r6,r8
    8800:	81 04 01 b8 	lwz     r8,440(r4)
    8804:	c1 a9 05 c8 	lfs     f13,1480(r9)
    8808:	7c eb 32 14 	add     r7,r11,r6
    880c:	7d 6b 34 2e 	lfsx    f11,r11,r6
    8810:	7d 87 44 2e 	lfsx    f12,r7,r8
    8814:	c0 09 05 e0 	lfs     f0,1504(r9)
    8818:	39 23 00 04 	addi    r9,r3,4
    881c:	ed ab 03 72 	fmuls   f13,f11,f13
    8820:	ec 0c 00 32 	fmuls   f0,f12,f0
    8824:	d1 aa 00 04 	stfs    f13,4(r10)
    8828:	d0 03 00 04 	stfs    f0,4(r3)
    882c:	38 69 00 08 	addi    r3,r9,8
    8830:	90 09 00 04 	stw     r0,4(r9)
    8834:	4e 80 00 20 	blr
    8838:	39 20 00 00 	li      r9,0
    883c:	80 09 01 44 	lwz     r0,324(r9)
    8840:	2f 80 00 00 	cmpwi   cr7,r0,0
    8844:	40 9e fe 18 	bne     cr7,865c <_start+0x7510>
    8848:	4e 80 00 20 	blr
    884c:	2c 04 00 00 	cmpwi   r4,0
    8850:	41 82 02 48 	beq     8a98 <_start+0x794c>
    8854:	81 24 00 00 	lwz     r9,0(r4)
    8858:	80 09 01 44 	lwz     r0,324(r9)
    885c:	2f 80 00 00 	cmpwi   cr7,r0,0
    8860:	4d 9e 00 20 	beqlr   cr7
    8864:	80 04 01 24 	lwz     r0,292(r4)
    8868:	81 45 00 00 	lwz     r10,0(r5)
    886c:	7c 06 01 d6 	mullw   r0,r6,r0
    8870:	81 04 01 a4 	lwz     r8,420(r4)
    8874:	c0 09 05 b4 	lfs     f0,1460(r9)
    8878:	7d 6a 02 14 	add     r11,r10,r0
    887c:	7d aa 04 2e 	lfsx    f13,r10,r0
    8880:	7d 6b 44 2e 	lfsx    f11,r11,r8
    8884:	c1 89 05 cc 	lfs     f12,1484(r9)
    8888:	80 04 01 e4 	lwz     r0,484(r4)
    888c:	ed ad 00 32 	fmuls   f13,f13,f0
    8890:	ed 8b 03 32 	fmuls   f12,f11,f12
    8894:	7c 0b 04 2e 	lfsx    f0,r11,r0
    8898:	39 63 00 04 	addi    r11,r3,4
    889c:	39 4b 00 04 	addi    r10,r11,4
    88a0:	ed 8c 00 32 	fmuls   f12,f12,f0
    88a4:	ed ad 00 32 	fmuls   f13,f13,f0
    88a8:	d1 83 00 04 	stfs    f12,4(r3)
    88ac:	d1 a3 00 00 	stfs    f13,0(r3)
    88b0:	38 6a 00 04 	addi    r3,r10,4
    88b4:	d0 0b 00 04 	stfs    f0,4(r11)
    88b8:	80 09 01 48 	lwz     r0,328(r9)
    88bc:	2f 80 00 00 	cmpwi   cr7,r0,0
    88c0:	4d 9e 00 20 	beqlr   cr7
    88c4:	80 04 01 28 	lwz     r0,296(r4)
    88c8:	81 05 00 04 	lwz     r8,4(r5)
    88cc:	7c 06 01 d6 	mullw   r0,r6,r0
    88d0:	80 e4 01 a8 	lwz     r7,424(r4)
    88d4:	c0 09 05 b8 	lfs     f0,1464(r9)
    88d8:	7d 68 02 14 	add     r11,r8,r0
    88dc:	7d 88 04 2e 	lfsx    f12,r8,r0
    88e0:	7d 6b 3c 2e 	lfsx    f11,r11,r7
    88e4:	c1 a9 05 d0 	lfs     f13,1488(r9)
    88e8:	80 04 01 e8 	lwz     r0,488(r4)
    88ec:	ed 8c 00 32 	fmuls   f12,f12,f0
    88f0:	ed ab 03 72 	fmuls   f13,f11,f13
    88f4:	7c 0b 04 2e 	lfsx    f0,r11,r0
    88f8:	39 63 00 04 	addi    r11,r3,4
    88fc:	39 0b 00 04 	addi    r8,r11,4
    8900:	ed ad 00 32 	fmuls   f13,f13,f0
    8904:	ed 8c 00 32 	fmuls   f12,f12,f0
    8908:	d1 8a 00 04 	stfs    f12,4(r10)
    890c:	d1 a3 00 04 	stfs    f13,4(r3)
    8910:	38 68 00 04 	addi    r3,r8,4
    8914:	d0 0b 00 04 	stfs    f0,4(r11)
    8918:	80 09 01 4c 	lwz     r0,332(r9)
    891c:	2f 80 00 00 	cmpwi   cr7,r0,0
    8920:	4d 9e 00 20 	beqlr   cr7
    8924:	80 04 01 2c 	lwz     r0,300(r4)
    8928:	81 45 00 08 	lwz     r10,8(r5)
    892c:	7c 06 01 d6 	mullw   r0,r6,r0
    8930:	80 e4 01 ac 	lwz     r7,428(r4)
    8934:	c0 09 05 bc 	lfs     f0,1468(r9)
    8938:	7d 6a 02 14 	add     r11,r10,r0
    893c:	7d 8a 04 2e 	lfsx    f12,r10,r0
    8940:	7d 6b 3c 2e 	lfsx    f11,r11,r7
    8944:	c1 a9 05 d4 	lfs     f13,1492(r9)
    8948:	80 04 01 ec 	lwz     r0,492(r4)
    894c:	ed 8c 00 32 	fmuls   f12,f12,f0
    8950:	ed ab 03 72 	fmuls   f13,f11,f13
    8954:	7c 0b 04 2e 	lfsx    f0,r11,r0
    8958:	39 63 00 04 	addi    r11,r3,4
    895c:	39 4b 00 04 	addi    r10,r11,4
    8960:	ed ad 00 32 	fmuls   f13,f13,f0
    8964:	ed 8c 00 32 	fmuls   f12,f12,f0
    8968:	d1 88 00 04 	stfs    f12,4(r8)
    896c:	d1 a3 00 04 	stfs    f13,4(r3)
    8970:	38 6a 00 04 	addi    r3,r10,4
    8974:	d0 0b 00 04 	stfs    f0,4(r11)
    8978:	80 09 01 50 	lwz     r0,336(r9)
    897c:	2f 80 00 00 	cmpwi   cr7,r0,0
    8980:	4d 9e 00 20 	beqlr   cr7
    8984:	80 04 01 30 	lwz     r0,304(r4)
    8988:	81 05 00 0c 	lwz     r8,12(r5)
    898c:	7c 06 01 d6 	mullw   r0,r6,r0
    8990:	80 e4 01 b0 	lwz     r7,432(r4)
    8994:	c0 09 05 c0 	lfs     f0,1472(r9)
    8998:	7d 68 02 14 	add     r11,r8,r0
    899c:	7d 88 04 2e 	lfsx    f12,r8,r0
    89a0:	7d 6b 3c 2e 	lfsx    f11,r11,r7
    89a4:	c1 a9 05 d8 	lfs     f13,1496(r9)
    89a8:	80 04 01 f0 	lwz     r0,496(r4)
    89ac:	ed 8c 00 32 	fmuls   f12,f12,f0
    89b0:	ed ab 03 72 	fmuls   f13,f11,f13
    89b4:	7c 0b 04 2e 	lfsx    f0,r11,r0
    89b8:	39 63 00 04 	addi    r11,r3,4
    89bc:	39 0b 00 04 	addi    r8,r11,4
    89c0:	ed ad 00 32 	fmuls   f13,f13,f0
    89c4:	ed 8c 00 32 	fmuls   f12,f12,f0
    89c8:	d1 8a 00 04 	stfs    f12,4(r10)
    89cc:	d1 a3 00 04 	stfs    f13,4(r3)
    89d0:	38 68 00 04 	addi    r3,r8,4
    89d4:	d0 0b 00 04 	stfs    f0,4(r11)
    89d8:	80 09 01 54 	lwz     r0,340(r9)
    89dc:	2f 80 00 00 	cmpwi   cr7,r0,0
    89e0:	4d 9e 00 20 	beqlr   cr7
    89e4:	80 04 01 34 	lwz     r0,308(r4)
    89e8:	81 45 00 10 	lwz     r10,16(r5)
    89ec:	7c 06 01 d6 	mullw   r0,r6,r0
    89f0:	80 e4 01 b4 	lwz     r7,436(r4)
    89f4:	c0 09 05 c4 	lfs     f0,1476(r9)
    89f8:	7d 6a 02 14 	add     r11,r10,r0
    89fc:	7d 8a 04 2e 	lfsx    f12,r10,r0
    8a00:	7d 6b 3c 2e 	lfsx    f11,r11,r7
    8a04:	c1 a9 05 dc 	lfs     f13,1500(r9)
    8a08:	80 04 01 f4 	lwz     r0,500(r4)
    8a0c:	ed 8c 00 32 	fmuls   f12,f12,f0
    8a10:	ed ab 03 72 	fmuls   f13,f11,f13
    8a14:	7c 0b 04 2e 	lfsx    f0,r11,r0
    8a18:	39 63 00 04 	addi    r11,r3,4
    8a1c:	39 4b 00 04 	addi    r10,r11,4
    8a20:	ed ad 00 32 	fmuls   f13,f13,f0
    8a24:	ed 8c 00 32 	fmuls   f12,f12,f0
    8a28:	d1 88 00 04 	stfs    f12,4(r8)
    8a2c:	d1 a3 00 04 	stfs    f13,4(r3)
    8a30:	38 6a 00 04 	addi    r3,r10,4
    8a34:	d0 0b 00 04 	stfs    f0,4(r11)
    8a38:	80 09 01 58 	lwz     r0,344(r9)
    8a3c:	2f 80 00 00 	cmpwi   cr7,r0,0
    8a40:	4d 9e 00 20 	beqlr   cr7
    8a44:	80 04 01 38 	lwz     r0,312(r4)
    8a48:	81 05 00 14 	lwz     r8,20(r5)
    8a4c:	7c c6 01 d6 	mullw   r6,r6,r0
    8a50:	80 04 01 b8 	lwz     r0,440(r4)
    8a54:	c0 09 05 c8 	lfs     f0,1480(r9)
    8a58:	7d 68 32 14 	add     r11,r8,r6
    8a5c:	7d 88 34 2e 	lfsx    f12,r8,r6
    8a60:	7d 6b 04 2e 	lfsx    f11,r11,r0
    8a64:	c1 a9 05 e0 	lfs     f13,1504(r9)
    8a68:	39 23 00 04 	addi    r9,r3,4
    8a6c:	80 04 01 f8 	lwz     r0,504(r4)
    8a70:	ed 8c 00 32 	fmuls   f12,f12,f0
    8a74:	ed ab 03 72 	fmuls   f13,f11,f13
    8a78:	7c 0b 04 2e 	lfsx    f0,r11,r0
    8a7c:	ed ad 00 32 	fmuls   f13,f13,f0
    8a80:	ed 8c 00 32 	fmuls   f12,f12,f0
    8a84:	d1 8a 00 04 	stfs    f12,4(r10)
    8a88:	d1 a3 00 04 	stfs    f13,4(r3)
    8a8c:	38 69 00 08 	addi    r3,r9,8
    8a90:	d0 09 00 04 	stfs    f0,4(r9)
    8a94:	4e 80 00 20 	blr
    8a98:	39 20 00 00 	li      r9,0
    8a9c:	80 09 01 44 	lwz     r0,324(r9)
    8aa0:	2f 80 00 00 	cmpwi   cr7,r0,0
    8aa4:	40 9e fd c0 	bne     cr7,8864 <_start+0x7718>
    8aa8:	4e 80 00 20 	blr
    8aac:	89 64 00 00 	lbz     r11,0(r4)
    8ab0:	88 04 00 01 	lbz     r0,1(r4)
    8ab4:	89 24 00 02 	lbz     r9,2(r4)
    8ab8:	65 6b ff 00 	oris    r11,r11,65280
    8abc:	54 00 40 2e 	slwi    r0,r0,8
    8ac0:	7d 60 03 78 	or      r0,r11,r0
    8ac4:	55 29 80 1e 	slwi    r9,r9,16
    8ac8:	7c 00 4b 78 	or      r0,r0,r9
    8acc:	90 03 00 00 	stw     r0,0(r3)
    8ad0:	38 63 00 04 	addi    r3,r3,4
    8ad4:	4e 80 00 20 	blr
    8ad8:	89 64 00 02 	lbz     r11,2(r4)
    8adc:	88 04 00 00 	lbz     r0,0(r4)
    8ae0:	89 24 00 01 	lbz     r9,1(r4)
    8ae4:	65 6b ff 00 	oris    r11,r11,65280
    8ae8:	54 00 80 1e 	slwi    r0,r0,16
    8aec:	7d 60 03 78 	or      r0,r11,r0
    8af0:	55 29 40 2e 	slwi    r9,r9,8
    8af4:	7c 00 4b 78 	or      r0,r0,r9
    8af8:	90 03 00 00 	stw     r0,0(r3)
    8afc:	38 63 00 04 	addi    r3,r3,4
    8b00:	4e 80 00 20 	blr
    8b04:	7c 00 24 2c 	lwbrx   r0,0,r4
    8b08:	90 03 00 00 	stw     r0,0(r3)
    8b0c:	38 63 00 04 	addi    r3,r3,4
    8b10:	4e 80 00 20 	blr
    8b14:	7c 00 24 2c 	lwbrx   r0,0,r4
    8b18:	54 04 c0 3e 	rotlwi  r4,r0,24
    8b1c:	90 83 00 00 	stw     r4,0(r3)
    8b20:	38 63 00 04 	addi    r3,r3,4
    8b24:	4e 80 00 20 	blr
    8b28:	80 04 00 00 	lwz     r0,0(r4)
    8b2c:	54 00 c0 3e 	rotlwi  r0,r0,24
    8b30:	90 03 00 00 	stw     r0,0(r3)
    8b34:	38 63 00 04 	addi    r3,r3,4
    8b38:	4e 80 00 20 	blr
    8b3c:	3d 20 00 01 	lis     r9,1
    8b40:	c1 44 00 00 	lfs     f10,0(r4)
    8b44:	c1 a9 63 9c 	lfs     f13,25500(r9)
    8b48:	3d 20 00 01 	lis     r9,1
    8b4c:	c0 09 63 a0 	lfs     f0,25504(r9)
    8b50:	94 21 ff f0 	stwu    r1,-16(r1)
    8b54:	c1 64 00 04 	lfs     f11,4(r4)
    8b58:	ed 4d 02 ba 	fmadds  f10,f13,f10,f0
    8b5c:	c1 84 00 08 	lfs     f12,8(r4)
    8b60:	ed 6d 02 fa 	fmadds  f11,f13,f11,f0
    8b64:	d1 41 00 08 	stfs    f10,8(r1)
    8b68:	ed 8d 03 3a 	fmadds  f12,f13,f12,f0
    8b6c:	81 61 00 08 	lwz     r11,8(r1)
    8b70:	d1 61 00 08 	stfs    f11,8(r1)
    8b74:	55 6b 06 3e 	clrlwi  r11,r11,24
    8b78:	65 6b ff 00 	oris    r11,r11,65280
    8b7c:	80 01 00 08 	lwz     r0,8(r1)
    8b80:	d1 81 00 08 	stfs    f12,8(r1)
    8b84:	54 00 44 2e 	rlwinm  r0,r0,8,16,23
    8b88:	7d 60 03 78 	or      r0,r11,r0
    8b8c:	81 21 00 08 	lwz     r9,8(r1)
    8b90:	38 21 00 10 	addi    r1,r1,16
    8b94:	55 29 82 1e 	rlwinm  r9,r9,16,8,15
    8b98:	7c 00 4b 78 	or      r0,r0,r9
    8b9c:	90 03 00 00 	stw     r0,0(r3)
    8ba0:	38 63 00 04 	addi    r3,r3,4
    8ba4:	4e 80 00 20 	blr
    8ba8:	3d 20 00 01 	lis     r9,1
    8bac:	c1 44 00 00 	lfs     f10,0(r4)
    8bb0:	c1 a9 63 9c 	lfs     f13,25500(r9)
    8bb4:	3d 20 00 01 	lis     r9,1
    8bb8:	c0 09 63 a0 	lfs     f0,25504(r9)
    8bbc:	94 21 ff f0 	stwu    r1,-16(r1)
    8bc0:	c1 64 00 08 	lfs     f11,8(r4)
    8bc4:	ed 4d 02 ba 	fmadds  f10,f13,f10,f0
    8bc8:	c1 84 00 04 	lfs     f12,4(r4)
    8bcc:	ed 6d 02 fa 	fmadds  f11,f13,f11,f0
    8bd0:	d1 41 00 08 	stfs    f10,8(r1)
    8bd4:	ed 8d 03 3a 	fmadds  f12,f13,f12,f0
    8bd8:	81 61 00 08 	lwz     r11,8(r1)
    8bdc:	d1 61 00 08 	stfs    f11,8(r1)
    8be0:	55 6b 82 1e 	rlwinm  r11,r11,16,8,15
    8be4:	80 01 00 08 	lwz     r0,8(r1)
    8be8:	d1 81 00 08 	stfs    f12,8(r1)
    8bec:	54 00 06 3e 	clrlwi  r0,r0,24
    8bf0:	7d 60 03 78 	or      r0,r11,r0
    8bf4:	81 21 00 08 	lwz     r9,8(r1)
    8bf8:	64 00 ff 00 	oris    r0,r0,65280
    8bfc:	38 21 00 10 	addi    r1,r1,16
    8c00:	55 29 44 2e 	rlwinm  r9,r9,8,16,23
    8c04:	7c 00 4b 78 	or      r0,r0,r9
    8c08:	90 03 00 00 	stw     r0,0(r3)
    8c0c:	38 63 00 04 	addi    r3,r3,4
    8c10:	4e 80 00 20 	blr
    8c14:	3d 20 00 01 	lis     r9,1
    8c18:	c1 24 00 04 	lfs     f9,4(r4)
    8c1c:	c1 a9 63 9c 	lfs     f13,25500(r9)
    8c20:	3d 20 00 01 	lis     r9,1
    8c24:	c0 09 63 a0 	lfs     f0,25504(r9)
    8c28:	94 21 ff f0 	stwu    r1,-16(r1)
    8c2c:	c1 44 00 08 	lfs     f10,8(r4)
    8c30:	ed 2d 02 7a 	fmadds  f9,f13,f9,f0
    8c34:	c1 64 00 00 	lfs     f11,0(r4)
    8c38:	c1 84 00 0c 	lfs     f12,12(r4)
    8c3c:	ed 4d 02 ba 	fmadds  f10,f13,f10,f0
    8c40:	d1 21 00 08 	stfs    f9,8(r1)
    8c44:	ed 6d 02 fa 	fmadds  f11,f13,f11,f0
    8c48:	ed 8d 03 3a 	fmadds  f12,f13,f12,f0
    8c4c:	81 41 00 08 	lwz     r10,8(r1)
    8c50:	d1 41 00 08 	stfs    f10,8(r1)
    8c54:	55 4a 44 2e 	rlwinm  r10,r10,8,16,23
    8c58:	80 01 00 08 	lwz     r0,8(r1)
    8c5c:	d1 61 00 08 	stfs    f11,8(r1)
    8c60:	54 00 82 1e 	rlwinm  r0,r0,16,8,15
    8c64:	7d 40 03 78 	or      r0,r10,r0
    8c68:	81 61 00 08 	lwz     r11,8(r1)
    8c6c:	d1 81 00 08 	stfs    f12,8(r1)
    8c70:	55 6b 06 3e 	clrlwi  r11,r11,24
    8c74:	7c 00 5b 78 	or      r0,r0,r11
    8c78:	81 21 00 08 	lwz     r9,8(r1)
    8c7c:	38 21 00 10 	addi    r1,r1,16
    8c80:	55 29 c0 0e 	slwi    r9,r9,24
    8c84:	7c 00 4b 78 	or      r0,r0,r9
    8c88:	90 03 00 00 	stw     r0,0(r3)
    8c8c:	38 63 00 04 	addi    r3,r3,4
    8c90:	4e 80 00 20 	blr
    8c94:	3d 20 00 01 	lis     r9,1
    8c98:	c1 24 00 04 	lfs     f9,4(r4)
    8c9c:	c1 a9 63 9c 	lfs     f13,25500(r9)
    8ca0:	3d 20 00 01 	lis     r9,1
    8ca4:	c0 09 63 a0 	lfs     f0,25504(r9)
    8ca8:	94 21 ff f0 	stwu    r1,-16(r1)
    8cac:	c1 44 00 00 	lfs     f10,0(r4)
    8cb0:	ed 2d 02 7a 	fmadds  f9,f13,f9,f0
    8cb4:	c1 64 00 08 	lfs     f11,8(r4)
    8cb8:	c1 84 00 0c 	lfs     f12,12(r4)
    8cbc:	ed 4d 02 ba 	fmadds  f10,f13,f10,f0
    8cc0:	d1 21 00 08 	stfs    f9,8(r1)
    8cc4:	ed 6d 02 fa 	fmadds  f11,f13,f11,f0
    8cc8:	ed 8d 03 3a 	fmadds  f12,f13,f12,f0
    8ccc:	81 41 00 08 	lwz     r10,8(r1)
    8cd0:	d1 41 00 08 	stfs    f10,8(r1)
    8cd4:	55 4a 06 3e 	clrlwi  r10,r10,24
    8cd8:	80 01 00 08 	lwz     r0,8(r1)
    8cdc:	d1 61 00 08 	stfs    f11,8(r1)
    8ce0:	54 00 c0 0e 	slwi    r0,r0,24
    8ce4:	7d 40 03 78 	or      r0,r10,r0
    8ce8:	81 61 00 08 	lwz     r11,8(r1)
    8cec:	d1 81 00 08 	stfs    f12,8(r1)
    8cf0:	55 6b 44 2e 	rlwinm  r11,r11,8,16,23
    8cf4:	7c 00 5b 78 	or      r0,r0,r11
    8cf8:	81 21 00 08 	lwz     r9,8(r1)
    8cfc:	38 21 00 10 	addi    r1,r1,16
    8d00:	55 29 82 1e 	rlwinm  r9,r9,16,8,15
    8d04:	7c 00 4b 78 	or      r0,r0,r9
    8d08:	90 03 00 00 	stw     r0,0(r3)
    8d0c:	38 63 00 04 	addi    r3,r3,4
    8d10:	4e 80 00 20 	blr
    8d14:	3d 20 00 01 	lis     r9,1
    8d18:	c1 24 00 08 	lfs     f9,8(r4)
    8d1c:	c1 a9 63 9c 	lfs     f13,25500(r9)
    8d20:	3d 20 00 01 	lis     r9,1
    8d24:	c0 09 63 a0 	lfs     f0,25504(r9)
    8d28:	94 21 ff f0 	stwu    r1,-16(r1)
    8d2c:	c1 44 00 00 	lfs     f10,0(r4)
    8d30:	ed 2d 02 7a 	fmadds  f9,f13,f9,f0
    8d34:	c1 64 00 04 	lfs     f11,4(r4)
    8d38:	c1 84 00 0c 	lfs     f12,12(r4)
    8d3c:	ed 4d 02 ba 	fmadds  f10,f13,f10,f0
    8d40:	d1 21 00 08 	stfs    f9,8(r1)
    8d44:	ed 6d 02 fa 	fmadds  f11,f13,f11,f0
    8d48:	ed 8d 03 3a 	fmadds  f12,f13,f12,f0
    8d4c:	81 41 00 08 	lwz     r10,8(r1)
    8d50:	d1 41 00 08 	stfs    f10,8(r1)
    8d54:	55 4a 06 3e 	clrlwi  r10,r10,24
    8d58:	80 01 00 08 	lwz     r0,8(r1)
    8d5c:	d1 61 00 08 	stfs    f11,8(r1)
    8d60:	54 00 82 1e 	rlwinm  r0,r0,16,8,15
    8d64:	7d 40 03 78 	or      r0,r10,r0
    8d68:	81 61 00 08 	lwz     r11,8(r1)
    8d6c:	d1 81 00 08 	stfs    f12,8(r1)
    8d70:	55 6b 44 2e 	rlwinm  r11,r11,8,16,23
    8d74:	7c 00 5b 78 	or      r0,r0,r11
    8d78:	81 21 00 08 	lwz     r9,8(r1)
    8d7c:	38 21 00 10 	addi    r1,r1,16
    8d80:	55 29 c0 0e 	slwi    r9,r9,24
    8d84:	7c 00 4b 78 	or      r0,r0,r9
    8d88:	90 03 00 00 	stw     r0,0(r3)
    8d8c:	38 63 00 04 	addi    r3,r3,4
    8d90:	4e 80 00 20 	blr
    8d94:	3c 00 40 00 	lis     r0,16384
    8d98:	7f 83 00 00 	cmpw    cr7,r3,r0
    8d9c:	41 9e 00 30 	beq     cr7,8dcc <_start+0x7c80>
    8da0:	2b 84 00 10 	cmplwi  cr7,r4,16
    8da4:	40 9d 00 0c 	ble     cr7,8db0 <_start+0x7c64>
    8da8:	38 60 00 00 	li      r3,0
    8dac:	4e 80 00 20 	blr
    8db0:	3d 20 00 01 	lis     r9,1
    8db4:	54 84 10 3a 	slwi    r4,r4,2
    8db8:	39 29 69 1c 	addi    r9,r9,26908
    8dbc:	7c 09 20 2e 	lwzx    r0,r9,r4
    8dc0:	7d 20 4a 14 	add     r9,r0,r9
    8dc4:	7d 29 03 a6 	mtctr   r9
    8dc8:	4e 80 04 20 	bctr
    8dcc:	2b 84 00 10 	cmplwi  cr7,r4,16
    8dd0:	41 bd ff d8 	bgt     cr7,8da8 <_start+0x7c5c>
    8dd4:	3d 20 00 01 	lis     r9,1
    8dd8:	54 84 10 3a 	slwi    r4,r4,2
    8ddc:	39 29 69 60 	addi    r9,r9,26976
    8de0:	7c 09 20 2e 	lwzx    r0,r9,r4
    8de4:	7d 20 4a 14 	add     r9,r0,r9
    8de8:	7d 29 03 a6 	mtctr   r9
    8dec:	4e 80 04 20 	bctr
    8df0:	3c 60 00 01 	lis     r3,1
    8df4:	38 63 8a ac 	addi    r3,r3,-30036
    8df8:	4e 80 00 20 	blr
    8dfc:	3c 60 00 01 	lis     r3,1
    8e00:	38 63 8b 28 	addi    r3,r3,-29912
    8e04:	4e 80 00 20 	blr
    8e08:	3c 60 00 01 	lis     r3,1
    8e0c:	38 63 8b 14 	addi    r3,r3,-29932
    8e10:	4e 80 00 20 	blr
    8e14:	3c 60 00 01 	lis     r3,1
    8e18:	38 63 8b 04 	addi    r3,r3,-29948
    8e1c:	4e 80 00 20 	blr
    8e20:	3c 60 00 01 	lis     r3,1
    8e24:	38 63 8a d8 	addi    r3,r3,-29992
    8e28:	4e 80 00 20 	blr
    8e2c:	3c 60 00 01 	lis     r3,1
    8e30:	38 63 8d 14 	addi    r3,r3,-29420
    8e34:	4e 80 00 20 	blr
    8e38:	3c 60 00 01 	lis     r3,1
    8e3c:	38 63 8c 94 	addi    r3,r3,-29548
    8e40:	4e 80 00 20 	blr
    8e44:	3c 60 00 01 	lis     r3,1
    8e48:	38 63 8c 14 	addi    r3,r3,-29676
    8e4c:	4e 80 00 20 	blr
    8e50:	3c 60 00 01 	lis     r3,1
    8e54:	38 63 8b a8 	addi    r3,r3,-29784
    8e58:	4e 80 00 20 	blr
    8e5c:	3c 60 00 01 	lis     r3,1
    8e60:	38 63 8b 3c 	addi    r3,r3,-29892
    8e64:	4e 80 00 20 	blr
    8e68:	80 04 00 00 	lwz     r0,0(r4)
    8e6c:	90 03 00 00 	stw     r0,0(r3)
    8e70:	38 63 00 04 	addi    r3,r3,4
    8e74:	4e 80 00 20 	blr
    8e78:	c8 04 00 00 	lfd     f0,0(r4)
    8e7c:	7c 69 1b 78 	mr      r9,r3
    8e80:	38 63 00 04 	addi    r3,r3,4
    8e84:	fc 00 00 18 	frsp    f0,f0
    8e88:	d0 09 00 00 	stfs    f0,0(r9)
    8e8c:	4e 80 00 20 	blr
    8e90:	2f 83 00 00 	cmpwi   cr7,r3,0
    8e94:	41 9e 00 10 	beq     cr7,8ea4 <_start+0x7d58>
    8e98:	3c 60 00 01 	lis     r3,1
    8e9c:	38 63 8e 78 	addi    r3,r3,-29064
    8ea0:	4e 80 00 20 	blr
    8ea4:	3c 60 00 01 	lis     r3,1
    8ea8:	38 63 8e 68 	addi    r3,r3,-29080
    8eac:	4e 80 00 20 	blr
    8eb0:	54 80 00 7e 	clrlwi  r0,r4,1
    8eb4:	2b 80 00 3e 	cmplwi  cr7,r0,62
    8eb8:	40 9d 00 0c 	ble     cr7,8ec4 <_start+0x7d78>
    8ebc:	38 60 00 00 	li      r3,0
    8ec0:	48 00 00 38 	b       8ef8 <_start+0x7dac>
    8ec4:	3d 20 00 01 	lis     r9,1
    8ec8:	54 00 10 3a 	slwi    r0,r0,2
    8ecc:	39 29 69 b0 	addi    r9,r9,27056
    8ed0:	7c 09 00 2e 	lwzx    r0,r9,r0
    8ed4:	7d 20 4a 14 	add     r9,r0,r9
    8ed8:	7d 29 03 a6 	mtctr   r9
    8edc:	4e 80 04 20 	bctr
    8ee0:	3d 20 00 01 	lis     r9,1
    8ee4:	54 c0 10 3a 	slwi    r0,r6,2
    8ee8:	39 29 74 b0 	addi    r9,r9,29872
    8eec:	38 60 00 04 	li      r3,4
    8ef0:	7c 09 00 2e 	lwzx    r0,r9,r0
    8ef4:	7c 63 00 30 	slw     r3,r3,r0
    8ef8:	2f 84 00 00 	cmpwi   cr7,r4,0
    8efc:	4c bc 00 20 	bgelr+  cr7
    8f00:	3d 20 00 01 	lis     r9,1
    8f04:	54 c6 10 3a 	slwi    r6,r6,2
    8f08:	38 09 74 b0 	addi    r0,r9,29872
    8f0c:	39 20 00 01 	li      r9,1
    8f10:	7c c0 32 14 	add     r6,r0,r6
    8f14:	80 06 00 54 	lwz     r0,84(r6)
    8f18:	7d 20 00 30 	slw     r0,r9,r0
    8f1c:	7c 63 03 78 	or      r3,r3,r0
    8f20:	4e 80 00 20 	blr
    8f24:	3d 20 00 01 	lis     r9,1
    8f28:	54 c0 10 3a 	slwi    r0,r6,2
    8f2c:	39 29 74 b0 	addi    r9,r9,29872
    8f30:	38 60 00 05 	li      r3,5
    8f34:	7c 09 00 2e 	lwzx    r0,r9,r0
    8f38:	7c 63 00 30 	slw     r3,r3,r0
    8f3c:	4b ff ff bc 	b       8ef8 <_start+0x7dac>
    8f40:	2f 85 00 00 	cmpwi   cr7,r5,0
    8f44:	41 be ff e0 	beq     cr7,8f24 <_start+0x7dd8>
    8f48:	3d 20 00 01 	lis     r9,1
    8f4c:	54 c0 10 3a 	slwi    r0,r6,2
    8f50:	39 29 74 b0 	addi    r9,r9,29872
    8f54:	38 60 00 0b 	li      r3,11
    8f58:	7c 09 00 2e 	lwzx    r0,r9,r0
    8f5c:	7c 63 00 30 	slw     r3,r3,r0
    8f60:	4b ff ff 98 	b       8ef8 <_start+0x7dac>
    8f64:	2f 85 00 00 	cmpwi   cr7,r5,0
    8f68:	41 be ff 78 	beq     cr7,8ee0 <_start+0x7d94>
    8f6c:	3d 20 00 01 	lis     r9,1
    8f70:	54 c0 10 3a 	slwi    r0,r6,2
    8f74:	39 29 74 b0 	addi    r9,r9,29872
    8f78:	38 60 00 0a 	li      r3,10
    8f7c:	7c 09 00 2e 	lwzx    r0,r9,r0
    8f80:	7c 63 00 30 	slw     r3,r3,r0
    8f84:	4b ff ff 74 	b       8ef8 <_start+0x7dac>
    8f88:	80 03 07 bc 	lwz     r0,1980(r3)
    8f8c:	70 09 02 00 	andi.   r9,r0,512
    8f90:	41 82 02 b4 	beq     9244 <_start+0x80f8>
    8f94:	81 63 07 18 	lwz     r11,1816(r3)
    8f98:	3d 20 00 01 	lis     r9,1
    8f9c:	39 29 74 b0 	addi    r9,r9,29872
    8fa0:	55 6b 10 3a 	slwi    r11,r11,2
    8fa4:	7d 69 5a 14 	add     r11,r9,r11
    8fa8:	54 c0 10 3a 	slwi    r0,r6,2
    8fac:	7c 09 00 2e 	lwzx    r0,r9,r0
    8fb0:	80 6b 00 3c 	lwz     r3,60(r11)
    8fb4:	7c 63 00 30 	slw     r3,r3,r0
    8fb8:	4b ff ff 40 	b       8ef8 <_start+0x7dac>
    8fbc:	80 03 07 bc 	lwz     r0,1980(r3)
    8fc0:	70 09 02 00 	andi.   r9,r0,512
    8fc4:	41 82 02 98 	beq     925c <_start+0x8110>
    8fc8:	81 63 07 18 	lwz     r11,1816(r3)
    8fcc:	3d 20 00 01 	lis     r9,1
    8fd0:	39 29 74 b0 	addi    r9,r9,29872
    8fd4:	55 6b 10 3a 	slwi    r11,r11,2
    8fd8:	7d 69 5a 14 	add     r11,r9,r11
    8fdc:	54 c0 10 3a 	slwi    r0,r6,2
    8fe0:	7c 09 00 2e 	lwzx    r0,r9,r0
    8fe4:	80 6b 00 18 	lwz     r3,24(r11)
    8fe8:	7c 63 00 30 	slw     r3,r3,r0
    8fec:	4b ff ff 0c 	b       8ef8 <_start+0x7dac>
    8ff0:	80 03 07 bc 	lwz     r0,1980(r3)
    8ff4:	70 09 02 00 	andi.   r9,r0,512
    8ff8:	41 82 02 4c 	beq     9244 <_start+0x80f8>
    8ffc:	2f 85 00 00 	cmpwi   cr7,r5,0
    9000:	41 be ff 94 	beq     cr7,8f94 <_start+0x7e48>
    9004:	3d 20 00 01 	lis     r9,1
    9008:	54 ab 10 3a 	slwi    r11,r5,2
    900c:	39 29 74 b0 	addi    r9,r9,29872
    9010:	4b ff ff 94 	b       8fa4 <_start+0x7e58>
    9014:	80 03 07 bc 	lwz     r0,1980(r3)
    9018:	70 09 02 00 	andi.   r9,r0,512
    901c:	41 82 02 28 	beq     9244 <_start+0x80f8>
    9020:	3d 20 00 01 	lis     r9,1
    9024:	54 c0 10 3a 	slwi    r0,r6,2
    9028:	39 29 74 b0 	addi    r9,r9,29872
    902c:	38 60 00 07 	li      r3,7
    9030:	7c 09 00 2e 	lwzx    r0,r9,r0
    9034:	7c 63 00 30 	slw     r3,r3,r0
    9038:	4b ff fe c0 	b       8ef8 <_start+0x7dac>
    903c:	80 03 07 bc 	lwz     r0,1980(r3)
    9040:	70 09 02 00 	andi.   r9,r0,512
    9044:	41 82 02 18 	beq     925c <_start+0x8110>
    9048:	3d 20 00 01 	lis     r9,1
    904c:	54 c0 10 3a 	slwi    r0,r6,2
    9050:	39 29 74 b0 	addi    r9,r9,29872
    9054:	38 60 00 06 	li      r3,6
    9058:	7c 09 00 2e 	lwzx    r0,r9,r0
    905c:	7c 63 00 30 	slw     r3,r3,r0
    9060:	4b ff fe 98 	b       8ef8 <_start+0x7dac>
    9064:	80 03 07 bc 	lwz     r0,1980(r3)
    9068:	70 09 02 00 	andi.   r9,r0,512
    906c:	41 82 01 d8 	beq     9244 <_start+0x80f8>
    9070:	3d 20 00 01 	lis     r9,1
    9074:	54 c0 10 3a 	slwi    r0,r6,2
    9078:	39 29 74 b0 	addi    r9,r9,29872
    907c:	38 60 00 0d 	li      r3,13
    9080:	7c 09 00 2e 	lwzx    r0,r9,r0
    9084:	7c 63 00 30 	slw     r3,r3,r0
    9088:	4b ff fe 70 	b       8ef8 <_start+0x7dac>
    908c:	80 03 07 bc 	lwz     r0,1980(r3)
    9090:	70 09 02 00 	andi.   r9,r0,512
    9094:	41 82 01 c8 	beq     925c <_start+0x8110>
    9098:	3d 20 00 01 	lis     r9,1
    909c:	54 c0 10 3a 	slwi    r0,r6,2
    90a0:	39 29 74 b0 	addi    r9,r9,29872
    90a4:	38 60 00 0c 	li      r3,12
    90a8:	7c 09 00 2e 	lwzx    r0,r9,r0
    90ac:	7c 63 00 30 	slw     r3,r3,r0
    90b0:	4b ff fe 48 	b       8ef8 <_start+0x7dac>
    90b4:	80 03 07 bc 	lwz     r0,1980(r3)
    90b8:	70 09 02 00 	andi.   r9,r0,512
    90bc:	41 82 01 88 	beq     9244 <_start+0x80f8>
    90c0:	3d 20 00 01 	lis     r9,1
    90c4:	54 c0 10 3a 	slwi    r0,r6,2
    90c8:	39 29 74 b0 	addi    r9,r9,29872
    90cc:	38 60 00 11 	li      r3,17
    90d0:	7c 09 00 2e 	lwzx    r0,r9,r0
    90d4:	7c 63 00 30 	slw     r3,r3,r0
    90d8:	4b ff fe 20 	b       8ef8 <_start+0x7dac>
    90dc:	80 03 07 bc 	lwz     r0,1980(r3)
    90e0:	70 09 02 00 	andi.   r9,r0,512
    90e4:	41 82 01 78 	beq     925c <_start+0x8110>
    90e8:	3d 20 00 01 	lis     r9,1
    90ec:	54 c0 10 3a 	slwi    r0,r6,2
    90f0:	39 29 74 b0 	addi    r9,r9,29872
    90f4:	38 60 00 10 	li      r3,16
    90f8:	7c 09 00 2e 	lwzx    r0,r9,r0
    90fc:	7c 63 00 30 	slw     r3,r3,r0
    9100:	4b ff fd f8 	b       8ef8 <_start+0x7dac>
    9104:	80 03 07 bc 	lwz     r0,1980(r3)
    9108:	70 09 02 00 	andi.   r9,r0,512
    910c:	41 82 01 38 	beq     9244 <_start+0x80f8>
    9110:	3d 20 00 01 	lis     r9,1
    9114:	54 c0 10 3a 	slwi    r0,r6,2
    9118:	39 29 74 b0 	addi    r9,r9,29872
    911c:	38 60 00 0f 	li      r3,15
    9120:	7c 09 00 2e 	lwzx    r0,r9,r0
    9124:	7c 63 00 30 	slw     r3,r3,r0
    9128:	4b ff fd d0 	b       8ef8 <_start+0x7dac>
    912c:	80 03 07 bc 	lwz     r0,1980(r3)
    9130:	70 09 02 00 	andi.   r9,r0,512
    9134:	41 82 01 28 	beq     925c <_start+0x8110>
    9138:	3d 20 00 01 	lis     r9,1
    913c:	54 c0 10 3a 	slwi    r0,r6,2
    9140:	39 29 74 b0 	addi    r9,r9,29872
    9144:	38 60 00 0e 	li      r3,14
    9148:	7c 09 00 2e 	lwzx    r0,r9,r0
    914c:	7c 63 00 30 	slw     r3,r3,r0
    9150:	4b ff fd a8 	b       8ef8 <_start+0x7dac>
    9154:	80 03 07 bc 	lwz     r0,1980(r3)
    9158:	70 09 02 00 	andi.   r9,r0,512
    915c:	41 82 00 e8 	beq     9244 <_start+0x80f8>
    9160:	3d 20 00 01 	lis     r9,1
    9164:	54 c0 10 3a 	slwi    r0,r6,2
    9168:	39 29 74 b0 	addi    r9,r9,29872
    916c:	38 60 00 15 	li      r3,21
    9170:	7c 09 00 2e 	lwzx    r0,r9,r0
    9174:	7c 63 00 30 	slw     r3,r3,r0
    9178:	4b ff fd 80 	b       8ef8 <_start+0x7dac>
    917c:	3d 20 00 01 	lis     r9,1
    9180:	54 c0 10 3a 	slwi    r0,r6,2
    9184:	39 29 74 b0 	addi    r9,r9,29872
    9188:	38 60 00 14 	li      r3,20
    918c:	7c 09 00 2e 	lwzx    r0,r9,r0
    9190:	7c 63 00 30 	slw     r3,r3,r0
    9194:	4b ff fd 64 	b       8ef8 <_start+0x7dac>
    9198:	3d 20 00 01 	lis     r9,1
    919c:	54 c0 10 3a 	slwi    r0,r6,2
    91a0:	39 29 74 b0 	addi    r9,r9,29872
    91a4:	38 60 00 09 	li      r3,9
    91a8:	7c 09 00 2e 	lwzx    r0,r9,r0
    91ac:	7c 63 00 30 	slw     r3,r3,r0
    91b0:	4b ff fd 48 	b       8ef8 <_start+0x7dac>
    91b4:	3d 20 00 01 	lis     r9,1
    91b8:	54 c0 10 3a 	slwi    r0,r6,2
    91bc:	39 29 74 b0 	addi    r9,r9,29872
    91c0:	38 60 00 08 	li      r3,8
    91c4:	7c 09 00 2e 	lwzx    r0,r9,r0
    91c8:	7c 63 00 30 	slw     r3,r3,r0
    91cc:	4b ff fd 2c 	b       8ef8 <_start+0x7dac>
    91d0:	80 03 07 bc 	lwz     r0,1980(r3)
    91d4:	70 09 02 00 	andi.   r9,r0,512
    91d8:	41 82 00 6c 	beq     9244 <_start+0x80f8>
    91dc:	3d 20 00 01 	lis     r9,1
    91e0:	54 c0 10 3a 	slwi    r0,r6,2
    91e4:	39 29 74 b0 	addi    r9,r9,29872
    91e8:	38 60 00 13 	li      r3,19
    91ec:	7c 09 00 2e 	lwzx    r0,r9,r0
    91f0:	7c 63 00 30 	slw     r3,r3,r0
    91f4:	4b ff fd 04 	b       8ef8 <_start+0x7dac>
    91f8:	80 03 07 bc 	lwz     r0,1980(r3)
    91fc:	70 09 02 00 	andi.   r9,r0,512
    9200:	41 82 00 5c 	beq     925c <_start+0x8110>
    9204:	3d 20 00 01 	lis     r9,1
    9208:	54 c0 10 3a 	slwi    r0,r6,2
    920c:	39 29 74 b0 	addi    r9,r9,29872
    9210:	38 60 00 12 	li      r3,18
    9214:	7c 09 00 2e 	lwzx    r0,r9,r0
    9218:	7c 63 00 30 	slw     r3,r3,r0
    921c:	4b ff fc dc 	b       8ef8 <_start+0x7dac>
    9220:	80 03 07 bc 	lwz     r0,1980(r3)
    9224:	70 09 02 00 	andi.   r9,r0,512
    9228:	41 82 00 34 	beq     925c <_start+0x8110>
    922c:	2f 85 00 00 	cmpwi   cr7,r5,0
    9230:	41 be fd 98 	beq     cr7,8fc8 <_start+0x7e7c>
    9234:	3d 20 00 01 	lis     r9,1
    9238:	54 ab 10 3a 	slwi    r11,r5,2
    923c:	39 29 74 b0 	addi    r9,r9,29872
    9240:	4b ff fd 98 	b       8fd8 <_start+0x7e8c>
    9244:	3d 20 00 01 	lis     r9,1
    9248:	54 c6 10 3a 	slwi    r6,r6,2
    924c:	38 09 74 b0 	addi    r0,r9,29872
    9250:	7c c0 32 14 	add     r6,r0,r6
    9254:	80 66 00 30 	lwz     r3,48(r6)
    9258:	4e 80 00 20 	blr
    925c:	3d 20 00 01 	lis     r9,1
    9260:	54 c6 10 3a 	slwi    r6,r6,2
    9264:	38 09 74 b0 	addi    r0,r9,29872
    9268:	7c c0 32 14 	add     r6,r0,r6
    926c:	80 66 00 0c 	lwz     r3,12(r6)
    9270:	4e 80 00 20 	blr
    9274:	54 80 00 7e 	clrlwi  r0,r4,1
    9278:	2b 80 00 3e 	cmplwi  cr7,r0,62
    927c:	40 9d 00 34 	ble     cr7,92b0 <_start+0x8164>
    9280:	38 60 00 00 	li      r3,0
    9284:	2f 84 00 00 	cmpwi   cr7,r4,0
    9288:	4c bc 00 20 	bgelr+  cr7
    928c:	3d 20 00 01 	lis     r9,1
    9290:	54 c6 10 3a 	slwi    r6,r6,2
    9294:	38 09 75 10 	addi    r0,r9,29968
    9298:	39 20 00 01 	li      r9,1
    929c:	7c c0 32 14 	add     r6,r0,r6
    92a0:	80 06 00 30 	lwz     r0,48(r6)
    92a4:	7d 20 00 30 	slw     r0,r9,r0
    92a8:	7c 63 03 78 	or      r3,r3,r0
    92ac:	4e 80 00 20 	blr
    92b0:	3d 20 00 01 	lis     r9,1
    92b4:	54 00 10 3a 	slwi    r0,r0,2
    92b8:	39 29 6a ac 	addi    r9,r9,27308
    92bc:	7c 09 00 2e 	lwzx    r0,r9,r0
    92c0:	7d 20 4a 14 	add     r9,r0,r9
    92c4:	7d 29 03 a6 	mtctr   r9
    92c8:	4e 80 04 20 	bctr
    92cc:	2f 85 00 00 	cmpwi   cr7,r5,0
    92d0:	40 9e 01 b8 	bne     cr7,9488 <_start+0x833c>
    92d4:	3d 20 00 01 	lis     r9,1
    92d8:	2f 84 00 00 	cmpwi   cr7,r4,0
    92dc:	54 c0 10 3a 	slwi    r0,r6,2
    92e0:	39 29 75 10 	addi    r9,r9,29968
    92e4:	7c 09 00 2e 	lwzx    r0,r9,r0
    92e8:	38 60 00 04 	li      r3,4
    92ec:	7c 63 00 30 	slw     r3,r3,r0
    92f0:	4c bc 00 20 	bgelr+  cr7
    92f4:	4b ff ff 98 	b       928c <_start+0x8140>
    92f8:	80 03 07 bc 	lwz     r0,1980(r3)
    92fc:	70 09 02 00 	andi.   r9,r0,512
    9300:	41 82 01 70 	beq     9470 <_start+0x8324>
    9304:	3d 20 00 01 	lis     r9,1
    9308:	54 c0 10 3a 	slwi    r0,r6,2
    930c:	39 29 75 10 	addi    r9,r9,29968
    9310:	38 60 00 0e 	li      r3,14
    9314:	7c 09 00 2e 	lwzx    r0,r9,r0
    9318:	7c 63 00 30 	slw     r3,r3,r0
    931c:	4b ff ff 68 	b       9284 <_start+0x8138>
    9320:	80 03 07 bc 	lwz     r0,1980(r3)
    9324:	70 09 02 00 	andi.   r9,r0,512
    9328:	41 82 01 48 	beq     9470 <_start+0x8324>
    932c:	3d 20 00 01 	lis     r9,1
    9330:	54 c0 10 3a 	slwi    r0,r6,2
    9334:	39 29 75 10 	addi    r9,r9,29968
    9338:	38 60 00 10 	li      r3,16
    933c:	7c 09 00 2e 	lwzx    r0,r9,r0
    9340:	7c 63 00 30 	slw     r3,r3,r0
    9344:	4b ff ff 40 	b       9284 <_start+0x8138>
    9348:	80 03 07 bc 	lwz     r0,1980(r3)
    934c:	70 09 02 00 	andi.   r9,r0,512
    9350:	41 82 01 20 	beq     9470 <_start+0x8324>
    9354:	3d 20 00 01 	lis     r9,1
    9358:	54 c0 10 3a 	slwi    r0,r6,2
    935c:	39 29 75 10 	addi    r9,r9,29968
    9360:	38 60 00 0c 	li      r3,12
    9364:	7c 09 00 2e 	lwzx    r0,r9,r0
    9368:	7c 63 00 30 	slw     r3,r3,r0
    936c:	4b ff ff 18 	b       9284 <_start+0x8138>
    9370:	80 03 07 bc 	lwz     r0,1980(r3)
    9374:	70 09 02 00 	andi.   r9,r0,512
    9378:	41 82 00 f8 	beq     9470 <_start+0x8324>
    937c:	3d 20 00 01 	lis     r9,1
    9380:	54 c0 10 3a 	slwi    r0,r6,2
    9384:	39 29 75 10 	addi    r9,r9,29968
    9388:	38 60 00 06 	li      r3,6
    938c:	7c 09 00 2e 	lwzx    r0,r9,r0
    9390:	7c 63 00 30 	slw     r3,r3,r0
    9394:	4b ff fe f0 	b       9284 <_start+0x8138>
    9398:	3d 20 00 01 	lis     r9,1
    939c:	54 c0 10 3a 	slwi    r0,r6,2
    93a0:	39 29 75 10 	addi    r9,r9,29968
    93a4:	38 60 00 08 	li      r3,8
    93a8:	7c 09 00 2e 	lwzx    r0,r9,r0
    93ac:	7c 63 00 30 	slw     r3,r3,r0
    93b0:	4b ff fe d4 	b       9284 <_start+0x8138>
    93b4:	80 03 07 bc 	lwz     r0,1980(r3)
    93b8:	70 09 02 00 	andi.   r9,r0,512
    93bc:	41 82 00 b4 	beq     9470 <_start+0x8324>
    93c0:	3d 20 00 01 	lis     r9,1
    93c4:	54 c0 10 3a 	slwi    r0,r6,2
    93c8:	39 29 75 10 	addi    r9,r9,29968
    93cc:	38 60 00 14 	li      r3,20
    93d0:	7c 09 00 2e 	lwzx    r0,r9,r0
    93d4:	7c 63 00 30 	slw     r3,r3,r0
    93d8:	4b ff fe ac 	b       9284 <_start+0x8138>
    93dc:	80 03 07 bc 	lwz     r0,1980(r3)
    93e0:	70 09 02 00 	andi.   r9,r0,512
    93e4:	41 82 00 8c 	beq     9470 <_start+0x8324>
    93e8:	3d 20 00 01 	lis     r9,1
    93ec:	54 c0 10 3a 	slwi    r0,r6,2
    93f0:	39 29 75 10 	addi    r9,r9,29968
    93f4:	38 60 00 12 	li      r3,18
    93f8:	7c 09 00 2e 	lwzx    r0,r9,r0
    93fc:	7c 63 00 30 	slw     r3,r3,r0
    9400:	4b ff fe 84 	b       9284 <_start+0x8138>
    9404:	80 03 07 bc 	lwz     r0,1980(r3)
    9408:	70 09 02 00 	andi.   r9,r0,512
    940c:	41 82 00 64 	beq     9470 <_start+0x8324>
    9410:	2f 85 00 00 	cmpwi   cr7,r5,0
    9414:	41 9e 00 34 	beq     cr7,9448 <_start+0x82fc>
    9418:	3d 20 00 01 	lis     r9,1
    941c:	54 a5 10 3a 	slwi    r5,r5,2
    9420:	39 29 75 10 	addi    r9,r9,29968
    9424:	54 c0 10 3a 	slwi    r0,r6,2
    9428:	7c a9 2a 14 	add     r5,r9,r5
    942c:	7c 09 00 2e 	lwzx    r0,r9,r0
    9430:	80 65 00 18 	lwz     r3,24(r5)
    9434:	7c 63 00 30 	slw     r3,r3,r0
    9438:	4b ff fe 4c 	b       9284 <_start+0x8138>
    943c:	80 03 07 bc 	lwz     r0,1980(r3)
    9440:	70 09 02 00 	andi.   r9,r0,512
    9444:	41 82 00 2c 	beq     9470 <_start+0x8324>
    9448:	81 63 07 18 	lwz     r11,1816(r3)
    944c:	3d 20 00 01 	lis     r9,1
    9450:	54 c0 10 3a 	slwi    r0,r6,2
    9454:	39 29 75 10 	addi    r9,r9,29968
    9458:	55 6b 10 3a 	slwi    r11,r11,2
    945c:	7c 09 00 2e 	lwzx    r0,r9,r0
    9460:	7d 69 5a 14 	add     r11,r9,r11
    9464:	80 6b 00 18 	lwz     r3,24(r11)
    9468:	7c 63 00 30 	slw     r3,r3,r0
    946c:	4b ff fe 18 	b       9284 <_start+0x8138>
    9470:	3d 20 00 01 	lis     r9,1
    9474:	54 c6 10 3a 	slwi    r6,r6,2
    9478:	38 09 75 10 	addi    r0,r9,29968
    947c:	7c c0 32 14 	add     r6,r0,r6
    9480:	80 66 00 0c 	lwz     r3,12(r6)
    9484:	4e 80 00 20 	blr
    9488:	3d 20 00 01 	lis     r9,1
    948c:	54 c0 10 3a 	slwi    r0,r6,2
    9490:	39 29 75 10 	addi    r9,r9,29968
    9494:	38 60 00 0a 	li      r3,10
    9498:	7c 09 00 2e 	lwzx    r0,r9,r0
    949c:	7c 63 00 30 	slw     r3,r3,r0
    94a0:	4b ff fd e4 	b       9284 <_start+0x8138>
    94a4:	2c 03 00 00 	cmpwi   r3,0
    94a8:	94 21 ff e0 	stwu    r1,-32(r1)
    94ac:	7c 08 02 a6 	mflr    r0
    94b0:	93 c1 00 18 	stw     r30,24(r1)
    94b4:	7c 9e 23 78 	mr      r30,r4
    94b8:	93 e1 00 1c 	stw     r31,28(r1)
    94bc:	3b e0 00 00 	li      r31,0
    94c0:	90 01 00 24 	stw     r0,36(r1)
    94c4:	93 61 00 0c 	stw     r27,12(r1)
    94c8:	93 81 00 10 	stw     r28,16(r1)
    94cc:	93 a1 00 14 	stw     r29,20(r1)
    94d0:	41 82 00 08 	beq     94d8 <_start+0x838c>
    94d4:	83 e3 00 00 	lwz     r31,0(r3)
    94d8:	39 3e 00 14 	addi    r9,r30,20
    94dc:	83 bf 07 1c 	lwz     r29,1820(r31)
    94e0:	55 29 10 3a 	slwi    r9,r9,2
    94e4:	7d 3f 4a 14 	add     r9,r31,r9
    94e8:	80 09 00 04 	lwz     r0,4(r9)
    94ec:	2b 80 00 0b 	cmplwi  cr7,r0,11
    94f0:	41 9d 00 9c 	bgt     cr7,958c <_start+0x8440>
    94f4:	3d 20 00 01 	lis     r9,1
    94f8:	54 00 10 3a 	slwi    r0,r0,2
    94fc:	39 29 6b a8 	addi    r9,r9,27560
    9500:	7c 09 00 2e 	lwzx    r0,r9,r0
    9504:	7d 20 4a 14 	add     r9,r0,r9
    9508:	7d 29 03 a6 	mtctr   r9
    950c:	4e 80 04 20 	bctr
    9510:	39 3e 00 2c 	addi    r9,r30,44
    9514:	7f e3 fb 78 	mr      r3,r31
    9518:	55 29 10 3a 	slwi    r9,r9,2
    951c:	7f c5 f3 78 	mr      r5,r30
    9520:	7d 3f 4a 14 	add     r9,r31,r9
    9524:	38 c0 00 02 	li      r6,2
    9528:	80 89 00 04 	lwz     r4,4(r9)
    952c:	4b ff f9 85 	bl      8eb0 <_start+0x7d64>
    9530:	38 1d 00 69 	addi    r0,r29,105
    9534:	54 09 20 36 	slwi    r9,r0,4
    9538:	7d 3f 4a 14 	add     r9,r31,r9
    953c:	90 69 00 08 	stw     r3,8(r9)
    9540:	39 3e 00 44 	addi    r9,r30,68
    9544:	55 29 10 3a 	slwi    r9,r9,2
    9548:	7d 3f 4a 14 	add     r9,r31,r9
    954c:	81 69 00 04 	lwz     r11,4(r9)
    9550:	39 20 00 00 	li      r9,0
    9554:	39 6b ff ff 	addi    r11,r11,-1
    9558:	2b 8b 00 03 	cmplwi  cr7,r11,3
    955c:	41 9d 00 18 	bgt     cr7,9574 <_start+0x8428>
    9560:	3d 20 00 01 	lis     r9,1
    9564:	55 6b 10 3a 	slwi    r11,r11,2
    9568:	39 29 75 10 	addi    r9,r9,29968
    956c:	7d 69 5a 14 	add     r11,r9,r11
    9570:	81 2b 00 3c 	lwz     r9,60(r11)
    9574:	67 cb 00 01 	oris    r11,r30,1
    9578:	54 00 20 36 	slwi    r0,r0,4
    957c:	61 6b 10 00 	ori     r11,r11,4096
    9580:	7d 69 4b 78 	or      r9,r11,r9
    9584:	7d 7f 02 14 	add     r11,r31,r0
    9588:	91 2b 00 0c 	stw     r9,12(r11)
    958c:	39 3e 00 18 	addi    r9,r30,24
    9590:	55 29 10 3a 	slwi    r9,r9,2
    9594:	7d 3f 4a 14 	add     r9,r31,r9
    9598:	80 09 00 0c 	lwz     r0,12(r9)
    959c:	2b 80 00 0b 	cmplwi  cr7,r0,11
    95a0:	40 9d 00 38 	ble     cr7,95d8 <_start+0x848c>
    95a4:	81 3f 07 1c 	lwz     r9,1820(r31)
    95a8:	38 60 00 01 	li      r3,1
    95ac:	38 09 00 01 	addi    r0,r9,1
    95b0:	90 1f 07 1c 	stw     r0,1820(r31)
    95b4:	80 01 00 24 	lwz     r0,36(r1)
    95b8:	83 61 00 0c 	lwz     r27,12(r1)
    95bc:	7c 08 03 a6 	mtlr    r0
    95c0:	83 81 00 10 	lwz     r28,16(r1)
    95c4:	83 a1 00 14 	lwz     r29,20(r1)
    95c8:	83 c1 00 18 	lwz     r30,24(r1)
    95cc:	83 e1 00 1c 	lwz     r31,28(r1)
    95d0:	38 21 00 20 	addi    r1,r1,32
    95d4:	4e 80 00 20 	blr
    95d8:	3d 20 00 01 	lis     r9,1
    95dc:	54 00 10 3a 	slwi    r0,r0,2
    95e0:	39 29 6b d8 	addi    r9,r9,27608
    95e4:	7c 09 00 2e 	lwzx    r0,r9,r0
    95e8:	7d 20 4a 14 	add     r9,r0,r9
    95ec:	7d 29 03 a6 	mtctr   r9
    95f0:	4e 80 04 20 	bctr
    95f4:	80 01 00 24 	lwz     r0,36(r1)
    95f8:	38 60 00 00 	li      r3,0
    95fc:	83 61 00 0c 	lwz     r27,12(r1)
    9600:	7c 08 03 a6 	mtlr    r0
    9604:	83 81 00 10 	lwz     r28,16(r1)
    9608:	83 a1 00 14 	lwz     r29,20(r1)
    960c:	83 c1 00 18 	lwz     r30,24(r1)
    9610:	83 e1 00 1c 	lwz     r31,28(r1)
    9614:	38 21 00 20 	addi    r1,r1,32
    9618:	4e 80 00 20 	blr
    961c:	80 01 00 24 	lwz     r0,36(r1)
    9620:	38 60 ff ff 	li      r3,-1
    9624:	83 61 00 0c 	lwz     r27,12(r1)
    9628:	7c 08 03 a6 	mtlr    r0
    962c:	83 81 00 10 	lwz     r28,16(r1)
    9630:	83 a1 00 14 	lwz     r29,20(r1)
    9634:	83 c1 00 18 	lwz     r30,24(r1)
    9638:	83 e1 00 1c 	lwz     r31,28(r1)
    963c:	38 21 00 20 	addi    r1,r1,32
    9640:	4e 80 00 20 	blr
    9644:	39 3e 00 38 	addi    r9,r30,56
    9648:	7f c5 f3 78 	mr      r5,r30
    964c:	55 29 10 3a 	slwi    r9,r9,2
    9650:	38 c0 00 00 	li      r6,0
    9654:	7d 3f 4a 14 	add     r9,r31,r9
    9658:	7f e3 fb 78 	mr      r3,r31
    965c:	80 89 00 04 	lwz     r4,4(r9)
    9660:	4b ff fc 15 	bl      9274 <_start+0x8128>
    9664:	39 3e 00 30 	addi    r9,r30,48
    9668:	7f c5 f3 78 	mr      r5,r30
    966c:	55 29 10 3a 	slwi    r9,r9,2
    9670:	7c 7b 1b 78 	mr      r27,r3
    9674:	7d 3f 4a 14 	add     r9,r31,r9
    9678:	38 c0 00 01 	li      r6,1
    967c:	80 89 00 0c 	lwz     r4,12(r9)
    9680:	7f e3 fb 78 	mr      r3,r31
    9684:	4b ff fb f1 	bl      9274 <_start+0x8128>
    9688:	39 3e 00 3c 	addi    r9,r30,60
    968c:	7f c5 f3 78 	mr      r5,r30
    9690:	55 29 10 3a 	slwi    r9,r9,2
    9694:	7c 7c 1b 78 	mr      r28,r3
    9698:	7d 3f 4a 14 	add     r9,r31,r9
    969c:	7f e3 fb 78 	mr      r3,r31
    96a0:	80 89 00 0c 	lwz     r4,12(r9)
    96a4:	38 c0 00 02 	li      r6,2
    96a8:	7f 7c e3 78 	or      r28,r27,r28
    96ac:	67 9c 30 00 	oris    r28,r28,12288
    96b0:	4b ff fb c5 	bl      9274 <_start+0x8128>
    96b4:	38 1d 00 69 	addi    r0,r29,105
    96b8:	54 09 20 36 	slwi    r9,r0,4
    96bc:	7f 9c 1b 78 	or      r28,r28,r3
    96c0:	7d 3f 4a 14 	add     r9,r31,r9
    96c4:	93 89 00 10 	stw     r28,16(r9)
    96c8:	39 3e 00 48 	addi    r9,r30,72
    96cc:	55 29 10 3a 	slwi    r9,r9,2
    96d0:	7d 3f 4a 14 	add     r9,r31,r9
    96d4:	81 69 00 0c 	lwz     r11,12(r9)
    96d8:	39 20 00 00 	li      r9,0
    96dc:	39 6b ff ff 	addi    r11,r11,-1
    96e0:	2b 8b 00 03 	cmplwi  cr7,r11,3
    96e4:	41 9d 00 18 	bgt     cr7,96fc <_start+0x85b0>
    96e8:	3d 20 00 01 	lis     r9,1
    96ec:	55 6b 10 3a 	slwi    r11,r11,2
    96f0:	39 29 75 10 	addi    r9,r9,29968
    96f4:	7d 69 5a 14 	add     r11,r9,r11
    96f8:	81 2b 00 3c 	lwz     r9,60(r11)
    96fc:	67 de 00 01 	oris    r30,r30,1
    9700:	54 00 20 36 	slwi    r0,r0,4
    9704:	63 de 10 00 	ori     r30,r30,4096
    9708:	7d 7f 02 14 	add     r11,r31,r0
    970c:	7f c9 4b 78 	or      r9,r30,r9
    9710:	91 2b 00 14 	stw     r9,20(r11)
    9714:	4b ff fe 90 	b       95a4 <_start+0x8458>
    9718:	39 3e 00 30 	addi    r9,r30,48
    971c:	7f c5 f3 78 	mr      r5,r30
    9720:	55 29 10 3a 	slwi    r9,r9,2
    9724:	38 c0 00 01 	li      r6,1
    9728:	7d 3f 4a 14 	add     r9,r31,r9
    972c:	7f e3 fb 78 	mr      r3,r31
    9730:	80 89 00 0c 	lwz     r4,12(r9)
    9734:	4b ff fb 41 	bl      9274 <_start+0x8128>
    9738:	39 3e 00 38 	addi    r9,r30,56
    973c:	7f c5 f3 78 	mr      r5,r30
    9740:	55 29 10 3a 	slwi    r9,r9,2
    9744:	7c 7c 1b 78 	mr      r28,r3
    9748:	7d 3f 4a 14 	add     r9,r31,r9
    974c:	7f e3 fb 78 	mr      r3,r31
    9750:	80 89 00 04 	lwz     r4,4(r9)
    9754:	38 c0 00 02 	li      r6,2
    9758:	4b ff fb 1d 	bl      9274 <_start+0x8128>
    975c:	38 1d 00 69 	addi    r0,r29,105
    9760:	7f 9c 1b 78 	or      r28,r28,r3
    9764:	54 09 20 36 	slwi    r9,r0,4
    9768:	7d 3f 4a 14 	add     r9,r31,r9
    976c:	67 9c 02 01 	oris    r28,r28,513
    9770:	93 89 00 10 	stw     r28,16(r9)
    9774:	4b ff ff 54 	b       96c8 <_start+0x857c>
    9778:	39 3e 00 30 	addi    r9,r30,48
    977c:	7f c5 f3 78 	mr      r5,r30
    9780:	55 29 10 3a 	slwi    r9,r9,2
    9784:	38 c0 00 01 	li      r6,1
    9788:	7d 3f 4a 14 	add     r9,r31,r9
    978c:	7f e3 fb 78 	mr      r3,r31
    9790:	80 89 00 0c 	lwz     r4,12(r9)
    9794:	4b ff fa e1 	bl      9274 <_start+0x8128>
    9798:	39 3e 00 38 	addi    r9,r30,56
    979c:	7f c5 f3 78 	mr      r5,r30
    97a0:	55 29 10 3a 	slwi    r9,r9,2
    97a4:	7c 7c 1b 78 	mr      r28,r3
    97a8:	7d 3f 4a 14 	add     r9,r31,r9
    97ac:	7f e3 fb 78 	mr      r3,r31
    97b0:	80 89 00 04 	lwz     r4,4(r9)
    97b4:	38 c0 00 02 	li      r6,2
    97b8:	4b ff fa bd 	bl      9274 <_start+0x8128>
    97bc:	38 1d 00 69 	addi    r0,r29,105
    97c0:	7f 9c 1b 78 	or      r28,r28,r3
    97c4:	54 09 20 36 	slwi    r9,r0,4
    97c8:	7d 3f 4a 14 	add     r9,r31,r9
    97cc:	67 9c 08 01 	oris    r28,r28,2049
    97d0:	93 89 00 10 	stw     r28,16(r9)
    97d4:	4b ff fe f4 	b       96c8 <_start+0x857c>
    97d8:	39 3e 00 30 	addi    r9,r30,48
    97dc:	7f c5 f3 78 	mr      r5,r30
    97e0:	55 29 10 3a 	slwi    r9,r9,2
    97e4:	38 c0 00 01 	li      r6,1
    97e8:	7d 3f 4a 14 	add     r9,r31,r9
    97ec:	7f e3 fb 78 	mr      r3,r31
    97f0:	80 89 00 0c 	lwz     r4,12(r9)
    97f4:	4b ff fa 81 	bl      9274 <_start+0x8128>
    97f8:	39 3e 00 38 	addi    r9,r30,56
    97fc:	7f c5 f3 78 	mr      r5,r30
    9800:	55 29 10 3a 	slwi    r9,r9,2
    9804:	7c 7c 1b 78 	mr      r28,r3
    9808:	7d 3f 4a 14 	add     r9,r31,r9
    980c:	7f e3 fb 78 	mr      r3,r31
    9810:	80 89 00 04 	lwz     r4,4(r9)
    9814:	38 c0 00 02 	li      r6,2
    9818:	4b ff fa 5d 	bl      9274 <_start+0x8128>
    981c:	38 1d 00 69 	addi    r0,r29,105
    9820:	7f 9c 1b 78 	or      r28,r28,r3
    9824:	54 09 20 36 	slwi    r9,r0,4
    9828:	7d 3f 4a 14 	add     r9,r31,r9
    982c:	67 9c 00 01 	oris    r28,r28,1
    9830:	93 89 00 10 	stw     r28,16(r9)
    9834:	4b ff fe 94 	b       96c8 <_start+0x857c>
    9838:	39 3e 00 30 	addi    r9,r30,48
    983c:	7f c5 f3 78 	mr      r5,r30
    9840:	55 29 10 3a 	slwi    r9,r9,2
    9844:	38 c0 00 00 	li      r6,0
    9848:	7d 3f 4a 14 	add     r9,r31,r9
    984c:	7f e3 fb 78 	mr      r3,r31
    9850:	80 89 00 0c 	lwz     r4,12(r9)
    9854:	4b ff fa 21 	bl      9274 <_start+0x8128>
    9858:	39 3e 00 38 	addi    r9,r30,56
    985c:	7f c5 f3 78 	mr      r5,r30
    9860:	55 29 10 3a 	slwi    r9,r9,2
    9864:	7c 7c 1b 78 	mr      r28,r3
    9868:	7d 3f 4a 14 	add     r9,r31,r9
    986c:	38 c0 00 01 	li      r6,1
    9870:	80 89 00 04 	lwz     r4,4(r9)
    9874:	7f e3 fb 78 	mr      r3,r31
    9878:	4b ff f9 fd 	bl      9274 <_start+0x8128>
    987c:	39 3e 00 3c 	addi    r9,r30,60
    9880:	7f c5 f3 78 	mr      r5,r30
    9884:	55 29 10 3a 	slwi    r9,r9,2
    9888:	7c 7b 1b 78 	mr      r27,r3
    988c:	7d 3f 4a 14 	add     r9,r31,r9
    9890:	7f e3 fb 78 	mr      r3,r31
    9894:	80 89 00 0c 	lwz     r4,12(r9)
    9898:	38 c0 00 02 	li      r6,2
    989c:	7f 7c e3 78 	or      r28,r27,r28
    98a0:	4b ff f9 d5 	bl      9274 <_start+0x8128>
    98a4:	38 1d 00 69 	addi    r0,r29,105
    98a8:	54 09 20 36 	slwi    r9,r0,4
    98ac:	7f 9c 1b 78 	or      r28,r28,r3
    98b0:	7d 3f 4a 14 	add     r9,r31,r9
    98b4:	93 89 00 10 	stw     r28,16(r9)
    98b8:	4b ff fe 10 	b       96c8 <_start+0x857c>
    98bc:	39 3e 00 30 	addi    r9,r30,48
    98c0:	7f c5 f3 78 	mr      r5,r30
    98c4:	55 29 10 3a 	slwi    r9,r9,2
    98c8:	38 c0 00 00 	li      r6,0
    98cc:	7d 3f 4a 14 	add     r9,r31,r9
    98d0:	7f e3 fb 78 	mr      r3,r31
    98d4:	80 89 00 0c 	lwz     r4,12(r9)
    98d8:	4b ff f9 9d 	bl      9274 <_start+0x8128>
    98dc:	39 3e 00 38 	addi    r9,r30,56
    98e0:	7f c5 f3 78 	mr      r5,r30
    98e4:	55 29 10 3a 	slwi    r9,r9,2
    98e8:	7c 7c 1b 78 	mr      r28,r3
    98ec:	7d 3f 4a 14 	add     r9,r31,r9
    98f0:	7f e3 fb 78 	mr      r3,r31
    98f4:	80 89 00 04 	lwz     r4,4(r9)
    98f8:	38 c0 00 01 	li      r6,1
    98fc:	4b ff f9 79 	bl      9274 <_start+0x8128>
    9900:	38 1d 00 69 	addi    r0,r29,105
    9904:	54 09 20 36 	slwi    r9,r0,4
    9908:	7c 63 e3 78 	or      r3,r3,r28
    990c:	7d 3f 4a 14 	add     r9,r31,r9
    9910:	90 69 00 10 	stw     r3,16(r9)
    9914:	4b ff fd b4 	b       96c8 <_start+0x857c>
    9918:	39 3e 00 3c 	addi    r9,r30,60
    991c:	7f e3 fb 78 	mr      r3,r31
    9920:	55 29 10 3a 	slwi    r9,r9,2
    9924:	7f c5 f3 78 	mr      r5,r30
    9928:	7d 3f 4a 14 	add     r9,r31,r9
    992c:	38 c0 00 02 	li      r6,2
    9930:	80 89 00 0c 	lwz     r4,12(r9)
    9934:	4b ff f9 41 	bl      9274 <_start+0x8128>
    9938:	38 1d 00 69 	addi    r0,r29,105
    993c:	54 09 20 36 	slwi    r9,r0,4
    9940:	7d 3f 4a 14 	add     r9,r31,r9
    9944:	90 69 00 10 	stw     r3,16(r9)
    9948:	4b ff fd 80 	b       96c8 <_start+0x857c>
    994c:	39 3e 00 38 	addi    r9,r30,56
    9950:	7f e3 fb 78 	mr      r3,r31
    9954:	55 29 10 3a 	slwi    r9,r9,2
    9958:	7f c5 f3 78 	mr      r5,r30
    995c:	7d 3f 4a 14 	add     r9,r31,r9
    9960:	38 c0 00 01 	li      r6,1
    9964:	80 89 00 04 	lwz     r4,4(r9)
    9968:	4b ff f9 0d 	bl      9274 <_start+0x8128>
    996c:	38 1d 00 69 	addi    r0,r29,105
    9970:	54 09 20 36 	slwi    r9,r0,4
    9974:	64 63 00 01 	oris    r3,r3,1
    9978:	7d 3f 4a 14 	add     r9,r31,r9
    997c:	90 69 00 10 	stw     r3,16(r9)
    9980:	4b ff fd 48 	b       96c8 <_start+0x857c>
    9984:	39 3e 00 30 	addi    r9,r30,48
    9988:	7f e3 fb 78 	mr      r3,r31
    998c:	55 29 10 3a 	slwi    r9,r9,2
    9990:	7f c5 f3 78 	mr      r5,r30
    9994:	7d 3f 4a 14 	add     r9,r31,r9
    9998:	38 c0 00 00 	li      r6,0
    999c:	80 89 00 0c 	lwz     r4,12(r9)
    99a0:	4b ff f8 d5 	bl      9274 <_start+0x8128>
    99a4:	38 1d 00 69 	addi    r0,r29,105
    99a8:	54 09 20 36 	slwi    r9,r0,4
    99ac:	64 63 00 10 	oris    r3,r3,16
    99b0:	7d 3f 4a 14 	add     r9,r31,r9
    99b4:	90 69 00 10 	stw     r3,16(r9)
    99b8:	4b ff fd 10 	b       96c8 <_start+0x857c>
    99bc:	39 3e 00 20 	addi    r9,r30,32
    99c0:	7f c5 f3 78 	mr      r5,r30
    99c4:	55 29 10 3a 	slwi    r9,r9,2
    99c8:	38 c0 00 00 	li      r6,0
    99cc:	7d 3f 4a 14 	add     r9,r31,r9
    99d0:	7f e3 fb 78 	mr      r3,r31
    99d4:	80 89 00 04 	lwz     r4,4(r9)
    99d8:	4b ff f4 d9 	bl      8eb0 <_start+0x7d64>
    99dc:	39 3e 00 24 	addi    r9,r30,36
    99e0:	7f c5 f3 78 	mr      r5,r30
    99e4:	55 29 10 3a 	slwi    r9,r9,2
    99e8:	7c 7c 1b 78 	mr      r28,r3
    99ec:	7d 3f 4a 14 	add     r9,r31,r9
    99f0:	7f e3 fb 78 	mr      r3,r31
    99f4:	80 89 00 0c 	lwz     r4,12(r9)
    99f8:	38 c0 00 01 	li      r6,1
    99fc:	4b ff f4 b5 	bl      8eb0 <_start+0x7d64>
    9a00:	38 1d 00 69 	addi    r0,r29,105
    9a04:	54 09 20 36 	slwi    r9,r0,4
    9a08:	7c 63 e3 78 	or      r3,r3,r28
    9a0c:	7d 3f 4a 14 	add     r9,r31,r9
    9a10:	90 69 00 08 	stw     r3,8(r9)
    9a14:	4b ff fb 2c 	b       9540 <_start+0x83f4>
    9a18:	39 3e 00 20 	addi    r9,r30,32
    9a1c:	7f c5 f3 78 	mr      r5,r30
    9a20:	55 29 10 3a 	slwi    r9,r9,2
    9a24:	38 c0 00 01 	li      r6,1
    9a28:	7d 3f 4a 14 	add     r9,r31,r9
    9a2c:	7f e3 fb 78 	mr      r3,r31
    9a30:	80 89 00 04 	lwz     r4,4(r9)
    9a34:	4b ff f4 7d 	bl      8eb0 <_start+0x7d64>
    9a38:	39 3e 00 24 	addi    r9,r30,36
    9a3c:	7f c5 f3 78 	mr      r5,r30
    9a40:	55 29 10 3a 	slwi    r9,r9,2
    9a44:	7c 7c 1b 78 	mr      r28,r3
    9a48:	7d 3f 4a 14 	add     r9,r31,r9
    9a4c:	7f e3 fb 78 	mr      r3,r31
    9a50:	80 89 00 0c 	lwz     r4,12(r9)
    9a54:	38 c0 00 02 	li      r6,2
    9a58:	4b ff f4 59 	bl      8eb0 <_start+0x7d64>
    9a5c:	38 1d 00 69 	addi    r0,r29,105
    9a60:	7f 9c 1b 78 	or      r28,r28,r3
    9a64:	54 09 20 36 	slwi    r9,r0,4
    9a68:	7d 3f 4a 14 	add     r9,r31,r9
    9a6c:	67 9c 00 01 	oris    r28,r28,1
    9a70:	93 89 00 08 	stw     r28,8(r9)
    9a74:	4b ff fa cc 	b       9540 <_start+0x83f4>
    9a78:	39 3e 00 20 	addi    r9,r30,32
    9a7c:	7f c5 f3 78 	mr      r5,r30
    9a80:	55 29 10 3a 	slwi    r9,r9,2
    9a84:	38 c0 00 01 	li      r6,1
    9a88:	7d 3f 4a 14 	add     r9,r31,r9
    9a8c:	7f e3 fb 78 	mr      r3,r31
    9a90:	80 89 00 04 	lwz     r4,4(r9)
    9a94:	4b ff f4 1d 	bl      8eb0 <_start+0x7d64>
    9a98:	39 3e 00 24 	addi    r9,r30,36
    9a9c:	7f c5 f3 78 	mr      r5,r30
    9aa0:	55 29 10 3a 	slwi    r9,r9,2
    9aa4:	7c 7c 1b 78 	mr      r28,r3
    9aa8:	7d 3f 4a 14 	add     r9,r31,r9
    9aac:	7f e3 fb 78 	mr      r3,r31
    9ab0:	80 89 00 0c 	lwz     r4,12(r9)
    9ab4:	38 c0 00 02 	li      r6,2
    9ab8:	4b ff f3 f9 	bl      8eb0 <_start+0x7d64>
    9abc:	38 1d 00 69 	addi    r0,r29,105
    9ac0:	7f 9c 1b 78 	or      r28,r28,r3
    9ac4:	54 09 20 36 	slwi    r9,r0,4
    9ac8:	7d 3f 4a 14 	add     r9,r31,r9
    9acc:	67 9c 08 01 	oris    r28,r28,2049
    9ad0:	93 89 00 08 	stw     r28,8(r9)
    9ad4:	4b ff fa 6c 	b       9540 <_start+0x83f4>
    9ad8:	39 3e 00 20 	addi    r9,r30,32
    9adc:	7f c5 f3 78 	mr      r5,r30
    9ae0:	55 29 10 3a 	slwi    r9,r9,2
    9ae4:	38 c0 00 01 	li      r6,1
    9ae8:	7d 3f 4a 14 	add     r9,r31,r9
    9aec:	7f e3 fb 78 	mr      r3,r31
    9af0:	80 89 00 04 	lwz     r4,4(r9)
    9af4:	4b ff f3 bd 	bl      8eb0 <_start+0x7d64>
    9af8:	39 3e 00 24 	addi    r9,r30,36
    9afc:	7f c5 f3 78 	mr      r5,r30
    9b00:	55 29 10 3a 	slwi    r9,r9,2
    9b04:	7c 7c 1b 78 	mr      r28,r3
    9b08:	7d 3f 4a 14 	add     r9,r31,r9
    9b0c:	7f e3 fb 78 	mr      r3,r31
    9b10:	80 89 00 0c 	lwz     r4,12(r9)
    9b14:	38 c0 00 02 	li      r6,2
    9b18:	4b ff f3 99 	bl      8eb0 <_start+0x7d64>
    9b1c:	38 1d 00 69 	addi    r0,r29,105
    9b20:	7f 9c 1b 78 	or      r28,r28,r3
    9b24:	54 09 20 36 	slwi    r9,r0,4
    9b28:	7d 3f 4a 14 	add     r9,r31,r9
    9b2c:	67 9c 02 01 	oris    r28,r28,513
    9b30:	93 89 00 08 	stw     r28,8(r9)
    9b34:	4b ff fa 0c 	b       9540 <_start+0x83f4>
    9b38:	39 3e 00 24 	addi    r9,r30,36
    9b3c:	7f c5 f3 78 	mr      r5,r30
    9b40:	55 29 10 3a 	slwi    r9,r9,2
    9b44:	38 c0 00 00 	li      r6,0
    9b48:	7d 3f 4a 14 	add     r9,r31,r9
    9b4c:	7f e3 fb 78 	mr      r3,r31
    9b50:	80 89 00 0c 	lwz     r4,12(r9)
    9b54:	4b ff f3 5d 	bl      8eb0 <_start+0x7d64>
    9b58:	39 3e 00 20 	addi    r9,r30,32
    9b5c:	7f c5 f3 78 	mr      r5,r30
    9b60:	55 29 10 3a 	slwi    r9,r9,2
    9b64:	7c 7b 1b 78 	mr      r27,r3
    9b68:	7d 3f 4a 14 	add     r9,r31,r9
    9b6c:	38 c0 00 01 	li      r6,1
    9b70:	80 89 00 04 	lwz     r4,4(r9)
    9b74:	7f e3 fb 78 	mr      r3,r31
    9b78:	4b ff f3 39 	bl      8eb0 <_start+0x7d64>
    9b7c:	39 3e 00 2c 	addi    r9,r30,44
    9b80:	7f c5 f3 78 	mr      r5,r30
    9b84:	55 29 10 3a 	slwi    r9,r9,2
    9b88:	7c 7c 1b 78 	mr      r28,r3
    9b8c:	7d 3f 4a 14 	add     r9,r31,r9
    9b90:	7f e3 fb 78 	mr      r3,r31
    9b94:	80 89 00 04 	lwz     r4,4(r9)
    9b98:	38 c0 00 02 	li      r6,2
    9b9c:	7f 7c e3 78 	or      r28,r27,r28
    9ba0:	67 9c 30 00 	oris    r28,r28,12288
    9ba4:	4b ff f3 0d 	bl      8eb0 <_start+0x7d64>
    9ba8:	38 1d 00 69 	addi    r0,r29,105
    9bac:	54 09 20 36 	slwi    r9,r0,4
    9bb0:	7f 9c 1b 78 	or      r28,r28,r3
    9bb4:	7d 3f 4a 14 	add     r9,r31,r9
    9bb8:	93 89 00 08 	stw     r28,8(r9)
    9bbc:	4b ff f9 84 	b       9540 <_start+0x83f4>
    9bc0:	39 3e 00 20 	addi    r9,r30,32
    9bc4:	7f c5 f3 78 	mr      r5,r30
    9bc8:	55 29 10 3a 	slwi    r9,r9,2
    9bcc:	38 c0 00 00 	li      r6,0
    9bd0:	7d 3f 4a 14 	add     r9,r31,r9
    9bd4:	7f e3 fb 78 	mr      r3,r31
    9bd8:	80 89 00 04 	lwz     r4,4(r9)
    9bdc:	4b ff f2 d5 	bl      8eb0 <_start+0x7d64>
    9be0:	39 3e 00 24 	addi    r9,r30,36
    9be4:	7f c5 f3 78 	mr      r5,r30
    9be8:	55 29 10 3a 	slwi    r9,r9,2
    9bec:	7c 7c 1b 78 	mr      r28,r3
    9bf0:	7d 3f 4a 14 	add     r9,r31,r9
    9bf4:	38 c0 00 01 	li      r6,1
    9bf8:	80 89 00 0c 	lwz     r4,12(r9)
    9bfc:	7f e3 fb 78 	mr      r3,r31
    9c00:	4b ff f2 b1 	bl      8eb0 <_start+0x7d64>
    9c04:	39 3e 00 2c 	addi    r9,r30,44
    9c08:	7f c5 f3 78 	mr      r5,r30
    9c0c:	55 29 10 3a 	slwi    r9,r9,2
    9c10:	7c 7b 1b 78 	mr      r27,r3
    9c14:	7d 3f 4a 14 	add     r9,r31,r9
    9c18:	7f e3 fb 78 	mr      r3,r31
    9c1c:	80 89 00 04 	lwz     r4,4(r9)
    9c20:	38 c0 00 02 	li      r6,2
    9c24:	7f 7c e3 78 	or      r28,r27,r28
    9c28:	4b ff f2 89 	bl      8eb0 <_start+0x7d64>
    9c2c:	38 1d 00 69 	addi    r0,r29,105
    9c30:	54 09 20 36 	slwi    r9,r0,4
    9c34:	7f 9c 1b 78 	or      r28,r28,r3
    9c38:	7d 3f 4a 14 	add     r9,r31,r9
    9c3c:	93 89 00 08 	stw     r28,8(r9)
    9c40:	4b ff f9 00 	b       9540 <_start+0x83f4>
    9c44:	39 3e 00 20 	addi    r9,r30,32
    9c48:	7f c5 f3 78 	mr      r5,r30
    9c4c:	55 29 10 3a 	slwi    r9,r9,2
    9c50:	38 c0 00 00 	li      r6,0
    9c54:	7d 3f 4a 14 	add     r9,r31,r9
    9c58:	7f e3 fb 78 	mr      r3,r31
    9c5c:	80 89 00 04 	lwz     r4,4(r9)
    9c60:	4b ff f2 51 	bl      8eb0 <_start+0x7d64>
    9c64:	39 3e 00 24 	addi    r9,r30,36
    9c68:	7f c5 f3 78 	mr      r5,r30
    9c6c:	55 29 10 3a 	slwi    r9,r9,2
    9c70:	7c 7c 1b 78 	mr      r28,r3
    9c74:	7d 3f 4a 14 	add     r9,r31,r9
    9c78:	7f e3 fb 78 	mr      r3,r31
    9c7c:	80 89 00 0c 	lwz     r4,12(r9)
    9c80:	38 c0 00 01 	li      r6,1
    9c84:	4b ff f2 2d 	bl      8eb0 <_start+0x7d64>
    9c88:	38 1d 00 69 	addi    r0,r29,105
    9c8c:	7f 9c 1b 78 	or      r28,r28,r3
    9c90:	54 09 20 36 	slwi    r9,r0,4
    9c94:	7d 3f 4a 14 	add     r9,r31,r9
    9c98:	67 9c 40 66 	oris    r28,r28,16486
    9c9c:	93 89 00 08 	stw     r28,8(r9)
    9ca0:	4b ff f8 a0 	b       9540 <_start+0x83f4>
    9ca4:	39 3e 00 20 	addi    r9,r30,32
    9ca8:	7f e3 fb 78 	mr      r3,r31
    9cac:	55 29 10 3a 	slwi    r9,r9,2
    9cb0:	7f c5 f3 78 	mr      r5,r30
    9cb4:	7d 3f 4a 14 	add     r9,r31,r9
    9cb8:	38 c0 00 00 	li      r6,0
    9cbc:	80 89 00 04 	lwz     r4,4(r9)
    9cc0:	4b ff f1 f1 	bl      8eb0 <_start+0x7d64>
    9cc4:	38 1d 00 69 	addi    r0,r29,105
    9cc8:	54 09 20 36 	slwi    r9,r0,4
    9ccc:	64 63 00 10 	oris    r3,r3,16
    9cd0:	7d 3f 4a 14 	add     r9,r31,r9
    9cd4:	90 69 00 08 	stw     r3,8(r9)
    9cd8:	4b ff f8 68 	b       9540 <_start+0x83f4>
    9cdc:	39 3e 00 24 	addi    r9,r30,36
    9ce0:	7f e3 fb 78 	mr      r3,r31
    9ce4:	55 29 10 3a 	slwi    r9,r9,2
    9ce8:	7f c5 f3 78 	mr      r5,r30
    9cec:	7d 3f 4a 14 	add     r9,r31,r9
    9cf0:	38 c0 00 01 	li      r6,1
    9cf4:	80 89 00 0c 	lwz     r4,12(r9)
    9cf8:	4b ff f1 b9 	bl      8eb0 <_start+0x7d64>
    9cfc:	38 1d 00 69 	addi    r0,r29,105
    9d00:	54 09 20 36 	slwi    r9,r0,4
    9d04:	64 63 00 01 	oris    r3,r3,1
    9d08:	7d 3f 4a 14 	add     r9,r31,r9
    9d0c:	90 69 00 08 	stw     r3,8(r9)
    9d10:	4b ff f8 30 	b       9540 <_start+0x83f4>
    9d14:	39 3e 00 20 	addi    r9,r30,32
    9d18:	7f c5 f3 78 	mr      r5,r30
    9d1c:	55 29 10 3a 	slwi    r9,r9,2
    9d20:	38 c0 00 00 	li      r6,0
    9d24:	7d 3f 4a 14 	add     r9,r31,r9
    9d28:	7f e3 fb 78 	mr      r3,r31
    9d2c:	80 89 00 04 	lwz     r4,4(r9)
    9d30:	4b ff f1 81 	bl      8eb0 <_start+0x7d64>
    9d34:	39 3e 00 24 	addi    r9,r30,36
    9d38:	7f c5 f3 78 	mr      r5,r30
    9d3c:	55 29 10 3a 	slwi    r9,r9,2
    9d40:	7c 7c 1b 78 	mr      r28,r3
    9d44:	7d 3f 4a 14 	add     r9,r31,r9
    9d48:	7f e3 fb 78 	mr      r3,r31
    9d4c:	80 89 00 0c 	lwz     r4,12(r9)
    9d50:	38 c0 00 01 	li      r6,1
    9d54:	4b ff f1 5d 	bl      8eb0 <_start+0x7d64>
    9d58:	38 1d 00 69 	addi    r0,r29,105
    9d5c:	7f 9c 1b 78 	or      r28,r28,r3
    9d60:	54 09 20 36 	slwi    r9,r0,4
    9d64:	7d 3f 4a 14 	add     r9,r31,r9
    9d68:	67 9c 40 66 	oris    r28,r28,16486
    9d6c:	93 89 00 08 	stw     r28,8(r9)
    9d70:	39 3e 00 44 	addi    r9,r30,68
    9d74:	55 29 10 3a 	slwi    r9,r9,2
    9d78:	7d 3f 4a 14 	add     r9,r31,r9
    9d7c:	81 69 00 04 	lwz     r11,4(r9)
    9d80:	39 20 00 00 	li      r9,0
    9d84:	39 6b ff ff 	addi    r11,r11,-1
    9d88:	2b 8b 00 03 	cmplwi  cr7,r11,3
    9d8c:	41 9d 00 18 	bgt     cr7,9da4 <_start+0x8c58>
    9d90:	3d 20 00 01 	lis     r9,1
    9d94:	55 6b 10 3a 	slwi    r11,r11,2
    9d98:	39 29 75 10 	addi    r9,r9,29968
    9d9c:	7d 69 5a 14 	add     r11,r9,r11
    9da0:	81 2b 00 3c 	lwz     r9,60(r11)
    9da4:	67 ca 00 01 	oris    r10,r30,1
    9da8:	54 0b 20 36 	slwi    r11,r0,4
    9dac:	61 4a 10 00 	ori     r10,r10,4096
    9db0:	7d 7f 5a 14 	add     r11,r31,r11
    9db4:	7d 49 4b 78 	or      r9,r10,r9
    9db8:	91 2b 00 0c 	stw     r9,12(r11)
    9dbc:	39 3e 00 48 	addi    r9,r30,72
    9dc0:	55 29 10 3a 	slwi    r9,r9,2
    9dc4:	7d 3f 4a 14 	add     r9,r31,r9
    9dc8:	81 69 00 0c 	lwz     r11,12(r9)
    9dcc:	39 20 00 00 	li      r9,0
    9dd0:	39 6b ff ff 	addi    r11,r11,-1
    9dd4:	2b 8b 00 03 	cmplwi  cr7,r11,3
    9dd8:	41 9d 00 18 	bgt     cr7,9df0 <_start+0x8ca4>
    9ddc:	3d 20 00 01 	lis     r9,1
    9de0:	55 6b 10 3a 	slwi    r11,r11,2
    9de4:	39 29 75 10 	addi    r9,r9,29968
    9de8:	7d 69 5a 14 	add     r11,r9,r11
    9dec:	81 2b 00 3c 	lwz     r9,60(r11)
    9df0:	67 cb 00 11 	oris    r11,r30,17
    9df4:	54 00 20 36 	slwi    r0,r0,4
    9df8:	61 6b 10 00 	ori     r11,r11,4096
    9dfc:	7d 69 4b 78 	or      r9,r11,r9
    9e00:	7d 7f 02 14 	add     r11,r31,r0
    9e04:	91 2b 00 14 	stw     r9,20(r11)
    9e08:	4b ff f7 84 	b       958c <_start+0x8440>
    9e0c:	2c 03 00 00 	cmpwi   r3,0
    9e10:	39 20 00 00 	li      r9,0
    9e14:	41 82 00 08 	beq     9e1c <_start+0x8cd0>
    9e18:	81 23 00 00 	lwz     r9,0(r3)
    9e1c:	3c 00 00 01 	lis     r0,1
    9e20:	39 60 10 00 	li      r11,4096
    9e24:	60 00 10 00 	ori     r0,r0,4096
    9e28:	39 40 00 01 	li      r10,1
    9e2c:	91 69 06 a0 	stw     r11,1696(r9)
    9e30:	90 09 06 a4 	stw     r0,1700(r9)
    9e34:	91 49 07 1c 	stw     r10,1820(r9)
    9e38:	91 69 06 98 	stw     r11,1688(r9)
    9e3c:	90 09 06 9c 	stw     r0,1692(r9)
    9e40:	4e 80 00 20 	blr
    9e44:	3c e0 00 02 	lis     r7,2
    9e48:	3c 00 00 01 	lis     r0,1
    9e4c:	39 27 03 88 	addi    r9,r7,904
    9e50:	60 00 10 00 	ori     r0,r0,4096
    9e54:	39 40 10 00 	li      r10,4096
    9e58:	90 09 00 6c 	stw     r0,108(r9)
    9e5c:	39 60 01 44 	li      r11,324
    9e60:	91 47 03 88 	stw     r10,904(r7)
    9e64:	3c e0 30 00 	lis     r7,12288
    9e68:	39 00 28 00 	li      r8,10240
    9e6c:	60 e7 2d 44 	ori     r7,r7,11588
    9e70:	91 09 00 18 	stw     r8,24(r9)
    9e74:	90 e9 00 20 	stw     r7,32(r9)
    9e78:	3c e0 30 00 	lis     r7,12288
    9e7c:	60 e7 11 48 	ori     r7,r7,4424
    9e80:	91 49 00 28 	stw     r10,40(r9)
    9e84:	90 e9 00 40 	stw     r7,64(r9)
    9e88:	3c e0 00 01 	lis     r7,1
    9e8c:	60 e7 11 40 	ori     r7,r7,4416
    9e90:	91 69 00 68 	stw     r11,104(r9)
    9e94:	90 e9 00 50 	stw     r7,80(r9)
    9e98:	3c e0 01 01 	lis     r7,257
    9e9c:	60 e7 11 40 	ori     r7,r7,4416
    9ea0:	90 09 00 04 	stw     r0,4(r9)
    9ea4:	90 e9 00 60 	stw     r7,96(r9)
    9ea8:	91 49 00 08 	stw     r10,8(r9)
    9eac:	90 09 00 0c 	stw     r0,12(r9)
    9eb0:	91 09 00 10 	stw     r8,16(r9)
    9eb4:	90 09 00 14 	stw     r0,20(r9)
    9eb8:	90 09 00 1c 	stw     r0,28(r9)
    9ebc:	90 09 00 24 	stw     r0,36(r9)
    9ec0:	90 09 00 2c 	stw     r0,44(r9)
    9ec4:	91 69 00 30 	stw     r11,48(r9)
    9ec8:	90 09 00 34 	stw     r0,52(r9)
    9ecc:	91 69 00 38 	stw     r11,56(r9)
    9ed0:	90 09 00 3c 	stw     r0,60(r9)
    9ed4:	90 09 00 44 	stw     r0,68(r9)
    9ed8:	91 69 00 48 	stw     r11,72(r9)
    9edc:	90 09 00 4c 	stw     r0,76(r9)
    9ee0:	90 09 00 54 	stw     r0,84(r9)
    9ee4:	91 69 00 58 	stw     r11,88(r9)
    9ee8:	90 09 00 5c 	stw     r0,92(r9)
    9eec:	90 09 00 64 	stw     r0,100(r9)
    9ef0:	4e 80 00 20 	blr
    9ef4:	94 21 ff d0 	stwu    r1,-48(r1)
    9ef8:	7c 08 02 a6 	mflr    r0
    9efc:	93 a1 00 24 	stw     r29,36(r1)
    9f00:	7c 7d 1b 79 	mr.     r29,r3
    9f04:	93 21 00 14 	stw     r25,20(r1)
    9f08:	7c b9 2b 78 	mr      r25,r5
    9f0c:	93 e1 00 2c 	stw     r31,44(r1)
    9f10:	7c 9f 23 78 	mr      r31,r4
    9f14:	90 01 00 34 	stw     r0,52(r1)
    9f18:	93 01 00 10 	stw     r24,16(r1)
    9f1c:	93 41 00 18 	stw     r26,24(r1)
    9f20:	93 61 00 1c 	stw     r27,28(r1)
    9f24:	93 81 00 20 	stw     r28,32(r1)
    9f28:	93 c1 00 28 	stw     r30,40(r1)
    9f2c:	41 82 02 74 	beq     a1a0 <_start+0x9054>
    9f30:	2f 99 00 00 	cmpwi   cr7,r25,0
    9f34:	83 dd 00 00 	lwz     r30,0(r29)
    9f38:	41 9e 02 74 	beq     cr7,a1ac <_start+0x9060>
    9f3c:	3f 40 00 02 	lis     r26,2
    9f40:	3f 60 00 02 	lis     r27,2
    9f44:	83 99 00 8e 	lwz     r28,142(r25)
    9f48:	81 3a 03 74 	lwz     r9,884(r26)
    9f4c:	80 7b 03 70 	lwz     r3,880(r27)
    9f50:	80 09 00 1c 	lwz     r0,28(r9)
    9f54:	7c 09 03 a6 	mtctr   r0
    9f58:	4e 80 04 21 	bctrl
    9f5c:	39 3f 00 50 	addi    r9,r31,80
    9f60:	38 00 00 01 	li      r0,1
    9f64:	55 29 10 3a 	slwi    r9,r9,2
    9f68:	7c 00 f8 30 	slw     r0,r0,r31
    9f6c:	7d 3e 4a 14 	add     r9,r30,r9
    9f70:	93 29 00 04 	stw     r25,4(r9)
    9f74:	81 3e 07 bc 	lwz     r9,1980(r30)
    9f78:	55 29 06 be 	clrlwi  r9,r9,26
    9f7c:	7d 2b 00 39 	and.    r11,r9,r0
    9f80:	41 82 01 48 	beq     a0c8 <_start+0x8f7c>
    9f84:	39 7f 01 6c 	addi    r11,r31,364
    9f88:	39 3f 01 70 	addi    r9,r31,368
    9f8c:	3d 40 00 01 	lis     r10,1
    9f90:	55 6b 10 3a 	slwi    r11,r11,2
    9f94:	80 0a 67 b0 	lwz     r0,26544(r10)
    9f98:	55 29 10 3a 	slwi    r9,r9,2
    9f9c:	7d 7e 5a 14 	add     r11,r30,r11
    9fa0:	7d 3e 4a 14 	add     r9,r30,r9
    9fa4:	90 0b 00 04 	stw     r0,4(r11)
    9fa8:	90 09 00 0c 	stw     r0,12(r9)
    9fac:	80 1d 00 1c 	lwz     r0,28(r29)
    9fb0:	70 09 00 02 	andi.   r9,r0,2
    9fb4:	40 82 01 48 	bne     a0fc <_start+0x8fb0>
    9fb8:	a8 19 00 0e 	lha     r0,14(r25)
    9fbc:	38 60 ff fa 	li      r3,-6
    9fc0:	2f 80 00 00 	cmpwi   cr7,r0,0
    9fc4:	41 9e 00 d4 	beq     cr7,a098 <_start+0x8f4c>
    9fc8:	a8 19 00 12 	lha     r0,18(r25)
    9fcc:	2f 80 00 00 	cmpwi   cr7,r0,0
    9fd0:	41 9e 02 78 	beq     cr7,a248 <_start+0x90fc>
    9fd4:	81 3d 00 c0 	lwz     r9,192(r29)
    9fd8:	7f a4 eb 78 	mr      r4,r29
    9fdc:	7f 25 cb 78 	mr      r5,r25
    9fe0:	80 09 00 74 	lwz     r0,116(r9)
    9fe4:	7d 23 4b 78 	mr      r3,r9
    9fe8:	7c 09 03 a6 	mtctr   r0
    9fec:	4e 80 04 21 	bctrl
    9ff0:	2f 83 ff f8 	cmpwi   cr7,r3,-8
    9ff4:	38 60 ff f8 	li      r3,-8
    9ff8:	41 9e 00 a0 	beq     cr7,a098 <_start+0x8f4c>
    9ffc:	80 19 00 76 	lwz     r0,118(r25)
    a000:	81 39 00 7e 	lwz     r9,126(r25)
    a004:	7c 09 01 d6 	mullw   r0,r9,r0
    a008:	2f 80 0f ff 	cmpwi   cr7,r0,4095
    a00c:	40 9d 01 64 	ble     cr7,a170 <_start+0x9024>
    a010:	80 1d 00 1c 	lwz     r0,28(r29)
    a014:	74 09 04 00 	andis.  r9,r0,1024
    a018:	41 82 00 f4 	beq     a10c <_start+0x8fc0>
    a01c:	2f 9f 00 00 	cmpwi   cr7,r31,0
    a020:	3f a0 20 00 	lis     r29,8192
    a024:	41 9e 01 18 	beq     cr7,a13c <_start+0x8ff0>
    a028:	80 dc 00 00 	lwz     r6,0(r28)
    a02c:	7f c3 f3 78 	mr      r3,r30
    a030:	7f e4 fb 78 	mr      r4,r31
    a034:	38 a0 00 00 	li      r5,0
    a038:	48 00 92 ed 	bl      13324 <_start+0x121d8>
    a03c:	3d 20 00 01 	lis     r9,1
    a040:	57 e0 10 3a 	slwi    r0,r31,2
    a044:	39 29 75 10 	addi    r9,r9,29968
    a048:	38 a0 00 01 	li      r5,1
    a04c:	7d 29 02 14 	add     r9,r9,r0
    a050:	80 1c 00 04 	lwz     r0,4(r28)
    a054:	7f c3 f3 78 	mr      r3,r30
    a058:	80 c9 00 4c 	lwz     r6,76(r9)
    a05c:	7f e4 fb 78 	mr      r4,r31
    a060:	7c c6 03 78 	or      r6,r6,r0
    a064:	7c c6 eb 78 	or      r6,r6,r29
    a068:	48 00 92 bd 	bl      13324 <_start+0x121d8>
    a06c:	80 dc 00 08 	lwz     r6,8(r28)
    a070:	7f c3 f3 78 	mr      r3,r30
    a074:	7f e4 fb 78 	mr      r4,r31
    a078:	38 a0 00 02 	li      r5,2
    a07c:	48 00 92 a9 	bl      13324 <_start+0x121d8>
    a080:	7f c3 f3 78 	mr      r3,r30
    a084:	7f e4 fb 78 	mr      r4,r31
    a088:	38 a0 00 03 	li      r5,3
    a08c:	3c c0 00 03 	lis     r6,3
    a090:	48 00 92 95 	bl      13324 <_start+0x121d8>
    a094:	38 60 00 00 	li      r3,0
    a098:	80 01 00 34 	lwz     r0,52(r1)
    a09c:	83 01 00 10 	lwz     r24,16(r1)
    a0a0:	7c 08 03 a6 	mtlr    r0
    a0a4:	83 21 00 14 	lwz     r25,20(r1)
    a0a8:	83 41 00 18 	lwz     r26,24(r1)
    a0ac:	83 61 00 1c 	lwz     r27,28(r1)
    a0b0:	83 81 00 20 	lwz     r28,32(r1)
    a0b4:	83 a1 00 24 	lwz     r29,36(r1)
    a0b8:	83 c1 00 28 	lwz     r30,40(r1)
    a0bc:	83 e1 00 2c 	lwz     r31,44(r1)
    a0c0:	38 21 00 30 	addi    r1,r1,48
    a0c4:	4e 80 00 20 	blr
    a0c8:	39 3f 01 6c 	addi    r9,r31,364
    a0cc:	80 1c 00 28 	lwz     r0,40(r28)
    a0d0:	55 29 10 3a 	slwi    r9,r9,2
    a0d4:	7d 3e 4a 14 	add     r9,r30,r9
    a0d8:	90 09 00 04 	stw     r0,4(r9)
    a0dc:	39 3f 01 70 	addi    r9,r31,368
    a0e0:	55 29 10 3a 	slwi    r9,r9,2
    a0e4:	7d 3e 4a 14 	add     r9,r30,r9
    a0e8:	80 1c 00 2c 	lwz     r0,44(r28)
    a0ec:	90 09 00 0c 	stw     r0,12(r9)
    a0f0:	80 1d 00 1c 	lwz     r0,28(r29)
    a0f4:	70 09 00 02 	andi.   r9,r0,2
    a0f8:	41 82 fe c0 	beq     9fb8 <_start+0x8e6c>
    a0fc:	a8 19 00 0e 	lha     r0,14(r25)
    a100:	2f 80 00 00 	cmpwi   cr7,r0,0
    a104:	41 9e fe d0 	beq     cr7,9fd4 <_start+0x8e88>
    a108:	4b ff fe c0 	b       9fc8 <_start+0x8e7c>
    a10c:	2f 9f 00 00 	cmpwi   cr7,r31,0
    a110:	3b a0 00 00 	li      r29,0
    a114:	40 be ff 14 	bne     cr7,a028 <_start+0x8edc>
    a118:	81 3e 00 18 	lwz     r9,24(r30)
    a11c:	80 09 00 18 	lwz     r0,24(r9)
    a120:	64 00 00 01 	oris    r0,r0,1
    a124:	90 09 00 18 	stw     r0,24(r9)
    a128:	81 3e 00 18 	lwz     r9,24(r30)
    a12c:	80 09 00 0c 	lwz     r0,12(r9)
    a130:	60 00 00 02 	ori     r0,r0,2
    a134:	90 09 00 0c 	stw     r0,12(r9)
    a138:	4b ff fe f0 	b       a028 <_start+0x8edc>
    a13c:	81 3e 00 18 	lwz     r9,24(r30)
    a140:	80 1c 00 30 	lwz     r0,48(r28)
    a144:	90 09 01 2c 	stw     r0,300(r9)
    a148:	81 3e 00 18 	lwz     r9,24(r30)
    a14c:	80 09 00 0c 	lwz     r0,12(r9)
    a150:	64 00 04 00 	oris    r0,r0,1024
    a154:	90 09 00 0c 	stw     r0,12(r9)
    a158:	81 3e 00 18 	lwz     r9,24(r30)
    a15c:	81 7c 00 34 	lwz     r11,52(r28)
    a160:	80 09 00 18 	lwz     r0,24(r9)
    a164:	54 00 04 1a 	rlwinm  r0,r0,0,16,13
    a168:	7c 00 5b 78 	or      r0,r0,r11
    a16c:	4b ff ff b8 	b       a124 <_start+0x8fd8>
    a170:	7f c3 f3 78 	mr      r3,r30
    a174:	7f e4 fb 78 	mr      r4,r31
    a178:	38 a0 00 02 	li      r5,2
    a17c:	38 c0 00 00 	li      r6,0
    a180:	48 00 91 a5 	bl      13324 <_start+0x121d8>
    a184:	81 3a 03 74 	lwz     r9,884(r26)
    a188:	80 7b 03 70 	lwz     r3,880(r27)
    a18c:	80 09 00 3c 	lwz     r0,60(r9)
    a190:	80 9e 00 18 	lwz     r4,24(r30)
    a194:	7c 09 03 a6 	mtctr   r0
    a198:	4e 80 04 21 	bctrl
    a19c:	4b ff fe 74 	b       a010 <_start+0x8ec4>
    a1a0:	2f 99 00 00 	cmpwi   cr7,r25,0
    a1a4:	3b c0 00 00 	li      r30,0
    a1a8:	40 9e fd 94 	bne     cr7,9f3c <_start+0x8df0>
    a1ac:	3d 20 00 02 	lis     r9,2
    a1b0:	81 29 03 74 	lwz     r9,884(r9)
    a1b4:	80 09 00 1c 	lwz     r0,28(r9)
    a1b8:	3d 20 00 02 	lis     r9,2
    a1bc:	80 69 03 70 	lwz     r3,880(r9)
    a1c0:	7c 09 03 a6 	mtctr   r0
    a1c4:	4e 80 04 21 	bctrl
    a1c8:	39 3f 00 50 	addi    r9,r31,80
    a1cc:	7f c3 f3 78 	mr      r3,r30
    a1d0:	55 29 10 3a 	slwi    r9,r9,2
    a1d4:	7f e4 fb 78 	mr      r4,r31
    a1d8:	7d 3e 4a 14 	add     r9,r30,r9
    a1dc:	38 a0 00 00 	li      r5,0
    a1e0:	93 29 00 04 	stw     r25,4(r9)
    a1e4:	38 c0 00 00 	li      r6,0
    a1e8:	48 00 91 3d 	bl      13324 <_start+0x121d8>
    a1ec:	7f c3 f3 78 	mr      r3,r30
    a1f0:	7f e4 fb 78 	mr      r4,r31
    a1f4:	38 a0 00 01 	li      r5,1
    a1f8:	38 c0 00 00 	li      r6,0
    a1fc:	48 00 91 29 	bl      13324 <_start+0x121d8>
    a200:	7f c3 f3 78 	mr      r3,r30
    a204:	7f e4 fb 78 	mr      r4,r31
    a208:	38 a0 00 02 	li      r5,2
    a20c:	38 c0 00 00 	li      r6,0
    a210:	48 00 91 15 	bl      13324 <_start+0x121d8>
    a214:	80 01 00 34 	lwz     r0,52(r1)
    a218:	38 60 00 00 	li      r3,0
    a21c:	83 01 00 10 	lwz     r24,16(r1)
    a220:	7c 08 03 a6 	mtlr    r0
    a224:	83 21 00 14 	lwz     r25,20(r1)
    a228:	83 41 00 18 	lwz     r26,24(r1)
    a22c:	83 61 00 1c 	lwz     r27,28(r1)
    a230:	83 81 00 20 	lwz     r28,32(r1)
    a234:	83 a1 00 24 	lwz     r29,36(r1)
    a238:	83 c1 00 28 	lwz     r30,40(r1)
    a23c:	83 e1 00 2c 	lwz     r31,44(r1)
    a240:	38 21 00 30 	addi    r1,r1,48
    a244:	4e 80 00 20 	blr
    a248:	3f 00 00 02 	lis     r24,2
    a24c:	7f 24 cb 78 	mr      r4,r25
    a250:	81 38 03 48 	lwz     r9,840(r24)
    a254:	80 09 00 d8 	lwz     r0,216(r9)
    a258:	7d 23 4b 78 	mr      r3,r9
    a25c:	7c 09 03 a6 	mtctr   r0
    a260:	4e 80 04 21 	bctrl
    a264:	81 38 03 48 	lwz     r9,840(r24)
    a268:	38 9d 00 50 	addi    r4,r29,80
    a26c:	7f 25 cb 78 	mr      r5,r25
    a270:	80 09 00 4c 	lwz     r0,76(r9)
    a274:	7d 23 4b 78 	mr      r3,r9
    a278:	7c 09 03 a6 	mtctr   r0
    a27c:	4e 80 04 21 	bctrl
    a280:	4b ff fd 7c 	b       9ffc <_start+0x8eb0>
    a284:	94 21 ff f0 	stwu    r1,-16(r1)
    a288:	7c 08 02 a6 	mflr    r0
    a28c:	93 e1 00 0c 	stw     r31,12(r1)
    a290:	7c 7f 1b 79 	mr.     r31,r3
    a294:	90 01 00 14 	stw     r0,20(r1)
    a298:	93 c1 00 08 	stw     r30,8(r1)
    a29c:	41 82 01 e0 	beq     a47c <_start+0x9330>
    a2a0:	83 df 00 00 	lwz     r30,0(r31)
    a2a4:	80 1f 00 1c 	lwz     r0,28(r31)
    a2a8:	74 09 10 00 	andis.  r9,r0,4096
    a2ac:	41 82 00 c8 	beq     a374 <_start+0x9228>
    a2b0:	80 bf 01 64 	lwz     r5,356(r31)
    a2b4:	80 1e 01 44 	lwz     r0,324(r30)
    a2b8:	7f 85 00 00 	cmpw    cr7,r5,r0
    a2bc:	41 9e 00 10 	beq     cr7,a2cc <_start+0x9180>
    a2c0:	80 1e 07 20 	lwz     r0,1824(r30)
    a2c4:	70 09 00 10 	andi.   r9,r0,16
    a2c8:	40 82 01 bc 	bne     a484 <_start+0x9338>
    a2cc:	80 bf 01 68 	lwz     r5,360(r31)
    a2d0:	80 1e 01 48 	lwz     r0,328(r30)
    a2d4:	7f 85 00 00 	cmpw    cr7,r5,r0
    a2d8:	41 9e 00 10 	beq     cr7,a2e8 <_start+0x919c>
    a2dc:	80 1e 07 20 	lwz     r0,1824(r30)
    a2e0:	70 09 00 20 	andi.   r9,r0,32
    a2e4:	40 82 01 b8 	bne     a49c <_start+0x9350>
    a2e8:	80 bf 01 6c 	lwz     r5,364(r31)
    a2ec:	80 1e 01 4c 	lwz     r0,332(r30)
    a2f0:	7f 85 00 00 	cmpw    cr7,r5,r0
    a2f4:	41 9e 00 10 	beq     cr7,a304 <_start+0x91b8>
    a2f8:	80 1e 07 20 	lwz     r0,1824(r30)
    a2fc:	70 09 00 40 	andi.   r9,r0,64
    a300:	40 82 01 b4 	bne     a4b4 <_start+0x9368>
    a304:	80 bf 01 70 	lwz     r5,368(r31)
    a308:	80 1e 01 50 	lwz     r0,336(r30)
    a30c:	7f 85 00 00 	cmpw    cr7,r5,r0
    a310:	41 9e 00 10 	beq     cr7,a320 <_start+0x91d4>
    a314:	80 1e 07 20 	lwz     r0,1824(r30)
    a318:	70 09 00 80 	andi.   r9,r0,128
    a31c:	40 82 01 b0 	bne     a4cc <_start+0x9380>
    a320:	80 bf 01 74 	lwz     r5,372(r31)
    a324:	80 1e 01 54 	lwz     r0,340(r30)
    a328:	7f 85 00 00 	cmpw    cr7,r5,r0
    a32c:	41 9e 00 10 	beq     cr7,a33c <_start+0x91f0>
    a330:	80 1e 07 20 	lwz     r0,1824(r30)
    a334:	70 09 01 00 	andi.   r9,r0,256
    a338:	40 82 01 ac 	bne     a4e4 <_start+0x9398>
    a33c:	80 bf 01 78 	lwz     r5,376(r31)
    a340:	80 1e 01 58 	lwz     r0,344(r30)
    a344:	7f 85 00 00 	cmpw    cr7,r5,r0
    a348:	41 9e 00 10 	beq     cr7,a358 <_start+0x920c>
    a34c:	80 1e 07 20 	lwz     r0,1824(r30)
    a350:	70 09 02 00 	andi.   r9,r0,512
    a354:	40 82 01 04 	bne     a458 <_start+0x930c>
    a358:	80 01 00 14 	lwz     r0,20(r1)
    a35c:	38 60 00 00 	li      r3,0
    a360:	83 c1 00 08 	lwz     r30,8(r1)
    a364:	7c 08 03 a6 	mtlr    r0
    a368:	83 e1 00 0c 	lwz     r31,12(r1)
    a36c:	38 21 00 10 	addi    r1,r1,16
    a370:	4e 80 00 20 	blr
    a374:	80 1f 01 68 	lwz     r0,360(r31)
    a378:	2f 80 00 00 	cmpwi   cr7,r0,0
    a37c:	41 9e 00 14 	beq     cr7,a390 <_start+0x9244>
    a380:	7f e3 fb 78 	mr      r3,r31
    a384:	38 80 00 01 	li      r4,1
    a388:	38 a0 00 00 	li      r5,0
    a38c:	4b ff fb 69 	bl      9ef4 <_start+0x8da8>
    a390:	80 1f 01 6c 	lwz     r0,364(r31)
    a394:	2f 80 00 00 	cmpwi   cr7,r0,0
    a398:	41 9e 00 14 	beq     cr7,a3ac <_start+0x9260>
    a39c:	7f e3 fb 78 	mr      r3,r31
    a3a0:	38 80 00 02 	li      r4,2
    a3a4:	38 a0 00 00 	li      r5,0
    a3a8:	4b ff fb 4d 	bl      9ef4 <_start+0x8da8>
    a3ac:	80 1f 01 70 	lwz     r0,368(r31)
    a3b0:	2f 80 00 00 	cmpwi   cr7,r0,0
    a3b4:	41 9e 00 14 	beq     cr7,a3c8 <_start+0x927c>
    a3b8:	7f e3 fb 78 	mr      r3,r31
    a3bc:	38 80 00 03 	li      r4,3
    a3c0:	38 a0 00 00 	li      r5,0
    a3c4:	4b ff fb 31 	bl      9ef4 <_start+0x8da8>
    a3c8:	80 1f 01 74 	lwz     r0,372(r31)
    a3cc:	2f 80 00 00 	cmpwi   cr7,r0,0
    a3d0:	41 9e 00 14 	beq     cr7,a3e4 <_start+0x9298>
    a3d4:	7f e3 fb 78 	mr      r3,r31
    a3d8:	38 80 00 04 	li      r4,4
    a3dc:	38 a0 00 00 	li      r5,0
    a3e0:	4b ff fb 15 	bl      9ef4 <_start+0x8da8>
    a3e4:	80 1f 01 78 	lwz     r0,376(r31)
    a3e8:	2f 80 00 00 	cmpwi   cr7,r0,0
    a3ec:	41 9e 00 14 	beq     cr7,a400 <_start+0x92b4>
    a3f0:	7f e3 fb 78 	mr      r3,r31
    a3f4:	38 80 00 05 	li      r4,5
    a3f8:	38 a0 00 00 	li      r5,0
    a3fc:	4b ff fa f9 	bl      9ef4 <_start+0x8da8>
    a400:	81 3e 07 20 	lwz     r9,1824(r30)
    a404:	80 1e 01 44 	lwz     r0,324(r30)
    a408:	55 29 07 2a 	rlwinm  r9,r9,0,28,21
    a40c:	91 3e 07 20 	stw     r9,1824(r30)
    a410:	80 bf 01 64 	lwz     r5,356(r31)
    a414:	7f 85 00 00 	cmpw    cr7,r5,r0
    a418:	41 be ff 40 	beq     cr7,a358 <_start+0x920c>
    a41c:	7f e3 fb 78 	mr      r3,r31
    a420:	38 80 00 00 	li      r4,0
    a424:	4b ff fa d1 	bl      9ef4 <_start+0x8da8>
    a428:	2c 03 00 00 	cmpwi   r3,0
    a42c:	40 82 00 14 	bne     a440 <_start+0x92f4>
    a430:	80 1e 07 20 	lwz     r0,1824(r30)
    a434:	38 60 00 00 	li      r3,0
    a438:	60 00 00 10 	ori     r0,r0,16
    a43c:	90 1e 07 20 	stw     r0,1824(r30)
    a440:	80 01 00 14 	lwz     r0,20(r1)
    a444:	83 c1 00 08 	lwz     r30,8(r1)
    a448:	7c 08 03 a6 	mtlr    r0
    a44c:	83 e1 00 0c 	lwz     r31,12(r1)
    a450:	38 21 00 10 	addi    r1,r1,16
    a454:	4e 80 00 20 	blr
    a458:	7f e3 fb 78 	mr      r3,r31
    a45c:	38 80 00 05 	li      r4,5
    a460:	4b ff fa 95 	bl      9ef4 <_start+0x8da8>
    a464:	80 01 00 14 	lwz     r0,20(r1)
    a468:	83 c1 00 08 	lwz     r30,8(r1)
    a46c:	7c 08 03 a6 	mtlr    r0
    a470:	83 e1 00 0c 	lwz     r31,12(r1)
    a474:	38 21 00 10 	addi    r1,r1,16
    a478:	4e 80 00 20 	blr
    a47c:	3b c0 00 00 	li      r30,0
    a480:	4b ff fe 24 	b       a2a4 <_start+0x9158>
    a484:	7f e3 fb 78 	mr      r3,r31
    a488:	38 80 00 00 	li      r4,0
    a48c:	4b ff fa 69 	bl      9ef4 <_start+0x8da8>
    a490:	2c 03 00 00 	cmpwi   r3,0
    a494:	41 82 fe 38 	beq     a2cc <_start+0x9180>
    a498:	4b ff ff a8 	b       a440 <_start+0x92f4>
    a49c:	7f e3 fb 78 	mr      r3,r31
    a4a0:	38 80 00 01 	li      r4,1
    a4a4:	4b ff fa 51 	bl      9ef4 <_start+0x8da8>
    a4a8:	2c 03 00 00 	cmpwi   r3,0
    a4ac:	41 82 fe 3c 	beq     a2e8 <_start+0x919c>
    a4b0:	4b ff ff 90 	b       a440 <_start+0x92f4>
    a4b4:	7f e3 fb 78 	mr      r3,r31
    a4b8:	38 80 00 02 	li      r4,2
    a4bc:	4b ff fa 39 	bl      9ef4 <_start+0x8da8>
    a4c0:	2c 03 00 00 	cmpwi   r3,0
    a4c4:	41 82 fe 40 	beq     a304 <_start+0x91b8>
    a4c8:	4b ff ff 78 	b       a440 <_start+0x92f4>
    a4cc:	7f e3 fb 78 	mr      r3,r31
    a4d0:	38 80 00 03 	li      r4,3
    a4d4:	4b ff fa 21 	bl      9ef4 <_start+0x8da8>
    a4d8:	2c 03 00 00 	cmpwi   r3,0
    a4dc:	41 82 fe 44 	beq     a320 <_start+0x91d4>
    a4e0:	4b ff ff 60 	b       a440 <_start+0x92f4>
    a4e4:	7f e3 fb 78 	mr      r3,r31
    a4e8:	38 80 00 04 	li      r4,4
    a4ec:	4b ff fa 09 	bl      9ef4 <_start+0x8da8>
    a4f0:	2c 03 00 00 	cmpwi   r3,0
    a4f4:	41 82 fe 48 	beq     a33c <_start+0x91f0>
    a4f8:	4b ff ff 48 	b       a440 <_start+0x92f4>
    a4fc:	2c 03 00 00 	cmpwi   r3,0
    a500:	94 21 ff f0 	stwu    r1,-16(r1)
    a504:	7c 08 02 a6 	mflr    r0
    a508:	93 c1 00 08 	stw     r30,8(r1)
    a50c:	7c 9e 23 78 	mr      r30,r4
    a510:	93 e1 00 0c 	stw     r31,12(r1)
    a514:	3b e0 00 00 	li      r31,0
    a518:	90 01 00 14 	stw     r0,20(r1)
    a51c:	41 82 00 08 	beq     a524 <_start+0x93d8>
    a520:	83 e3 00 00 	lwz     r31,0(r3)
    a524:	3d 60 00 02 	lis     r11,2
    a528:	57 c0 20 36 	slwi    r0,r30,4
    a52c:	39 6b 03 88 	addi    r11,r11,904
    a530:	38 80 00 00 	li      r4,0
    a534:	7d 2b 02 14 	add     r9,r11,r0
    a538:	7c ab 00 2e 	lwzx    r5,r11,r0
    a53c:	7f e3 fb 78 	mr      r3,r31
    a540:	81 09 00 0c 	lwz     r8,12(r9)
    a544:	80 c9 00 04 	lwz     r6,4(r9)
    a548:	80 e9 00 08 	lwz     r7,8(r9)
    a54c:	48 00 8d 91 	bl      132dc <_start+0x12190>
    a550:	7f e3 fb 78 	mr      r3,r31
    a554:	38 80 00 01 	li      r4,1
    a558:	48 00 8d 49 	bl      132a0 <_start+0x12154>
    a55c:	81 3f 00 18 	lwz     r9,24(r31)
    a560:	2f 9e 00 00 	cmpwi   cr7,r30,0
    a564:	3d 60 ff f8 	lis     r11,-8
    a568:	61 6b 04 0f 	ori     r11,r11,1039
    a56c:	80 09 00 8c 	lwz     r0,140(r9)
    a570:	7c 0b 58 38 	and     r11,r0,r11
    a574:	61 60 10 00 	ori     r0,r11,4096
    a578:	41 9e 00 08 	beq     cr7,a580 <_start+0x9434>
    a57c:	61 60 10 10 	ori     r0,r11,4112
    a580:	90 09 00 8c 	stw     r0,140(r9)
    a584:	81 3f 00 18 	lwz     r9,24(r31)
    a588:	80 09 00 0c 	lwz     r0,12(r9)
    a58c:	60 00 02 00 	ori     r0,r0,512
    a590:	90 09 00 0c 	stw     r0,12(r9)
    a594:	80 01 00 14 	lwz     r0,20(r1)
    a598:	83 c1 00 08 	lwz     r30,8(r1)
    a59c:	7c 08 03 a6 	mtlr    r0
    a5a0:	83 e1 00 0c 	lwz     r31,12(r1)
    a5a4:	38 21 00 10 	addi    r1,r1,16
    a5a8:	4e 80 00 20 	blr
    a5ac:	2c 03 00 00 	cmpwi   r3,0
    a5b0:	94 21 ff e0 	stwu    r1,-32(r1)
    a5b4:	7c 08 02 a6 	mflr    r0
    a5b8:	93 a1 00 14 	stw     r29,20(r1)
    a5bc:	3b a0 00 00 	li      r29,0
    a5c0:	90 01 00 24 	stw     r0,36(r1)
    a5c4:	93 c1 00 18 	stw     r30,24(r1)
    a5c8:	93 e1 00 1c 	stw     r31,28(r1)
    a5cc:	41 82 00 08 	beq     a5d4 <_start+0x9488>
    a5d0:	83 a3 00 00 	lwz     r29,0(r3)
    a5d4:	80 1d 07 1c 	lwz     r0,1820(r29)
    a5d8:	3d 40 00 01 	lis     r10,1
    a5dc:	81 3d 00 18 	lwz     r9,24(r29)
    a5e0:	39 4a 75 10 	addi    r10,r10,29968
    a5e4:	54 00 10 3a 	slwi    r0,r0,2
    a5e8:	81 69 00 8c 	lwz     r11,140(r9)
    a5ec:	7d 4a 02 14 	add     r10,r10,r0
    a5f0:	3c 00 ff f8 	lis     r0,-8
    a5f4:	81 4a 00 64 	lwz     r10,100(r10)
    a5f8:	60 00 04 0f 	ori     r0,r0,1039
    a5fc:	7d 60 00 38 	and     r0,r11,r0
    a600:	81 7d 07 20 	lwz     r11,1824(r29)
    a604:	7c 00 53 78 	or      r0,r0,r10
    a608:	7c 00 5b 78 	or      r0,r0,r11
    a60c:	90 09 00 8c 	stw     r0,140(r9)
    a610:	81 3d 00 18 	lwz     r9,24(r29)
    a614:	80 09 00 0c 	lwz     r0,12(r9)
    a618:	60 00 02 00 	ori     r0,r0,512
    a61c:	90 09 00 0c 	stw     r0,12(r9)
    a620:	80 1d 07 1c 	lwz     r0,1820(r29)
    a624:	2f 80 00 00 	cmpwi   cr7,r0,0
    a628:	41 9e 00 40 	beq     cr7,a668 <_start+0x951c>
    a62c:	7f bf eb 78 	mr      r31,r29
    a630:	38 80 00 00 	li      r4,0
    a634:	3b c0 00 00 	li      r30,0
    a638:	80 bf 06 98 	lwz     r5,1688(r31)
    a63c:	7f a3 eb 78 	mr      r3,r29
    a640:	3b de 00 01 	addi    r30,r30,1
    a644:	80 df 06 9c 	lwz     r6,1692(r31)
    a648:	80 ff 06 a0 	lwz     r7,1696(r31)
    a64c:	81 1f 06 a4 	lwz     r8,1700(r31)
    a650:	3b ff 00 10 	addi    r31,r31,16
    a654:	48 00 8c 89 	bl      132dc <_start+0x12190>
    a658:	80 1d 07 1c 	lwz     r0,1820(r29)
    a65c:	7f c4 f3 78 	mr      r4,r30
    a660:	7f 80 f0 40 	cmplw   cr7,r0,r30
    a664:	41 9d ff d4 	bgt     cr7,a638 <_start+0x94ec>
    a668:	7f a3 eb 78 	mr      r3,r29
    a66c:	7c 04 03 78 	mr      r4,r0
    a670:	48 00 8c 31 	bl      132a0 <_start+0x12154>
    a674:	80 01 00 24 	lwz     r0,36(r1)
    a678:	83 a1 00 14 	lwz     r29,20(r1)
    a67c:	7c 08 03 a6 	mtlr    r0
    a680:	83 c1 00 18 	lwz     r30,24(r1)
    a684:	83 e1 00 1c 	lwz     r31,28(r1)
    a688:	38 21 00 20 	addi    r1,r1,32
    a68c:	4e 80 00 20 	blr
    a690:	94 21 ff b0 	stwu    r1,-80(r1)
    a694:	7c 08 02 a6 	mflr    r0
    a698:	93 e1 00 4c 	stw     r31,76(r1)
    a69c:	7c 7f 1b 79 	mr.     r31,r3
    a6a0:	90 01 00 54 	stw     r0,84(r1)
    a6a4:	92 41 00 18 	stw     r18,24(r1)
    a6a8:	92 61 00 1c 	stw     r19,28(r1)
    a6ac:	92 81 00 20 	stw     r20,32(r1)
    a6b0:	92 a1 00 24 	stw     r21,36(r1)
    a6b4:	92 c1 00 28 	stw     r22,40(r1)
    a6b8:	92 e1 00 2c 	stw     r23,44(r1)
    a6bc:	93 01 00 30 	stw     r24,48(r1)
    a6c0:	93 21 00 34 	stw     r25,52(r1)
    a6c4:	93 41 00 38 	stw     r26,56(r1)
    a6c8:	93 61 00 3c 	stw     r27,60(r1)
    a6cc:	93 81 00 40 	stw     r28,64(r1)
    a6d0:	93 a1 00 44 	stw     r29,68(r1)
    a6d4:	93 c1 00 48 	stw     r30,72(r1)
    a6d8:	41 82 02 a4 	beq     a97c <_start+0x9830>
    a6dc:	83 9f 00 00 	lwz     r28,0(r31)
    a6e0:	80 1c 07 bc 	lwz     r0,1980(r28)
    a6e4:	38 60 00 00 	li      r3,0
    a6e8:	70 09 01 00 	andi.   r9,r0,256
    a6ec:	40 82 01 14 	bne     a800 <_start+0x96b4>
    a6f0:	81 3f 00 1c 	lwz     r9,28(r31)
    a6f4:	3d 60 10 00 	lis     r11,4096
    a6f8:	61 6b 01 00 	ori     r11,r11,256
    a6fc:	7d 6a 48 39 	and.    r10,r11,r9
    a700:	41 82 01 48 	beq     a848 <_start+0x96fc>
    a704:	60 00 02 00 	ori     r0,r0,512
    a708:	90 1c 07 bc 	stw     r0,1980(r28)
    a70c:	80 1c 00 54 	lwz     r0,84(r28)
    a710:	2f 80 00 00 	cmpwi   cr7,r0,0
    a714:	41 9e 00 10 	beq     cr7,a724 <_start+0x95d8>
    a718:	81 3c 00 6c 	lwz     r9,108(r28)
    a71c:	2f 09 00 00 	cmpwi   cr6,r9,0
    a720:	40 9a 01 34 	bne     cr6,a854 <_start+0x9708>
    a724:	81 3f 00 00 	lwz     r9,0(r31)
    a728:	3c 00 00 01 	lis     r0,1
    a72c:	39 60 10 00 	li      r11,4096
    a730:	60 00 10 00 	ori     r0,r0,4096
    a734:	39 40 00 01 	li      r10,1
    a738:	91 49 07 1c 	stw     r10,1820(r9)
    a73c:	3d 40 00 01 	lis     r10,1
    a740:	91 69 06 a0 	stw     r11,1696(r9)
    a744:	39 4a 75 10 	addi    r10,r10,29968
    a748:	91 69 06 98 	stw     r11,1688(r9)
    a74c:	90 09 06 a4 	stw     r0,1700(r9)
    a750:	90 09 06 9c 	stw     r0,1692(r9)
    a754:	83 bf 00 00 	lwz     r29,0(r31)
    a758:	80 1d 07 1c 	lwz     r0,1820(r29)
    a75c:	81 3d 00 18 	lwz     r9,24(r29)
    a760:	54 00 10 3a 	slwi    r0,r0,2
    a764:	81 69 00 8c 	lwz     r11,140(r9)
    a768:	7d 4a 02 14 	add     r10,r10,r0
    a76c:	3c 00 ff f8 	lis     r0,-8
    a770:	81 4a 00 64 	lwz     r10,100(r10)
    a774:	60 00 04 0f 	ori     r0,r0,1039
    a778:	7d 60 00 38 	and     r0,r11,r0
    a77c:	81 7d 07 20 	lwz     r11,1824(r29)
    a780:	7c 00 53 78 	or      r0,r0,r10
    a784:	7c 00 5b 78 	or      r0,r0,r11
    a788:	90 09 00 8c 	stw     r0,140(r9)
    a78c:	81 3d 00 18 	lwz     r9,24(r29)
    a790:	80 09 00 0c 	lwz     r0,12(r9)
    a794:	60 00 02 00 	ori     r0,r0,512
    a798:	90 09 00 0c 	stw     r0,12(r9)
    a79c:	80 1d 07 1c 	lwz     r0,1820(r29)
    a7a0:	2f 80 00 00 	cmpwi   cr7,r0,0
    a7a4:	41 9e 00 40 	beq     cr7,a7e4 <_start+0x9698>
    a7a8:	7f bf eb 78 	mr      r31,r29
    a7ac:	38 80 00 00 	li      r4,0
    a7b0:	3b c0 00 00 	li      r30,0
    a7b4:	80 bf 06 98 	lwz     r5,1688(r31)
    a7b8:	7f a3 eb 78 	mr      r3,r29
    a7bc:	3b de 00 01 	addi    r30,r30,1
    a7c0:	80 df 06 9c 	lwz     r6,1692(r31)
    a7c4:	80 ff 06 a0 	lwz     r7,1696(r31)
    a7c8:	81 1f 06 a4 	lwz     r8,1700(r31)
    a7cc:	3b ff 00 10 	addi    r31,r31,16
    a7d0:	48 00 8b 0d 	bl      132dc <_start+0x12190>
    a7d4:	80 1d 07 1c 	lwz     r0,1820(r29)
    a7d8:	7f c4 f3 78 	mr      r4,r30
    a7dc:	7f 80 f0 40 	cmplw   cr7,r0,r30
    a7e0:	41 9d ff d4 	bgt     cr7,a7b4 <_start+0x9668>
    a7e4:	7f a3 eb 78 	mr      r3,r29
    a7e8:	7c 04 03 78 	mr      r4,r0
    a7ec:	48 00 8a b5 	bl      132a0 <_start+0x12154>
    a7f0:	80 1c 07 bc 	lwz     r0,1980(r28)
    a7f4:	38 60 00 00 	li      r3,0
    a7f8:	54 00 06 2c 	rlwinm  r0,r0,0,24,22
    a7fc:	90 1c 07 bc 	stw     r0,1980(r28)
    a800:	80 01 00 54 	lwz     r0,84(r1)
    a804:	82 41 00 18 	lwz     r18,24(r1)
    a808:	7c 08 03 a6 	mtlr    r0
    a80c:	82 61 00 1c 	lwz     r19,28(r1)
    a810:	82 81 00 20 	lwz     r20,32(r1)
    a814:	82 a1 00 24 	lwz     r21,36(r1)
    a818:	82 c1 00 28 	lwz     r22,40(r1)
    a81c:	82 e1 00 2c 	lwz     r23,44(r1)
    a820:	83 01 00 30 	lwz     r24,48(r1)
    a824:	83 21 00 34 	lwz     r25,52(r1)
    a828:	83 41 00 38 	lwz     r26,56(r1)
    a82c:	83 61 00 3c 	lwz     r27,60(r1)
    a830:	83 81 00 40 	lwz     r28,64(r1)
    a834:	83 a1 00 44 	lwz     r29,68(r1)
    a838:	83 c1 00 48 	lwz     r30,72(r1)
    a83c:	83 e1 00 4c 	lwz     r31,76(r1)
    a840:	38 21 00 50 	addi    r1,r1,80
    a844:	4e 80 00 20 	blr
    a848:	54 00 05 ea 	rlwinm  r0,r0,0,23,21
    a84c:	90 1c 07 bc 	stw     r0,1980(r28)
    a850:	4b ff fe bc 	b       a70c <_start+0x95c0>
    a854:	39 20 00 01 	li      r9,1
    a858:	3d 60 01 01 	lis     r11,257
    a85c:	99 21 00 0d 	stb     r9,13(r1)
    a860:	39 40 00 06 	li      r10,6
    a864:	61 6b 01 01 	ori     r11,r11,257
    a868:	99 21 00 0c 	stb     r9,12(r1)
    a86c:	3d 20 00 01 	lis     r9,1
    a870:	3c e0 00 01 	lis     r7,1
    a874:	7d 48 03 a6 	mtlr    r10
    a878:	38 89 73 f4 	addi    r4,r9,29684
    a87c:	3d 20 00 01 	lis     r9,1
    a880:	91 61 00 08 	stw     r11,8(r1)
    a884:	38 69 70 58 	addi    r3,r9,28760
    a888:	3d 20 00 01 	lis     r9,1
    a88c:	3b c9 73 a0 	addi    r30,r9,29600
    a890:	3d 20 00 01 	lis     r9,1
    a894:	3b a9 70 04 	addi    r29,r9,28676
    a898:	3d 20 00 01 	lis     r9,1
    a89c:	39 89 71 00 	addi    r12,r9,28928
    a8a0:	3d 20 00 01 	lis     r9,1
    a8a4:	3b 69 70 ac 	addi    r27,r9,28844
    a8a8:	3d 20 00 01 	lis     r9,1
    a8ac:	3b 49 6f 08 	addi    r26,r9,28424
    a8b0:	3d 20 00 01 	lis     r9,1
    a8b4:	3b 29 72 f8 	addi    r25,r9,29432
    a8b8:	3d 20 00 01 	lis     r9,1
    a8bc:	3b 09 72 a4 	addi    r24,r9,29348
    a8c0:	3d 20 00 01 	lis     r9,1
    a8c4:	3a e9 6f 5c 	addi    r23,r9,28508
    a8c8:	3d 20 00 01 	lis     r9,1
    a8cc:	38 a9 73 4c 	addi    r5,r9,29516
    a8d0:	38 e7 6c e0 	addi    r7,r7,27872
    a8d4:	7f 89 e3 78 	mr      r9,r28
    a8d8:	39 00 00 00 	li      r8,0
    a8dc:	39 60 00 00 	li      r11,0
    a8e0:	41 9e 00 28 	beq     cr7,a908 <_start+0x97bc>
    a8e4:	81 49 00 6c 	lwz     r10,108(r9)
    a8e8:	2f 8a 00 00 	cmpwi   cr7,r10,0
    a8ec:	41 9e 00 1c 	beq     cr7,a908 <_start+0x97bc>
    a8f0:	2b 80 00 0b 	cmplwi  cr7,r0,11
    a8f4:	40 9d 00 38 	ble     cr7,a92c <_start+0x97e0>
    a8f8:	7d 00 43 78 	mr      r0,r8
    a8fc:	2b 8a 00 0b 	cmplwi  cr7,r10,11
    a900:	40 9d 02 28 	ble     cr7,ab28 <_start+0x99dc>
    a904:	7c 08 03 78 	mr      r8,r0
    a908:	7c 08 02 a6 	mflr    r0
    a90c:	39 6b 00 01 	addi    r11,r11,1
    a910:	39 29 00 04 	addi    r9,r9,4
    a914:	34 00 ff ff 	addic.  r0,r0,-1
    a918:	7c 08 03 a6 	mtlr    r0
    a91c:	41 82 00 68 	beq     a984 <_start+0x9838>
    a920:	80 09 00 54 	lwz     r0,84(r9)
    a924:	2f 80 00 00 	cmpwi   cr7,r0,0
    a928:	4b ff ff b8 	b       a8e0 <_start+0x9794>
    a92c:	3c c0 00 01 	lis     r6,1
    a930:	54 00 10 3a 	slwi    r0,r0,2
    a934:	38 c6 6c 08 	addi    r6,r6,27656
    a938:	7c 06 00 2e 	lwzx    r0,r6,r0
    a93c:	7c c0 32 14 	add     r6,r0,r6
    a940:	7c c9 03 a6 	mtctr   r6
    a944:	4e 80 04 20 	bctr
    a948:	82 c9 00 84 	lwz     r22,132(r9)
    a94c:	7d 60 5b 78 	mr      r0,r11
    a950:	38 c0 00 06 	li      r6,6
    a954:	3a d6 ff fa 	addi    r22,r22,-6
    a958:	2b 96 00 14 	cmplwi  cr7,r22,20
    a95c:	41 9d 01 70 	bgt     cr7,aacc <_start+0x9980>
    a960:	3c c0 00 01 	lis     r6,1
    a964:	56 d6 10 3a 	slwi    r22,r22,2
    a968:	38 c6 6c 38 	addi    r6,r6,27704
    a96c:	7e c6 b0 2e 	lwzx    r22,r6,r22
    a970:	7c d6 32 14 	add     r6,r22,r6
    a974:	7c c9 03 a6 	mtctr   r6
    a978:	4e 80 04 20 	bctr
    a97c:	3b 80 00 00 	li      r28,0
    a980:	4b ff fd 60 	b       a6e0 <_start+0x9594>
    a984:	38 00 00 00 	li      r0,0
    a988:	3d 20 10 00 	lis     r9,4096
    a98c:	90 1c 07 20 	stw     r0,1824(r28)
    a990:	61 29 01 00 	ori     r9,r9,256
    a994:	80 1f 00 1c 	lwz     r0,28(r31)
    a998:	7d 2a 00 39 	and.    r10,r9,r0
    a99c:	41 82 00 c0 	beq     aa5c <_start+0x9910>
    a9a0:	88 01 00 08 	lbz     r0,8(r1)
    a9a4:	2f 80 00 00 	cmpwi   cr7,r0,0
    a9a8:	40 9e 00 18 	bne     cr7,a9c0 <_start+0x9874>
    a9ac:	80 1f 01 64 	lwz     r0,356(r31)
    a9b0:	2f 80 00 00 	cmpwi   cr7,r0,0
    a9b4:	41 9e 00 0c 	beq     cr7,a9c0 <_start+0x9874>
    a9b8:	38 00 00 10 	li      r0,16
    a9bc:	90 1c 07 20 	stw     r0,1824(r28)
    a9c0:	88 01 00 09 	lbz     r0,9(r1)
    a9c4:	2f 80 00 00 	cmpwi   cr7,r0,0
    a9c8:	40 9e 00 1c 	bne     cr7,a9e4 <_start+0x9898>
    a9cc:	80 1f 01 68 	lwz     r0,360(r31)
    a9d0:	2f 80 00 00 	cmpwi   cr7,r0,0
    a9d4:	41 9e 00 10 	beq     cr7,a9e4 <_start+0x9898>
    a9d8:	80 1c 07 20 	lwz     r0,1824(r28)
    a9dc:	60 00 00 20 	ori     r0,r0,32
    a9e0:	90 1c 07 20 	stw     r0,1824(r28)
    a9e4:	88 01 00 0a 	lbz     r0,10(r1)
    a9e8:	2f 80 00 00 	cmpwi   cr7,r0,0
    a9ec:	40 9e 00 1c 	bne     cr7,aa08 <_start+0x98bc>
    a9f0:	80 1f 01 6c 	lwz     r0,364(r31)
    a9f4:	2f 80 00 00 	cmpwi   cr7,r0,0
    a9f8:	41 9e 00 10 	beq     cr7,aa08 <_start+0x98bc>
    a9fc:	80 1c 07 20 	lwz     r0,1824(r28)
    aa00:	60 00 00 40 	ori     r0,r0,64
    aa04:	90 1c 07 20 	stw     r0,1824(r28)
    aa08:	88 01 00 0b 	lbz     r0,11(r1)
    aa0c:	2f 80 00 00 	cmpwi   cr7,r0,0
    aa10:	40 9e 00 1c 	bne     cr7,aa2c <_start+0x98e0>
    aa14:	80 1f 01 70 	lwz     r0,368(r31)
    aa18:	2f 80 00 00 	cmpwi   cr7,r0,0
    aa1c:	41 9e 00 10 	beq     cr7,aa2c <_start+0x98e0>
    aa20:	80 1c 07 20 	lwz     r0,1824(r28)
    aa24:	60 00 00 80 	ori     r0,r0,128
    aa28:	90 1c 07 20 	stw     r0,1824(r28)
    aa2c:	88 01 00 0c 	lbz     r0,12(r1)
    aa30:	2f 80 00 00 	cmpwi   cr7,r0,0
    aa34:	40 9e 00 1c 	bne     cr7,aa50 <_start+0x9904>
    aa38:	80 1f 01 74 	lwz     r0,372(r31)
    aa3c:	2f 80 00 00 	cmpwi   cr7,r0,0
    aa40:	41 9e 00 10 	beq     cr7,aa50 <_start+0x9904>
    aa44:	80 1c 07 20 	lwz     r0,1824(r28)
    aa48:	60 00 01 00 	ori     r0,r0,256
    aa4c:	90 1c 07 20 	stw     r0,1824(r28)
    aa50:	88 01 00 0d 	lbz     r0,13(r1)
    aa54:	2f 80 00 00 	cmpwi   cr7,r0,0
    aa58:	41 9e 02 00 	beq     cr7,ac58 <_start+0x9b0c>
    aa5c:	2f 88 00 00 	cmpwi   cr7,r8,0
    aa60:	41 9e 01 34 	beq     cr7,ab94 <_start+0x9a48>
    aa64:	89 21 00 09 	lbz     r9,9(r1)
    aa68:	38 00 00 01 	li      r0,1
    aa6c:	2f 89 00 01 	cmpwi   cr7,r9,1
    aa70:	39 20 00 01 	li      r9,1
    aa74:	41 9e 05 a0 	beq     cr7,b014 <_start+0x9ec8>
    aa78:	89 21 00 0a 	lbz     r9,10(r1)
    aa7c:	38 00 00 02 	li      r0,2
    aa80:	2f 89 00 01 	cmpwi   cr7,r9,1
    aa84:	39 20 00 02 	li      r9,2
    aa88:	41 9e 05 8c 	beq     cr7,b014 <_start+0x9ec8>
    aa8c:	89 21 00 0b 	lbz     r9,11(r1)
    aa90:	38 00 00 03 	li      r0,3
    aa94:	2f 89 00 01 	cmpwi   cr7,r9,1
    aa98:	39 20 00 03 	li      r9,3
    aa9c:	41 9e 05 78 	beq     cr7,b014 <_start+0x9ec8>
    aaa0:	89 21 00 0c 	lbz     r9,12(r1)
    aaa4:	38 00 00 04 	li      r0,4
    aaa8:	2f 89 00 01 	cmpwi   cr7,r9,1
    aaac:	39 20 00 04 	li      r9,4
    aab0:	41 9e 05 64 	beq     cr7,b014 <_start+0x9ec8>
    aab4:	88 01 00 0d 	lbz     r0,13(r1)
    aab8:	2f 80 00 01 	cmpwi   cr7,r0,1
    aabc:	41 9e 05 50 	beq     cr7,b00c <_start+0x9ec0>
    aac0:	38 60 ff fe 	li      r3,-2
    aac4:	4b ff fd 3c 	b       a800 <_start+0x96b4>
    aac8:	7d 66 5b 78 	mr      r6,r11
    aacc:	82 a9 00 9c 	lwz     r21,156(r9)
    aad0:	3a c0 00 06 	li      r22,6
    aad4:	3a b5 ff fa 	addi    r21,r21,-6
    aad8:	2b 95 00 14 	cmplwi  cr7,r21,20
    aadc:	41 9d 00 24 	bgt     cr7,ab00 <_start+0x99b4>
    aae0:	3e c0 00 01 	lis     r22,1
    aae4:	56 b5 10 3a 	slwi    r21,r21,2
    aae8:	3a d6 6c 8c 	addi    r22,r22,27788
    aaec:	7e b6 a8 2e 	lwzx    r21,r22,r21
    aaf0:	7e d5 b2 14 	add     r22,r21,r22
    aaf4:	7e c9 03 a6 	mtctr   r22
    aaf8:	4e 80 04 20 	bctr
    aafc:	7d 76 5b 78 	mr      r22,r11
    ab00:	2f 86 00 00 	cmpwi   cr7,r6,0
    ab04:	3a a0 00 00 	li      r21,0
    ab08:	7c c1 32 14 	add     r6,r1,r6
    ab0c:	7e 81 b2 14 	add     r20,r1,r22
    ab10:	9a a6 00 08 	stb     r21,8(r6)
    ab14:	9a b4 00 08 	stb     r21,8(r20)
    ab18:	41 be fd e4 	beq     cr7,a8fc <_start+0x97b0>
    ab1c:	2f 96 00 00 	cmpwi   cr7,r22,0
    ab20:	41 be fd dc 	beq     cr7,a8fc <_start+0x97b0>
    ab24:	4b ff fd d4 	b       a8f8 <_start+0x97ac>
    ab28:	55 4a 10 3a 	slwi    r10,r10,2
    ab2c:	7d 47 50 2e 	lwzx    r10,r7,r10
    ab30:	7d 4a 3a 14 	add     r10,r10,r7
    ab34:	7d 49 03 a6 	mtctr   r10
    ab38:	4e 80 04 20 	bctr
    ab3c:	80 c9 00 cc 	lwz     r6,204(r9)
    ab40:	7d 68 5b 78 	mr      r8,r11
    ab44:	39 40 00 06 	li      r10,6
    ab48:	38 c6 ff fa 	addi    r6,r6,-6
    ab4c:	2b 86 00 14 	cmplwi  cr7,r6,20
    ab50:	40 9d 01 40 	ble     cr7,ac90 <_start+0x9b44>
    ab54:	82 c9 00 e4 	lwz     r22,228(r9)
    ab58:	38 c0 00 06 	li      r6,6
    ab5c:	3a d6 ff fa 	addi    r22,r22,-6
    ab60:	2b 96 00 14 	cmplwi  cr7,r22,20
    ab64:	40 9d 01 10 	ble     cr7,ac74 <_start+0x9b28>
    ab68:	2f 8a 00 00 	cmpwi   cr7,r10,0
    ab6c:	3a c0 00 00 	li      r22,0
    ab70:	7d 41 52 14 	add     r10,r1,r10
    ab74:	7e a1 32 14 	add     r21,r1,r6
    ab78:	9a ca 00 08 	stb     r22,8(r10)
    ab7c:	9a d5 00 08 	stb     r22,8(r21)
    ab80:	41 be fd 88 	beq     cr7,a908 <_start+0x97bc>
    ab84:	2f 86 00 00 	cmpwi   cr7,r6,0
    ab88:	41 be fd 80 	beq     cr7,a908 <_start+0x97bc>
    ab8c:	7c 08 03 78 	mr      r8,r0
    ab90:	4b ff fd 78 	b       a908 <_start+0x97bc>
    ab94:	91 1c 07 1c 	stw     r8,1820(r28)
    ab98:	91 1c 07 18 	stw     r8,1816(r28)
    ab9c:	7f e3 fb 78 	mr      r3,r31
    aba0:	38 80 00 00 	li      r4,0
    aba4:	4b ff e9 01 	bl      94a4 <_start+0x8358>
    aba8:	2f 83 ff ff 	cmpwi   cr7,r3,-1
    abac:	41 be ff 14 	beq     cr7,aac0 <_start+0x9974>
    abb0:	2f 83 00 00 	cmpwi   cr7,r3,0
    abb4:	41 9e 00 88 	beq     cr7,ac3c <_start+0x9af0>
    abb8:	7f e3 fb 78 	mr      r3,r31
    abbc:	38 80 00 01 	li      r4,1
    abc0:	4b ff e8 e5 	bl      94a4 <_start+0x8358>
    abc4:	2f 83 ff ff 	cmpwi   cr7,r3,-1
    abc8:	41 be fe f8 	beq     cr7,aac0 <_start+0x9974>
    abcc:	2f 83 00 00 	cmpwi   cr7,r3,0
    abd0:	41 9e 00 6c 	beq     cr7,ac3c <_start+0x9af0>
    abd4:	7f e3 fb 78 	mr      r3,r31
    abd8:	38 80 00 02 	li      r4,2
    abdc:	4b ff e8 c9 	bl      94a4 <_start+0x8358>
    abe0:	2f 83 ff ff 	cmpwi   cr7,r3,-1
    abe4:	41 be fe dc 	beq     cr7,aac0 <_start+0x9974>
    abe8:	2f 83 00 00 	cmpwi   cr7,r3,0
    abec:	41 9e 00 50 	beq     cr7,ac3c <_start+0x9af0>
    abf0:	7f e3 fb 78 	mr      r3,r31
    abf4:	38 80 00 03 	li      r4,3
    abf8:	4b ff e8 ad 	bl      94a4 <_start+0x8358>
    abfc:	2f 83 ff ff 	cmpwi   cr7,r3,-1
    ac00:	41 be fe c0 	beq     cr7,aac0 <_start+0x9974>
    ac04:	2f 83 00 00 	cmpwi   cr7,r3,0
    ac08:	41 9e 00 34 	beq     cr7,ac3c <_start+0x9af0>
    ac0c:	7f e3 fb 78 	mr      r3,r31
    ac10:	38 80 00 04 	li      r4,4
    ac14:	4b ff e8 91 	bl      94a4 <_start+0x8358>
    ac18:	2f 83 ff ff 	cmpwi   cr7,r3,-1
    ac1c:	41 be fe a4 	beq     cr7,aac0 <_start+0x9974>
    ac20:	2f 83 00 00 	cmpwi   cr7,r3,0
    ac24:	41 9e 00 18 	beq     cr7,ac3c <_start+0x9af0>
    ac28:	7f e3 fb 78 	mr      r3,r31
    ac2c:	38 80 00 05 	li      r4,5
    ac30:	4b ff e8 75 	bl      94a4 <_start+0x8358>
    ac34:	2f 83 ff ff 	cmpwi   cr7,r3,-1
    ac38:	41 be fe 88 	beq     cr7,aac0 <_start+0x9974>
    ac3c:	7f e3 fb 78 	mr      r3,r31
    ac40:	4b ff f9 6d 	bl      a5ac <_start+0x9460>
    ac44:	80 1c 07 bc 	lwz     r0,1980(r28)
    ac48:	38 60 00 00 	li      r3,0
    ac4c:	60 00 01 00 	ori     r0,r0,256
    ac50:	90 1c 07 bc 	stw     r0,1980(r28)
    ac54:	4b ff fb ac 	b       a800 <_start+0x96b4>
    ac58:	80 1f 01 78 	lwz     r0,376(r31)
    ac5c:	2f 80 00 00 	cmpwi   cr7,r0,0
    ac60:	41 be fd fc 	beq     cr7,aa5c <_start+0x9910>
    ac64:	80 1c 07 20 	lwz     r0,1824(r28)
    ac68:	60 00 02 00 	ori     r0,r0,512
    ac6c:	90 1c 07 20 	stw     r0,1824(r28)
    ac70:	4b ff fd ec 	b       aa5c <_start+0x9910>
    ac74:	3c c0 00 01 	lis     r6,1
    ac78:	56 d6 10 3a 	slwi    r22,r22,2
    ac7c:	38 c6 6d 10 	addi    r6,r6,27920
    ac80:	7e c6 b0 2e 	lwzx    r22,r6,r22
    ac84:	7c d6 32 14 	add     r6,r22,r6
    ac88:	7c c9 03 a6 	mtctr   r6
    ac8c:	4e 80 04 20 	bctr
    ac90:	3d 40 00 01 	lis     r10,1
    ac94:	54 c6 10 3a 	slwi    r6,r6,2
    ac98:	39 4a 6d 64 	addi    r10,r10,28004
    ac9c:	7c ca 30 2e 	lwzx    r6,r10,r6
    aca0:	7d 46 52 14 	add     r10,r6,r10
    aca4:	7d 49 03 a6 	mtctr   r10
    aca8:	4e 80 04 20 	bctr
    acac:	82 c9 00 84 	lwz     r22,132(r9)
    acb0:	7d 60 5b 78 	mr      r0,r11
    acb4:	38 c0 00 06 	li      r6,6
    acb8:	3a d6 ff fa 	addi    r22,r22,-6
    acbc:	2b 96 00 14 	cmplwi  cr7,r22,20
    acc0:	41 9d 05 28 	bgt     cr7,b1e8 <_start+0xa09c>
    acc4:	3c c0 00 01 	lis     r6,1
    acc8:	56 d6 10 3a 	slwi    r22,r22,2
    accc:	38 c6 6d b8 	addi    r6,r6,28088
    acd0:	7e c6 b0 2e 	lwzx    r22,r6,r22
    acd4:	7c d6 32 14 	add     r6,r22,r6
    acd8:	7c c9 03 a6 	mtctr   r6
    acdc:	4e 80 04 20 	bctr
    ace0:	82 c9 00 9c 	lwz     r22,156(r9)
    ace4:	3a d6 ff fa 	addi    r22,r22,-6
    ace8:	7d 60 5b 78 	mr      r0,r11
    acec:	2b 96 00 14 	cmplwi  cr7,r22,20
    acf0:	38 c0 00 06 	li      r6,6
    acf4:	41 9d 02 68 	bgt     cr7,af5c <_start+0x9e10>
    acf8:	3c c0 00 01 	lis     r6,1
    acfc:	56 d6 10 3a 	slwi    r22,r22,2
    ad00:	38 c6 6e 0c 	addi    r6,r6,28172
    ad04:	7e c6 b0 2e 	lwzx    r22,r6,r22
    ad08:	7c d6 32 14 	add     r6,r22,r6
    ad0c:	7c c9 03 a6 	mtctr   r6
    ad10:	4e 80 04 20 	bctr
    ad14:	82 c9 00 84 	lwz     r22,132(r9)
    ad18:	4b ff ff cc 	b       ace4 <_start+0x9b98>
    ad1c:	80 c9 00 e4 	lwz     r6,228(r9)
    ad20:	38 c6 ff fa 	addi    r6,r6,-6
    ad24:	7d 68 5b 78 	mr      r8,r11
    ad28:	2b 86 00 14 	cmplwi  cr7,r6,20
    ad2c:	39 40 00 06 	li      r10,6
    ad30:	41 9d 02 94 	bgt     cr7,afc4 <_start+0x9e78>
    ad34:	3d 40 00 01 	lis     r10,1
    ad38:	54 c6 10 3a 	slwi    r6,r6,2
    ad3c:	39 4a 6e 60 	addi    r10,r10,28256
    ad40:	7c ca 30 2e 	lwzx    r6,r10,r6
    ad44:	7d 46 52 14 	add     r10,r6,r10
    ad48:	7d 49 03 a6 	mtctr   r10
    ad4c:	4e 80 04 20 	bctr
    ad50:	80 c9 00 cc 	lwz     r6,204(r9)
    ad54:	4b ff ff cc 	b       ad20 <_start+0x9bd4>
    ad58:	82 c9 00 84 	lwz     r22,132(r9)
    ad5c:	7d 60 5b 78 	mr      r0,r11
    ad60:	38 c0 00 06 	li      r6,6
    ad64:	3a d6 ff fa 	addi    r22,r22,-6
    ad68:	2b 96 00 14 	cmplwi  cr7,r22,20
    ad6c:	41 9d 05 b0 	bgt     cr7,b31c <_start+0xa1d0>
    ad70:	3c c0 00 01 	lis     r6,1
    ad74:	56 d6 10 3a 	slwi    r22,r22,2
    ad78:	38 c6 6e b4 	addi    r6,r6,28340
    ad7c:	7e c6 b0 2e 	lwzx    r22,r6,r22
    ad80:	7c d6 32 14 	add     r6,r22,r6
    ad84:	7c c9 03 a6 	mtctr   r6
    ad88:	4e 80 04 20 	bctr
    ad8c:	80 c9 00 cc 	lwz     r6,204(r9)
    ad90:	7d 68 5b 78 	mr      r8,r11
    ad94:	39 40 00 06 	li      r10,6
    ad98:	38 c6 ff fa 	addi    r6,r6,-6
    ad9c:	2b 86 00 14 	cmplwi  cr7,r6,20
    ada0:	41 9d 03 20 	bgt     cr7,b0c0 <_start+0x9f74>
    ada4:	54 c6 10 3a 	slwi    r6,r6,2
    ada8:	7d 5a 30 2e 	lwzx    r10,r26,r6
    adac:	7d 4a d2 14 	add     r10,r10,r26
    adb0:	7d 49 03 a6 	mtctr   r10
    adb4:	4e 80 04 20 	bctr
    adb8:	80 c9 00 cc 	lwz     r6,204(r9)
    adbc:	7d 68 5b 78 	mr      r8,r11
    adc0:	39 40 00 06 	li      r10,6
    adc4:	38 c6 ff fa 	addi    r6,r6,-6
    adc8:	2b 86 00 14 	cmplwi  cr7,r6,20
    adcc:	41 9d 06 74 	bgt     cr7,b440 <_start+0xa2f4>
    add0:	54 c6 10 3a 	slwi    r6,r6,2
    add4:	7d 57 30 2e 	lwzx    r10,r23,r6
    add8:	7d 4a ba 14 	add     r10,r10,r23
    addc:	7d 49 03 a6 	mtctr   r10
    ade0:	4e 80 04 20 	bctr
    ade4:	80 c9 00 cc 	lwz     r6,204(r9)
    ade8:	7d 68 5b 78 	mr      r8,r11
    adec:	39 40 00 06 	li      r10,6
    adf0:	38 c6 ff fa 	addi    r6,r6,-6
    adf4:	2b 86 00 14 	cmplwi  cr7,r6,20
    adf8:	41 9d 07 5c 	bgt     cr7,b554 <_start+0xa408>
    adfc:	3d 40 00 01 	lis     r10,1
    ae00:	54 c6 10 3a 	slwi    r6,r6,2
    ae04:	39 4a 6f b0 	addi    r10,r10,28592
    ae08:	7c ca 30 2e 	lwzx    r6,r10,r6
    ae0c:	7d 46 52 14 	add     r10,r6,r10
    ae10:	7d 49 03 a6 	mtctr   r10
    ae14:	4e 80 04 20 	bctr
    ae18:	80 c9 00 cc 	lwz     r6,204(r9)
    ae1c:	7d 68 5b 78 	mr      r8,r11
    ae20:	39 40 00 06 	li      r10,6
    ae24:	38 c6 ff fa 	addi    r6,r6,-6
    ae28:	2b 86 00 14 	cmplwi  cr7,r6,20
    ae2c:	41 9d 07 84 	bgt     cr7,b5b0 <_start+0xa464>
    ae30:	54 c6 10 3a 	slwi    r6,r6,2
    ae34:	7d 5d 30 2e 	lwzx    r10,r29,r6
    ae38:	7d 4a ea 14 	add     r10,r10,r29
    ae3c:	7d 49 03 a6 	mtctr   r10
    ae40:	4e 80 04 20 	bctr
    ae44:	80 c9 00 cc 	lwz     r6,204(r9)
    ae48:	7d 68 5b 78 	mr      r8,r11
    ae4c:	39 40 00 06 	li      r10,6
    ae50:	38 c6 ff fa 	addi    r6,r6,-6
    ae54:	2b 86 00 14 	cmplwi  cr7,r6,20
    ae58:	41 9d 07 b4 	bgt     cr7,b60c <_start+0xa4c0>
    ae5c:	54 c6 10 3a 	slwi    r6,r6,2
    ae60:	7d 43 30 2e 	lwzx    r10,r3,r6
    ae64:	7d 4a 1a 14 	add     r10,r10,r3
    ae68:	7d 49 03 a6 	mtctr   r10
    ae6c:	4e 80 04 20 	bctr
    ae70:	80 c9 00 fc 	lwz     r6,252(r9)
    ae74:	4b ff fe ac 	b       ad20 <_start+0x9bd4>
    ae78:	82 c9 00 b4 	lwz     r22,180(r9)
    ae7c:	4b ff fe 68 	b       ace4 <_start+0x9b98>
    ae80:	38 c0 00 03 	li      r6,3
    ae84:	4b ff fc 48 	b       aacc <_start+0x9980>
    ae88:	38 c0 00 02 	li      r6,2
    ae8c:	4b ff fc 40 	b       aacc <_start+0x9980>
    ae90:	38 c0 00 01 	li      r6,1
    ae94:	4b ff fc 38 	b       aacc <_start+0x9980>
    ae98:	38 c0 00 00 	li      r6,0
    ae9c:	4b ff fc 30 	b       aacc <_start+0x9980>
    aea0:	38 c0 00 05 	li      r6,5
    aea4:	4b ff fc 28 	b       aacc <_start+0x9980>
    aea8:	38 c0 00 04 	li      r6,4
    aeac:	4b ff fc 20 	b       aacc <_start+0x9980>
    aeb0:	3a c0 00 05 	li      r22,5
    aeb4:	4b ff fc 4c 	b       ab00 <_start+0x99b4>
    aeb8:	3a c0 00 04 	li      r22,4
    aebc:	4b ff fc 44 	b       ab00 <_start+0x99b4>
    aec0:	3a c0 00 03 	li      r22,3
    aec4:	4b ff fc 3c 	b       ab00 <_start+0x99b4>
    aec8:	3a c0 00 02 	li      r22,2
    aecc:	4b ff fc 34 	b       ab00 <_start+0x99b4>
    aed0:	3a c0 00 01 	li      r22,1
    aed4:	4b ff fc 2c 	b       ab00 <_start+0x99b4>
    aed8:	3a c0 00 00 	li      r22,0
    aedc:	4b ff fc 24 	b       ab00 <_start+0x99b4>
    aee0:	38 c0 00 04 	li      r6,4
    aee4:	4b ff fc 84 	b       ab68 <_start+0x9a1c>
    aee8:	38 c0 00 03 	li      r6,3
    aeec:	4b ff fc 7c 	b       ab68 <_start+0x9a1c>
    aef0:	38 c0 00 02 	li      r6,2
    aef4:	4b ff fc 74 	b       ab68 <_start+0x9a1c>
    aef8:	38 c0 00 01 	li      r6,1
    aefc:	4b ff fc 6c 	b       ab68 <_start+0x9a1c>
    af00:	38 c0 00 00 	li      r6,0
    af04:	4b ff fc 64 	b       ab68 <_start+0x9a1c>
    af08:	7d 66 5b 78 	mr      r6,r11
    af0c:	4b ff fc 5c 	b       ab68 <_start+0x9a1c>
    af10:	38 c0 00 05 	li      r6,5
    af14:	4b ff fc 54 	b       ab68 <_start+0x9a1c>
    af18:	2f 8b 00 00 	cmpwi   cr7,r11,0
    af1c:	7d 41 5a 14 	add     r10,r1,r11
    af20:	38 c0 00 00 	li      r6,0
    af24:	98 ca 00 08 	stb     r6,8(r10)
    af28:	41 9e f9 e0 	beq     cr7,a908 <_start+0x97bc>
    af2c:	7c 08 03 78 	mr      r8,r0
    af30:	4b ff f9 d8 	b       a908 <_start+0x97bc>
    af34:	2f 8b 00 00 	cmpwi   cr7,r11,0
    af38:	7c c1 5a 14 	add     r6,r1,r11
    af3c:	3a c0 00 00 	li      r22,0
    af40:	9a c6 00 08 	stb     r22,8(r6)
    af44:	41 9e f9 b8 	beq     cr7,a8fc <_start+0x97b0>
    af48:	4b ff f9 b0 	b       a8f8 <_start+0x97ac>
    af4c:	39 00 00 00 	li      r8,0
    af50:	99 01 00 08 	stb     r8,8(r1)
    af54:	4b ff f9 a8 	b       a8fc <_start+0x97b0>
    af58:	38 c0 00 05 	li      r6,5
    af5c:	38 00 00 00 	li      r0,0
    af60:	7c c1 32 14 	add     r6,r1,r6
    af64:	98 06 00 08 	stb     r0,8(r6)
    af68:	7d 00 43 78 	mr      r0,r8
    af6c:	4b ff f9 90 	b       a8fc <_start+0x97b0>
    af70:	38 c0 00 04 	li      r6,4
    af74:	4b ff ff e8 	b       af5c <_start+0x9e10>
    af78:	38 c0 00 03 	li      r6,3
    af7c:	4b ff ff e0 	b       af5c <_start+0x9e10>
    af80:	38 c0 00 02 	li      r6,2
    af84:	4b ff ff d8 	b       af5c <_start+0x9e10>
    af88:	38 c0 00 01 	li      r6,1
    af8c:	4b ff ff d0 	b       af5c <_start+0x9e10>
    af90:	39 40 00 01 	li      r10,1
    af94:	4b ff fb c0 	b       ab54 <_start+0x9a08>
    af98:	39 40 00 00 	li      r10,0
    af9c:	4b ff fb b8 	b       ab54 <_start+0x9a08>
    afa0:	7d 6a 5b 78 	mr      r10,r11
    afa4:	4b ff fb b0 	b       ab54 <_start+0x9a08>
    afa8:	39 40 00 05 	li      r10,5
    afac:	4b ff fb a8 	b       ab54 <_start+0x9a08>
    afb0:	39 40 00 03 	li      r10,3
    afb4:	4b ff fb a0 	b       ab54 <_start+0x9a08>
    afb8:	39 40 00 02 	li      r10,2
    afbc:	4b ff fb 98 	b       ab54 <_start+0x9a08>
    afc0:	39 40 00 04 	li      r10,4
    afc4:	39 00 00 00 	li      r8,0
    afc8:	7d 41 52 14 	add     r10,r1,r10
    afcc:	99 0a 00 08 	stb     r8,8(r10)
    afd0:	7c 08 03 78 	mr      r8,r0
    afd4:	4b ff f9 34 	b       a908 <_start+0x97bc>
    afd8:	39 40 00 03 	li      r10,3
    afdc:	4b ff ff e8 	b       afc4 <_start+0x9e78>
    afe0:	39 40 00 04 	li      r10,4
    afe4:	4b ff fb 70 	b       ab54 <_start+0x9a08>
    afe8:	38 00 00 00 	li      r0,0
    afec:	98 01 00 08 	stb     r0,8(r1)
    aff0:	4b ff f9 18 	b       a908 <_start+0x97bc>
    aff4:	39 40 00 05 	li      r10,5
    aff8:	4b ff ff cc 	b       afc4 <_start+0x9e78>
    affc:	39 40 00 02 	li      r10,2
    b000:	4b ff ff c4 	b       afc4 <_start+0x9e78>
    b004:	39 40 00 01 	li      r10,1
    b008:	4b ff ff bc 	b       afc4 <_start+0x9e78>
    b00c:	38 00 00 05 	li      r0,5
    b010:	39 20 00 05 	li      r9,5
    b014:	3d 60 00 10 	lis     r11,16
    b018:	61 6b 00 0a 	ori     r11,r11,10
    b01c:	91 7c 06 98 	stw     r11,1688(r28)
    b020:	39 69 00 44 	addi    r11,r9,68
    b024:	55 6b 10 3a 	slwi    r11,r11,2
    b028:	7d 7c 5a 14 	add     r11,r28,r11
    b02c:	81 4b 00 04 	lwz     r10,4(r11)
    b030:	39 4a ff ff 	addi    r10,r10,-1
    b034:	2b 8a 00 03 	cmplwi  cr7,r10,3
    b038:	40 9d 06 2c 	ble     cr7,b664 <_start+0xa518>
    b03c:	3d 60 00 01 	lis     r11,1
    b040:	38 c0 00 00 	li      r6,0
    b044:	39 6b 75 10 	addi    r11,r11,29968
    b048:	55 2a 10 3a 	slwi    r10,r9,2
    b04c:	39 29 00 48 	addi    r9,r9,72
    b050:	7c eb 52 14 	add     r7,r11,r10
    b054:	55 29 10 3a 	slwi    r9,r9,2
    b058:	81 07 00 88 	lwz     r8,136(r7)
    b05c:	7d 3c 4a 14 	add     r9,r28,r9
    b060:	61 08 10 00 	ori     r8,r8,4096
    b064:	7d 08 33 78 	or      r8,r8,r6
    b068:	91 1c 06 9c 	stw     r8,1692(r28)
    b06c:	3d 00 00 10 	lis     r8,16
    b070:	61 08 00 0a 	ori     r8,r8,10
    b074:	91 1c 06 a0 	stw     r8,1696(r28)
    b078:	81 09 00 0c 	lwz     r8,12(r9)
    b07c:	39 20 00 00 	li      r9,0
    b080:	39 08 ff ff 	addi    r8,r8,-1
    b084:	2b 88 00 03 	cmplwi  cr7,r8,3
    b088:	41 9d 00 10 	bgt     cr7,b098 <_start+0x9f4c>
    b08c:	55 09 10 3a 	slwi    r9,r8,2
    b090:	7d 2b 4a 14 	add     r9,r11,r9
    b094:	81 29 00 3c 	lwz     r9,60(r9)
    b098:	7d 6b 52 14 	add     r11,r11,r10
    b09c:	90 1c 07 18 	stw     r0,1816(r28)
    b0a0:	38 00 00 01 	li      r0,1
    b0a4:	81 6b 00 a0 	lwz     r11,160(r11)
    b0a8:	90 1c 07 1c 	stw     r0,1820(r28)
    b0ac:	61 6b 10 00 	ori     r11,r11,4096
    b0b0:	7d 69 4b 78 	or      r9,r11,r9
    b0b4:	91 3c 06 a4 	stw     r9,1700(r28)
    b0b8:	4b ff fa e4 	b       ab9c <_start+0x9a50>
    b0bc:	39 40 00 04 	li      r10,4
    b0c0:	82 c9 00 e4 	lwz     r22,228(r9)
    b0c4:	38 c0 00 06 	li      r6,6
    b0c8:	3a d6 ff fa 	addi    r22,r22,-6
    b0cc:	2b 96 00 14 	cmplwi  cr7,r22,20
    b0d0:	41 9d 00 1c 	bgt     cr7,b0ec <_start+0x9fa0>
    b0d4:	56 d6 10 3a 	slwi    r22,r22,2
    b0d8:	7c db b0 2e 	lwzx    r6,r27,r22
    b0dc:	7c c6 da 14 	add     r6,r6,r27
    b0e0:	7c c9 03 a6 	mtctr   r6
    b0e4:	4e 80 04 20 	bctr
    b0e8:	38 c0 00 04 	li      r6,4
    b0ec:	82 a9 00 fc 	lwz     r21,252(r9)
    b0f0:	3a c0 00 06 	li      r22,6
    b0f4:	3a b5 ff fa 	addi    r21,r21,-6
    b0f8:	2b 95 00 14 	cmplwi  cr7,r21,20
    b0fc:	41 9d 00 1c 	bgt     cr7,b118 <_start+0x9fcc>
    b100:	56 b5 10 3a 	slwi    r21,r21,2
    b104:	7e cc a8 2e 	lwzx    r22,r12,r21
    b108:	7e d6 62 14 	add     r22,r22,r12
    b10c:	7e c9 03 a6 	mtctr   r22
    b110:	4e 80 04 20 	bctr
    b114:	3a c0 00 04 	li      r22,4
    b118:	2f 8a 00 00 	cmpwi   cr7,r10,0
    b11c:	3a a0 00 00 	li      r21,0
    b120:	7e 61 52 14 	add     r19,r1,r10
    b124:	7e 81 b2 14 	add     r20,r1,r22
    b128:	7d 41 32 14 	add     r10,r1,r6
    b12c:	9a b3 00 08 	stb     r21,8(r19)
    b130:	9a aa 00 08 	stb     r21,8(r10)
    b134:	9a b4 00 08 	stb     r21,8(r20)
    b138:	41 be f7 d0 	beq     cr7,a908 <_start+0x97bc>
    b13c:	2f 86 00 00 	cmpwi   cr7,r6,0
    b140:	41 be f7 c8 	beq     cr7,a908 <_start+0x97bc>
    b144:	2f 96 00 00 	cmpwi   cr7,r22,0
    b148:	41 be f7 c0 	beq     cr7,a908 <_start+0x97bc>
    b14c:	7c 08 03 78 	mr      r8,r0
    b150:	4b ff f7 b8 	b       a908 <_start+0x97bc>
    b154:	3a c0 00 03 	li      r22,3
    b158:	4b ff ff c0 	b       b118 <_start+0x9fcc>
    b15c:	3a c0 00 02 	li      r22,2
    b160:	4b ff ff b8 	b       b118 <_start+0x9fcc>
    b164:	3a c0 00 01 	li      r22,1
    b168:	4b ff ff b0 	b       b118 <_start+0x9fcc>
    b16c:	3a c0 00 00 	li      r22,0
    b170:	4b ff ff a8 	b       b118 <_start+0x9fcc>
    b174:	7d 76 5b 78 	mr      r22,r11
    b178:	4b ff ff a0 	b       b118 <_start+0x9fcc>
    b17c:	3a c0 00 05 	li      r22,5
    b180:	4b ff ff 98 	b       b118 <_start+0x9fcc>
    b184:	38 c0 00 03 	li      r6,3
    b188:	4b ff ff 64 	b       b0ec <_start+0x9fa0>
    b18c:	38 c0 00 02 	li      r6,2
    b190:	4b ff ff 5c 	b       b0ec <_start+0x9fa0>
    b194:	38 c0 00 01 	li      r6,1
    b198:	4b ff ff 54 	b       b0ec <_start+0x9fa0>
    b19c:	38 c0 00 00 	li      r6,0
    b1a0:	4b ff ff 4c 	b       b0ec <_start+0x9fa0>
    b1a4:	38 c0 00 05 	li      r6,5
    b1a8:	4b ff ff 44 	b       b0ec <_start+0x9fa0>
    b1ac:	7d 66 5b 78 	mr      r6,r11
    b1b0:	4b ff ff 3c 	b       b0ec <_start+0x9fa0>
    b1b4:	39 40 00 03 	li      r10,3
    b1b8:	4b ff ff 08 	b       b0c0 <_start+0x9f74>
    b1bc:	39 40 00 02 	li      r10,2
    b1c0:	4b ff ff 00 	b       b0c0 <_start+0x9f74>
    b1c4:	39 40 00 01 	li      r10,1
    b1c8:	4b ff fe f8 	b       b0c0 <_start+0x9f74>
    b1cc:	39 40 00 00 	li      r10,0
    b1d0:	4b ff fe f0 	b       b0c0 <_start+0x9f74>
    b1d4:	39 40 00 05 	li      r10,5
    b1d8:	4b ff fe e8 	b       b0c0 <_start+0x9f74>
    b1dc:	7d 6a 5b 78 	mr      r10,r11
    b1e0:	4b ff fe e0 	b       b0c0 <_start+0x9f74>
    b1e4:	38 c0 00 04 	li      r6,4
    b1e8:	82 a9 00 9c 	lwz     r21,156(r9)
    b1ec:	3a c0 00 06 	li      r22,6
    b1f0:	3a b5 ff fa 	addi    r21,r21,-6
    b1f4:	2b 95 00 14 	cmplwi  cr7,r21,20
    b1f8:	41 9d 00 24 	bgt     cr7,b21c <_start+0xa0d0>
    b1fc:	3e c0 00 01 	lis     r22,1
    b200:	56 b5 10 3a 	slwi    r21,r21,2
    b204:	3a d6 71 54 	addi    r22,r22,29012
    b208:	7e b6 a8 2e 	lwzx    r21,r22,r21
    b20c:	7e d5 b2 14 	add     r22,r21,r22
    b210:	7e c9 03 a6 	mtctr   r22
    b214:	4e 80 04 20 	bctr
    b218:	3a c0 00 04 	li      r22,4
    b21c:	82 89 00 b4 	lwz     r20,180(r9)
    b220:	3a a0 00 06 	li      r21,6
    b224:	3a 94 ff fa 	addi    r20,r20,-6
    b228:	2b 94 00 14 	cmplwi  cr7,r20,20
    b22c:	41 9d 00 24 	bgt     cr7,b250 <_start+0xa104>
    b230:	3e a0 00 01 	lis     r21,1
    b234:	56 94 10 3a 	slwi    r20,r20,2
    b238:	3a b5 71 a8 	addi    r21,r21,29096
    b23c:	7e 95 a0 2e 	lwzx    r20,r21,r20
    b240:	7e b4 aa 14 	add     r21,r20,r21
    b244:	7e a9 03 a6 	mtctr   r21
    b248:	4e 80 04 20 	bctr
    b24c:	3a a0 00 04 	li      r21,4
    b250:	2f 86 00 00 	cmpwi   cr7,r6,0
    b254:	3a 80 00 00 	li      r20,0
    b258:	7e 41 32 14 	add     r18,r1,r6
    b25c:	7e 61 aa 14 	add     r19,r1,r21
    b260:	7c c1 b2 14 	add     r6,r1,r22
    b264:	9a 92 00 08 	stb     r20,8(r18)
    b268:	9a 86 00 08 	stb     r20,8(r6)
    b26c:	9a 93 00 08 	stb     r20,8(r19)
    b270:	41 be f6 8c 	beq     cr7,a8fc <_start+0x97b0>
    b274:	2f 96 00 00 	cmpwi   cr7,r22,0
    b278:	41 be f6 84 	beq     cr7,a8fc <_start+0x97b0>
    b27c:	2f 95 00 00 	cmpwi   cr7,r21,0
    b280:	41 be f6 7c 	beq     cr7,a8fc <_start+0x97b0>
    b284:	4b ff f6 74 	b       a8f8 <_start+0x97ac>
    b288:	3a a0 00 03 	li      r21,3
    b28c:	4b ff ff c4 	b       b250 <_start+0xa104>
    b290:	3a a0 00 02 	li      r21,2
    b294:	4b ff ff bc 	b       b250 <_start+0xa104>
    b298:	3a c0 00 03 	li      r22,3
    b29c:	4b ff ff 80 	b       b21c <_start+0xa0d0>
    b2a0:	3a c0 00 02 	li      r22,2
    b2a4:	4b ff ff 78 	b       b21c <_start+0xa0d0>
    b2a8:	3a c0 00 01 	li      r22,1
    b2ac:	4b ff ff 70 	b       b21c <_start+0xa0d0>
    b2b0:	3a a0 00 01 	li      r21,1
    b2b4:	4b ff ff 9c 	b       b250 <_start+0xa104>
    b2b8:	3a a0 00 00 	li      r21,0
    b2bc:	4b ff ff 94 	b       b250 <_start+0xa104>
    b2c0:	7d 75 5b 78 	mr      r21,r11
    b2c4:	4b ff ff 8c 	b       b250 <_start+0xa104>
    b2c8:	3a a0 00 05 	li      r21,5
    b2cc:	4b ff ff 84 	b       b250 <_start+0xa104>
    b2d0:	3a c0 00 00 	li      r22,0
    b2d4:	4b ff ff 48 	b       b21c <_start+0xa0d0>
    b2d8:	3a c0 00 05 	li      r22,5
    b2dc:	4b ff ff 40 	b       b21c <_start+0xa0d0>
    b2e0:	7d 76 5b 78 	mr      r22,r11
    b2e4:	4b ff ff 38 	b       b21c <_start+0xa0d0>
    b2e8:	38 c0 00 03 	li      r6,3
    b2ec:	4b ff fe fc 	b       b1e8 <_start+0xa09c>
    b2f0:	38 c0 00 02 	li      r6,2
    b2f4:	4b ff fe f4 	b       b1e8 <_start+0xa09c>
    b2f8:	38 c0 00 01 	li      r6,1
    b2fc:	4b ff fe ec 	b       b1e8 <_start+0xa09c>
    b300:	38 c0 00 00 	li      r6,0
    b304:	4b ff fe e4 	b       b1e8 <_start+0xa09c>
    b308:	38 c0 00 05 	li      r6,5
    b30c:	4b ff fe dc 	b       b1e8 <_start+0xa09c>
    b310:	7d 66 5b 78 	mr      r6,r11
    b314:	4b ff fe d4 	b       b1e8 <_start+0xa09c>
    b318:	38 c0 00 04 	li      r6,4
    b31c:	82 a9 00 9c 	lwz     r21,156(r9)
    b320:	3a c0 00 06 	li      r22,6
    b324:	3a b5 ff fa 	addi    r21,r21,-6
    b328:	2b 95 00 14 	cmplwi  cr7,r21,20
    b32c:	41 9d 00 24 	bgt     cr7,b350 <_start+0xa204>
    b330:	3e c0 00 01 	lis     r22,1
    b334:	56 b5 10 3a 	slwi    r21,r21,2
    b338:	3a d6 71 fc 	addi    r22,r22,29180
    b33c:	7e b6 a8 2e 	lwzx    r21,r22,r21
    b340:	7e d5 b2 14 	add     r22,r21,r22
    b344:	7e c9 03 a6 	mtctr   r22
    b348:	4e 80 04 20 	bctr
    b34c:	3a c0 00 04 	li      r22,4
    b350:	82 89 00 b4 	lwz     r20,180(r9)
    b354:	3a a0 00 06 	li      r21,6
    b358:	3a 94 ff fa 	addi    r20,r20,-6
    b35c:	2b 94 00 14 	cmplwi  cr7,r20,20
    b360:	41 9d 00 24 	bgt     cr7,b384 <_start+0xa238>
    b364:	3e a0 00 01 	lis     r21,1
    b368:	56 94 10 3a 	slwi    r20,r20,2
    b36c:	3a b5 72 50 	addi    r21,r21,29264
    b370:	7e 95 a0 2e 	lwzx    r20,r21,r20
    b374:	7e b4 aa 14 	add     r21,r20,r21
    b378:	7e a9 03 a6 	mtctr   r21
    b37c:	4e 80 04 20 	bctr
    b380:	3a a0 00 04 	li      r21,4
    b384:	2f 86 00 00 	cmpwi   cr7,r6,0
    b388:	3a 80 00 00 	li      r20,0
    b38c:	7c c1 32 14 	add     r6,r1,r6
    b390:	7e 41 b2 14 	add     r18,r1,r22
    b394:	7e 61 aa 14 	add     r19,r1,r21
    b398:	9a 86 00 08 	stb     r20,8(r6)
    b39c:	9a 92 00 08 	stb     r20,8(r18)
    b3a0:	9a 93 00 08 	stb     r20,8(r19)
    b3a4:	41 be f5 58 	beq     cr7,a8fc <_start+0x97b0>
    b3a8:	4b ff fe cc 	b       b274 <_start+0xa128>
    b3ac:	3a a0 00 03 	li      r21,3
    b3b0:	4b ff ff d4 	b       b384 <_start+0xa238>
    b3b4:	3a a0 00 02 	li      r21,2
    b3b8:	4b ff ff cc 	b       b384 <_start+0xa238>
    b3bc:	3a a0 00 01 	li      r21,1
    b3c0:	4b ff ff c4 	b       b384 <_start+0xa238>
    b3c4:	3a a0 00 00 	li      r21,0
    b3c8:	4b ff ff bc 	b       b384 <_start+0xa238>
    b3cc:	7d 75 5b 78 	mr      r21,r11
    b3d0:	4b ff ff b4 	b       b384 <_start+0xa238>
    b3d4:	3a a0 00 05 	li      r21,5
    b3d8:	4b ff ff ac 	b       b384 <_start+0xa238>
    b3dc:	3a c0 00 03 	li      r22,3
    b3e0:	4b ff ff 70 	b       b350 <_start+0xa204>
    b3e4:	3a c0 00 02 	li      r22,2
    b3e8:	4b ff ff 68 	b       b350 <_start+0xa204>
    b3ec:	3a c0 00 01 	li      r22,1
    b3f0:	4b ff ff 60 	b       b350 <_start+0xa204>
    b3f4:	3a c0 00 00 	li      r22,0
    b3f8:	4b ff ff 58 	b       b350 <_start+0xa204>
    b3fc:	3a c0 00 05 	li      r22,5
    b400:	4b ff ff 50 	b       b350 <_start+0xa204>
    b404:	7d 76 5b 78 	mr      r22,r11
    b408:	4b ff ff 48 	b       b350 <_start+0xa204>
    b40c:	38 c0 00 03 	li      r6,3
    b410:	4b ff ff 0c 	b       b31c <_start+0xa1d0>
    b414:	38 c0 00 02 	li      r6,2
    b418:	4b ff ff 04 	b       b31c <_start+0xa1d0>
    b41c:	38 c0 00 01 	li      r6,1
    b420:	4b ff fe fc 	b       b31c <_start+0xa1d0>
    b424:	38 c0 00 00 	li      r6,0
    b428:	4b ff fe f4 	b       b31c <_start+0xa1d0>
    b42c:	38 c0 00 05 	li      r6,5
    b430:	4b ff fe ec 	b       b31c <_start+0xa1d0>
    b434:	7d 66 5b 78 	mr      r6,r11
    b438:	4b ff fe e4 	b       b31c <_start+0xa1d0>
    b43c:	39 40 00 04 	li      r10,4
    b440:	82 c9 00 e4 	lwz     r22,228(r9)
    b444:	38 c0 00 06 	li      r6,6
    b448:	3a d6 ff fa 	addi    r22,r22,-6
    b44c:	2b 96 00 14 	cmplwi  cr7,r22,20
    b450:	41 9d 00 1c 	bgt     cr7,b46c <_start+0xa320>
    b454:	56 d6 10 3a 	slwi    r22,r22,2
    b458:	7c d8 b0 2e 	lwzx    r6,r24,r22
    b45c:	7c c6 c2 14 	add     r6,r6,r24
    b460:	7c c9 03 a6 	mtctr   r6
    b464:	4e 80 04 20 	bctr
    b468:	38 c0 00 04 	li      r6,4
    b46c:	82 a9 00 fc 	lwz     r21,252(r9)
    b470:	3a c0 00 06 	li      r22,6
    b474:	3a b5 ff fa 	addi    r21,r21,-6
    b478:	2b 95 00 14 	cmplwi  cr7,r21,20
    b47c:	41 9d 00 1c 	bgt     cr7,b498 <_start+0xa34c>
    b480:	56 b5 10 3a 	slwi    r21,r21,2
    b484:	7e d9 a8 2e 	lwzx    r22,r25,r21
    b488:	7e d6 ca 14 	add     r22,r22,r25
    b48c:	7e c9 03 a6 	mtctr   r22
    b490:	4e 80 04 20 	bctr
    b494:	3a c0 00 04 	li      r22,4
    b498:	2f 8a 00 00 	cmpwi   cr7,r10,0
    b49c:	3a a0 00 00 	li      r21,0
    b4a0:	7d 41 52 14 	add     r10,r1,r10
    b4a4:	7e 61 32 14 	add     r19,r1,r6
    b4a8:	7e 81 b2 14 	add     r20,r1,r22
    b4ac:	9a aa 00 08 	stb     r21,8(r10)
    b4b0:	9a b3 00 08 	stb     r21,8(r19)
    b4b4:	9a b4 00 08 	stb     r21,8(r20)
    b4b8:	41 be f4 50 	beq     cr7,a908 <_start+0x97bc>
    b4bc:	4b ff fc 80 	b       b13c <_start+0x9ff0>
    b4c0:	3a c0 00 03 	li      r22,3
    b4c4:	4b ff ff d4 	b       b498 <_start+0xa34c>
    b4c8:	3a c0 00 02 	li      r22,2
    b4cc:	4b ff ff cc 	b       b498 <_start+0xa34c>
    b4d0:	38 c0 00 03 	li      r6,3
    b4d4:	4b ff ff 98 	b       b46c <_start+0xa320>
    b4d8:	38 c0 00 02 	li      r6,2
    b4dc:	4b ff ff 90 	b       b46c <_start+0xa320>
    b4e0:	38 c0 00 01 	li      r6,1
    b4e4:	4b ff ff 88 	b       b46c <_start+0xa320>
    b4e8:	3a c0 00 01 	li      r22,1
    b4ec:	4b ff ff ac 	b       b498 <_start+0xa34c>
    b4f0:	3a c0 00 00 	li      r22,0
    b4f4:	4b ff ff a4 	b       b498 <_start+0xa34c>
    b4f8:	7d 76 5b 78 	mr      r22,r11
    b4fc:	4b ff ff 9c 	b       b498 <_start+0xa34c>
    b500:	3a c0 00 05 	li      r22,5
    b504:	4b ff ff 94 	b       b498 <_start+0xa34c>
    b508:	38 c0 00 00 	li      r6,0
    b50c:	4b ff ff 60 	b       b46c <_start+0xa320>
    b510:	38 c0 00 05 	li      r6,5
    b514:	4b ff ff 58 	b       b46c <_start+0xa320>
    b518:	7d 66 5b 78 	mr      r6,r11
    b51c:	4b ff ff 50 	b       b46c <_start+0xa320>
    b520:	39 40 00 03 	li      r10,3
    b524:	4b ff ff 1c 	b       b440 <_start+0xa2f4>
    b528:	39 40 00 02 	li      r10,2
    b52c:	4b ff ff 14 	b       b440 <_start+0xa2f4>
    b530:	39 40 00 01 	li      r10,1
    b534:	4b ff ff 0c 	b       b440 <_start+0xa2f4>
    b538:	39 40 00 00 	li      r10,0
    b53c:	4b ff ff 04 	b       b440 <_start+0xa2f4>
    b540:	39 40 00 05 	li      r10,5
    b544:	4b ff fe fc 	b       b440 <_start+0xa2f4>
    b548:	7d 6a 5b 78 	mr      r10,r11
    b54c:	4b ff fe f4 	b       b440 <_start+0xa2f4>
    b550:	39 40 00 04 	li      r10,4
    b554:	82 c9 00 e4 	lwz     r22,228(r9)
    b558:	38 c0 00 06 	li      r6,6
    b55c:	3a d6 ff fa 	addi    r22,r22,-6
    b560:	2b 96 00 14 	cmplwi  cr7,r22,20
    b564:	41 bd f6 04 	bgt     cr7,ab68 <_start+0x9a1c>
    b568:	56 d6 10 3a 	slwi    r22,r22,2
    b56c:	7c c5 b0 2e 	lwzx    r6,r5,r22
    b570:	7c c6 2a 14 	add     r6,r6,r5
    b574:	7c c9 03 a6 	mtctr   r6
    b578:	4e 80 04 20 	bctr
    b57c:	39 40 00 03 	li      r10,3
    b580:	4b ff ff d4 	b       b554 <_start+0xa408>
    b584:	39 40 00 02 	li      r10,2
    b588:	4b ff ff cc 	b       b554 <_start+0xa408>
    b58c:	39 40 00 01 	li      r10,1
    b590:	4b ff ff c4 	b       b554 <_start+0xa408>
    b594:	39 40 00 00 	li      r10,0
    b598:	4b ff ff bc 	b       b554 <_start+0xa408>
    b59c:	39 40 00 05 	li      r10,5
    b5a0:	4b ff ff b4 	b       b554 <_start+0xa408>
    b5a4:	7d 6a 5b 78 	mr      r10,r11
    b5a8:	4b ff ff ac 	b       b554 <_start+0xa408>
    b5ac:	39 40 00 04 	li      r10,4
    b5b0:	82 c9 00 e4 	lwz     r22,228(r9)
    b5b4:	38 c0 00 06 	li      r6,6
    b5b8:	3a d6 ff fa 	addi    r22,r22,-6
    b5bc:	2b 96 00 14 	cmplwi  cr7,r22,20
    b5c0:	41 bd f5 a8 	bgt     cr7,ab68 <_start+0x9a1c>
    b5c4:	56 d6 10 3a 	slwi    r22,r22,2
    b5c8:	7c de b0 2e 	lwzx    r6,r30,r22
    b5cc:	7c c6 f2 14 	add     r6,r6,r30
    b5d0:	7c c9 03 a6 	mtctr   r6
    b5d4:	4e 80 04 20 	bctr
    b5d8:	39 40 00 03 	li      r10,3
    b5dc:	4b ff ff d4 	b       b5b0 <_start+0xa464>
    b5e0:	39 40 00 02 	li      r10,2
    b5e4:	4b ff ff cc 	b       b5b0 <_start+0xa464>
    b5e8:	39 40 00 01 	li      r10,1
    b5ec:	4b ff ff c4 	b       b5b0 <_start+0xa464>
    b5f0:	39 40 00 00 	li      r10,0
    b5f4:	4b ff ff bc 	b       b5b0 <_start+0xa464>
    b5f8:	39 40 00 05 	li      r10,5
    b5fc:	4b ff ff b4 	b       b5b0 <_start+0xa464>
    b600:	7d 6a 5b 78 	mr      r10,r11
    b604:	4b ff ff ac 	b       b5b0 <_start+0xa464>
    b608:	39 40 00 04 	li      r10,4
    b60c:	82 c9 00 e4 	lwz     r22,228(r9)
    b610:	38 c0 00 06 	li      r6,6
    b614:	3a d6 ff fa 	addi    r22,r22,-6
    b618:	2b 96 00 14 	cmplwi  cr7,r22,20
    b61c:	41 bd f5 4c 	bgt     cr7,ab68 <_start+0x9a1c>
    b620:	56 d6 10 3a 	slwi    r22,r22,2
    b624:	7c c4 b0 2e 	lwzx    r6,r4,r22
    b628:	7c c6 22 14 	add     r6,r6,r4
    b62c:	7c c9 03 a6 	mtctr   r6
    b630:	4e 80 04 20 	bctr
    b634:	39 40 00 03 	li      r10,3
    b638:	4b ff ff d4 	b       b60c <_start+0xa4c0>
    b63c:	39 40 00 02 	li      r10,2
    b640:	4b ff ff cc 	b       b60c <_start+0xa4c0>
    b644:	39 40 00 01 	li      r10,1
    b648:	4b ff ff c4 	b       b60c <_start+0xa4c0>
    b64c:	39 40 00 00 	li      r10,0
    b650:	4b ff ff bc 	b       b60c <_start+0xa4c0>
    b654:	39 40 00 05 	li      r10,5
    b658:	4b ff ff b4 	b       b60c <_start+0xa4c0>
    b65c:	7d 6a 5b 78 	mr      r10,r11
    b660:	4b ff ff ac 	b       b60c <_start+0xa4c0>
    b664:	3d 60 00 01 	lis     r11,1
    b668:	55 4a 10 3a 	slwi    r10,r10,2
    b66c:	39 6b 75 10 	addi    r11,r11,29968
    b670:	7d 4b 52 14 	add     r10,r11,r10
    b674:	80 ca 00 3c 	lwz     r6,60(r10)
    b678:	4b ff f9 d0 	b       b048 <_start+0x9efc>
    b67c:	7c 83 23 79 	mr.     r3,r4
    b680:	94 21 ff a0 	stwu    r1,-96(r1)
    b684:	7c 08 02 a6 	mflr    r0
    b688:	92 01 00 20 	stw     r16,32(r1)
    b68c:	90 01 00 64 	stw     r0,100(r1)
    b690:	92 21 00 24 	stw     r17,36(r1)
    b694:	92 41 00 28 	stw     r18,40(r1)
    b698:	92 61 00 2c 	stw     r19,44(r1)
    b69c:	92 81 00 30 	stw     r20,48(r1)
    b6a0:	92 a1 00 34 	stw     r21,52(r1)
    b6a4:	92 c1 00 38 	stw     r22,56(r1)
    b6a8:	92 e1 00 3c 	stw     r23,60(r1)
    b6ac:	93 01 00 40 	stw     r24,64(r1)
    b6b0:	93 21 00 44 	stw     r25,68(r1)
    b6b4:	93 41 00 48 	stw     r26,72(r1)
    b6b8:	93 61 00 4c 	stw     r27,76(r1)
    b6bc:	93 81 00 50 	stw     r28,80(r1)
    b6c0:	93 a1 00 54 	stw     r29,84(r1)
    b6c4:	93 c1 00 58 	stw     r30,88(r1)
    b6c8:	93 e1 00 5c 	stw     r31,92(r1)
    b6cc:	41 82 05 70 	beq     bc3c <_start+0xaaf0>
    b6d0:	83 e3 00 00 	lwz     r31,0(r3)
    b6d4:	2f 85 00 00 	cmpwi   cr7,r5,0
    b6d8:	80 1f 07 bc 	lwz     r0,1980(r31)
    b6dc:	60 00 04 00 	ori     r0,r0,1024
    b6e0:	90 1f 07 bc 	stw     r0,1980(r31)
    b6e4:	41 9e 00 a8 	beq     cr7,b78c <_start+0xa640>
    b6e8:	81 25 00 00 	lwz     r9,0(r5)
    b6ec:	2f 89 00 00 	cmpwi   cr7,r9,0
    b6f0:	41 9e 00 9c 	beq     cr7,b78c <_start+0xa640>
    b6f4:	7c 3d 0b 78 	mr      r29,r1
    b6f8:	3f 80 00 02 	lis     r28,2
    b6fc:	94 bd 00 08 	stwu    r5,8(r29)
    b700:	3f 60 00 01 	lis     r27,1
    b704:	3e e0 00 01 	lis     r23,1
    b708:	3f 00 00 01 	lis     r24,1
    b70c:	3b 9c 03 4c 	addi    r28,r28,844
    b710:	3b 7b 74 48 	addi    r27,r27,29768
    b714:	3a f7 74 9c 	addi    r23,r23,29852
    b718:	3b 18 74 7c 	addi    r24,r24,29820
    b71c:	3b c0 ff ff 	li      r30,-1
    b720:	3b 20 00 01 	li      r25,1
    b724:	3a 60 00 02 	li      r19,2
    b728:	3b 40 00 00 	li      r26,0
    b72c:	3a a0 00 06 	li      r21,6
    b730:	3a 80 00 04 	li      r20,4
    b734:	3a c0 00 07 	li      r22,7
    b738:	3a 00 00 05 	li      r16,5
    b73c:	3a 40 00 08 	li      r18,8
    b740:	3a 20 00 3c 	li      r17,60
    b744:	81 3c 00 00 	lwz     r9,0(r28)
    b748:	7f a4 eb 78 	mr      r4,r29
    b74c:	80 09 00 70 	lwz     r0,112(r9)
    b750:	7d 23 4b 78 	mr      r3,r9
    b754:	7c 09 03 a6 	mtctr   r0
    b758:	4e 80 04 21 	bctrl
    b75c:	2c 03 00 00 	cmpwi   r3,0
    b760:	41 82 00 34 	beq     b794 <_start+0xa648>
    b764:	81 23 00 00 	lwz     r9,0(r3)
    b768:	3d 29 7f e0 	addis   r9,r9,32736
    b76c:	38 09 bf ff 	addi    r0,r9,-16385
    b770:	2b 80 00 0c 	cmplwi  cr7,r0,12
    b774:	41 bd ff d0 	bgt     cr7,b744 <_start+0xa5f8>
    b778:	54 00 10 3a 	slwi    r0,r0,2
    b77c:	7c 1b 00 2e 	lwzx    r0,r27,r0
    b780:	7c 00 da 14 	add     r0,r0,r27
    b784:	7c 09 03 a6 	mtctr   r0
    b788:	4e 80 04 20 	bctr
    b78c:	70 09 01 00 	andi.   r9,r0,256
    b790:	41 82 01 b8 	beq     b948 <_start+0xa7fc>
    b794:	38 60 00 00 	li      r3,0
    b798:	80 01 00 64 	lwz     r0,100(r1)
    b79c:	82 01 00 20 	lwz     r16,32(r1)
    b7a0:	7c 08 03 a6 	mtlr    r0
    b7a4:	82 21 00 24 	lwz     r17,36(r1)
    b7a8:	82 41 00 28 	lwz     r18,40(r1)
    b7ac:	82 61 00 2c 	lwz     r19,44(r1)
    b7b0:	82 81 00 30 	lwz     r20,48(r1)
    b7b4:	82 a1 00 34 	lwz     r21,52(r1)
    b7b8:	82 c1 00 38 	lwz     r22,56(r1)
    b7bc:	82 e1 00 3c 	lwz     r23,60(r1)
    b7c0:	83 01 00 40 	lwz     r24,64(r1)
    b7c4:	83 21 00 44 	lwz     r25,68(r1)
    b7c8:	83 41 00 48 	lwz     r26,72(r1)
    b7cc:	83 61 00 4c 	lwz     r27,76(r1)
    b7d0:	83 81 00 50 	lwz     r28,80(r1)
    b7d4:	83 a1 00 54 	lwz     r29,84(r1)
    b7d8:	83 c1 00 58 	lwz     r30,88(r1)
    b7dc:	83 e1 00 5c 	lwz     r31,92(r1)
    b7e0:	38 21 00 60 	addi    r1,r1,96
    b7e4:	4e 80 00 20 	blr
    b7e8:	2f 9e ff ff 	cmpwi   cr7,r30,-1
    b7ec:	41 9e 00 20 	beq     cr7,b80c <_start+0xa6c0>
    b7f0:	80 03 00 04 	lwz     r0,4(r3)
    b7f4:	2f 80 00 02 	cmpwi   cr7,r0,2
    b7f8:	41 9e 04 88 	beq     cr7,bc80 <_start+0xab34>
    b7fc:	2f 80 00 04 	cmpwi   cr7,r0,4
    b800:	41 9e 04 6c 	beq     cr7,bc6c <_start+0xab20>
    b804:	2f 80 00 01 	cmpwi   cr7,r0,1
    b808:	41 9e 01 48 	beq     cr7,b950 <_start+0xa804>
    b80c:	38 60 ff fe 	li      r3,-2
    b810:	4b ff ff 88 	b       b798 <_start+0xa64c>
    b814:	2f 9e ff ff 	cmpwi   cr7,r30,-1
    b818:	41 be ff f4 	beq     cr7,b80c <_start+0xa6c0>
    b81c:	80 03 00 04 	lwz     r0,4(r3)
    b820:	2f 80 00 02 	cmpwi   cr7,r0,2
    b824:	41 9e 04 34 	beq     cr7,bc58 <_start+0xab0c>
    b828:	2f 80 00 04 	cmpwi   cr7,r0,4
    b82c:	41 9e 04 18 	beq     cr7,bc44 <_start+0xaaf8>
    b830:	2f 80 00 01 	cmpwi   cr7,r0,1
    b834:	40 9e ff d8 	bne     cr7,b80c <_start+0xa6c0>
    b838:	39 3e 00 44 	addi    r9,r30,68
    b83c:	55 29 10 3a 	slwi    r9,r9,2
    b840:	7d 3f 4a 14 	add     r9,r31,r9
    b844:	93 49 00 04 	stw     r26,4(r9)
    b848:	48 00 00 0c 	b       b854 <_start+0xa708>
    b84c:	2f 9e ff ff 	cmpwi   cr7,r30,-1
    b850:	41 be ff bc 	beq     cr7,b80c <_start+0xa6c0>
    b854:	80 1f 07 bc 	lwz     r0,1980(r31)
    b858:	54 00 06 2c 	rlwinm  r0,r0,0,24,22
    b85c:	90 1f 07 bc 	stw     r0,1980(r31)
    b860:	4b ff fe e4 	b       b744 <_start+0xa5f8>
    b864:	2f 9e ff ff 	cmpwi   cr7,r30,-1
    b868:	41 be ff a4 	beq     cr7,b80c <_start+0xa6c0>
    b86c:	39 3e 00 18 	addi    r9,r30,24
    b870:	80 03 00 04 	lwz     r0,4(r3)
    b874:	55 29 10 3a 	slwi    r9,r9,2
    b878:	7d 3f 4a 14 	add     r9,r31,r9
    b87c:	90 09 00 0c 	stw     r0,12(r9)
    b880:	80 1f 07 bc 	lwz     r0,1980(r31)
    b884:	54 00 06 2c 	rlwinm  r0,r0,0,24,22
    b888:	90 1f 07 bc 	stw     r0,1980(r31)
    b88c:	4b ff fe b8 	b       b744 <_start+0xa5f8>
    b890:	2f 9e ff ff 	cmpwi   cr7,r30,-1
    b894:	41 be ff 78 	beq     cr7,b80c <_start+0xa6c0>
    b898:	39 3e 00 14 	addi    r9,r30,20
    b89c:	80 03 00 04 	lwz     r0,4(r3)
    b8a0:	55 29 10 3a 	slwi    r9,r9,2
    b8a4:	7d 3f 4a 14 	add     r9,r31,r9
    b8a8:	90 09 00 04 	stw     r0,4(r9)
    b8ac:	80 1f 07 bc 	lwz     r0,1980(r31)
    b8b0:	54 00 06 2c 	rlwinm  r0,r0,0,24,22
    b8b4:	90 1f 07 bc 	stw     r0,1980(r31)
    b8b8:	4b ff fe 8c 	b       b744 <_start+0xa5f8>
    b8bc:	2f 9e ff ff 	cmpwi   cr7,r30,-1
    b8c0:	41 be ff 4c 	beq     cr7,b80c <_start+0xa6c0>
    b8c4:	80 03 00 04 	lwz     r0,4(r3)
    b8c8:	54 0b 00 7e 	clrlwi  r11,r0,1
    b8cc:	39 6b ff e5 	addi    r11,r11,-27
    b8d0:	2b 8b 00 1d 	cmplwi  cr7,r11,29
    b8d4:	40 bd ff 38 	ble     cr7,b80c <_start+0xa6c0>
    b8d8:	39 29 bf fd 	addi    r9,r9,-16387
    b8dc:	2b 89 00 04 	cmplwi  cr7,r9,4
    b8e0:	40 9d 00 54 	ble     cr7,b934 <_start+0xa7e8>
    b8e4:	39 3e 00 20 	addi    r9,r30,32
    b8e8:	55 29 10 3a 	slwi    r9,r9,2
    b8ec:	7d 3f 4a 14 	add     r9,r31,r9
    b8f0:	90 09 00 04 	stw     r0,4(r9)
    b8f4:	4b ff ff 60 	b       b854 <_start+0xa708>
    b8f8:	83 c3 00 04 	lwz     r30,4(r3)
    b8fc:	2b 9e 00 06 	cmplwi  cr7,r30,6
    b900:	40 9d fe 44 	ble     cr7,b744 <_start+0xa5f8>
    b904:	38 60 ff fe 	li      r3,-2
    b908:	4b ff fe 90 	b       b798 <_start+0xa64c>
    b90c:	2f 9e ff ff 	cmpwi   cr7,r30,-1
    b910:	41 be fe fc 	beq     cr7,b80c <_start+0xa6c0>
    b914:	80 03 00 04 	lwz     r0,4(r3)
    b918:	2b 80 00 07 	cmplwi  cr7,r0,7
    b91c:	41 bd ff 38 	bgt     cr7,b854 <_start+0xa708>
    b920:	54 00 10 3a 	slwi    r0,r0,2
    b924:	7c 18 00 2e 	lwzx    r0,r24,r0
    b928:	7c 00 c2 14 	add     r0,r0,r24
    b92c:	7c 09 03 a6 	mtctr   r0
    b930:	4e 80 04 20 	bctr
    b934:	55 29 10 3a 	slwi    r9,r9,2
    b938:	7d 37 48 2e 	lwzx    r9,r23,r9
    b93c:	7d 29 ba 14 	add     r9,r9,r23
    b940:	7d 29 03 a6 	mtctr   r9
    b944:	4e 80 04 20 	bctr
    b948:	4b ff ed 49 	bl      a690 <_start+0x9544>
    b94c:	4b ff fe 4c 	b       b798 <_start+0xa64c>
    b950:	39 3e 00 48 	addi    r9,r30,72
    b954:	55 29 10 3a 	slwi    r9,r9,2
    b958:	7d 3f 4a 14 	add     r9,r31,r9
    b95c:	93 49 00 0c 	stw     r26,12(r9)
    b960:	4b ff fe f4 	b       b854 <_start+0xa708>
    b964:	39 3e 00 30 	addi    r9,r30,48
    b968:	55 29 10 3a 	slwi    r9,r9,2
    b96c:	7d 3f 4a 14 	add     r9,r31,r9
    b970:	90 09 00 0c 	stw     r0,12(r9)
    b974:	4b ff fe e0 	b       b854 <_start+0xa708>
    b978:	39 3e 00 2c 	addi    r9,r30,44
    b97c:	55 29 10 3a 	slwi    r9,r9,2
    b980:	7d 3f 4a 14 	add     r9,r31,r9
    b984:	90 09 00 04 	stw     r0,4(r9)
    b988:	4b ff fe cc 	b       b854 <_start+0xa708>
    b98c:	39 3e 00 24 	addi    r9,r30,36
    b990:	55 29 10 3a 	slwi    r9,r9,2
    b994:	7d 3f 4a 14 	add     r9,r31,r9
    b998:	90 09 00 0c 	stw     r0,12(r9)
    b99c:	4b ff fe b8 	b       b854 <_start+0xa708>
    b9a0:	39 3e 00 38 	addi    r9,r30,56
    b9a4:	55 29 10 3a 	slwi    r9,r9,2
    b9a8:	7d 3f 4a 14 	add     r9,r31,r9
    b9ac:	90 09 00 04 	stw     r0,4(r9)
    b9b0:	4b ff fe a4 	b       b854 <_start+0xa708>
    b9b4:	39 3e 00 3c 	addi    r9,r30,60
    b9b8:	55 29 10 3a 	slwi    r9,r9,2
    b9bc:	7d 3f 4a 14 	add     r9,r31,r9
    b9c0:	90 09 00 0c 	stw     r0,12(r9)
    b9c4:	4b ff fe 90 	b       b854 <_start+0xa708>
    b9c8:	38 de 00 14 	addi    r6,r30,20
    b9cc:	38 fe 00 20 	addi    r7,r30,32
    b9d0:	54 c6 10 3a 	slwi    r6,r6,2
    b9d4:	39 1e 00 24 	addi    r8,r30,36
    b9d8:	7c df 32 14 	add     r6,r31,r6
    b9dc:	39 5e 00 18 	addi    r10,r30,24
    b9e0:	39 7e 00 30 	addi    r11,r30,48
    b9e4:	39 3e 00 38 	addi    r9,r30,56
    b9e8:	92 a6 00 04 	stw     r21,4(r6)
    b9ec:	54 e7 10 3a 	slwi    r7,r7,2
    b9f0:	55 08 10 3a 	slwi    r8,r8,2
    b9f4:	55 4a 10 3a 	slwi    r10,r10,2
    b9f8:	55 6b 10 3a 	slwi    r11,r11,2
    b9fc:	55 29 10 3a 	slwi    r9,r9,2
    ba00:	7c ff 3a 14 	add     r7,r31,r7
    ba04:	7d 1f 42 14 	add     r8,r31,r8
    ba08:	7d 5f 52 14 	add     r10,r31,r10
    ba0c:	7d 7f 5a 14 	add     r11,r31,r11
    ba10:	7d 3f 4a 14 	add     r9,r31,r9
    ba14:	92 a7 00 04 	stw     r21,4(r7)
    ba18:	93 48 00 0c 	stw     r26,12(r8)
    ba1c:	92 8a 00 0c 	stw     r20,12(r10)
    ba20:	92 cb 00 0c 	stw     r22,12(r11)
    ba24:	93 29 00 04 	stw     r25,4(r9)
    ba28:	4b ff fe 2c 	b       b854 <_start+0xa708>
    ba2c:	38 de 00 14 	addi    r6,r30,20
    ba30:	38 fe 00 20 	addi    r7,r30,32
    ba34:	39 1e 00 24 	addi    r8,r30,36
    ba38:	39 5e 00 18 	addi    r10,r30,24
    ba3c:	39 7e 00 30 	addi    r11,r30,48
    ba40:	39 3e 00 38 	addi    r9,r30,56
    ba44:	54 c6 10 3a 	slwi    r6,r6,2
    ba48:	54 e7 10 3a 	slwi    r7,r7,2
    ba4c:	55 08 10 3a 	slwi    r8,r8,2
    ba50:	55 4a 10 3a 	slwi    r10,r10,2
    ba54:	55 6b 10 3a 	slwi    r11,r11,2
    ba58:	55 29 10 3a 	slwi    r9,r9,2
    ba5c:	7c df 32 14 	add     r6,r31,r6
    ba60:	7c ff 3a 14 	add     r7,r31,r7
    ba64:	7d 1f 42 14 	add     r8,r31,r8
    ba68:	7d 5f 52 14 	add     r10,r31,r10
    ba6c:	92 06 00 04 	stw     r16,4(r6)
    ba70:	7d 7f 5a 14 	add     r11,r31,r11
    ba74:	7d 3f 4a 14 	add     r9,r31,r9
    ba78:	4b ff ff 9c 	b       ba14 <_start+0xa8c8>
    ba7c:	39 7e 00 14 	addi    r11,r30,20
    ba80:	39 3e 00 18 	addi    r9,r30,24
    ba84:	55 6b 10 3a 	slwi    r11,r11,2
    ba88:	55 29 10 3a 	slwi    r9,r9,2
    ba8c:	7d 7f 5a 14 	add     r11,r31,r11
    ba90:	7d 3f 4a 14 	add     r9,r31,r9
    ba94:	93 4b 00 04 	stw     r26,4(r11)
    ba98:	93 49 00 0c 	stw     r26,12(r9)
    ba9c:	4b ff fd b8 	b       b854 <_start+0xa708>
    baa0:	38 be 00 14 	addi    r5,r30,20
    baa4:	38 de 00 20 	addi    r6,r30,32
    baa8:	38 fe 00 24 	addi    r7,r30,36
    baac:	39 1e 00 2c 	addi    r8,r30,44
    bab0:	39 5e 00 18 	addi    r10,r30,24
    bab4:	39 7e 00 30 	addi    r11,r30,48
    bab8:	39 3e 00 38 	addi    r9,r30,56
    babc:	54 a5 10 3a 	slwi    r5,r5,2
    bac0:	54 c6 10 3a 	slwi    r6,r6,2
    bac4:	54 e7 10 3a 	slwi    r7,r7,2
    bac8:	55 08 10 3a 	slwi    r8,r8,2
    bacc:	55 4a 10 3a 	slwi    r10,r10,2
    bad0:	55 6b 10 3a 	slwi    r11,r11,2
    bad4:	55 29 10 3a 	slwi    r9,r9,2
    bad8:	7c bf 2a 14 	add     r5,r31,r5
    badc:	7c df 32 14 	add     r6,r31,r6
    bae0:	7c ff 3a 14 	add     r7,r31,r7
    bae4:	7d 1f 42 14 	add     r8,r31,r8
    bae8:	92 45 00 04 	stw     r18,4(r5)
    baec:	7d 5f 52 14 	add     r10,r31,r10
    baf0:	7d 7f 5a 14 	add     r11,r31,r11
    baf4:	92 26 00 04 	stw     r17,4(r6)
    baf8:	7d 3f 4a 14 	add     r9,r31,r9
    bafc:	93 47 00 0c 	stw     r26,12(r7)
    bb00:	92 a8 00 04 	stw     r21,4(r8)
    bb04:	92 8a 00 0c 	stw     r20,12(r10)
    bb08:	92 cb 00 0c 	stw     r22,12(r11)
    bb0c:	93 29 00 04 	stw     r25,4(r9)
    bb10:	4b ff fd 44 	b       b854 <_start+0xa708>
    bb14:	38 de 00 14 	addi    r6,r30,20
    bb18:	38 fe 00 20 	addi    r7,r30,32
    bb1c:	39 1e 00 24 	addi    r8,r30,36
    bb20:	39 5e 00 18 	addi    r10,r30,24
    bb24:	39 7e 00 30 	addi    r11,r30,48
    bb28:	39 3e 00 38 	addi    r9,r30,56
    bb2c:	54 c6 10 3a 	slwi    r6,r6,2
    bb30:	54 e7 10 3a 	slwi    r7,r7,2
    bb34:	55 08 10 3a 	slwi    r8,r8,2
    bb38:	55 4a 10 3a 	slwi    r10,r10,2
    bb3c:	55 6b 10 3a 	slwi    r11,r11,2
    bb40:	55 29 10 3a 	slwi    r9,r9,2
    bb44:	7c df 32 14 	add     r6,r31,r6
    bb48:	7c ff 3a 14 	add     r7,r31,r7
    bb4c:	7d 1f 42 14 	add     r8,r31,r8
    bb50:	7d 5f 52 14 	add     r10,r31,r10
    bb54:	92 86 00 04 	stw     r20,4(r6)
    bb58:	7d 7f 5a 14 	add     r11,r31,r11
    bb5c:	7d 3f 4a 14 	add     r9,r31,r9
    bb60:	4b ff fe b4 	b       ba14 <_start+0xa8c8>
    bb64:	38 be 00 14 	addi    r5,r30,20
    bb68:	38 de 00 20 	addi    r6,r30,32
    bb6c:	38 fe 00 24 	addi    r7,r30,36
    bb70:	39 1e 00 2c 	addi    r8,r30,44
    bb74:	39 5e 00 18 	addi    r10,r30,24
    bb78:	39 7e 00 30 	addi    r11,r30,48
    bb7c:	39 3e 00 38 	addi    r9,r30,56
    bb80:	54 a5 10 3a 	slwi    r5,r5,2
    bb84:	54 c6 10 3a 	slwi    r6,r6,2
    bb88:	54 e7 10 3a 	slwi    r7,r7,2
    bb8c:	55 08 10 3a 	slwi    r8,r8,2
    bb90:	55 4a 10 3a 	slwi    r10,r10,2
    bb94:	55 6b 10 3a 	slwi    r11,r11,2
    bb98:	55 29 10 3a 	slwi    r9,r9,2
    bb9c:	7c bf 2a 14 	add     r5,r31,r5
    bba0:	7c df 32 14 	add     r6,r31,r6
    bba4:	7c ff 3a 14 	add     r7,r31,r7
    bba8:	7d 1f 42 14 	add     r8,r31,r8
    bbac:	92 45 00 04 	stw     r18,4(r5)
    bbb0:	7d 5f 52 14 	add     r10,r31,r10
    bbb4:	7d 7f 5a 14 	add     r11,r31,r11
    bbb8:	93 46 00 04 	stw     r26,4(r6)
    bbbc:	7d 3f 4a 14 	add     r9,r31,r9
    bbc0:	92 a7 00 0c 	stw     r21,12(r7)
    bbc4:	92 c8 00 04 	stw     r22,4(r8)
    bbc8:	92 6a 00 0c 	stw     r19,12(r10)
    bbcc:	92 cb 00 0c 	stw     r22,12(r11)
    bbd0:	93 29 00 04 	stw     r25,4(r9)
    bbd4:	4b ff fc 80 	b       b854 <_start+0xa708>
    bbd8:	38 de 00 14 	addi    r6,r30,20
    bbdc:	38 fe 00 20 	addi    r7,r30,32
    bbe0:	39 1e 00 24 	addi    r8,r30,36
    bbe4:	39 5e 00 18 	addi    r10,r30,24
    bbe8:	39 7e 00 30 	addi    r11,r30,48
    bbec:	39 3e 00 38 	addi    r9,r30,56
    bbf0:	54 c6 10 3a 	slwi    r6,r6,2
    bbf4:	54 e7 10 3a 	slwi    r7,r7,2
    bbf8:	55 08 10 3a 	slwi    r8,r8,2
    bbfc:	55 4a 10 3a 	slwi    r10,r10,2
    bc00:	55 6b 10 3a 	slwi    r11,r11,2
    bc04:	55 29 10 3a 	slwi    r9,r9,2
    bc08:	7c df 32 14 	add     r6,r31,r6
    bc0c:	7c ff 3a 14 	add     r7,r31,r7
    bc10:	7d 1f 42 14 	add     r8,r31,r8
    bc14:	7d 5f 52 14 	add     r10,r31,r10
    bc18:	93 26 00 04 	stw     r25,4(r6)
    bc1c:	7d 7f 5a 14 	add     r11,r31,r11
    bc20:	7d 3f 4a 14 	add     r9,r31,r9
    bc24:	92 a7 00 04 	stw     r21,4(r7)
    bc28:	93 48 00 0c 	stw     r26,12(r8)
    bc2c:	93 2a 00 0c 	stw     r25,12(r10)
    bc30:	92 cb 00 0c 	stw     r22,12(r11)
    bc34:	93 29 00 04 	stw     r25,4(r9)
    bc38:	4b ff fc 1c 	b       b854 <_start+0xa708>
    bc3c:	3b e0 00 00 	li      r31,0
    bc40:	4b ff fa 94 	b       b6d4 <_start+0xa588>
    bc44:	39 3e 00 44 	addi    r9,r30,68
    bc48:	55 29 10 3a 	slwi    r9,r9,2
    bc4c:	7d 3f 4a 14 	add     r9,r31,r9
    bc50:	92 69 00 04 	stw     r19,4(r9)
    bc54:	4b ff fc 00 	b       b854 <_start+0xa708>
    bc58:	39 3e 00 44 	addi    r9,r30,68
    bc5c:	55 29 10 3a 	slwi    r9,r9,2
    bc60:	7d 3f 4a 14 	add     r9,r31,r9
    bc64:	93 29 00 04 	stw     r25,4(r9)
    bc68:	4b ff fb ec 	b       b854 <_start+0xa708>
    bc6c:	39 3e 00 48 	addi    r9,r30,72
    bc70:	55 29 10 3a 	slwi    r9,r9,2
    bc74:	7d 3f 4a 14 	add     r9,r31,r9
    bc78:	92 69 00 0c 	stw     r19,12(r9)
    bc7c:	4b ff fb d8 	b       b854 <_start+0xa708>
    bc80:	39 3e 00 48 	addi    r9,r30,72
    bc84:	55 29 10 3a 	slwi    r9,r9,2
    bc88:	7d 3f 4a 14 	add     r9,r31,r9
    bc8c:	93 29 00 0c 	stw     r25,12(r9)
    bc90:	4b ff fb c4 	b       b854 <_start+0xa708>
    bc94:	2c 03 00 00 	cmpwi   r3,0
    bc98:	94 21 ff f0 	stwu    r1,-16(r1)
    bc9c:	7c 08 02 a6 	mflr    r0
    bca0:	93 c1 00 08 	stw     r30,8(r1)
    bca4:	90 01 00 14 	stw     r0,20(r1)
    bca8:	93 e1 00 0c 	stw     r31,12(r1)
    bcac:	41 82 01 40 	beq     bdec <_start+0xaca0>
    bcb0:	81 23 00 00 	lwz     r9,0(r3)
    bcb4:	2f 84 00 00 	cmpwi   cr7,r4,0
    bcb8:	41 9e 00 b8 	beq     cr7,bd70 <_start+0xac24>
    bcbc:	80 03 00 1c 	lwz     r0,28(r3)
    bcc0:	81 64 00 8e 	lwz     r11,142(r4)
    bcc4:	54 0a c7 fe 	rlwinm  r10,r0,24,31,31
    bcc8:	2f 8a 00 00 	cmpwi   cr7,r10,0
    bccc:	41 9e 00 a4 	beq     cr7,bd70 <_start+0xac24>
    bcd0:	70 0a 00 10 	andi.   r10,r0,16
    bcd4:	40 82 00 94 	bne     bd68 <_start+0xac1c>
    bcd8:	83 cb 00 20 	lwz     r30,32(r11)
    bcdc:	3d 60 00 02 	lis     r11,2
    bce0:	57 c0 20 36 	slwi    r0,r30,4
    bce4:	83 e3 00 00 	lwz     r31,0(r3)
    bce8:	39 6b 03 88 	addi    r11,r11,904
    bcec:	38 80 00 00 	li      r4,0
    bcf0:	7d 2b 02 14 	add     r9,r11,r0
    bcf4:	7c ab 00 2e 	lwzx    r5,r11,r0
    bcf8:	7f e3 fb 78 	mr      r3,r31
    bcfc:	81 09 00 0c 	lwz     r8,12(r9)
    bd00:	80 c9 00 04 	lwz     r6,4(r9)
    bd04:	80 e9 00 08 	lwz     r7,8(r9)
    bd08:	48 00 75 d5 	bl      132dc <_start+0x12190>
    bd0c:	7f e3 fb 78 	mr      r3,r31
    bd10:	38 80 00 01 	li      r4,1
    bd14:	48 00 75 8d 	bl      132a0 <_start+0x12154>
    bd18:	81 3f 00 18 	lwz     r9,24(r31)
    bd1c:	2f 9e 00 00 	cmpwi   cr7,r30,0
    bd20:	3d 60 ff f8 	lis     r11,-8
    bd24:	61 6b 04 0f 	ori     r11,r11,1039
    bd28:	80 09 00 8c 	lwz     r0,140(r9)
    bd2c:	7c 0b 58 38 	and     r11,r0,r11
    bd30:	61 60 10 00 	ori     r0,r11,4096
    bd34:	41 9e 00 08 	beq     cr7,bd3c <_start+0xabf0>
    bd38:	61 60 10 10 	ori     r0,r11,4112
    bd3c:	90 09 00 8c 	stw     r0,140(r9)
    bd40:	81 3f 00 18 	lwz     r9,24(r31)
    bd44:	80 09 00 0c 	lwz     r0,12(r9)
    bd48:	60 00 02 00 	ori     r0,r0,512
    bd4c:	90 09 00 0c 	stw     r0,12(r9)
    bd50:	80 01 00 14 	lwz     r0,20(r1)
    bd54:	83 c1 00 08 	lwz     r30,8(r1)
    bd58:	7c 08 03 a6 	mtlr    r0
    bd5c:	83 e1 00 0c 	lwz     r31,12(r1)
    bd60:	38 21 00 10 	addi    r1,r1,16
    bd64:	4e 80 00 20 	blr
    bd68:	83 c9 00 28 	lwz     r30,40(r9)
    bd6c:	4b ff ff 70 	b       bcdc <_start+0xab90>
    bd70:	41 82 00 84 	beq     bdf4 <_start+0xaca8>
    bd74:	83 e3 00 00 	lwz     r31,0(r3)
    bd78:	3d 60 00 02 	lis     r11,2
    bd7c:	7f e3 fb 78 	mr      r3,r31
    bd80:	39 2b 03 88 	addi    r9,r11,904
    bd84:	80 ab 03 88 	lwz     r5,904(r11)
    bd88:	38 80 00 00 	li      r4,0
    bd8c:	81 09 00 0c 	lwz     r8,12(r9)
    bd90:	80 c9 00 04 	lwz     r6,4(r9)
    bd94:	80 e9 00 08 	lwz     r7,8(r9)
    bd98:	48 00 75 45 	bl      132dc <_start+0x12190>
    bd9c:	7f e3 fb 78 	mr      r3,r31
    bda0:	38 80 00 01 	li      r4,1
    bda4:	48 00 74 fd 	bl      132a0 <_start+0x12154>
    bda8:	81 3f 00 18 	lwz     r9,24(r31)
    bdac:	3c 00 ff f8 	lis     r0,-8
    bdb0:	60 00 04 0f 	ori     r0,r0,1039
    bdb4:	81 69 00 8c 	lwz     r11,140(r9)
    bdb8:	7d 60 00 38 	and     r0,r11,r0
    bdbc:	60 00 10 00 	ori     r0,r0,4096
    bdc0:	90 09 00 8c 	stw     r0,140(r9)
    bdc4:	81 3f 00 18 	lwz     r9,24(r31)
    bdc8:	80 09 00 0c 	lwz     r0,12(r9)
    bdcc:	60 00 02 00 	ori     r0,r0,512
    bdd0:	90 09 00 0c 	stw     r0,12(r9)
    bdd4:	80 01 00 14 	lwz     r0,20(r1)
    bdd8:	83 c1 00 08 	lwz     r30,8(r1)
    bddc:	7c 08 03 a6 	mtlr    r0
    bde0:	83 e1 00 0c 	lwz     r31,12(r1)
    bde4:	38 21 00 10 	addi    r1,r1,16
    bde8:	4e 80 00 20 	blr
    bdec:	39 20 00 00 	li      r9,0
    bdf0:	4b ff fe c4 	b       bcb4 <_start+0xab68>
    bdf4:	3b e0 00 00 	li      r31,0
    bdf8:	4b ff ff 80 	b       bd78 <_start+0xac2c>
    bdfc:	94 21 ff d0 	stwu    r1,-48(r1)
    be00:	7d 80 00 26 	mfcr    r12
    be04:	7c 08 02 a6 	mflr    r0
    be08:	93 a1 00 24 	stw     r29,36(r1)
    be0c:	7c 7d 1b 79 	mr.     r29,r3
    be10:	93 c1 00 28 	stw     r30,40(r1)
    be14:	7c 9e 23 78 	mr      r30,r4
    be18:	90 01 00 34 	stw     r0,52(r1)
    be1c:	93 41 00 18 	stw     r26,24(r1)
    be20:	93 61 00 1c 	stw     r27,28(r1)
    be24:	93 81 00 20 	stw     r28,32(r1)
    be28:	93 e1 00 2c 	stw     r31,44(r1)
    be2c:	91 81 00 14 	stw     r12,20(r1)
    be30:	41 82 03 84 	beq     c1b4 <_start+0xb068>
    be34:	2e 1e 00 00 	cmpwi   cr4,r30,0
    be38:	83 fd 00 00 	lwz     r31,0(r29)
    be3c:	41 92 03 84 	beq     cr4,c1c0 <_start+0xb074>
    be40:	83 9e 00 8e 	lwz     r28,142(r30)
    be44:	93 df 01 44 	stw     r30,324(r31)
    be48:	41 82 03 84 	beq     c1cc <_start+0xb080>
    be4c:	81 3d 00 00 	lwz     r9,0(r29)
    be50:	41 92 02 5c 	beq     cr4,c0ac <_start+0xaf60>
    be54:	80 1d 00 1c 	lwz     r0,28(r29)
    be58:	81 7e 00 8e 	lwz     r11,142(r30)
    be5c:	54 0a c7 fe 	rlwinm  r10,r0,24,31,31
    be60:	2f 8a 00 00 	cmpwi   cr7,r10,0
    be64:	41 9e 02 48 	beq     cr7,c0ac <_start+0xaf60>
    be68:	70 0a 00 10 	andi.   r10,r0,16
    be6c:	40 82 02 0c 	bne     c078 <_start+0xaf2c>
    be70:	83 4b 00 20 	lwz     r26,32(r11)
    be74:	3d 60 00 02 	lis     r11,2
    be78:	57 40 20 36 	slwi    r0,r26,4
    be7c:	83 7d 00 00 	lwz     r27,0(r29)
    be80:	39 6b 03 88 	addi    r11,r11,904
    be84:	38 80 00 00 	li      r4,0
    be88:	7d 2b 02 14 	add     r9,r11,r0
    be8c:	7c ab 00 2e 	lwzx    r5,r11,r0
    be90:	7f 63 db 78 	mr      r3,r27
    be94:	81 09 00 0c 	lwz     r8,12(r9)
    be98:	80 c9 00 04 	lwz     r6,4(r9)
    be9c:	80 e9 00 08 	lwz     r7,8(r9)
    bea0:	48 00 74 3d 	bl      132dc <_start+0x12190>
    bea4:	7f 63 db 78 	mr      r3,r27
    bea8:	38 80 00 01 	li      r4,1
    beac:	48 00 73 f5 	bl      132a0 <_start+0x12154>
    beb0:	81 3b 00 18 	lwz     r9,24(r27)
    beb4:	2f 9a 00 00 	cmpwi   cr7,r26,0
    beb8:	3d 60 ff f8 	lis     r11,-8
    bebc:	61 6b 04 0f 	ori     r11,r11,1039
    bec0:	80 09 00 8c 	lwz     r0,140(r9)
    bec4:	7c 0b 58 38 	and     r11,r0,r11
    bec8:	61 60 10 00 	ori     r0,r11,4096
    becc:	41 9e 00 08 	beq     cr7,bed4 <_start+0xad88>
    bed0:	61 60 10 10 	ori     r0,r11,4112
    bed4:	90 09 00 8c 	stw     r0,140(r9)
    bed8:	81 3b 00 18 	lwz     r9,24(r27)
    bedc:	80 09 00 0c 	lwz     r0,12(r9)
    bee0:	60 00 02 00 	ori     r0,r0,512
    bee4:	90 09 00 0c 	stw     r0,12(r9)
    bee8:	80 1f 07 bc 	lwz     r0,1980(r31)
    beec:	70 09 00 01 	andi.   r9,r0,1
    bef0:	40 82 01 90 	bne     c080 <_start+0xaf34>
    bef4:	80 1c 00 28 	lwz     r0,40(r28)
    bef8:	90 1f 05 b4 	stw     r0,1460(r31)
    befc:	80 1c 00 2c 	lwz     r0,44(r28)
    bf00:	90 1f 05 cc 	stw     r0,1484(r31)
    bf04:	80 1d 00 1c 	lwz     r0,28(r29)
    bf08:	70 0a 00 02 	andi.   r10,r0,2
    bf0c:	40 82 01 90 	bne     c09c <_start+0xaf50>
    bf10:	a8 1e 00 0e 	lha     r0,14(r30)
    bf14:	38 60 ff fa 	li      r3,-6
    bf18:	2f 80 00 00 	cmpwi   cr7,r0,0
    bf1c:	41 9e 01 2c 	beq     cr7,c048 <_start+0xaefc>
    bf20:	a8 1e 00 12 	lha     r0,18(r30)
    bf24:	2f 80 00 00 	cmpwi   cr7,r0,0
    bf28:	41 9e 02 ac 	beq     cr7,c1d4 <_start+0xb088>
    bf2c:	81 3d 00 c0 	lwz     r9,192(r29)
    bf30:	7f a4 eb 78 	mr      r4,r29
    bf34:	7f c5 f3 78 	mr      r5,r30
    bf38:	80 09 00 74 	lwz     r0,116(r9)
    bf3c:	7d 23 4b 78 	mr      r3,r9
    bf40:	7c 09 03 a6 	mtctr   r0
    bf44:	4e 80 04 21 	bctrl
    bf48:	2f 83 ff f8 	cmpwi   cr7,r3,-8
    bf4c:	38 60 ff f8 	li      r3,-8
    bf50:	41 9e 00 f8 	beq     cr7,c048 <_start+0xaefc>
    bf54:	80 1e 00 76 	lwz     r0,118(r30)
    bf58:	81 3e 00 7e 	lwz     r9,126(r30)
    bf5c:	7c 09 01 d6 	mullw   r0,r9,r0
    bf60:	2f 80 0f ff 	cmpwi   cr7,r0,4095
    bf64:	40 9d 02 18 	ble     cr7,c17c <_start+0xb030>
    bf68:	80 1d 00 1c 	lwz     r0,28(r29)
    bf6c:	74 09 04 00 	andis.  r9,r0,1024
    bf70:	40 82 00 10 	bne     bf80 <_start+0xae34>
    bf74:	80 1f 00 00 	lwz     r0,0(r31)
    bf78:	70 0a 00 20 	andi.   r10,r0,32
    bf7c:	41 82 01 e8 	beq     c164 <_start+0xb018>
    bf80:	81 3f 00 18 	lwz     r9,24(r31)
    bf84:	3f c0 20 00 	lis     r30,8192
    bf88:	80 1c 00 30 	lwz     r0,48(r28)
    bf8c:	81 5c 00 34 	lwz     r10,52(r28)
    bf90:	90 09 01 2c 	stw     r0,300(r9)
    bf94:	80 09 00 18 	lwz     r0,24(r9)
    bf98:	81 3f 00 18 	lwz     r9,24(r31)
    bf9c:	54 00 04 1a 	rlwinm  r0,r0,0,16,13
    bfa0:	7c 00 53 78 	or      r0,r0,r10
    bfa4:	81 69 00 0c 	lwz     r11,12(r9)
    bfa8:	65 6b 04 00 	oris    r11,r11,1024
    bfac:	91 69 00 0c 	stw     r11,12(r9)
    bfb0:	81 3f 00 18 	lwz     r9,24(r31)
    bfb4:	90 09 00 18 	stw     r0,24(r9)
    bfb8:	7f e3 fb 78 	mr      r3,r31
    bfbc:	38 80 00 00 	li      r4,0
    bfc0:	38 a0 00 00 	li      r5,0
    bfc4:	81 3f 00 18 	lwz     r9,24(r31)
    bfc8:	80 09 00 0c 	lwz     r0,12(r9)
    bfcc:	60 00 00 02 	ori     r0,r0,2
    bfd0:	90 09 00 0c 	stw     r0,12(r9)
    bfd4:	80 dc 00 00 	lwz     r6,0(r28)
    bfd8:	48 00 73 4d 	bl      13324 <_start+0x121d8>
    bfdc:	80 dc 00 04 	lwz     r6,4(r28)
    bfe0:	38 80 00 00 	li      r4,0
    bfe4:	38 a0 00 01 	li      r5,1
    bfe8:	7f e3 fb 78 	mr      r3,r31
    bfec:	7f c6 33 78 	or      r6,r30,r6
    bff0:	48 00 73 35 	bl      13324 <_start+0x121d8>
    bff4:	80 dc 00 08 	lwz     r6,8(r28)
    bff8:	7f e3 fb 78 	mr      r3,r31
    bffc:	38 80 00 00 	li      r4,0
    c000:	38 a0 00 02 	li      r5,2
    c004:	48 00 73 21 	bl      13324 <_start+0x121d8>
    c008:	7f e3 fb 78 	mr      r3,r31
    c00c:	38 80 00 00 	li      r4,0
    c010:	38 a0 00 03 	li      r5,3
    c014:	3c c0 00 03 	lis     r6,3
    c018:	48 00 73 0d 	bl      13324 <_start+0x121d8>
    c01c:	80 1d 00 1c 	lwz     r0,28(r29)
    c020:	70 09 00 10 	andi.   r9,r0,16
    c024:	40 82 01 34 	bne     c158 <_start+0xb00c>
    c028:	80 1c 00 14 	lwz     r0,20(r28)
    c02c:	81 3f 00 18 	lwz     r9,24(r31)
    c030:	90 09 01 4c 	stw     r0,332(r9)
    c034:	38 60 00 00 	li      r3,0
    c038:	81 3f 00 18 	lwz     r9,24(r31)
    c03c:	80 09 00 0c 	lwz     r0,12(r9)
    c040:	64 00 40 00 	oris    r0,r0,16384
    c044:	90 09 00 0c 	stw     r0,12(r9)
    c048:	80 01 00 34 	lwz     r0,52(r1)
    c04c:	81 81 00 14 	lwz     r12,20(r1)
    c050:	7c 08 03 a6 	mtlr    r0
    c054:	83 41 00 18 	lwz     r26,24(r1)
    c058:	83 61 00 1c 	lwz     r27,28(r1)
    c05c:	7d 80 81 20 	mtcrf   8,r12
    c060:	83 81 00 20 	lwz     r28,32(r1)
    c064:	83 a1 00 24 	lwz     r29,36(r1)
    c068:	83 c1 00 28 	lwz     r30,40(r1)
    c06c:	83 e1 00 2c 	lwz     r31,44(r1)
    c070:	38 21 00 30 	addi    r1,r1,48
    c074:	4e 80 00 20 	blr
    c078:	83 49 00 28 	lwz     r26,40(r9)
    c07c:	4b ff fd f8 	b       be74 <_start+0xad28>
    c080:	3d 20 00 01 	lis     r9,1
    c084:	80 09 67 b0 	lwz     r0,26544(r9)
    c088:	90 1f 05 cc 	stw     r0,1484(r31)
    c08c:	90 1f 05 b4 	stw     r0,1460(r31)
    c090:	80 1d 00 1c 	lwz     r0,28(r29)
    c094:	70 0a 00 02 	andi.   r10,r0,2
    c098:	41 82 fe 78 	beq     bf10 <_start+0xadc4>
    c09c:	a8 1e 00 0e 	lha     r0,14(r30)
    c0a0:	2f 80 00 00 	cmpwi   cr7,r0,0
    c0a4:	41 9e fe 88 	beq     cr7,bf2c <_start+0xade0>
    c0a8:	4b ff fe 78 	b       bf20 <_start+0xadd4>
    c0ac:	41 82 01 64 	beq     c210 <_start+0xb0c4>
    c0b0:	83 7d 00 00 	lwz     r27,0(r29)
    c0b4:	3d 60 00 02 	lis     r11,2
    c0b8:	38 80 00 00 	li      r4,0
    c0bc:	39 2b 03 88 	addi    r9,r11,904
    c0c0:	80 ab 03 88 	lwz     r5,904(r11)
    c0c4:	7f 63 db 78 	mr      r3,r27
    c0c8:	81 09 00 0c 	lwz     r8,12(r9)
    c0cc:	80 c9 00 04 	lwz     r6,4(r9)
    c0d0:	80 e9 00 08 	lwz     r7,8(r9)
    c0d4:	48 00 72 09 	bl      132dc <_start+0x12190>
    c0d8:	7f 63 db 78 	mr      r3,r27
    c0dc:	38 80 00 01 	li      r4,1
    c0e0:	48 00 71 c1 	bl      132a0 <_start+0x12154>
    c0e4:	81 3b 00 18 	lwz     r9,24(r27)
    c0e8:	3c 00 ff f8 	lis     r0,-8
    c0ec:	60 00 04 0f 	ori     r0,r0,1039
    c0f0:	81 69 00 8c 	lwz     r11,140(r9)
    c0f4:	7d 60 00 38 	and     r0,r11,r0
    c0f8:	60 00 10 00 	ori     r0,r0,4096
    c0fc:	90 09 00 8c 	stw     r0,140(r9)
    c100:	81 3b 00 18 	lwz     r9,24(r27)
    c104:	80 09 00 0c 	lwz     r0,12(r9)
    c108:	60 00 02 00 	ori     r0,r0,512
    c10c:	90 09 00 0c 	stw     r0,12(r9)
    c110:	40 92 fd d8 	bne     cr4,bee8 <_start+0xad9c>
    c114:	38 80 00 00 	li      r4,0
    c118:	38 a0 00 00 	li      r5,0
    c11c:	38 c0 00 00 	li      r6,0
    c120:	7f e3 fb 78 	mr      r3,r31
    c124:	48 00 72 01 	bl      13324 <_start+0x121d8>
    c128:	7f e3 fb 78 	mr      r3,r31
    c12c:	38 80 00 00 	li      r4,0
    c130:	38 a0 00 01 	li      r5,1
    c134:	38 c0 00 00 	li      r6,0
    c138:	48 00 71 ed 	bl      13324 <_start+0x121d8>
    c13c:	7f e3 fb 78 	mr      r3,r31
    c140:	38 80 00 00 	li      r4,0
    c144:	38 a0 00 02 	li      r5,2
    c148:	38 c0 00 00 	li      r6,0
    c14c:	48 00 71 d9 	bl      13324 <_start+0x121d8>
    c150:	38 60 00 00 	li      r3,0
    c154:	4b ff fe f4 	b       c048 <_start+0xaefc>
    c158:	81 3f 00 18 	lwz     r9,24(r31)
    c15c:	80 1f 00 24 	lwz     r0,36(r31)
    c160:	4b ff fe d0 	b       c030 <_start+0xaee4>
    c164:	81 3f 00 18 	lwz     r9,24(r31)
    c168:	3b c0 00 00 	li      r30,0
    c16c:	80 09 00 18 	lwz     r0,24(r9)
    c170:	54 00 04 1a 	rlwinm  r0,r0,0,16,13
    c174:	64 00 00 01 	oris    r0,r0,1
    c178:	4b ff fe 3c 	b       bfb4 <_start+0xae68>
    c17c:	7f e3 fb 78 	mr      r3,r31
    c180:	38 80 00 00 	li      r4,0
    c184:	38 a0 00 02 	li      r5,2
    c188:	38 c0 00 00 	li      r6,0
    c18c:	48 00 71 99 	bl      13324 <_start+0x121d8>
    c190:	3d 20 00 02 	lis     r9,2
    c194:	80 9f 00 18 	lwz     r4,24(r31)
    c198:	81 29 03 74 	lwz     r9,884(r9)
    c19c:	80 09 00 3c 	lwz     r0,60(r9)
    c1a0:	3d 20 00 02 	lis     r9,2
    c1a4:	80 69 03 70 	lwz     r3,880(r9)
    c1a8:	7c 09 03 a6 	mtctr   r0
    c1ac:	4e 80 04 21 	bctrl
    c1b0:	4b ff fd b8 	b       bf68 <_start+0xae1c>
    c1b4:	2e 1e 00 00 	cmpwi   cr4,r30,0
    c1b8:	3b e0 00 00 	li      r31,0
    c1bc:	40 92 fc 84 	bne     cr4,be40 <_start+0xacf4>
    c1c0:	3b 80 00 00 	li      r28,0
    c1c4:	93 df 01 44 	stw     r30,324(r31)
    c1c8:	40 82 fc 84 	bne     be4c <_start+0xad00>
    c1cc:	39 20 00 00 	li      r9,0
    c1d0:	4b ff fc 80 	b       be50 <_start+0xad04>
    c1d4:	3f 60 00 02 	lis     r27,2
    c1d8:	7f c4 f3 78 	mr      r4,r30
    c1dc:	81 3b 03 48 	lwz     r9,840(r27)
    c1e0:	80 09 00 d8 	lwz     r0,216(r9)
    c1e4:	7d 23 4b 78 	mr      r3,r9
    c1e8:	7c 09 03 a6 	mtctr   r0
    c1ec:	4e 80 04 21 	bctrl
    c1f0:	81 3b 03 48 	lwz     r9,840(r27)
    c1f4:	38 9d 00 50 	addi    r4,r29,80
    c1f8:	7f c5 f3 78 	mr      r5,r30
    c1fc:	80 09 00 4c 	lwz     r0,76(r9)
    c200:	7d 23 4b 78 	mr      r3,r9
    c204:	7c 09 03 a6 	mtctr   r0
    c208:	4e 80 04 21 	bctrl
    c20c:	4b ff fd 48 	b       bf54 <_start+0xae08>
    c210:	3b 60 00 00 	li      r27,0
    c214:	4b ff fe a0 	b       c0b4 <_start+0xaf68>
    c218:	94 21 ff e0 	stwu    r1,-32(r1)
    c21c:	7c 08 02 a6 	mflr    r0
    c220:	93 e1 00 1c 	stw     r31,28(r1)
    c224:	7c 7f 1b 79 	mr.     r31,r3
    c228:	93 c1 00 18 	stw     r30,24(r1)
    c22c:	7c 9e 23 78 	mr      r30,r4
    c230:	90 01 00 24 	stw     r0,36(r1)
    c234:	93 a1 00 14 	stw     r29,20(r1)
    c238:	41 82 01 c4 	beq     c3fc <_start+0xb2b0>
    c23c:	83 bf 00 00 	lwz     r29,0(r31)
    c240:	80 1f 01 68 	lwz     r0,360(r31)
    c244:	2f 80 00 00 	cmpwi   cr7,r0,0
    c248:	41 9e 00 14 	beq     cr7,c25c <_start+0xb110>
    c24c:	7f e3 fb 78 	mr      r3,r31
    c250:	38 80 00 01 	li      r4,1
    c254:	38 a0 00 00 	li      r5,0
    c258:	4b ff dc 9d 	bl      9ef4 <_start+0x8da8>
    c25c:	80 1f 01 6c 	lwz     r0,364(r31)
    c260:	2f 80 00 00 	cmpwi   cr7,r0,0
    c264:	41 9e 00 14 	beq     cr7,c278 <_start+0xb12c>
    c268:	7f e3 fb 78 	mr      r3,r31
    c26c:	38 80 00 02 	li      r4,2
    c270:	38 a0 00 00 	li      r5,0
    c274:	4b ff dc 81 	bl      9ef4 <_start+0x8da8>
    c278:	80 1f 01 70 	lwz     r0,368(r31)
    c27c:	2f 80 00 00 	cmpwi   cr7,r0,0
    c280:	41 9e 00 14 	beq     cr7,c294 <_start+0xb148>
    c284:	7f e3 fb 78 	mr      r3,r31
    c288:	38 80 00 03 	li      r4,3
    c28c:	38 a0 00 00 	li      r5,0
    c290:	4b ff dc 65 	bl      9ef4 <_start+0x8da8>
    c294:	80 1f 01 74 	lwz     r0,372(r31)
    c298:	2f 80 00 00 	cmpwi   cr7,r0,0
    c29c:	41 9e 00 14 	beq     cr7,c2b0 <_start+0xb164>
    c2a0:	7f e3 fb 78 	mr      r3,r31
    c2a4:	38 80 00 04 	li      r4,4
    c2a8:	38 a0 00 00 	li      r5,0
    c2ac:	4b ff dc 49 	bl      9ef4 <_start+0x8da8>
    c2b0:	80 1f 01 78 	lwz     r0,376(r31)
    c2b4:	2f 80 00 00 	cmpwi   cr7,r0,0
    c2b8:	41 9e 00 14 	beq     cr7,c2cc <_start+0xb180>
    c2bc:	7f e3 fb 78 	mr      r3,r31
    c2c0:	38 80 00 05 	li      r4,5
    c2c4:	38 a0 00 00 	li      r5,0
    c2c8:	4b ff dc 2d 	bl      9ef4 <_start+0x8da8>
    c2cc:	80 1d 01 44 	lwz     r0,324(r29)
    c2d0:	7f 80 f0 00 	cmpw    cr7,r0,r30
    c2d4:	41 9e 00 18 	beq     cr7,c2ec <_start+0xb1a0>
    c2d8:	7f e3 fb 78 	mr      r3,r31
    c2dc:	7f c4 f3 78 	mr      r4,r30
    c2e0:	4b ff fb 1d 	bl      bdfc <_start+0xacb0>
    c2e4:	2c 03 00 00 	cmpwi   r3,0
    c2e8:	40 82 00 54 	bne     c33c <_start+0xb1f0>
    c2ec:	80 1f 00 1c 	lwz     r0,28(r31)
    c2f0:	81 3d 00 18 	lwz     r9,24(r29)
    c2f4:	70 0b 01 00 	andi.   r11,r0,256
    c2f8:	80 09 00 8c 	lwz     r0,140(r9)
    c2fc:	54 0b 06 f6 	rlwinm  r11,r0,0,27,27
    c300:	41 82 00 5c 	beq     c35c <_start+0xb210>
    c304:	2f 9e 00 00 	cmpwi   cr7,r30,0
    c308:	41 9e 00 50 	beq     cr7,c358 <_start+0xb20c>
    c30c:	70 0b 00 10 	andi.   r11,r0,16
    c310:	40 82 00 28 	bne     c338 <_start+0xb1ec>
    c314:	60 0b 00 10 	ori     r11,r0,16
    c318:	91 69 00 8c 	stw     r11,140(r9)
    c31c:	81 3d 00 18 	lwz     r9,24(r29)
    c320:	81 69 00 0c 	lwz     r11,12(r9)
    c324:	61 6b 02 00 	ori     r11,r11,512
    c328:	91 69 00 0c 	stw     r11,12(r9)
    c32c:	81 3f 00 1c 	lwz     r9,28(r31)
    c330:	71 2b 01 00 	andi.   r11,r9,256
    c334:	41 82 00 d0 	beq     c404 <_start+0xb2b8>
    c338:	38 60 00 00 	li      r3,0
    c33c:	80 01 00 24 	lwz     r0,36(r1)
    c340:	83 a1 00 14 	lwz     r29,20(r1)
    c344:	7c 08 03 a6 	mtlr    r0
    c348:	83 c1 00 18 	lwz     r30,24(r1)
    c34c:	83 e1 00 1c 	lwz     r31,28(r1)
    c350:	38 21 00 20 	addi    r1,r1,32
    c354:	4e 80 00 20 	blr
    c358:	54 0b 06 f6 	rlwinm  r11,r0,0,27,27
    c35c:	2f 8b 00 00 	cmpwi   cr7,r11,0
    c360:	40 9e ff d8 	bne     cr7,c338 <_start+0xb1ec>
    c364:	54 00 07 34 	rlwinm  r0,r0,0,28,26
    c368:	3d 60 00 02 	lis     r11,2
    c36c:	90 09 00 8c 	stw     r0,140(r9)
    c370:	39 2b 03 88 	addi    r9,r11,904
    c374:	38 80 00 00 	li      r4,0
    c378:	81 5d 00 18 	lwz     r10,24(r29)
    c37c:	80 0a 00 0c 	lwz     r0,12(r10)
    c380:	60 00 02 00 	ori     r0,r0,512
    c384:	90 0a 00 0c 	stw     r0,12(r10)
    c388:	83 ff 00 00 	lwz     r31,0(r31)
    c38c:	80 ab 03 88 	lwz     r5,904(r11)
    c390:	81 09 00 0c 	lwz     r8,12(r9)
    c394:	7f e3 fb 78 	mr      r3,r31
    c398:	80 c9 00 04 	lwz     r6,4(r9)
    c39c:	80 e9 00 08 	lwz     r7,8(r9)
    c3a0:	48 00 6f 3d 	bl      132dc <_start+0x12190>
    c3a4:	7f e3 fb 78 	mr      r3,r31
    c3a8:	38 80 00 01 	li      r4,1
    c3ac:	48 00 6e f5 	bl      132a0 <_start+0x12154>
    c3b0:	81 3f 00 18 	lwz     r9,24(r31)
    c3b4:	3c 00 ff f8 	lis     r0,-8
    c3b8:	38 60 00 00 	li      r3,0
    c3bc:	60 00 04 0f 	ori     r0,r0,1039
    c3c0:	81 69 00 8c 	lwz     r11,140(r9)
    c3c4:	7d 60 00 38 	and     r0,r11,r0
    c3c8:	60 00 10 00 	ori     r0,r0,4096
    c3cc:	90 09 00 8c 	stw     r0,140(r9)
    c3d0:	81 3f 00 18 	lwz     r9,24(r31)
    c3d4:	80 09 00 0c 	lwz     r0,12(r9)
    c3d8:	60 00 02 00 	ori     r0,r0,512
    c3dc:	90 09 00 0c 	stw     r0,12(r9)
    c3e0:	80 01 00 24 	lwz     r0,36(r1)
    c3e4:	83 a1 00 14 	lwz     r29,20(r1)
    c3e8:	7c 08 03 a6 	mtlr    r0
    c3ec:	83 c1 00 18 	lwz     r30,24(r1)
    c3f0:	83 e1 00 1c 	lwz     r31,28(r1)
    c3f4:	38 21 00 20 	addi    r1,r1,32
    c3f8:	4e 80 00 20 	blr
    c3fc:	3b a0 00 00 	li      r29,0
    c400:	4b ff fe 40 	b       c240 <_start+0xb0f4>
    c404:	81 3d 00 18 	lwz     r9,24(r29)
    c408:	4b ff ff 5c 	b       c364 <_start+0xb218>
    c40c:	a0 04 00 00 	lhz     r0,0(r4)
    c410:	a1 24 00 02 	lhz     r9,2(r4)
    c414:	54 00 80 1e 	slwi    r0,r0,16
    c418:	94 21 ff f0 	stwu    r1,-16(r1)
    c41c:	7d 20 03 78 	or      r0,r9,r0
    c420:	39 23 00 04 	addi    r9,r3,4
    c424:	90 03 00 00 	stw     r0,0(r3)
    c428:	70 80 00 07 	andi.   r0,r4,7
    c42c:	a0 04 00 04 	lhz     r0,4(r4)
    c430:	a1 64 00 06 	lhz     r11,6(r4)
    c434:	54 00 80 1e 	slwi    r0,r0,16
    c438:	7d 60 03 78 	or      r0,r11,r0
    c43c:	90 03 00 04 	stw     r0,4(r3)
    c440:	38 69 00 04 	addi    r3,r9,4
    c444:	40 82 00 44 	bne     c488 <_start+0xb33c>
    c448:	a1 04 00 0c 	lhz     r8,12(r4)
    c44c:	38 63 00 04 	addi    r3,r3,4
    c450:	a0 04 00 08 	lhz     r0,8(r4)
    c454:	a0 e4 00 0e 	lhz     r7,14(r4)
    c458:	55 08 80 1e 	slwi    r8,r8,16
    c45c:	a1 44 00 0a 	lhz     r10,10(r4)
    c460:	54 00 80 1e 	slwi    r0,r0,16
    c464:	7c ec 43 78 	or      r12,r7,r8
    c468:	7d 4b 03 78 	or      r11,r10,r0
    c46c:	91 61 00 08 	stw     r11,8(r1)
    c470:	91 81 00 0c 	stw     r12,12(r1)
    c474:	c9 a1 00 08 	lfd     f13,8(r1)
    c478:	38 21 00 10 	addi    r1,r1,16
    c47c:	fc 00 68 18 	frsp    f0,f13
    c480:	d0 09 00 04 	stfs    f0,4(r9)
    c484:	4e 80 00 20 	blr
    c488:	81 64 00 08 	lwz     r11,8(r4)
    c48c:	38 63 00 04 	addi    r3,r3,4
    c490:	81 84 00 0c 	lwz     r12,12(r4)
    c494:	91 61 00 08 	stw     r11,8(r1)
    c498:	91 81 00 0c 	stw     r12,12(r1)
    c49c:	c9 a1 00 08 	lfd     f13,8(r1)
    c4a0:	38 21 00 10 	addi    r1,r1,16
    c4a4:	fc 00 68 18 	frsp    f0,f13
    c4a8:	d0 09 00 04 	stfs    f0,4(r9)
    c4ac:	4e 80 00 20 	blr
    c4b0:	a0 04 00 00 	lhz     r0,0(r4)
    c4b4:	a1 24 00 02 	lhz     r9,2(r4)
    c4b8:	54 00 80 1e 	slwi    r0,r0,16
    c4bc:	94 21 ff e0 	stwu    r1,-32(r1)
    c4c0:	7d 20 03 78 	or      r0,r9,r0
    c4c4:	39 23 00 04 	addi    r9,r3,4
    c4c8:	90 03 00 00 	stw     r0,0(r3)
    c4cc:	70 80 00 07 	andi.   r0,r4,7
    c4d0:	a0 04 00 04 	lhz     r0,4(r4)
    c4d4:	a1 64 00 06 	lhz     r11,6(r4)
    c4d8:	54 00 80 1e 	slwi    r0,r0,16
    c4dc:	7d 60 03 78 	or      r0,r11,r0
    c4e0:	39 69 00 04 	addi    r11,r9,4
    c4e4:	90 03 00 04 	stw     r0,4(r3)
    c4e8:	41 82 00 d4 	beq     c5bc <_start+0xb470>
    c4ec:	80 e4 00 08 	lwz     r7,8(r4)
    c4f0:	39 6b 00 04 	addi    r11,r11,4
    c4f4:	81 04 00 0c 	lwz     r8,12(r4)
    c4f8:	90 e1 00 10 	stw     r7,16(r1)
    c4fc:	91 01 00 14 	stw     r8,20(r1)
    c500:	c9 81 00 10 	lfd     f12,16(r1)
    c504:	fc 00 60 18 	frsp    f0,f12
    c508:	d0 09 00 04 	stfs    f0,4(r9)
    c50c:	2f 86 00 00 	cmpwi   cr7,r6,0
    c510:	a1 44 00 14 	lhz     r10,20(r4)
    c514:	a0 04 00 18 	lhz     r0,24(r4)
    c518:	a1 04 00 16 	lhz     r8,22(r4)
    c51c:	55 4a 80 1e 	slwi    r10,r10,16
    c520:	a1 24 00 1a 	lhz     r9,26(r4)
    c524:	54 00 80 1e 	slwi    r0,r0,16
    c528:	7d 08 53 78 	or      r8,r8,r10
    c52c:	7d 29 03 78 	or      r9,r9,r0
    c530:	91 01 00 0c 	stw     r8,12(r1)
    c534:	91 21 00 08 	stw     r9,8(r1)
    c538:	41 9e 00 24 	beq     cr7,c55c <_start+0xb410>
    c53c:	c1 a6 00 2c 	lfs     f13,44(r6)
    c540:	c1 81 00 08 	lfs     f12,8(r1)
    c544:	c0 06 00 28 	lfs     f0,40(r6)
    c548:	ed 8c 03 72 	fmuls   f12,f12,f13
    c54c:	c1 a1 00 0c 	lfs     f13,12(r1)
    c550:	ed ad 00 32 	fmuls   f13,f13,f0
    c554:	d1 81 00 08 	stfs    f12,8(r1)
    c558:	d1 a1 00 0c 	stfs    f13,12(r1)
    c55c:	80 05 00 1c 	lwz     r0,28(r5)
    c560:	70 09 02 00 	andi.   r9,r0,512
    c564:	41 82 00 94 	beq     c5f8 <_start+0xb4ac>
    c568:	a0 04 00 10 	lhz     r0,16(r4)
    c56c:	38 6b 00 04 	addi    r3,r11,4
    c570:	a1 24 00 12 	lhz     r9,18(r4)
    c574:	54 00 80 1e 	slwi    r0,r0,16
    c578:	c1 a1 00 08 	lfs     f13,8(r1)
    c57c:	7d 20 03 78 	or      r0,r9,r0
    c580:	c0 01 00 0c 	lfs     f0,12(r1)
    c584:	90 01 00 18 	stw     r0,24(r1)
    c588:	c1 81 00 18 	lfs     f12,24(r1)
    c58c:	ed ad 03 32 	fmuls   f13,f13,f12
    c590:	ec 00 03 32 	fmuls   f0,f0,f12
    c594:	d1 a1 00 08 	stfs    f13,8(r1)
    c598:	d0 01 00 0c 	stfs    f0,12(r1)
    c59c:	81 21 00 08 	lwz     r9,8(r1)
    c5a0:	91 2b 00 04 	stw     r9,4(r11)
    c5a4:	81 21 00 0c 	lwz     r9,12(r1)
    c5a8:	38 21 00 20 	addi    r1,r1,32
    c5ac:	91 2b 00 00 	stw     r9,0(r11)
    c5b0:	90 03 00 04 	stw     r0,4(r3)
    c5b4:	38 63 00 08 	addi    r3,r3,8
    c5b8:	4e 80 00 20 	blr
    c5bc:	a0 64 00 0c 	lhz     r3,12(r4)
    c5c0:	39 6b 00 04 	addi    r11,r11,4
    c5c4:	a0 04 00 08 	lhz     r0,8(r4)
    c5c8:	a1 84 00 0e 	lhz     r12,14(r4)
    c5cc:	54 63 80 1e 	slwi    r3,r3,16
    c5d0:	a1 44 00 0a 	lhz     r10,10(r4)
    c5d4:	54 00 80 1e 	slwi    r0,r0,16
    c5d8:	7d 88 1b 78 	or      r8,r12,r3
    c5dc:	7d 47 03 78 	or      r7,r10,r0
    c5e0:	90 e1 00 10 	stw     r7,16(r1)
    c5e4:	91 01 00 14 	stw     r8,20(r1)
    c5e8:	c9 a1 00 10 	lfd     f13,16(r1)
    c5ec:	fc 00 68 18 	frsp    f0,f13
    c5f0:	d0 09 00 04 	stfs    f0,4(r9)
    c5f4:	4b ff ff 18 	b       c50c <_start+0xb3c0>
    c5f8:	3d 20 00 01 	lis     r9,1
    c5fc:	38 6b 00 04 	addi    r3,r11,4
    c600:	80 09 67 b0 	lwz     r0,26544(r9)
    c604:	81 21 00 08 	lwz     r9,8(r1)
    c608:	91 2b 00 04 	stw     r9,4(r11)
    c60c:	81 21 00 0c 	lwz     r9,12(r1)
    c610:	38 21 00 20 	addi    r1,r1,32
    c614:	91 2b 00 00 	stw     r9,0(r11)
    c618:	90 03 00 04 	stw     r0,4(r3)
    c61c:	38 63 00 08 	addi    r3,r3,8
    c620:	4e 80 00 20 	blr
    c624:	a0 04 00 00 	lhz     r0,0(r4)
    c628:	a1 24 00 02 	lhz     r9,2(r4)
    c62c:	54 00 80 1e 	slwi    r0,r0,16
    c630:	94 21 ff e0 	stwu    r1,-32(r1)
    c634:	7d 20 03 78 	or      r0,r9,r0
    c638:	39 23 00 04 	addi    r9,r3,4
    c63c:	90 03 00 00 	stw     r0,0(r3)
    c640:	70 80 00 07 	andi.   r0,r4,7
    c644:	a0 04 00 04 	lhz     r0,4(r4)
    c648:	a1 64 00 06 	lhz     r11,6(r4)
    c64c:	54 00 80 1e 	slwi    r0,r0,16
    c650:	7d 60 03 78 	or      r0,r11,r0
    c654:	90 03 00 04 	stw     r0,4(r3)
    c658:	38 69 00 04 	addi    r3,r9,4
    c65c:	40 82 01 08 	bne     c764 <_start+0xb618>
    c660:	a1 04 00 0c 	lhz     r8,12(r4)
    c664:	38 63 00 04 	addi    r3,r3,4
    c668:	a0 04 00 08 	lhz     r0,8(r4)
    c66c:	a0 e4 00 0e 	lhz     r7,14(r4)
    c670:	55 08 80 1e 	slwi    r8,r8,16
    c674:	a1 44 00 0a 	lhz     r10,10(r4)
    c678:	54 00 80 1e 	slwi    r0,r0,16
    c67c:	7c ec 43 78 	or      r12,r7,r8
    c680:	7d 4b 03 78 	or      r11,r10,r0
    c684:	91 61 00 08 	stw     r11,8(r1)
    c688:	91 81 00 0c 	stw     r12,12(r1)
    c68c:	c9 a1 00 08 	lfd     f13,8(r1)
    c690:	fc 00 68 18 	frsp    f0,f13
    c694:	d0 09 00 04 	stfs    f0,4(r9)
    c698:	a1 44 00 24 	lhz     r10,36(r4)
    c69c:	3d 20 00 01 	lis     r9,1
    c6a0:	a0 c4 00 26 	lhz     r6,38(r4)
    c6a4:	55 4a 80 1e 	slwi    r10,r10,16
    c6a8:	c1 a9 63 9c 	lfs     f13,25500(r9)
    c6ac:	3d 20 00 01 	lis     r9,1
    c6b0:	7c ca 53 78 	or      r10,r6,r10
    c6b4:	c0 09 63 a0 	lfs     f0,25504(r9)
    c6b8:	91 41 00 10 	stw     r10,16(r1)
    c6bc:	a0 04 00 28 	lhz     r0,40(r4)
    c6c0:	a1 04 00 2a 	lhz     r8,42(r4)
    c6c4:	c1 81 00 10 	lfs     f12,16(r1)
    c6c8:	54 00 80 1e 	slwi    r0,r0,16
    c6cc:	7d 00 03 78 	or      r0,r8,r0
    c6d0:	a1 64 00 20 	lhz     r11,32(r4)
    c6d4:	a0 e4 00 22 	lhz     r7,34(r4)
    c6d8:	ed 8d 03 3a 	fmadds  f12,f13,f12,f0
    c6dc:	55 6b 80 1e 	slwi    r11,r11,16
    c6e0:	a1 24 00 2c 	lhz     r9,44(r4)
    c6e4:	7c eb 5b 78 	or      r11,r7,r11
    c6e8:	a1 04 00 2e 	lhz     r8,46(r4)
    c6ec:	55 29 80 1e 	slwi    r9,r9,16
    c6f0:	d1 81 00 10 	stfs    f12,16(r1)
    c6f4:	7d 09 4b 78 	or      r9,r8,r9
    c6f8:	81 41 00 10 	lwz     r10,16(r1)
    c6fc:	90 01 00 10 	stw     r0,16(r1)
    c700:	55 4a 44 2e 	rlwinm  r10,r10,8,16,23
    c704:	c1 81 00 10 	lfs     f12,16(r1)
    c708:	ed 8d 03 3a 	fmadds  f12,f13,f12,f0
    c70c:	d1 81 00 10 	stfs    f12,16(r1)
    c710:	80 01 00 10 	lwz     r0,16(r1)
    c714:	91 61 00 10 	stw     r11,16(r1)
    c718:	54 00 82 1e 	rlwinm  r0,r0,16,8,15
    c71c:	7d 40 03 78 	or      r0,r10,r0
    c720:	c1 81 00 10 	lfs     f12,16(r1)
    c724:	ed 8d 03 3a 	fmadds  f12,f13,f12,f0
    c728:	d1 81 00 10 	stfs    f12,16(r1)
    c72c:	81 61 00 10 	lwz     r11,16(r1)
    c730:	91 21 00 10 	stw     r9,16(r1)
    c734:	55 6b 06 3e 	clrlwi  r11,r11,24
    c738:	7c 00 5b 78 	or      r0,r0,r11
    c73c:	c1 81 00 10 	lfs     f12,16(r1)
    c740:	ec 0d 03 3a 	fmadds  f0,f13,f12,f0
    c744:	d0 01 00 10 	stfs    f0,16(r1)
    c748:	81 21 00 10 	lwz     r9,16(r1)
    c74c:	38 21 00 20 	addi    r1,r1,32
    c750:	55 29 c0 0e 	slwi    r9,r9,24
    c754:	7c 00 4b 78 	or      r0,r0,r9
    c758:	90 03 00 00 	stw     r0,0(r3)
    c75c:	38 63 00 04 	addi    r3,r3,4
    c760:	4e 80 00 20 	blr
    c764:	81 64 00 08 	lwz     r11,8(r4)
    c768:	38 63 00 04 	addi    r3,r3,4
    c76c:	81 84 00 0c 	lwz     r12,12(r4)
    c770:	91 61 00 08 	stw     r11,8(r1)
    c774:	91 81 00 0c 	stw     r12,12(r1)
    c778:	c9 81 00 08 	lfd     f12,8(r1)
    c77c:	fc 00 60 18 	frsp    f0,f12
    c780:	d0 09 00 04 	stfs    f0,4(r9)
    c784:	4b ff ff 14 	b       c698 <_start+0xb54c>
    c788:	a0 04 00 00 	lhz     r0,0(r4)
    c78c:	a1 24 00 02 	lhz     r9,2(r4)
    c790:	54 00 80 1e 	slwi    r0,r0,16
    c794:	94 21 ff e0 	stwu    r1,-32(r1)
    c798:	7d 20 03 78 	or      r0,r9,r0
    c79c:	39 23 00 04 	addi    r9,r3,4
    c7a0:	90 03 00 00 	stw     r0,0(r3)
    c7a4:	70 80 00 07 	andi.   r0,r4,7
    c7a8:	a0 04 00 04 	lhz     r0,4(r4)
    c7ac:	a1 64 00 06 	lhz     r11,6(r4)
    c7b0:	54 00 80 1e 	slwi    r0,r0,16
    c7b4:	7d 60 03 78 	or      r0,r11,r0
    c7b8:	39 69 00 04 	addi    r11,r9,4
    c7bc:	90 03 00 04 	stw     r0,4(r3)
    c7c0:	41 82 01 98 	beq     c958 <_start+0xb80c>
    c7c4:	80 e4 00 08 	lwz     r7,8(r4)
    c7c8:	39 6b 00 04 	addi    r11,r11,4
    c7cc:	81 04 00 0c 	lwz     r8,12(r4)
    c7d0:	90 e1 00 10 	stw     r7,16(r1)
    c7d4:	91 01 00 14 	stw     r8,20(r1)
    c7d8:	c9 81 00 10 	lfd     f12,16(r1)
    c7dc:	fc 00 60 18 	frsp    f0,f12
    c7e0:	d0 09 00 04 	stfs    f0,4(r9)
    c7e4:	a1 04 00 24 	lhz     r8,36(r4)
    c7e8:	3d 20 00 01 	lis     r9,1
    c7ec:	2f 86 00 00 	cmpwi   cr7,r6,0
    c7f0:	a1 84 00 26 	lhz     r12,38(r4)
    c7f4:	55 08 80 1e 	slwi    r8,r8,16
    c7f8:	c1 a9 63 9c 	lfs     f13,25500(r9)
    c7fc:	3d 20 00 01 	lis     r9,1
    c800:	7d 88 43 78 	or      r8,r12,r8
    c804:	c0 09 63 a0 	lfs     f0,25504(r9)
    c808:	91 01 00 18 	stw     r8,24(r1)
    c80c:	a0 04 00 28 	lhz     r0,40(r4)
    c810:	a0 e4 00 2a 	lhz     r7,42(r4)
    c814:	c1 81 00 18 	lfs     f12,24(r1)
    c818:	54 00 80 1e 	slwi    r0,r0,16
    c81c:	7c e0 03 78 	or      r0,r7,r0
    c820:	a1 44 00 20 	lhz     r10,32(r4)
    c824:	a0 64 00 22 	lhz     r3,34(r4)
    c828:	ed 8d 03 3a 	fmadds  f12,f13,f12,f0
    c82c:	55 4a 80 1e 	slwi    r10,r10,16
    c830:	a1 24 00 2c 	lhz     r9,44(r4)
    c834:	7c 6a 53 78 	or      r10,r3,r10
    c838:	a0 e4 00 2e 	lhz     r7,46(r4)
    c83c:	55 29 80 1e 	slwi    r9,r9,16
    c840:	d1 81 00 18 	stfs    f12,24(r1)
    c844:	7c e9 4b 78 	or      r9,r7,r9
    c848:	81 01 00 18 	lwz     r8,24(r1)
    c84c:	90 01 00 18 	stw     r0,24(r1)
    c850:	55 08 44 2e 	rlwinm  r8,r8,8,16,23
    c854:	c1 81 00 18 	lfs     f12,24(r1)
    c858:	ed 8d 03 3a 	fmadds  f12,f13,f12,f0
    c85c:	d1 81 00 18 	stfs    f12,24(r1)
    c860:	80 01 00 18 	lwz     r0,24(r1)
    c864:	91 41 00 18 	stw     r10,24(r1)
    c868:	54 00 82 1e 	rlwinm  r0,r0,16,8,15
    c86c:	7d 00 03 78 	or      r0,r8,r0
    c870:	c1 81 00 18 	lfs     f12,24(r1)
    c874:	ed 8d 03 3a 	fmadds  f12,f13,f12,f0
    c878:	d1 81 00 18 	stfs    f12,24(r1)
    c87c:	81 41 00 18 	lwz     r10,24(r1)
    c880:	91 21 00 18 	stw     r9,24(r1)
    c884:	55 4a 06 3e 	clrlwi  r10,r10,24
    c888:	7c 00 53 78 	or      r0,r0,r10
    c88c:	c1 81 00 18 	lfs     f12,24(r1)
    c890:	ec 0d 03 3a 	fmadds  f0,f13,f12,f0
    c894:	d0 01 00 18 	stfs    f0,24(r1)
    c898:	81 21 00 18 	lwz     r9,24(r1)
    c89c:	55 29 c0 0e 	slwi    r9,r9,24
    c8a0:	7c 00 4b 78 	or      r0,r0,r9
    c8a4:	39 2b 00 04 	addi    r9,r11,4
    c8a8:	90 0b 00 00 	stw     r0,0(r11)
    c8ac:	a1 44 00 14 	lhz     r10,20(r4)
    c8b0:	a0 04 00 18 	lhz     r0,24(r4)
    c8b4:	a1 04 00 16 	lhz     r8,22(r4)
    c8b8:	55 4a 80 1e 	slwi    r10,r10,16
    c8bc:	a1 64 00 1a 	lhz     r11,26(r4)
    c8c0:	54 00 80 1e 	slwi    r0,r0,16
    c8c4:	7d 08 53 78 	or      r8,r8,r10
    c8c8:	7d 6b 03 78 	or      r11,r11,r0
    c8cc:	91 01 00 0c 	stw     r8,12(r1)
    c8d0:	91 61 00 08 	stw     r11,8(r1)
    c8d4:	41 9e 00 24 	beq     cr7,c8f8 <_start+0xb7ac>
    c8d8:	c1 a6 00 2c 	lfs     f13,44(r6)
    c8dc:	c1 81 00 08 	lfs     f12,8(r1)
    c8e0:	c0 06 00 28 	lfs     f0,40(r6)
    c8e4:	ed 8c 03 72 	fmuls   f12,f12,f13
    c8e8:	c1 a1 00 0c 	lfs     f13,12(r1)
    c8ec:	ed ad 00 32 	fmuls   f13,f13,f0
    c8f0:	d1 81 00 08 	stfs    f12,8(r1)
    c8f4:	d1 a1 00 0c 	stfs    f13,12(r1)
    c8f8:	80 05 00 1c 	lwz     r0,28(r5)
    c8fc:	70 0b 02 00 	andi.   r11,r0,512
    c900:	41 82 00 94 	beq     c994 <_start+0xb848>
    c904:	a0 04 00 10 	lhz     r0,16(r4)
    c908:	38 69 00 04 	addi    r3,r9,4
    c90c:	a1 64 00 12 	lhz     r11,18(r4)
    c910:	54 00 80 1e 	slwi    r0,r0,16
    c914:	c1 a1 00 08 	lfs     f13,8(r1)
    c918:	7d 60 03 78 	or      r0,r11,r0
    c91c:	c0 01 00 0c 	lfs     f0,12(r1)
    c920:	90 01 00 18 	stw     r0,24(r1)
    c924:	c1 81 00 18 	lfs     f12,24(r1)
    c928:	ed ad 03 32 	fmuls   f13,f13,f12
    c92c:	ec 00 03 32 	fmuls   f0,f0,f12
    c930:	d1 a1 00 08 	stfs    f13,8(r1)
    c934:	d0 01 00 0c 	stfs    f0,12(r1)
    c938:	81 61 00 08 	lwz     r11,8(r1)
    c93c:	91 69 00 04 	stw     r11,4(r9)
    c940:	81 61 00 0c 	lwz     r11,12(r1)
    c944:	38 21 00 20 	addi    r1,r1,32
    c948:	91 69 00 00 	stw     r11,0(r9)
    c94c:	90 03 00 04 	stw     r0,4(r3)
    c950:	38 63 00 08 	addi    r3,r3,8
    c954:	4e 80 00 20 	blr
    c958:	a0 64 00 0c 	lhz     r3,12(r4)
    c95c:	39 6b 00 04 	addi    r11,r11,4
    c960:	a0 04 00 08 	lhz     r0,8(r4)
    c964:	a1 84 00 0e 	lhz     r12,14(r4)
    c968:	54 63 80 1e 	slwi    r3,r3,16
    c96c:	a1 44 00 0a 	lhz     r10,10(r4)
    c970:	54 00 80 1e 	slwi    r0,r0,16
    c974:	7d 88 1b 78 	or      r8,r12,r3
    c978:	7d 47 03 78 	or      r7,r10,r0
    c97c:	90 e1 00 10 	stw     r7,16(r1)
    c980:	91 01 00 14 	stw     r8,20(r1)
    c984:	c9 a1 00 10 	lfd     f13,16(r1)
    c988:	fc 00 68 18 	frsp    f0,f13
    c98c:	d0 09 00 04 	stfs    f0,4(r9)
    c990:	4b ff fe 54 	b       c7e4 <_start+0xb698>
    c994:	3d 60 00 01 	lis     r11,1
    c998:	38 69 00 04 	addi    r3,r9,4
    c99c:	80 0b 67 b0 	lwz     r0,26544(r11)
    c9a0:	81 61 00 08 	lwz     r11,8(r1)
    c9a4:	91 69 00 04 	stw     r11,4(r9)
    c9a8:	81 61 00 0c 	lwz     r11,12(r1)
    c9ac:	38 21 00 20 	addi    r1,r1,32
    c9b0:	91 69 00 00 	stw     r11,0(r9)
    c9b4:	90 03 00 04 	stw     r0,4(r3)
    c9b8:	38 63 00 08 	addi    r3,r3,8
    c9bc:	4e 80 00 20 	blr
    c9c0:	a0 04 00 00 	lhz     r0,0(r4)
    c9c4:	a1 24 00 02 	lhz     r9,2(r4)
    c9c8:	54 00 80 1e 	slwi    r0,r0,16
    c9cc:	94 21 ff f0 	stwu    r1,-16(r1)
    c9d0:	7d 20 03 78 	or      r0,r9,r0
    c9d4:	39 23 00 04 	addi    r9,r3,4
    c9d8:	90 03 00 00 	stw     r0,0(r3)
    c9dc:	70 80 00 07 	andi.   r0,r4,7
    c9e0:	a0 04 00 04 	lhz     r0,4(r4)
    c9e4:	a1 64 00 06 	lhz     r11,6(r4)
    c9e8:	54 00 80 1e 	slwi    r0,r0,16
    c9ec:	7d 60 03 78 	or      r0,r11,r0
    c9f0:	90 03 00 04 	stw     r0,4(r3)
    c9f4:	38 69 00 04 	addi    r3,r9,4
    c9f8:	40 82 00 50 	bne     ca48 <_start+0xb8fc>
    c9fc:	a1 04 00 0c 	lhz     r8,12(r4)
    ca00:	38 63 00 04 	addi    r3,r3,4
    ca04:	a0 04 00 08 	lhz     r0,8(r4)
    ca08:	a0 e4 00 0e 	lhz     r7,14(r4)
    ca0c:	55 08 80 1e 	slwi    r8,r8,16
    ca10:	a1 44 00 0a 	lhz     r10,10(r4)
    ca14:	54 00 80 1e 	slwi    r0,r0,16
    ca18:	7c ec 43 78 	or      r12,r7,r8
    ca1c:	7d 4b 03 78 	or      r11,r10,r0
    ca20:	38 00 00 00 	li      r0,0
    ca24:	91 61 00 08 	stw     r11,8(r1)
    ca28:	91 81 00 0c 	stw     r12,12(r1)
    ca2c:	c9 a1 00 08 	lfd     f13,8(r1)
    ca30:	38 21 00 10 	addi    r1,r1,16
    ca34:	fc 00 68 18 	frsp    f0,f13
    ca38:	d0 09 00 04 	stfs    f0,4(r9)
    ca3c:	90 03 00 00 	stw     r0,0(r3)
    ca40:	38 63 00 04 	addi    r3,r3,4
    ca44:	4e 80 00 20 	blr
    ca48:	81 64 00 08 	lwz     r11,8(r4)
    ca4c:	38 63 00 04 	addi    r3,r3,4
    ca50:	38 00 00 00 	li      r0,0
    ca54:	81 84 00 0c 	lwz     r12,12(r4)
    ca58:	91 61 00 08 	stw     r11,8(r1)
    ca5c:	91 81 00 0c 	stw     r12,12(r1)
    ca60:	c9 a1 00 08 	lfd     f13,8(r1)
    ca64:	38 21 00 10 	addi    r1,r1,16
    ca68:	fc 00 68 18 	frsp    f0,f13
    ca6c:	d0 09 00 04 	stfs    f0,4(r9)
    ca70:	90 03 00 00 	stw     r0,0(r3)
    ca74:	38 63 00 04 	addi    r3,r3,4
    ca78:	4e 80 00 20 	blr
    ca7c:	a0 04 00 00 	lhz     r0,0(r4)
    ca80:	a1 24 00 02 	lhz     r9,2(r4)
    ca84:	54 00 80 1e 	slwi    r0,r0,16
    ca88:	94 21 ff e0 	stwu    r1,-32(r1)
    ca8c:	7d 20 03 78 	or      r0,r9,r0
    ca90:	39 23 00 04 	addi    r9,r3,4
    ca94:	90 03 00 00 	stw     r0,0(r3)
    ca98:	70 80 00 07 	andi.   r0,r4,7
    ca9c:	a0 04 00 04 	lhz     r0,4(r4)
    caa0:	a1 64 00 06 	lhz     r11,6(r4)
    caa4:	54 00 80 1e 	slwi    r0,r0,16
    caa8:	7d 60 03 78 	or      r0,r11,r0
    caac:	39 69 00 04 	addi    r11,r9,4
    cab0:	90 03 00 04 	stw     r0,4(r3)
    cab4:	41 82 00 e0 	beq     cb94 <_start+0xba48>
    cab8:	80 e4 00 08 	lwz     r7,8(r4)
    cabc:	39 6b 00 04 	addi    r11,r11,4
    cac0:	81 04 00 0c 	lwz     r8,12(r4)
    cac4:	90 e1 00 10 	stw     r7,16(r1)
    cac8:	91 01 00 14 	stw     r8,20(r1)
    cacc:	c9 81 00 10 	lfd     f12,16(r1)
    cad0:	fc 00 60 18 	frsp    f0,f12
    cad4:	d0 09 00 04 	stfs    f0,4(r9)
    cad8:	38 00 00 00 	li      r0,0
    cadc:	2f 86 00 00 	cmpwi   cr7,r6,0
    cae0:	90 0b 00 00 	stw     r0,0(r11)
    cae4:	39 2b 00 04 	addi    r9,r11,4
    cae8:	a1 44 00 14 	lhz     r10,20(r4)
    caec:	a0 04 00 18 	lhz     r0,24(r4)
    caf0:	a1 04 00 16 	lhz     r8,22(r4)
    caf4:	55 4a 80 1e 	slwi    r10,r10,16
    caf8:	a1 64 00 1a 	lhz     r11,26(r4)
    cafc:	54 00 80 1e 	slwi    r0,r0,16
    cb00:	7d 08 53 78 	or      r8,r8,r10
    cb04:	7d 6b 03 78 	or      r11,r11,r0
    cb08:	91 01 00 0c 	stw     r8,12(r1)
    cb0c:	91 61 00 08 	stw     r11,8(r1)
    cb10:	41 9e 00 24 	beq     cr7,cb34 <_start+0xb9e8>
    cb14:	c1 a6 00 2c 	lfs     f13,44(r6)
    cb18:	c1 81 00 08 	lfs     f12,8(r1)
    cb1c:	c0 06 00 28 	lfs     f0,40(r6)
    cb20:	ed 8c 03 72 	fmuls   f12,f12,f13
    cb24:	c1 a1 00 0c 	lfs     f13,12(r1)
    cb28:	ed ad 00 32 	fmuls   f13,f13,f0
    cb2c:	d1 81 00 08 	stfs    f12,8(r1)
    cb30:	d1 a1 00 0c 	stfs    f13,12(r1)
    cb34:	80 05 00 1c 	lwz     r0,28(r5)
    cb38:	70 0b 02 00 	andi.   r11,r0,512
    cb3c:	41 82 00 94 	beq     cbd0 <_start+0xba84>
    cb40:	a0 04 00 10 	lhz     r0,16(r4)
    cb44:	38 69 00 04 	addi    r3,r9,4
    cb48:	a1 64 00 12 	lhz     r11,18(r4)
    cb4c:	54 00 80 1e 	slwi    r0,r0,16
    cb50:	c1 a1 00 08 	lfs     f13,8(r1)
    cb54:	7d 60 03 78 	or      r0,r11,r0
    cb58:	c0 01 00 0c 	lfs     f0,12(r1)
    cb5c:	90 01 00 18 	stw     r0,24(r1)
    cb60:	c1 81 00 18 	lfs     f12,24(r1)
    cb64:	ed ad 03 32 	fmuls   f13,f13,f12
    cb68:	ec 00 03 32 	fmuls   f0,f0,f12
    cb6c:	d1 a1 00 08 	stfs    f13,8(r1)
    cb70:	d0 01 00 0c 	stfs    f0,12(r1)
    cb74:	81 61 00 08 	lwz     r11,8(r1)
    cb78:	91 69 00 04 	stw     r11,4(r9)
    cb7c:	81 61 00 0c 	lwz     r11,12(r1)
    cb80:	38 21 00 20 	addi    r1,r1,32
    cb84:	91 69 00 00 	stw     r11,0(r9)
    cb88:	90 03 00 04 	stw     r0,4(r3)
    cb8c:	38 63 00 08 	addi    r3,r3,8
    cb90:	4e 80 00 20 	blr
    cb94:	a0 64 00 0c 	lhz     r3,12(r4)
    cb98:	39 6b 00 04 	addi    r11,r11,4
    cb9c:	a0 04 00 08 	lhz     r0,8(r4)
    cba0:	a1 84 00 0e 	lhz     r12,14(r4)
    cba4:	54 63 80 1e 	slwi    r3,r3,16
    cba8:	a1 44 00 0a 	lhz     r10,10(r4)
    cbac:	54 00 80 1e 	slwi    r0,r0,16
    cbb0:	7d 88 1b 78 	or      r8,r12,r3
    cbb4:	7d 47 03 78 	or      r7,r10,r0
    cbb8:	90 e1 00 10 	stw     r7,16(r1)
    cbbc:	91 01 00 14 	stw     r8,20(r1)
    cbc0:	c9 a1 00 10 	lfd     f13,16(r1)
    cbc4:	fc 00 68 18 	frsp    f0,f13
    cbc8:	d0 09 00 04 	stfs    f0,4(r9)
    cbcc:	4b ff ff 0c 	b       cad8 <_start+0xb98c>
    cbd0:	3d 60 00 01 	lis     r11,1
    cbd4:	38 69 00 04 	addi    r3,r9,4
    cbd8:	80 0b 67 b0 	lwz     r0,26544(r11)
    cbdc:	81 61 00 08 	lwz     r11,8(r1)
    cbe0:	91 69 00 04 	stw     r11,4(r9)
    cbe4:	81 61 00 0c 	lwz     r11,12(r1)
    cbe8:	38 21 00 20 	addi    r1,r1,32
    cbec:	91 69 00 00 	stw     r11,0(r9)
    cbf0:	90 03 00 04 	stw     r0,4(r3)
    cbf4:	38 63 00 08 	addi    r3,r3,8
    cbf8:	4e 80 00 20 	blr
    cbfc:	a0 04 00 00 	lhz     r0,0(r4)
    cc00:	a1 24 00 02 	lhz     r9,2(r4)
    cc04:	54 00 80 1e 	slwi    r0,r0,16
    cc08:	94 21 ff e0 	stwu    r1,-32(r1)
    cc0c:	7d 20 03 78 	or      r0,r9,r0
    cc10:	39 23 00 04 	addi    r9,r3,4
    cc14:	90 03 00 00 	stw     r0,0(r3)
    cc18:	70 80 00 07 	andi.   r0,r4,7
    cc1c:	a0 04 00 04 	lhz     r0,4(r4)
    cc20:	a1 64 00 06 	lhz     r11,6(r4)
    cc24:	54 00 80 1e 	slwi    r0,r0,16
    cc28:	7d 60 03 78 	or      r0,r11,r0
    cc2c:	90 03 00 04 	stw     r0,4(r3)
    cc30:	38 69 00 04 	addi    r3,r9,4
    cc34:	40 82 01 10 	bne     cd44 <_start+0xbbf8>
    cc38:	a1 04 00 0c 	lhz     r8,12(r4)
    cc3c:	38 63 00 04 	addi    r3,r3,4
    cc40:	a0 04 00 08 	lhz     r0,8(r4)
    cc44:	a0 e4 00 0e 	lhz     r7,14(r4)
    cc48:	55 08 80 1e 	slwi    r8,r8,16
    cc4c:	a1 44 00 0a 	lhz     r10,10(r4)
    cc50:	54 00 80 1e 	slwi    r0,r0,16
    cc54:	7c ec 43 78 	or      r12,r7,r8
    cc58:	7d 4b 03 78 	or      r11,r10,r0
    cc5c:	91 61 00 08 	stw     r11,8(r1)
    cc60:	91 81 00 0c 	stw     r12,12(r1)
    cc64:	c9 a1 00 08 	lfd     f13,8(r1)
    cc68:	fc 00 68 18 	frsp    f0,f13
    cc6c:	d0 09 00 04 	stfs    f0,4(r9)
    cc70:	38 00 00 00 	li      r0,0
    cc74:	3d 20 00 01 	lis     r9,1
    cc78:	90 03 00 00 	stw     r0,0(r3)
    cc7c:	c1 a9 63 9c 	lfs     f13,25500(r9)
    cc80:	3d 20 00 01 	lis     r9,1
    cc84:	c0 09 63 a0 	lfs     f0,25504(r9)
    cc88:	a1 44 00 24 	lhz     r10,36(r4)
    cc8c:	a0 c4 00 26 	lhz     r6,38(r4)
    cc90:	55 4a 80 1e 	slwi    r10,r10,16
    cc94:	a0 04 00 28 	lhz     r0,40(r4)
    cc98:	7c ca 53 78 	or      r10,r6,r10
    cc9c:	a1 04 00 2a 	lhz     r8,42(r4)
    cca0:	91 41 00 10 	stw     r10,16(r1)
    cca4:	54 00 80 1e 	slwi    r0,r0,16
    cca8:	7d 00 03 78 	or      r0,r8,r0
    ccac:	a1 64 00 20 	lhz     r11,32(r4)
    ccb0:	a0 e4 00 22 	lhz     r7,34(r4)
    ccb4:	c1 81 00 10 	lfs     f12,16(r1)
    ccb8:	55 6b 80 1e 	slwi    r11,r11,16
    ccbc:	7c eb 5b 78 	or      r11,r7,r11
    ccc0:	a1 24 00 2c 	lhz     r9,44(r4)
    ccc4:	a1 04 00 2e 	lhz     r8,46(r4)
    ccc8:	ed 8d 03 3a 	fmadds  f12,f13,f12,f0
    cccc:	55 29 80 1e 	slwi    r9,r9,16
    ccd0:	7d 09 4b 78 	or      r9,r8,r9
    ccd4:	d1 81 00 10 	stfs    f12,16(r1)
    ccd8:	81 41 00 10 	lwz     r10,16(r1)
    ccdc:	90 01 00 10 	stw     r0,16(r1)
    cce0:	55 4a 44 2e 	rlwinm  r10,r10,8,16,23
    cce4:	c1 81 00 10 	lfs     f12,16(r1)
    cce8:	ed 8d 03 3a 	fmadds  f12,f13,f12,f0
    ccec:	d1 81 00 10 	stfs    f12,16(r1)
    ccf0:	80 01 00 10 	lwz     r0,16(r1)
    ccf4:	91 61 00 10 	stw     r11,16(r1)
    ccf8:	54 00 82 1e 	rlwinm  r0,r0,16,8,15
    ccfc:	7d 40 03 78 	or      r0,r10,r0
    cd00:	c1 81 00 10 	lfs     f12,16(r1)
    cd04:	ed 8d 03 3a 	fmadds  f12,f13,f12,f0
    cd08:	d1 81 00 10 	stfs    f12,16(r1)
    cd0c:	81 61 00 10 	lwz     r11,16(r1)
    cd10:	91 21 00 10 	stw     r9,16(r1)
    cd14:	55 6b 06 3e 	clrlwi  r11,r11,24
    cd18:	7c 00 5b 78 	or      r0,r0,r11
    cd1c:	c1 81 00 10 	lfs     f12,16(r1)
    cd20:	ec 0d 03 3a 	fmadds  f0,f13,f12,f0
    cd24:	d0 01 00 10 	stfs    f0,16(r1)
    cd28:	81 21 00 10 	lwz     r9,16(r1)
    cd2c:	38 21 00 20 	addi    r1,r1,32
    cd30:	55 29 c0 0e 	slwi    r9,r9,24
    cd34:	7c 00 4b 78 	or      r0,r0,r9
    cd38:	90 03 00 04 	stw     r0,4(r3)
    cd3c:	38 63 00 08 	addi    r3,r3,8
    cd40:	4e 80 00 20 	blr
    cd44:	81 64 00 08 	lwz     r11,8(r4)
    cd48:	38 63 00 04 	addi    r3,r3,4
    cd4c:	81 84 00 0c 	lwz     r12,12(r4)
    cd50:	91 61 00 08 	stw     r11,8(r1)
    cd54:	91 81 00 0c 	stw     r12,12(r1)
    cd58:	c9 81 00 08 	lfd     f12,8(r1)
    cd5c:	fc 00 60 18 	frsp    f0,f12
    cd60:	d0 09 00 04 	stfs    f0,4(r9)
    cd64:	4b ff ff 0c 	b       cc70 <_start+0xbb24>
    cd68:	a0 04 00 00 	lhz     r0,0(r4)
    cd6c:	a1 24 00 02 	lhz     r9,2(r4)
    cd70:	54 00 80 1e 	slwi    r0,r0,16
    cd74:	94 21 ff e0 	stwu    r1,-32(r1)
    cd78:	7d 20 03 78 	or      r0,r9,r0
    cd7c:	39 23 00 04 	addi    r9,r3,4
    cd80:	90 03 00 00 	stw     r0,0(r3)
    cd84:	70 80 00 07 	andi.   r0,r4,7
    cd88:	a0 04 00 04 	lhz     r0,4(r4)
    cd8c:	a1 64 00 06 	lhz     r11,6(r4)
    cd90:	54 00 80 1e 	slwi    r0,r0,16
    cd94:	7d 60 03 78 	or      r0,r11,r0
    cd98:	39 69 00 04 	addi    r11,r9,4
    cd9c:	90 03 00 04 	stw     r0,4(r3)
    cda0:	41 82 01 a4 	beq     cf44 <_start+0xbdf8>
    cda4:	80 e4 00 08 	lwz     r7,8(r4)
    cda8:	39 6b 00 04 	addi    r11,r11,4
    cdac:	81 04 00 0c 	lwz     r8,12(r4)
    cdb0:	90 e1 00 10 	stw     r7,16(r1)
    cdb4:	91 01 00 14 	stw     r8,20(r1)
    cdb8:	c9 81 00 10 	lfd     f12,16(r1)
    cdbc:	fc 00 60 18 	frsp    f0,f12
    cdc0:	d0 09 00 04 	stfs    f0,4(r9)
    cdc4:	38 00 00 00 	li      r0,0
    cdc8:	3d 20 00 01 	lis     r9,1
    cdcc:	90 0b 00 00 	stw     r0,0(r11)
    cdd0:	2f 86 00 00 	cmpwi   cr7,r6,0
    cdd4:	c1 a9 63 9c 	lfs     f13,25500(r9)
    cdd8:	3d 20 00 01 	lis     r9,1
    cddc:	c0 09 63 a0 	lfs     f0,25504(r9)
    cde0:	a1 04 00 24 	lhz     r8,36(r4)
    cde4:	a1 84 00 26 	lhz     r12,38(r4)
    cde8:	55 08 80 1e 	slwi    r8,r8,16
    cdec:	a0 04 00 28 	lhz     r0,40(r4)
    cdf0:	7d 88 43 78 	or      r8,r12,r8
    cdf4:	a0 e4 00 2a 	lhz     r7,42(r4)
    cdf8:	91 01 00 18 	stw     r8,24(r1)
    cdfc:	54 00 80 1e 	slwi    r0,r0,16
    ce00:	7c e0 03 78 	or      r0,r7,r0
    ce04:	a1 44 00 20 	lhz     r10,32(r4)
    ce08:	a0 64 00 22 	lhz     r3,34(r4)
    ce0c:	c1 81 00 18 	lfs     f12,24(r1)
    ce10:	55 4a 80 1e 	slwi    r10,r10,16
    ce14:	7c 6a 53 78 	or      r10,r3,r10
    ce18:	a1 24 00 2c 	lhz     r9,44(r4)
    ce1c:	a0 e4 00 2e 	lhz     r7,46(r4)
    ce20:	ed 8d 03 3a 	fmadds  f12,f13,f12,f0
    ce24:	55 29 80 1e 	slwi    r9,r9,16
    ce28:	7c e9 4b 78 	or      r9,r7,r9
    ce2c:	d1 81 00 18 	stfs    f12,24(r1)
    ce30:	81 01 00 18 	lwz     r8,24(r1)
    ce34:	90 01 00 18 	stw     r0,24(r1)
    ce38:	55 08 44 2e 	rlwinm  r8,r8,8,16,23
    ce3c:	c1 81 00 18 	lfs     f12,24(r1)
    ce40:	ed 8d 03 3a 	fmadds  f12,f13,f12,f0
    ce44:	d1 81 00 18 	stfs    f12,24(r1)
    ce48:	80 01 00 18 	lwz     r0,24(r1)
    ce4c:	91 41 00 18 	stw     r10,24(r1)
    ce50:	54 00 82 1e 	rlwinm  r0,r0,16,8,15
    ce54:	7d 00 03 78 	or      r0,r8,r0
    ce58:	c1 81 00 18 	lfs     f12,24(r1)
    ce5c:	ed 8d 03 3a 	fmadds  f12,f13,f12,f0
    ce60:	d1 81 00 18 	stfs    f12,24(r1)
    ce64:	81 41 00 18 	lwz     r10,24(r1)
    ce68:	91 21 00 18 	stw     r9,24(r1)
    ce6c:	55 4a 06 3e 	clrlwi  r10,r10,24
    ce70:	7c 00 53 78 	or      r0,r0,r10
    ce74:	c1 81 00 18 	lfs     f12,24(r1)
    ce78:	ec 0d 03 3a 	fmadds  f0,f13,f12,f0
    ce7c:	d0 01 00 18 	stfs    f0,24(r1)
    ce80:	81 21 00 18 	lwz     r9,24(r1)
    ce84:	55 29 c0 0e 	slwi    r9,r9,24
    ce88:	7c 00 4b 78 	or      r0,r0,r9
    ce8c:	90 0b 00 04 	stw     r0,4(r11)
    ce90:	39 6b 00 04 	addi    r11,r11,4
    ce94:	a1 44 00 14 	lhz     r10,20(r4)
    ce98:	a0 04 00 18 	lhz     r0,24(r4)
    ce9c:	a1 04 00 16 	lhz     r8,22(r4)
    cea0:	55 4a 80 1e 	slwi    r10,r10,16
    cea4:	a1 24 00 1a 	lhz     r9,26(r4)
    cea8:	54 00 80 1e 	slwi    r0,r0,16
    ceac:	7d 08 53 78 	or      r8,r8,r10
    ceb0:	7d 29 03 78 	or      r9,r9,r0
    ceb4:	91 01 00 0c 	stw     r8,12(r1)
    ceb8:	91 21 00 08 	stw     r9,8(r1)
    cebc:	39 2b 00 04 	addi    r9,r11,4
    cec0:	41 9e 00 24 	beq     cr7,cee4 <_start+0xbd98>
    cec4:	c1 a6 00 2c 	lfs     f13,44(r6)
    cec8:	c1 81 00 08 	lfs     f12,8(r1)
    cecc:	c0 06 00 28 	lfs     f0,40(r6)
    ced0:	ed 8c 03 72 	fmuls   f12,f12,f13
    ced4:	c1 a1 00 0c 	lfs     f13,12(r1)
    ced8:	ed ad 00 32 	fmuls   f13,f13,f0
    cedc:	d1 81 00 08 	stfs    f12,8(r1)
    cee0:	d1 a1 00 0c 	stfs    f13,12(r1)
    cee4:	80 05 00 1c 	lwz     r0,28(r5)
    cee8:	70 0a 02 00 	andi.   r10,r0,512
    ceec:	41 82 00 94 	beq     cf80 <_start+0xbe34>
    cef0:	a0 04 00 10 	lhz     r0,16(r4)
    cef4:	38 69 00 04 	addi    r3,r9,4
    cef8:	a1 44 00 12 	lhz     r10,18(r4)
    cefc:	54 00 80 1e 	slwi    r0,r0,16
    cf00:	c0 01 00 0c 	lfs     f0,12(r1)
    cf04:	7d 40 03 78 	or      r0,r10,r0
    cf08:	c1 a1 00 08 	lfs     f13,8(r1)
    cf0c:	90 01 00 18 	stw     r0,24(r1)
    cf10:	c1 81 00 18 	lfs     f12,24(r1)
    cf14:	ec 00 03 32 	fmuls   f0,f0,f12
    cf18:	ed ad 03 32 	fmuls   f13,f13,f12
    cf1c:	d0 01 00 0c 	stfs    f0,12(r1)
    cf20:	d1 a1 00 08 	stfs    f13,8(r1)
    cf24:	81 41 00 0c 	lwz     r10,12(r1)
    cf28:	91 4b 00 04 	stw     r10,4(r11)
    cf2c:	81 61 00 08 	lwz     r11,8(r1)
    cf30:	38 21 00 20 	addi    r1,r1,32
    cf34:	91 69 00 04 	stw     r11,4(r9)
    cf38:	90 03 00 04 	stw     r0,4(r3)
    cf3c:	38 63 00 08 	addi    r3,r3,8
    cf40:	4e 80 00 20 	blr
    cf44:	a0 64 00 0c 	lhz     r3,12(r4)
    cf48:	39 6b 00 04 	addi    r11,r11,4
    cf4c:	a0 04 00 08 	lhz     r0,8(r4)
    cf50:	a1 84 00 0e 	lhz     r12,14(r4)
    cf54:	54 63 80 1e 	slwi    r3,r3,16
    cf58:	a1 44 00 0a 	lhz     r10,10(r4)
    cf5c:	54 00 80 1e 	slwi    r0,r0,16
    cf60:	7d 88 1b 78 	or      r8,r12,r3
    cf64:	7d 47 03 78 	or      r7,r10,r0
    cf68:	90 e1 00 10 	stw     r7,16(r1)
    cf6c:	91 01 00 14 	stw     r8,20(r1)
    cf70:	c9 a1 00 10 	lfd     f13,16(r1)
    cf74:	fc 00 68 18 	frsp    f0,f13
    cf78:	d0 09 00 04 	stfs    f0,4(r9)
    cf7c:	4b ff fe 48 	b       cdc4 <_start+0xbc78>
    cf80:	3d 40 00 01 	lis     r10,1
    cf84:	38 69 00 04 	addi    r3,r9,4
    cf88:	80 0a 67 b0 	lwz     r0,26544(r10)
    cf8c:	81 41 00 0c 	lwz     r10,12(r1)
    cf90:	91 4b 00 04 	stw     r10,4(r11)
    cf94:	81 61 00 08 	lwz     r11,8(r1)
    cf98:	38 21 00 20 	addi    r1,r1,32
    cf9c:	91 69 00 04 	stw     r11,4(r9)
    cfa0:	90 03 00 04 	stw     r0,4(r3)
    cfa4:	38 63 00 08 	addi    r3,r3,8
    cfa8:	4e 80 00 20 	blr
    cfac:	2f 84 00 00 	cmpwi   cr7,r4,0
    cfb0:	38 00 00 02 	li      r0,2
    cfb4:	39 20 00 00 	li      r9,0
    cfb8:	41 9e 00 0c 	beq     cr7,cfc4 <_start+0xbe78>
    cfbc:	38 00 00 06 	li      r0,6
    cfc0:	39 20 00 04 	li      r9,4
    cfc4:	2f 85 00 00 	cmpwi   cr7,r5,0
    cfc8:	40 9e 00 08 	bne     cr7,cfd0 <_start+0xbe84>
    cfcc:	7d 20 4b 78 	mr      r0,r9
    cfd0:	2f 86 00 00 	cmpwi   cr7,r6,0
    cfd4:	41 9e 00 08 	beq     cr7,cfdc <_start+0xbe90>
    cfd8:	60 00 00 01 	ori     r0,r0,1
    cfdc:	3d 20 00 01 	lis     r9,1
    cfe0:	54 00 10 3a 	slwi    r0,r0,2
    cfe4:	39 29 75 c8 	addi    r9,r9,30152
    cfe8:	7c 09 00 2e 	lwzx    r0,r9,r0
    cfec:	90 03 01 6c 	stw     r0,364(r3)
    cff0:	4e 80 00 20 	blr
    cff4:	2c 03 00 00 	cmpwi   r3,0
    cff8:	41 82 00 90 	beq     d088 <_start+0xbf3c>
    cffc:	81 23 00 00 	lwz     r9,0(r3)
    d000:	80 09 07 bc 	lwz     r0,1980(r9)
    d004:	39 40 00 06 	li      r10,6
    d008:	39 60 00 01 	li      r11,1
    d00c:	54 00 05 a8 	rlwinm  r0,r0,0,22,20
    d010:	60 00 10 00 	ori     r0,r0,4096
    d014:	90 09 07 bc 	stw     r0,1980(r9)
    d018:	38 00 00 03 	li      r0,3
    d01c:	90 09 01 64 	stw     r0,356(r9)
    d020:	80 03 00 1c 	lwz     r0,28(r3)
    d024:	70 08 04 00 	andi.   r8,r0,1024
    d028:	41 82 00 18 	beq     d040 <_start+0xbef4>
    d02c:	38 00 00 04 	li      r0,4
    d030:	39 40 00 07 	li      r10,7
    d034:	90 09 01 64 	stw     r0,356(r9)
    d038:	39 60 08 01 	li      r11,2049
    d03c:	80 03 00 1c 	lwz     r0,28(r3)
    d040:	70 08 01 00 	andi.   r8,r0,256
    d044:	38 00 00 00 	li      r0,0
    d048:	41 82 00 0c 	beq     d054 <_start+0xbf08>
    d04c:	91 49 01 64 	stw     r10,356(r9)
    d050:	38 00 00 03 	li      r0,3
    d054:	81 49 00 18 	lwz     r10,24(r9)
    d058:	91 6a 00 58 	stw     r11,88(r10)
    d05c:	81 69 00 18 	lwz     r11,24(r9)
    d060:	81 4b 00 0c 	lwz     r10,12(r11)
    d064:	61 4a 00 20 	ori     r10,r10,32
    d068:	91 4b 00 0c 	stw     r10,12(r11)
    d06c:	81 69 00 18 	lwz     r11,24(r9)
    d070:	90 0b 00 5c 	stw     r0,92(r11)
    d074:	81 29 00 18 	lwz     r9,24(r9)
    d078:	80 09 00 0c 	lwz     r0,12(r9)
    d07c:	60 00 00 20 	ori     r0,r0,32
    d080:	90 09 00 0c 	stw     r0,12(r9)
    d084:	4e 80 00 20 	blr
    d088:	39 20 00 00 	li      r9,0
    d08c:	4b ff ff 74 	b       d000 <_start+0xbeb4>
    d090:	94 21 ff e0 	stwu    r1,-32(r1)
    d094:	7c 08 02 a6 	mflr    r0
    d098:	93 c1 00 18 	stw     r30,24(r1)
    d09c:	7c 7e 1b 79 	mr.     r30,r3
    d0a0:	90 01 00 24 	stw     r0,36(r1)
    d0a4:	93 a1 00 14 	stw     r29,20(r1)
    d0a8:	93 e1 00 1c 	stw     r31,28(r1)
    d0ac:	41 82 03 54 	beq     d400 <_start+0xc2b4>
    d0b0:	83 fe 00 00 	lwz     r31,0(r30)
    d0b4:	81 3f 07 bc 	lwz     r9,1980(r31)
    d0b8:	38 00 eb ff 	li      r0,-5121
    d0bc:	7d 29 00 38 	and     r9,r9,r0
    d0c0:	38 00 00 00 	li      r0,0
    d0c4:	91 3f 07 bc 	stw     r9,1980(r31)
    d0c8:	39 20 00 03 	li      r9,3
    d0cc:	91 3f 01 78 	stw     r9,376(r31)
    d0d0:	90 1f 05 a8 	stw     r0,1448(r31)
    d0d4:	90 1f 05 a4 	stw     r0,1444(r31)
    d0d8:	80 1e 00 1c 	lwz     r0,28(r30)
    d0dc:	70 09 04 00 	andi.   r9,r0,1024
    d0e0:	40 82 02 d8 	bne     d3b8 <_start+0xc26c>
    d0e4:	3b a0 40 01 	li      r29,16385
    d0e8:	39 20 00 03 	li      r9,3
    d0ec:	39 60 00 01 	li      r11,1
    d0f0:	74 0a 00 80 	andis.  r10,r0,128
    d0f4:	40 82 02 90 	bne     d384 <_start+0xc238>
    d0f8:	7d 7d 5b 78 	mr      r29,r11
    d0fc:	70 0b 40 00 	andi.   r11,r0,16384
    d100:	41 82 00 3c 	beq     d13c <_start+0xbff0>
    d104:	39 29 00 01 	addi    r9,r9,1
    d108:	91 3f 01 78 	stw     r9,376(r31)
    d10c:	80 1e 00 1c 	lwz     r0,28(r30)
    d110:	74 09 20 00 	andis.  r9,r0,8192
    d114:	40 82 02 5c 	bne     d370 <_start+0xc224>
    d118:	80 7e 02 90 	lwz     r3,656(r30)
    d11c:	38 80 00 00 	li      r4,0
    d120:	4b ff bd 71 	bl      8e90 <_start+0x7d44>
    d124:	90 7f 00 48 	stw     r3,72(r31)
    d128:	80 1f 05 a4 	lwz     r0,1444(r31)
    d12c:	63 bd 01 00 	ori     r29,r29,256
    d130:	81 3f 01 78 	lwz     r9,376(r31)
    d134:	60 00 00 01 	ori     r0,r0,1
    d138:	90 1f 05 a4 	stw     r0,1444(r31)
    d13c:	91 3f 01 7c 	stw     r9,380(r31)
    d140:	80 1e 00 1c 	lwz     r0,28(r30)
    d144:	70 09 01 00 	andi.   r9,r0,256
    d148:	41 82 01 64 	beq     d2ac <_start+0xc160>
    d14c:	70 0a 02 00 	andi.   r10,r0,512
    d150:	40 82 01 d4 	bne     d324 <_start+0xc1d8>
    d154:	3d 20 00 01 	lis     r9,1
    d158:	38 09 81 ac 	addi    r0,r9,-32340
    d15c:	3d 20 00 01 	lis     r9,1
    d160:	90 1f 00 4c 	stw     r0,76(r31)
    d164:	38 09 86 44 	addi    r0,r9,-31164
    d168:	90 1f 00 50 	stw     r0,80(r31)
    d16c:	80 1e 00 1c 	lwz     r0,28(r30)
    d170:	74 0b 10 00 	andis.  r11,r0,4096
    d174:	41 82 01 d4 	beq     d348 <_start+0xc1fc>
    d178:	80 1f 07 20 	lwz     r0,1824(r31)
    d17c:	70 09 00 10 	andi.   r9,r0,16
    d180:	39 20 00 00 	li      r9,0
    d184:	91 3f 05 a8 	stw     r9,1448(r31)
    d188:	41 82 00 0c 	beq     d194 <_start+0xc048>
    d18c:	39 20 00 01 	li      r9,1
    d190:	91 3f 05 a8 	stw     r9,1448(r31)
    d194:	70 0a 00 20 	andi.   r10,r0,32
    d198:	41 82 00 0c 	beq     d1a4 <_start+0xc058>
    d19c:	39 20 00 02 	li      r9,2
    d1a0:	91 3f 05 a8 	stw     r9,1448(r31)
    d1a4:	70 0b 00 40 	andi.   r11,r0,64
    d1a8:	41 82 00 0c 	beq     d1b4 <_start+0xc068>
    d1ac:	39 20 00 03 	li      r9,3
    d1b0:	91 3f 05 a8 	stw     r9,1448(r31)
    d1b4:	70 09 00 80 	andi.   r9,r0,128
    d1b8:	41 82 00 0c 	beq     d1c4 <_start+0xc078>
    d1bc:	39 20 00 04 	li      r9,4
    d1c0:	91 3f 05 a8 	stw     r9,1448(r31)
    d1c4:	70 0a 01 00 	andi.   r10,r0,256
    d1c8:	41 82 00 0c 	beq     d1d4 <_start+0xc088>
    d1cc:	39 20 00 05 	li      r9,5
    d1d0:	91 3f 05 a8 	stw     r9,1448(r31)
    d1d4:	70 0b 02 00 	andi.   r11,r0,512
    d1d8:	40 82 02 1c 	bne     d3f4 <_start+0xc2a8>
    d1dc:	80 1f 01 44 	lwz     r0,324(r31)
    d1e0:	2f 80 00 00 	cmpwi   cr7,r0,0
    d1e4:	41 9e 00 74 	beq     cr7,d258 <_start+0xc10c>
    d1e8:	80 1f 01 48 	lwz     r0,328(r31)
    d1ec:	81 3f 01 7c 	lwz     r9,380(r31)
    d1f0:	2f 80 00 00 	cmpwi   cr7,r0,0
    d1f4:	38 09 00 03 	addi    r0,r9,3
    d1f8:	90 1f 01 7c 	stw     r0,380(r31)
    d1fc:	41 9e 00 5c 	beq     cr7,d258 <_start+0xc10c>
    d200:	81 7f 01 4c 	lwz     r11,332(r31)
    d204:	38 09 00 06 	addi    r0,r9,6
    d208:	90 1f 01 7c 	stw     r0,380(r31)
    d20c:	2f 8b 00 00 	cmpwi   cr7,r11,0
    d210:	41 9e 00 48 	beq     cr7,d258 <_start+0xc10c>
    d214:	81 7f 01 50 	lwz     r11,336(r31)
    d218:	38 09 00 09 	addi    r0,r9,9
    d21c:	90 1f 01 7c 	stw     r0,380(r31)
    d220:	2f 8b 00 00 	cmpwi   cr7,r11,0
    d224:	41 9e 00 34 	beq     cr7,d258 <_start+0xc10c>
    d228:	81 7f 01 54 	lwz     r11,340(r31)
    d22c:	38 09 00 0c 	addi    r0,r9,12
    d230:	90 1f 01 7c 	stw     r0,380(r31)
    d234:	2f 8b 00 00 	cmpwi   cr7,r11,0
    d238:	41 9e 00 20 	beq     cr7,d258 <_start+0xc10c>
    d23c:	81 7f 01 58 	lwz     r11,344(r31)
    d240:	38 09 00 0f 	addi    r0,r9,15
    d244:	90 1f 01 7c 	stw     r0,380(r31)
    d248:	2f 8b 00 00 	cmpwi   cr7,r11,0
    d24c:	41 9e 00 0c 	beq     cr7,d258 <_start+0xc10c>
    d250:	39 29 00 12 	addi    r9,r9,18
    d254:	91 3f 01 7c 	stw     r9,380(r31)
    d258:	81 3f 05 a8 	lwz     r9,1448(r31)
    d25c:	38 00 00 00 	li      r0,0
    d260:	81 5f 01 78 	lwz     r10,376(r31)
    d264:	2f 89 00 00 	cmpwi   cr7,r9,0
    d268:	1d 69 00 03 	mulli   r11,r9,3
    d26c:	7d 6a 5a 14 	add     r11,r10,r11
    d270:	91 7f 01 78 	stw     r11,376(r31)
    d274:	41 9e 00 64 	beq     cr7,d2d8 <_start+0xc18c>
    d278:	55 29 10 3a 	slwi    r9,r9,2
    d27c:	3d 40 00 01 	lis     r10,1
    d280:	39 29 ff fc 	addi    r9,r9,-4
    d284:	39 4a 75 e8 	addi    r10,r10,30184
    d288:	55 29 f0 be 	srwi    r9,r9,2
    d28c:	39 29 00 01 	addi    r9,r9,1
    d290:	7d 29 03 a6 	mtctr   r9
    d294:	39 20 00 00 	li      r9,0
    d298:	7d 6a 48 2e 	lwzx    r11,r10,r9
    d29c:	39 29 00 04 	addi    r9,r9,4
    d2a0:	7c 00 5b 78 	or      r0,r0,r11
    d2a4:	42 00 ff f4 	bdnz    d298 <_start+0xc14c>
    d2a8:	48 00 00 30 	b       d2d8 <_start+0xc18c>
    d2ac:	81 7f 00 18 	lwz     r11,24(r31)
    d2b0:	38 00 00 00 	li      r0,0
    d2b4:	81 4b 00 8c 	lwz     r10,140(r11)
    d2b8:	55 4a 07 2a 	rlwinm  r10,r10,0,28,21
    d2bc:	91 4b 00 8c 	stw     r10,140(r11)
    d2c0:	81 7f 00 18 	lwz     r11,24(r31)
    d2c4:	81 4b 00 0c 	lwz     r10,12(r11)
    d2c8:	61 4a 02 00 	ori     r10,r10,512
    d2cc:	91 4b 00 0c 	stw     r10,12(r11)
    d2d0:	91 3f 00 50 	stw     r9,80(r31)
    d2d4:	91 3f 00 4c 	stw     r9,76(r31)
    d2d8:	81 3f 00 18 	lwz     r9,24(r31)
    d2dc:	93 a9 00 58 	stw     r29,88(r9)
    d2e0:	81 3f 00 18 	lwz     r9,24(r31)
    d2e4:	81 69 00 0c 	lwz     r11,12(r9)
    d2e8:	61 6b 00 20 	ori     r11,r11,32
    d2ec:	91 69 00 0c 	stw     r11,12(r9)
    d2f0:	81 3f 00 18 	lwz     r9,24(r31)
    d2f4:	90 09 00 5c 	stw     r0,92(r9)
    d2f8:	81 3f 00 18 	lwz     r9,24(r31)
    d2fc:	80 09 00 0c 	lwz     r0,12(r9)
    d300:	60 00 00 20 	ori     r0,r0,32
    d304:	90 09 00 0c 	stw     r0,12(r9)
    d308:	80 01 00 24 	lwz     r0,36(r1)
    d30c:	83 a1 00 14 	lwz     r29,20(r1)
    d310:	7c 08 03 a6 	mtlr    r0
    d314:	83 c1 00 18 	lwz     r30,24(r1)
    d318:	83 e1 00 1c 	lwz     r31,28(r1)
    d31c:	38 21 00 20 	addi    r1,r1,32
    d320:	4e 80 00 20 	blr
    d324:	3d 20 00 01 	lis     r9,1
    d328:	38 09 83 cc 	addi    r0,r9,-31796
    d32c:	3d 20 00 01 	lis     r9,1
    d330:	90 1f 00 4c 	stw     r0,76(r31)
    d334:	38 09 88 4c 	addi    r0,r9,-30644
    d338:	90 1f 00 50 	stw     r0,80(r31)
    d33c:	80 1e 00 1c 	lwz     r0,28(r30)
    d340:	74 0b 10 00 	andis.  r11,r0,4096
    d344:	40 82 fe 34 	bne     d178 <_start+0xc02c>
    d348:	81 7f 01 7c 	lwz     r11,380(r31)
    d34c:	81 3f 01 78 	lwz     r9,376(r31)
    d350:	38 0b 00 03 	addi    r0,r11,3
    d354:	39 60 00 01 	li      r11,1
    d358:	39 29 00 03 	addi    r9,r9,3
    d35c:	90 1f 01 7c 	stw     r0,380(r31)
    d360:	38 00 00 03 	li      r0,3
    d364:	91 7f 05 a8 	stw     r11,1448(r31)
    d368:	91 3f 01 78 	stw     r9,376(r31)
    d36c:	4b ff ff 6c 	b       d2d8 <_start+0xc18c>
    d370:	80 7e 02 90 	lwz     r3,656(r30)
    d374:	38 80 00 01 	li      r4,1
    d378:	4b ff bb 19 	bl      8e90 <_start+0x7d44>
    d37c:	90 7f 00 48 	stw     r3,72(r31)
    d380:	4b ff fd a8 	b       d128 <_start+0xbfdc>
    d384:	39 29 00 03 	addi    r9,r9,3
    d388:	91 3f 01 78 	stw     r9,376(r31)
    d38c:	80 7e 02 84 	lwz     r3,644(r30)
    d390:	54 64 00 be 	clrlwi  r4,r3,2
    d394:	54 63 00 02 	clrrwi  r3,r3,30
    d398:	4b ff b9 fd 	bl      8d94 <_start+0x7c48>
    d39c:	80 1f 05 a4 	lwz     r0,1444(r31)
    d3a0:	90 7f 00 44 	stw     r3,68(r31)
    d3a4:	60 00 00 04 	ori     r0,r0,4
    d3a8:	81 3f 01 78 	lwz     r9,376(r31)
    d3ac:	90 1f 05 a4 	stw     r0,1444(r31)
    d3b0:	80 1e 00 1c 	lwz     r0,28(r30)
    d3b4:	4b ff fd 48 	b       d0fc <_start+0xbfb0>
    d3b8:	38 00 00 04 	li      r0,4
    d3bc:	3b a0 48 01 	li      r29,18433
    d3c0:	90 1f 01 78 	stw     r0,376(r31)
    d3c4:	80 7e 02 6c 	lwz     r3,620(r30)
    d3c8:	54 64 00 be 	clrlwi  r4,r3,2
    d3cc:	54 63 00 02 	clrrwi  r3,r3,30
    d3d0:	4b ff b9 c5 	bl      8d94 <_start+0x7c48>
    d3d4:	80 1f 05 a4 	lwz     r0,1444(r31)
    d3d8:	39 60 08 01 	li      r11,2049
    d3dc:	90 7f 00 40 	stw     r3,64(r31)
    d3e0:	60 00 00 02 	ori     r0,r0,2
    d3e4:	81 3f 01 78 	lwz     r9,376(r31)
    d3e8:	90 1f 05 a4 	stw     r0,1444(r31)
    d3ec:	80 1e 00 1c 	lwz     r0,28(r30)
    d3f0:	4b ff fd 00 	b       d0f0 <_start+0xbfa4>
    d3f4:	38 00 00 06 	li      r0,6
    d3f8:	90 1f 05 a8 	stw     r0,1448(r31)
    d3fc:	4b ff fd e0 	b       d1dc <_start+0xc090>
    d400:	3b e0 00 00 	li      r31,0
    d404:	4b ff fc b0 	b       d0b4 <_start+0xbf68>
    d408:	94 21 ff e0 	stwu    r1,-32(r1)
    d40c:	7c 08 02 a6 	mflr    r0
    d410:	7c 69 1b 78 	mr      r9,r3
    d414:	38 60 ff f7 	li      r3,-9
    d418:	93 81 00 10 	stw     r28,16(r1)
    d41c:	7c dc 33 78 	mr      r28,r6
    d420:	93 a1 00 14 	stw     r29,20(r1)
    d424:	7c fd 3b 78 	mr      r29,r7
    d428:	93 c1 00 18 	stw     r30,24(r1)
    d42c:	7c be 2b 78 	mr      r30,r5
    d430:	93 e1 00 1c 	stw     r31,28(r1)
    d434:	7c 9f 23 78 	mr      r31,r4
    d438:	90 01 00 24 	stw     r0,36(r1)
    d43c:	93 61 00 0c 	stw     r27,12(r1)
    d440:	a8 04 00 48 	lha     r0,72(r4)
    d444:	2f 80 00 00 	cmpwi   cr7,r0,0
    d448:	41 9e 00 e4 	beq     cr7,d52c <_start+0xc3e0>
    d44c:	83 64 00 00 	lwz     r27,0(r4)
    d450:	80 04 02 74 	lwz     r0,628(r4)
    d454:	81 7b 06 94 	lwz     r11,1684(r27)
    d458:	7f 8b 00 00 	cmpw    cr7,r11,r0
    d45c:	41 9e 00 30 	beq     cr7,d48c <_start+0xc340>
    d460:	2f 80 00 01 	cmpwi   cr7,r0,1
    d464:	81 7b 00 18 	lwz     r11,24(r27)
    d468:	81 4b 00 44 	lwz     r10,68(r11)
    d46c:	90 1b 06 94 	stw     r0,1684(r27)
    d470:	55 40 00 3c 	clrrwi  r0,r10,1
    d474:	41 9e 01 9c 	beq     cr7,d610 <_start+0xc4c4>
    d478:	90 0b 00 44 	stw     r0,68(r11)
    d47c:	81 7b 00 18 	lwz     r11,24(r27)
    d480:	80 0b 00 0c 	lwz     r0,12(r11)
    d484:	60 00 00 08 	ori     r0,r0,8
    d488:	90 0b 00 0c 	stw     r0,12(r11)
    d48c:	80 1b 05 94 	lwz     r0,1428(r27)
    d490:	2f 80 00 00 	cmpwi   cr7,r0,0
    d494:	41 9e 01 08 	beq     cr7,d59c <_start+0xc450>
    d498:	80 1b 05 98 	lwz     r0,1432(r27)
    d49c:	2f 80 00 00 	cmpwi   cr7,r0,0
    d4a0:	41 9e 01 48 	beq     cr7,d5e8 <_start+0xc49c>
    d4a4:	80 1b 07 bc 	lwz     r0,1980(r27)
    d4a8:	70 0b 01 00 	andi.   r11,r0,256
    d4ac:	40 82 00 10 	bne     d4bc <_start+0xc370>
    d4b0:	81 3f 00 1c 	lwz     r9,28(r31)
    d4b4:	75 2a 10 00 	andis.  r10,r9,4096
    d4b8:	40 82 00 cc 	bne     d584 <_start+0xc438>
    d4bc:	70 0b 04 00 	andi.   r11,r0,1024
    d4c0:	40 82 00 9c 	bne     d55c <_start+0xc410>
    d4c4:	70 09 10 00 	andi.   r9,r0,4096
    d4c8:	40 82 00 88 	bne     d550 <_start+0xc404>
    d4cc:	80 1f 00 1c 	lwz     r0,28(r31)
    d4d0:	70 0b 01 00 	andi.   r11,r0,256
    d4d4:	41 82 00 14 	beq     d4e8 <_start+0xc39c>
    d4d8:	7f e3 fb 78 	mr      r3,r31
    d4dc:	4b ff cd a9 	bl      a284 <_start+0x9138>
    d4e0:	2c 03 00 00 	cmpwi   r3,0
    d4e4:	40 82 00 48 	bne     d52c <_start+0xc3e0>
    d4e8:	81 3b 00 18 	lwz     r9,24(r27)
    d4ec:	38 00 00 00 	li      r0,0
    d4f0:	3d 60 00 02 	lis     r11,2
    d4f4:	90 09 00 0c 	stw     r0,12(r9)
    d4f8:	3d 20 00 02 	lis     r9,2
    d4fc:	81 29 03 74 	lwz     r9,884(r9)
    d500:	80 6b 03 70 	lwz     r3,880(r11)
    d504:	80 09 00 3c 	lwz     r0,60(r9)
    d508:	80 9b 00 18 	lwz     r4,24(r27)
    d50c:	7c 09 03 a6 	mtctr   r0
    d510:	4e 80 04 21 	bctrl
    d514:	80 1b 05 94 	lwz     r0,1428(r27)
    d518:	2f 80 00 00 	cmpwi   cr7,r0,0
    d51c:	41 9e 00 fc 	beq     cr7,d618 <_start+0xc4cc>
    d520:	2b 9e 00 06 	cmplwi  cr7,r30,6
    d524:	40 9d 00 44 	ble     cr7,d568 <_start+0xc41c>
    d528:	38 60 ff e2 	li      r3,-30
    d52c:	80 01 00 24 	lwz     r0,36(r1)
    d530:	83 61 00 0c 	lwz     r27,12(r1)
    d534:	7c 08 03 a6 	mtlr    r0
    d538:	83 81 00 10 	lwz     r28,16(r1)
    d53c:	83 a1 00 14 	lwz     r29,20(r1)
    d540:	83 c1 00 18 	lwz     r30,24(r1)
    d544:	83 e1 00 1c 	lwz     r31,28(r1)
    d548:	38 21 00 20 	addi    r1,r1,32
    d54c:	4e 80 00 20 	blr
    d550:	80 1f 00 1c 	lwz     r0,28(r31)
    d554:	74 0a 10 00 	andis.  r10,r0,4096
    d558:	41 a2 ff 78 	beq     d4d0 <_start+0xc384>
    d55c:	7f e3 fb 78 	mr      r3,r31
    d560:	4b ff fb 31 	bl      d090 <_start+0xbf44>
    d564:	4b ff ff 68 	b       d4cc <_start+0xc380>
    d568:	3d 20 00 01 	lis     r9,1
    d56c:	57 de 10 3a 	slwi    r30,r30,2
    d570:	39 29 76 00 	addi    r9,r9,30208
    d574:	7c 09 f0 2e 	lwzx    r0,r9,r30
    d578:	7d 20 4a 14 	add     r9,r0,r9
    d57c:	7d 29 03 a6 	mtctr   r9
    d580:	4e 80 04 20 	bctr
    d584:	7f e3 fb 78 	mr      r3,r31
    d588:	4b ff d1 09 	bl      a690 <_start+0x9544>
    d58c:	2c 03 00 00 	cmpwi   r3,0
    d590:	40 a2 ff 9c 	bne     d52c <_start+0xc3e0>
    d594:	80 1b 07 bc 	lwz     r0,1980(r27)
    d598:	4b ff ff 24 	b       d4bc <_start+0xc370>
    d59c:	80 1f 00 d4 	lwz     r0,212(r31)
    d5a0:	2f 80 00 00 	cmpwi   cr7,r0,0
    d5a4:	41 9e 00 44 	beq     cr7,d5e8 <_start+0xc49c>
    d5a8:	80 1f 00 1c 	lwz     r0,28(r31)
    d5ac:	70 0a 01 00 	andi.   r10,r0,256
    d5b0:	41 82 00 10 	beq     d5c0 <_start+0xc474>
    d5b4:	81 7f 00 e4 	lwz     r11,228(r31)
    d5b8:	2f 8b 00 00 	cmpwi   cr7,r11,0
    d5bc:	41 9e 00 2c 	beq     cr7,d5e8 <_start+0xc49c>
    d5c0:	70 0b 04 00 	andi.   r11,r0,1024
    d5c4:	41 82 00 10 	beq     d5d4 <_start+0xc488>
    d5c8:	81 7f 02 64 	lwz     r11,612(r31)
    d5cc:	2f 8b 00 00 	cmpwi   cr7,r11,0
    d5d0:	41 9e 00 18 	beq     cr7,d5e8 <_start+0xc49c>
    d5d4:	81 7f 02 8c 	lwz     r11,652(r31)
    d5d8:	7d 6b 00 34 	cntlzw  r11,r11
    d5dc:	55 6b d9 7e 	srwi    r11,r11,5
    d5e0:	7d 6a 00 39 	and.    r10,r11,r0
    d5e4:	41 82 00 58 	beq     d63c <_start+0xc4f0>
    d5e8:	80 01 00 24 	lwz     r0,36(r1)
    d5ec:	38 60 ff fe 	li      r3,-2
    d5f0:	83 61 00 0c 	lwz     r27,12(r1)
    d5f4:	7c 08 03 a6 	mtlr    r0
    d5f8:	83 81 00 10 	lwz     r28,16(r1)
    d5fc:	83 a1 00 14 	lwz     r29,20(r1)
    d600:	83 c1 00 18 	lwz     r30,24(r1)
    d604:	83 e1 00 1c 	lwz     r31,28(r1)
    d608:	38 21 00 20 	addi    r1,r1,32
    d60c:	4e 80 00 20 	blr
    d610:	60 00 00 01 	ori     r0,r0,1
    d614:	4b ff fe 64 	b       d478 <_start+0xc32c>
    d618:	2b 9e 00 06 	cmplwi  cr7,r30,6
    d61c:	41 bd ff 0c 	bgt     cr7,d528 <_start+0xc3dc>
    d620:	3d 20 00 01 	lis     r9,1
    d624:	57 de 10 3a 	slwi    r30,r30,2
    d628:	39 29 76 1c 	addi    r9,r9,30236
    d62c:	7c 09 f0 2e 	lwzx    r0,r9,r30
    d630:	7d 20 4a 14 	add     r9,r0,r9
    d634:	7d 29 03 a6 	mtctr   r9
    d638:	4e 80 04 20 	bctr
    d63c:	7d 23 4b 78 	mr      r3,r9
    d640:	7f e4 fb 78 	mr      r4,r31
    d644:	4b ff 95 cd 	bl      6c10 <_start+0x5ac4>
    d648:	4b ff fe 5c 	b       d4a4 <_start+0xc358>
    d64c:	7f e3 fb 78 	mr      r3,r31
    d650:	7f 84 e3 78 	mr      r4,r28
    d654:	7f a5 eb 78 	mr      r5,r29
    d658:	48 00 0f 49 	bl      e5a0 <_start+0xd454>
    d65c:	4b ff fe d0 	b       d52c <_start+0xc3e0>
    d660:	3d 20 00 01 	lis     r9,1
    d664:	c1 bb 05 b0 	lfs     f13,1456(r27)
    d668:	c0 09 67 b0 	lfs     f0,26544(r9)
    d66c:	ff 8d 00 00 	fcmpu   cr7,f13,f0
    d670:	40 9e 02 0c 	bne     cr7,d87c <_start+0xc730>
    d674:	80 fb 00 14 	lwz     r7,20(r27)
    d678:	7f e3 fb 78 	mr      r3,r31
    d67c:	7f 85 e3 78 	mr      r5,r28
    d680:	80 1b 01 78 	lwz     r0,376(r27)
    d684:	7f a6 eb 78 	mr      r6,r29
    d688:	38 80 00 01 	li      r4,1
    d68c:	38 e7 ff fe 	addi    r7,r7,-2
    d690:	7c e7 03 96 	divwu   r7,r7,r0
    d694:	48 00 17 3d 	bl      edd0 <_start+0xdc84>
    d698:	4b ff fe 94 	b       d52c <_start+0xc3e0>
    d69c:	7f e3 fb 78 	mr      r3,r31
    d6a0:	7f 84 e3 78 	mr      r4,r28
    d6a4:	7f a5 eb 78 	mr      r5,r29
    d6a8:	48 00 0a 45 	bl      e0ec <_start+0xcfa0>
    d6ac:	4b ff fe 80 	b       d52c <_start+0xc3e0>
    d6b0:	7f e3 fb 78 	mr      r3,r31
    d6b4:	7f 84 e3 78 	mr      r4,r28
    d6b8:	7f a5 eb 78 	mr      r5,r29
    d6bc:	48 00 11 a9 	bl      e864 <_start+0xd718>
    d6c0:	4b ff fe 6c 	b       d52c <_start+0xc3e0>
    d6c4:	7f e3 fb 78 	mr      r3,r31
    d6c8:	7f 84 e3 78 	mr      r4,r28
    d6cc:	7f a5 eb 78 	mr      r5,r29
    d6d0:	48 00 0c 8d 	bl      e35c <_start+0xd210>
    d6d4:	4b ff fe 58 	b       d52c <_start+0xc3e0>
    d6d8:	81 3f 00 00 	lwz     r9,0(r31)
    d6dc:	7f e3 fb 78 	mr      r3,r31
    d6e0:	7f 85 e3 78 	mr      r5,r28
    d6e4:	7f a6 eb 78 	mr      r6,r29
    d6e8:	38 80 00 04 	li      r4,4
    d6ec:	80 e9 00 14 	lwz     r7,20(r9)
    d6f0:	80 09 01 78 	lwz     r0,376(r9)
    d6f4:	38 e7 ff fe 	addi    r7,r7,-2
    d6f8:	7c e7 03 96 	divwu   r7,r7,r0
    d6fc:	3c 00 aa aa 	lis     r0,-21846
    d700:	60 00 aa ab 	ori     r0,r0,43691
    d704:	7c e7 00 16 	mulhwu  r7,r7,r0
    d708:	54 e7 f8 7e 	srwi    r7,r7,1
    d70c:	1c e7 00 03 	mulli   r7,r7,3
    d710:	48 00 16 c1 	bl      edd0 <_start+0xdc84>
    d714:	4b ff fe 18 	b       d52c <_start+0xc3e0>
    d718:	81 3f 00 00 	lwz     r9,0(r31)
    d71c:	7f e3 fb 78 	mr      r3,r31
    d720:	7f 85 e3 78 	mr      r5,r28
    d724:	7f a6 eb 78 	mr      r6,r29
    d728:	38 80 00 02 	li      r4,2
    d72c:	80 e9 00 14 	lwz     r7,20(r9)
    d730:	80 09 01 78 	lwz     r0,376(r9)
    d734:	38 e7 ff fe 	addi    r7,r7,-2
    d738:	7c e7 03 96 	divwu   r7,r7,r0
    d73c:	54 e7 00 3c 	clrrwi  r7,r7,1
    d740:	48 00 16 91 	bl      edd0 <_start+0xdc84>
    d744:	4b ff fd e8 	b       d52c <_start+0xc3e0>
    d748:	7f e3 fb 78 	mr      r3,r31
    d74c:	7f 84 e3 78 	mr      r4,r28
    d750:	7f a5 eb 78 	mr      r5,r29
    d754:	48 00 01 3d 	bl      d890 <_start+0xc744>
    d758:	4b ff fd d4 	b       d52c <_start+0xc3e0>
    d75c:	81 3f 00 00 	lwz     r9,0(r31)
    d760:	7f e3 fb 78 	mr      r3,r31
    d764:	7f 85 e3 78 	mr      r5,r28
    d768:	7f a6 eb 78 	mr      r6,r29
    d76c:	38 80 00 04 	li      r4,4
    d770:	80 e9 00 14 	lwz     r7,20(r9)
    d774:	80 09 01 7c 	lwz     r0,380(r9)
    d778:	38 e7 ff fe 	addi    r7,r7,-2
    d77c:	7c e7 03 96 	divwu   r7,r7,r0
    d780:	3c 00 aa aa 	lis     r0,-21846
    d784:	60 00 aa ab 	ori     r0,r0,43691
    d788:	7c e7 00 16 	mulhwu  r7,r7,r0
    d78c:	54 e7 f8 7e 	srwi    r7,r7,1
    d790:	1c e7 00 03 	mulli   r7,r7,3
    d794:	48 00 06 19 	bl      ddac <_start+0xcc60>
    d798:	4b ff fd 94 	b       d52c <_start+0xc3e0>
    d79c:	81 3f 00 00 	lwz     r9,0(r31)
    d7a0:	7f e3 fb 78 	mr      r3,r31
    d7a4:	7f 85 e3 78 	mr      r5,r28
    d7a8:	7f a6 eb 78 	mr      r6,r29
    d7ac:	38 80 00 03 	li      r4,3
    d7b0:	80 e9 00 14 	lwz     r7,20(r9)
    d7b4:	80 09 01 7c 	lwz     r0,380(r9)
    d7b8:	38 e7 ff fe 	addi    r7,r7,-2
    d7bc:	7c e7 03 96 	divwu   r7,r7,r0
    d7c0:	48 00 05 ed 	bl      ddac <_start+0xcc60>
    d7c4:	4b ff fd 68 	b       d52c <_start+0xc3e0>
    d7c8:	81 3f 00 00 	lwz     r9,0(r31)
    d7cc:	7f e3 fb 78 	mr      r3,r31
    d7d0:	7f 85 e3 78 	mr      r5,r28
    d7d4:	7f a6 eb 78 	mr      r6,r29
    d7d8:	38 80 00 02 	li      r4,2
    d7dc:	80 e9 00 14 	lwz     r7,20(r9)
    d7e0:	80 09 01 7c 	lwz     r0,380(r9)
    d7e4:	38 e7 ff fe 	addi    r7,r7,-2
    d7e8:	7c e7 03 96 	divwu   r7,r7,r0
    d7ec:	54 e7 00 3c 	clrrwi  r7,r7,1
    d7f0:	48 00 05 bd 	bl      ddac <_start+0xcc60>
    d7f4:	4b ff fd 38 	b       d52c <_start+0xc3e0>
    d7f8:	81 3f 00 00 	lwz     r9,0(r31)
    d7fc:	7f e3 fb 78 	mr      r3,r31
    d800:	7f 85 e3 78 	mr      r5,r28
    d804:	7f a6 eb 78 	mr      r6,r29
    d808:	38 80 00 01 	li      r4,1
    d80c:	80 e9 00 14 	lwz     r7,20(r9)
    d810:	80 09 01 7c 	lwz     r0,380(r9)
    d814:	38 e7 ff fe 	addi    r7,r7,-2
    d818:	7c e7 03 96 	divwu   r7,r7,r0
    d81c:	48 00 05 91 	bl      ddac <_start+0xcc60>
    d820:	4b ff fd 0c 	b       d52c <_start+0xc3e0>
    d824:	81 3f 00 00 	lwz     r9,0(r31)
    d828:	7f e3 fb 78 	mr      r3,r31
    d82c:	7f 85 e3 78 	mr      r5,r28
    d830:	7f a6 eb 78 	mr      r6,r29
    d834:	38 80 00 06 	li      r4,6
    d838:	80 e9 00 14 	lwz     r7,20(r9)
    d83c:	80 09 01 7c 	lwz     r0,380(r9)
    d840:	38 e7 ff fe 	addi    r7,r7,-2
    d844:	7c e7 03 96 	divwu   r7,r7,r0
    d848:	48 00 05 65 	bl      ddac <_start+0xcc60>
    d84c:	4b ff fc e0 	b       d52c <_start+0xc3e0>
    d850:	81 3f 00 00 	lwz     r9,0(r31)
    d854:	7f e3 fb 78 	mr      r3,r31
    d858:	7f 85 e3 78 	mr      r5,r28
    d85c:	7f a6 eb 78 	mr      r6,r29
    d860:	38 80 00 05 	li      r4,5
    d864:	80 e9 00 14 	lwz     r7,20(r9)
    d868:	80 09 01 7c 	lwz     r0,380(r9)
    d86c:	38 e7 ff fe 	addi    r7,r7,-2
    d870:	7c e7 03 96 	divwu   r7,r7,r0
    d874:	48 00 05 39 	bl      ddac <_start+0xcc60>
    d878:	4b ff fc b4 	b       d52c <_start+0xc3e0>
    d87c:	7f e3 fb 78 	mr      r3,r31
    d880:	7f 84 e3 78 	mr      r4,r28
    d884:	7f a5 eb 78 	mr      r5,r29
    d888:	48 00 12 25 	bl      eaac <_start+0xd960>
    d88c:	4b ff fc a0 	b       d52c <_start+0xc3e0>
    d890:	94 21 ff 80 	stwu    r1,-128(r1)
    d894:	7d 80 00 26 	mfcr    r12
    d898:	7c 08 02 a6 	mflr    r0
    d89c:	93 c1 00 78 	stw     r30,120(r1)
    d8a0:	7c 7e 1b 79 	mr.     r30,r3
    d8a4:	92 e1 00 5c 	stw     r23,92(r1)
    d8a8:	7c b7 2b 78 	mr      r23,r5
    d8ac:	93 01 00 60 	stw     r24,96(r1)
    d8b0:	7c 98 23 78 	mr      r24,r4
    d8b4:	90 01 00 84 	stw     r0,132(r1)
    d8b8:	92 01 00 40 	stw     r16,64(r1)
    d8bc:	92 21 00 44 	stw     r17,68(r1)
    d8c0:	92 41 00 48 	stw     r18,72(r1)
    d8c4:	92 61 00 4c 	stw     r19,76(r1)
    d8c8:	92 81 00 50 	stw     r20,80(r1)
    d8cc:	92 a1 00 54 	stw     r21,84(r1)
    d8d0:	92 c1 00 58 	stw     r22,88(r1)
    d8d4:	93 21 00 64 	stw     r25,100(r1)
    d8d8:	93 41 00 68 	stw     r26,104(r1)
    d8dc:	93 61 00 6c 	stw     r27,108(r1)
    d8e0:	93 81 00 70 	stw     r28,112(r1)
    d8e4:	93 a1 00 74 	stw     r29,116(r1)
    d8e8:	93 e1 00 7c 	stw     r31,124(r1)
    d8ec:	91 81 00 3c 	stw     r12,60(r1)
    d8f0:	41 82 04 b4 	beq     dda4 <_start+0xcc58>
    d8f4:	83 fe 00 00 	lwz     r31,0(r30)
    d8f8:	80 1f 01 44 	lwz     r0,324(r31)
    d8fc:	82 7f 00 14 	lwz     r19,20(r31)
    d900:	2f 80 00 00 	cmpwi   cr7,r0,0
    d904:	80 7f 01 7c 	lwz     r3,380(r31)
    d908:	3a 73 ff fe 	addi    r19,r19,-2
    d90c:	83 be 00 d4 	lwz     r29,212(r30)
    d910:	7e 73 1b 96 	divwu   r19,r19,r3
    d914:	82 5e 00 d8 	lwz     r18,216(r30)
    d918:	83 5e 02 64 	lwz     r26,612(r30)
    d91c:	82 be 02 68 	lwz     r21,616(r30)
    d920:	41 9e 00 bc 	beq     cr7,d9dc <_start+0xc890>
    d924:	80 1e 01 24 	lwz     r0,292(r30)
    d928:	81 3e 00 e4 	lwz     r9,228(r30)
    d92c:	7c 18 01 d6 	mullw   r0,r24,r0
    d930:	7c 09 02 14 	add     r0,r9,r0
    d934:	90 01 00 08 	stw     r0,8(r1)
    d938:	80 1f 01 48 	lwz     r0,328(r31)
    d93c:	2f 80 00 00 	cmpwi   cr7,r0,0
    d940:	41 9e 00 98 	beq     cr7,d9d8 <_start+0xc88c>
    d944:	80 1e 01 28 	lwz     r0,296(r30)
    d948:	81 3e 00 e8 	lwz     r9,232(r30)
    d94c:	7c 18 01 d6 	mullw   r0,r24,r0
    d950:	7c 09 02 14 	add     r0,r9,r0
    d954:	90 01 00 0c 	stw     r0,12(r1)
    d958:	80 1f 01 4c 	lwz     r0,332(r31)
    d95c:	2f 80 00 00 	cmpwi   cr7,r0,0
    d960:	41 9e 00 78 	beq     cr7,d9d8 <_start+0xc88c>
    d964:	80 1e 01 2c 	lwz     r0,300(r30)
    d968:	81 3e 00 ec 	lwz     r9,236(r30)
    d96c:	7c 18 01 d6 	mullw   r0,r24,r0
    d970:	7c 09 02 14 	add     r0,r9,r0
    d974:	90 01 00 10 	stw     r0,16(r1)
    d978:	80 1f 01 50 	lwz     r0,336(r31)
    d97c:	2f 80 00 00 	cmpwi   cr7,r0,0
    d980:	41 9e 00 58 	beq     cr7,d9d8 <_start+0xc88c>
    d984:	80 1e 01 30 	lwz     r0,304(r30)
    d988:	81 3e 00 f0 	lwz     r9,240(r30)
    d98c:	7c 18 01 d6 	mullw   r0,r24,r0
    d990:	7c 09 02 14 	add     r0,r9,r0
    d994:	90 01 00 14 	stw     r0,20(r1)
    d998:	80 1f 01 54 	lwz     r0,340(r31)
    d99c:	2f 80 00 00 	cmpwi   cr7,r0,0
    d9a0:	41 9e 00 38 	beq     cr7,d9d8 <_start+0xc88c>
    d9a4:	80 1e 01 34 	lwz     r0,308(r30)
    d9a8:	81 3e 00 f4 	lwz     r9,244(r30)
    d9ac:	7c 18 01 d6 	mullw   r0,r24,r0
    d9b0:	7c 09 02 14 	add     r0,r9,r0
    d9b4:	90 01 00 18 	stw     r0,24(r1)
    d9b8:	80 1f 01 58 	lwz     r0,344(r31)
    d9bc:	2f 80 00 00 	cmpwi   cr7,r0,0
    d9c0:	41 9e 00 18 	beq     cr7,d9d8 <_start+0xc88c>
    d9c4:	80 1e 01 38 	lwz     r0,312(r30)
    d9c8:	81 3e 00 f8 	lwz     r9,248(r30)
    d9cc:	7c 18 01 d6 	mullw   r0,r24,r0
    d9d0:	7c 09 02 14 	add     r0,r9,r0
    d9d4:	90 01 00 1c 	stw     r0,28(r1)
    d9d8:	80 7f 01 7c 	lwz     r3,380(r31)
    d9dc:	7c 73 19 d6 	mullw   r3,r19,r3
    d9e0:	38 80 00 01 	li      r4,1
    d9e4:	83 7e 02 8c 	lwz     r27,652(r30)
    d9e8:	82 de 02 94 	lwz     r22,660(r30)
    d9ec:	38 63 00 02 	addi    r3,r3,2
    d9f0:	83 9e 02 7c 	lwz     r28,636(r30)
    d9f4:	83 3e 02 80 	lwz     r25,640(r30)
    d9f8:	48 00 79 39 	bl      15330 <_start+0x141e4>
    d9fc:	2f 97 00 00 	cmpwi   cr7,r23,0
    da00:	7c 74 1b 78 	mr      r20,r3
    da04:	41 9e 03 3c 	beq     cr7,dd40 <_start+0xcbf4>
    da08:	7e 58 91 d6 	mullw   r18,r24,r18
    da0c:	3e 00 00 02 	lis     r16,2
    da10:	3e 20 00 02 	lis     r17,2
    da14:	7f 38 c9 d6 	mullw   r25,r24,r25
    da18:	3a 10 03 74 	addi    r16,r16,884
    da1c:	3a 31 03 70 	addi    r17,r17,880
    da20:	7e b8 a9 d6 	mullw   r21,r24,r21
    da24:	7f bd 92 14 	add     r29,r29,r18
    da28:	3e 40 c0 00 	lis     r18,-16384
    da2c:	7e d8 b1 d6 	mullw   r22,r24,r22
    da30:	7f 9c ca 14 	add     r28,r28,r25
    da34:	62 52 35 00 	ori     r18,r18,13568
    da38:	7f 5a aa 14 	add     r26,r26,r21
    da3c:	3b 21 00 08 	addi    r25,r1,8
    da40:	7f 7b b2 14 	add     r27,r27,r22
    da44:	7f 97 98 40 	cmplw   cr7,r23,r19
    da48:	92 e1 00 28 	stw     r23,40(r1)
    da4c:	40 9d 00 08 	ble     cr7,da54 <_start+0xc908>
    da50:	92 61 00 28 	stw     r19,40(r1)
    da54:	80 01 00 28 	lwz     r0,40(r1)
    da58:	82 df 01 7c 	lwz     r22,380(r31)
    da5c:	7e e0 b8 50 	subf    r23,r0,r23
    da60:	2f 80 00 00 	cmpwi   cr7,r0,0
    da64:	81 34 00 14 	lwz     r9,20(r20)
    da68:	2e 17 00 00 	cmpwi   cr4,r23,0
    da6c:	7e a0 00 26 	mfcr    r21
    da70:	56 b5 9f fe 	rlwinm  r21,r21,19,31,31
    da74:	7c 15 02 14 	add     r0,r21,r0
    da78:	7e c0 b1 d6 	mullw   r22,r0,r22
    da7c:	54 00 80 1e 	slwi    r0,r0,16
    da80:	60 00 00 73 	ori     r0,r0,115
    da84:	56 cb 80 1e 	slwi    r11,r22,16
    da88:	90 09 00 04 	stw     r0,4(r9)
    da8c:	38 09 00 08 	addi    r0,r9,8
    da90:	7d 6b 93 78 	or      r11,r11,r18
    da94:	91 69 00 00 	stw     r11,0(r9)
    da98:	41 9e 00 cc 	beq     cr7,db64 <_start+0xca18>
    da9c:	7c 03 03 78 	mr      r3,r0
    daa0:	80 1f 00 3c 	lwz     r0,60(r31)
    daa4:	7f a4 eb 78 	mr      r4,r29
    daa8:	7c 09 03 a6 	mtctr   r0
    daac:	4e 80 04 21 	bctrl
    dab0:	81 3f 00 48 	lwz     r9,72(r31)
    dab4:	7f 64 db 78 	mr      r4,r27
    dab8:	81 7e 00 d8 	lwz     r11,216(r30)
    dabc:	7c 60 1b 78 	mr      r0,r3
    dac0:	2f 89 00 00 	cmpwi   cr7,r9,0
    dac4:	7f bd 5a 14 	add     r29,r29,r11
    dac8:	41 9e 00 18 	beq     cr7,dae0 <_start+0xc994>
    dacc:	7d 29 03 a6 	mtctr   r9
    dad0:	4e 80 04 21 	bctrl
    dad4:	81 3e 02 94 	lwz     r9,660(r30)
    dad8:	7c 60 1b 78 	mr      r0,r3
    dadc:	7f 7b 4a 14 	add     r27,r27,r9
    dae0:	81 3f 00 40 	lwz     r9,64(r31)
    dae4:	7c 03 03 78 	mr      r3,r0
    dae8:	7f 44 d3 78 	mr      r4,r26
    daec:	2f 89 00 00 	cmpwi   cr7,r9,0
    daf0:	41 9e 00 18 	beq     cr7,db08 <_start+0xc9bc>
    daf4:	7d 29 03 a6 	mtctr   r9
    daf8:	4e 80 04 21 	bctrl
    dafc:	81 3e 02 68 	lwz     r9,616(r30)
    db00:	7c 60 1b 78 	mr      r0,r3
    db04:	7f 5a 4a 14 	add     r26,r26,r9
    db08:	81 3f 00 44 	lwz     r9,68(r31)
    db0c:	7c 03 03 78 	mr      r3,r0
    db10:	7f 84 e3 78 	mr      r4,r28
    db14:	2f 89 00 00 	cmpwi   cr7,r9,0
    db18:	41 9e 00 18 	beq     cr7,db30 <_start+0xc9e4>
    db1c:	7d 29 03 a6 	mtctr   r9
    db20:	4e 80 04 21 	bctrl
    db24:	81 3e 02 80 	lwz     r9,640(r30)
    db28:	7c 60 1b 78 	mr      r0,r3
    db2c:	7f 9c 4a 14 	add     r28,r28,r9
    db30:	81 3f 00 4c 	lwz     r9,76(r31)
    db34:	7c 03 03 78 	mr      r3,r0
    db38:	7f c4 f3 78 	mr      r4,r30
    db3c:	7f 25 cb 78 	mr      r5,r25
    db40:	2f 89 00 00 	cmpwi   cr7,r9,0
    db44:	41 9e 00 10 	beq     cr7,db54 <_start+0xca08>
    db48:	7d 29 03 a6 	mtctr   r9
    db4c:	4e 80 04 21 	bctrl
    db50:	7c 60 1b 78 	mr      r0,r3
    db54:	81 21 00 28 	lwz     r9,40(r1)
    db58:	35 69 ff ff 	addic.  r11,r9,-1
    db5c:	91 61 00 28 	stw     r11,40(r1)
    db60:	40 82 ff 3c 	bne     da9c <_start+0xc950>
    db64:	2f 95 00 00 	cmpwi   cr7,r21,0
    db68:	41 9e 01 b8 	beq     cr7,dd20 <_start+0xcbd4>
    db6c:	81 3f 01 44 	lwz     r9,324(r31)
    db70:	81 7e 00 d8 	lwz     r11,216(r30)
    db74:	2f 89 00 00 	cmpwi   cr7,r9,0
    db78:	81 3e 02 68 	lwz     r9,616(r30)
    db7c:	7d 78 59 d6 	mullw   r11,r24,r11
    db80:	83 be 00 d4 	lwz     r29,212(r30)
    db84:	7d 38 49 d6 	mullw   r9,r24,r9
    db88:	83 5e 02 64 	lwz     r26,612(r30)
    db8c:	7f bd 5a 14 	add     r29,r29,r11
    db90:	7f 5a 4a 14 	add     r26,r26,r9
    db94:	41 9e 00 b8 	beq     cr7,dc4c <_start+0xcb00>
    db98:	81 3e 01 24 	lwz     r9,292(r30)
    db9c:	81 7e 00 e4 	lwz     r11,228(r30)
    dba0:	7d 38 49 d6 	mullw   r9,r24,r9
    dba4:	7d 2b 4a 14 	add     r9,r11,r9
    dba8:	91 21 00 08 	stw     r9,8(r1)
    dbac:	81 3f 01 48 	lwz     r9,328(r31)
    dbb0:	2f 89 00 00 	cmpwi   cr7,r9,0
    dbb4:	41 9e 00 98 	beq     cr7,dc4c <_start+0xcb00>
    dbb8:	81 3e 01 28 	lwz     r9,296(r30)
    dbbc:	81 7e 00 e8 	lwz     r11,232(r30)
    dbc0:	7d 38 49 d6 	mullw   r9,r24,r9
    dbc4:	7d 2b 4a 14 	add     r9,r11,r9
    dbc8:	91 21 00 0c 	stw     r9,12(r1)
    dbcc:	81 3f 01 4c 	lwz     r9,332(r31)
    dbd0:	2f 89 00 00 	cmpwi   cr7,r9,0
    dbd4:	41 9e 00 78 	beq     cr7,dc4c <_start+0xcb00>
    dbd8:	81 3e 01 2c 	lwz     r9,300(r30)
    dbdc:	81 7e 00 ec 	lwz     r11,236(r30)
    dbe0:	7d 38 49 d6 	mullw   r9,r24,r9
    dbe4:	7d 2b 4a 14 	add     r9,r11,r9
    dbe8:	91 21 00 10 	stw     r9,16(r1)
    dbec:	81 3f 01 50 	lwz     r9,336(r31)
    dbf0:	2f 89 00 00 	cmpwi   cr7,r9,0
    dbf4:	41 9e 00 58 	beq     cr7,dc4c <_start+0xcb00>
    dbf8:	81 3e 01 30 	lwz     r9,304(r30)
    dbfc:	81 7e 00 f0 	lwz     r11,240(r30)
    dc00:	7d 38 49 d6 	mullw   r9,r24,r9
    dc04:	7d 2b 4a 14 	add     r9,r11,r9
    dc08:	91 21 00 14 	stw     r9,20(r1)
    dc0c:	81 3f 01 54 	lwz     r9,340(r31)
    dc10:	2f 89 00 00 	cmpwi   cr7,r9,0
    dc14:	41 9e 00 38 	beq     cr7,dc4c <_start+0xcb00>
    dc18:	81 3e 01 34 	lwz     r9,308(r30)
    dc1c:	81 7e 00 f4 	lwz     r11,244(r30)
    dc20:	7d 38 49 d6 	mullw   r9,r24,r9
    dc24:	7d 2b 4a 14 	add     r9,r11,r9
    dc28:	91 21 00 18 	stw     r9,24(r1)
    dc2c:	81 3f 01 58 	lwz     r9,344(r31)
    dc30:	2f 89 00 00 	cmpwi   cr7,r9,0
    dc34:	41 9e 00 18 	beq     cr7,dc4c <_start+0xcb00>
    dc38:	81 3e 01 38 	lwz     r9,312(r30)
    dc3c:	81 7e 00 f8 	lwz     r11,248(r30)
    dc40:	7d 38 49 d6 	mullw   r9,r24,r9
    dc44:	7d 2b 4a 14 	add     r9,r11,r9
    dc48:	91 21 00 1c 	stw     r9,28(r1)
    dc4c:	7c 03 03 78 	mr      r3,r0
    dc50:	80 1f 00 3c 	lwz     r0,60(r31)
    dc54:	7f a4 eb 78 	mr      r4,r29
    dc58:	81 7e 02 94 	lwz     r11,660(r30)
    dc5c:	81 3e 02 80 	lwz     r9,640(r30)
    dc60:	7c 09 03 a6 	mtctr   r0
    dc64:	7d 78 59 d6 	mullw   r11,r24,r11
    dc68:	83 7e 02 8c 	lwz     r27,652(r30)
    dc6c:	7d 38 49 d6 	mullw   r9,r24,r9
    dc70:	83 9e 02 7c 	lwz     r28,636(r30)
    dc74:	7f 7b 5a 14 	add     r27,r27,r11
    dc78:	7f 9c 4a 14 	add     r28,r28,r9
    dc7c:	4e 80 04 21 	bctrl
    dc80:	80 1f 00 48 	lwz     r0,72(r31)
    dc84:	81 7e 00 d8 	lwz     r11,216(r30)
    dc88:	7c 69 1b 78 	mr      r9,r3
    dc8c:	2f 80 00 00 	cmpwi   cr7,r0,0
    dc90:	7f bd 5a 14 	add     r29,r29,r11
    dc94:	41 9e 00 1c 	beq     cr7,dcb0 <_start+0xcb64>
    dc98:	7f 64 db 78 	mr      r4,r27
    dc9c:	7c 09 03 a6 	mtctr   r0
    dca0:	4e 80 04 21 	bctrl
    dca4:	80 1e 02 94 	lwz     r0,660(r30)
    dca8:	7c 69 1b 78 	mr      r9,r3
    dcac:	7f 7b 02 14 	add     r27,r27,r0
    dcb0:	80 1f 00 40 	lwz     r0,64(r31)
    dcb4:	2f 80 00 00 	cmpwi   cr7,r0,0
    dcb8:	41 9e 00 20 	beq     cr7,dcd8 <_start+0xcb8c>
    dcbc:	7d 23 4b 78 	mr      r3,r9
    dcc0:	7f 44 d3 78 	mr      r4,r26
    dcc4:	7c 09 03 a6 	mtctr   r0
    dcc8:	4e 80 04 21 	bctrl
    dccc:	80 1e 02 68 	lwz     r0,616(r30)
    dcd0:	7c 69 1b 78 	mr      r9,r3
    dcd4:	7f 5a 02 14 	add     r26,r26,r0
    dcd8:	80 1f 00 44 	lwz     r0,68(r31)
    dcdc:	2f 80 00 00 	cmpwi   cr7,r0,0
    dce0:	41 9e 00 20 	beq     cr7,dd00 <_start+0xcbb4>
    dce4:	7d 23 4b 78 	mr      r3,r9
    dce8:	7f 84 e3 78 	mr      r4,r28
    dcec:	7c 09 03 a6 	mtctr   r0
    dcf0:	4e 80 04 21 	bctrl
    dcf4:	80 1e 02 80 	lwz     r0,640(r30)
    dcf8:	7c 69 1b 78 	mr      r9,r3
    dcfc:	7f 9c 02 14 	add     r28,r28,r0
    dd00:	80 1f 00 4c 	lwz     r0,76(r31)
    dd04:	2f 80 00 00 	cmpwi   cr7,r0,0
    dd08:	41 9e 00 18 	beq     cr7,dd20 <_start+0xcbd4>
    dd0c:	7d 23 4b 78 	mr      r3,r9
    dd10:	7f c4 f3 78 	mr      r4,r30
    dd14:	7c 09 03 a6 	mtctr   r0
    dd18:	7f 25 cb 78 	mr      r5,r25
    dd1c:	4e 80 04 21 	bctrl
    dd20:	81 30 00 00 	lwz     r9,0(r16)
    dd24:	38 b6 00 02 	addi    r5,r22,2
    dd28:	80 71 00 00 	lwz     r3,0(r17)
    dd2c:	80 09 00 28 	lwz     r0,40(r9)
    dd30:	80 94 00 14 	lwz     r4,20(r20)
    dd34:	7c 09 03 a6 	mtctr   r0
    dd38:	4e 80 04 21 	bctrl
    dd3c:	40 92 fd 08 	bne     cr4,da44 <_start+0xc8f8>
    dd40:	7e 83 a3 78 	mr      r3,r20
    dd44:	48 00 76 51 	bl      15394 <_start+0x14248>
    dd48:	80 01 00 84 	lwz     r0,132(r1)
    dd4c:	38 60 00 00 	li      r3,0
    dd50:	81 81 00 3c 	lwz     r12,60(r1)
    dd54:	7c 08 03 a6 	mtlr    r0
    dd58:	82 01 00 40 	lwz     r16,64(r1)
    dd5c:	82 21 00 44 	lwz     r17,68(r1)
    dd60:	7d 80 81 20 	mtcrf   8,r12
    dd64:	82 41 00 48 	lwz     r18,72(r1)
    dd68:	82 61 00 4c 	lwz     r19,76(r1)
    dd6c:	82 81 00 50 	lwz     r20,80(r1)
    dd70:	82 a1 00 54 	lwz     r21,84(r1)
    dd74:	82 c1 00 58 	lwz     r22,88(r1)
    dd78:	82 e1 00 5c 	lwz     r23,92(r1)
    dd7c:	83 01 00 60 	lwz     r24,96(r1)
    dd80:	83 21 00 64 	lwz     r25,100(r1)
    dd84:	83 41 00 68 	lwz     r26,104(r1)
    dd88:	83 61 00 6c 	lwz     r27,108(r1)
    dd8c:	83 81 00 70 	lwz     r28,112(r1)
    dd90:	83 a1 00 74 	lwz     r29,116(r1)
    dd94:	83 c1 00 78 	lwz     r30,120(r1)
    dd98:	83 e1 00 7c 	lwz     r31,124(r1)
    dd9c:	38 21 00 80 	addi    r1,r1,128
    dda0:	4e 80 00 20 	blr
    dda4:	3b e0 00 00 	li      r31,0
    dda8:	4b ff fb 50 	b       d8f8 <_start+0xc7ac>
    ddac:	94 21 ff 90 	stwu    r1,-112(r1)
    ddb0:	7c 08 02 a6 	mflr    r0
    ddb4:	93 e1 00 6c 	stw     r31,108(r1)
    ddb8:	7c 7f 1b 79 	mr.     r31,r3
    ddbc:	92 a1 00 44 	stw     r21,68(r1)
    ddc0:	7c f5 3b 78 	mr      r21,r7
    ddc4:	93 81 00 60 	stw     r28,96(r1)
    ddc8:	7c bc 2b 78 	mr      r28,r5
    ddcc:	93 a1 00 64 	stw     r29,100(r1)
    ddd0:	7c dd 33 78 	mr      r29,r6
    ddd4:	93 c1 00 68 	stw     r30,104(r1)
    ddd8:	7c 9e 23 78 	mr      r30,r4
    dddc:	90 01 00 74 	stw     r0,116(r1)
    dde0:	92 21 00 34 	stw     r17,52(r1)
    dde4:	92 41 00 38 	stw     r18,56(r1)
    dde8:	92 61 00 3c 	stw     r19,60(r1)
    ddec:	92 81 00 40 	stw     r20,64(r1)
    ddf0:	92 c1 00 48 	stw     r22,72(r1)
    ddf4:	92 e1 00 4c 	stw     r23,76(r1)
    ddf8:	93 01 00 50 	stw     r24,80(r1)
    ddfc:	93 21 00 54 	stw     r25,84(r1)
    de00:	93 41 00 58 	stw     r26,88(r1)
    de04:	93 61 00 5c 	stw     r27,92(r1)
    de08:	41 82 02 dc 	beq     e0e4 <_start+0xcf98>
    de0c:	83 7f 00 00 	lwz     r27,0(r31)
    de10:	80 1b 01 44 	lwz     r0,324(r27)
    de14:	82 ff 00 d4 	lwz     r23,212(r31)
    de18:	2f 80 00 00 	cmpwi   cr7,r0,0
    de1c:	82 5f 00 d8 	lwz     r18,216(r31)
    de20:	83 1f 02 64 	lwz     r24,612(r31)
    de24:	82 7f 02 68 	lwz     r19,616(r31)
    de28:	41 9e 00 b8 	beq     cr7,dee0 <_start+0xcd94>
    de2c:	80 1f 01 24 	lwz     r0,292(r31)
    de30:	81 3f 00 e4 	lwz     r9,228(r31)
    de34:	7c 1c 01 d6 	mullw   r0,r28,r0
    de38:	7c 09 02 14 	add     r0,r9,r0
    de3c:	90 01 00 08 	stw     r0,8(r1)
    de40:	80 1b 01 48 	lwz     r0,328(r27)
    de44:	2f 80 00 00 	cmpwi   cr7,r0,0
    de48:	41 9e 00 98 	beq     cr7,dee0 <_start+0xcd94>
    de4c:	80 1f 01 28 	lwz     r0,296(r31)
    de50:	81 3f 00 e8 	lwz     r9,232(r31)
    de54:	7c 1c 01 d6 	mullw   r0,r28,r0
    de58:	7c 09 02 14 	add     r0,r9,r0
    de5c:	90 01 00 0c 	stw     r0,12(r1)
    de60:	80 1b 01 4c 	lwz     r0,332(r27)
    de64:	2f 80 00 00 	cmpwi   cr7,r0,0
    de68:	41 9e 00 78 	beq     cr7,dee0 <_start+0xcd94>
    de6c:	80 1f 01 2c 	lwz     r0,300(r31)
    de70:	81 3f 00 ec 	lwz     r9,236(r31)
    de74:	7c 1c 01 d6 	mullw   r0,r28,r0
    de78:	7c 09 02 14 	add     r0,r9,r0
    de7c:	90 01 00 10 	stw     r0,16(r1)
    de80:	80 1b 01 50 	lwz     r0,336(r27)
    de84:	2f 80 00 00 	cmpwi   cr7,r0,0
    de88:	41 9e 00 58 	beq     cr7,dee0 <_start+0xcd94>
    de8c:	80 1f 01 30 	lwz     r0,304(r31)
    de90:	81 3f 00 f0 	lwz     r9,240(r31)
    de94:	7c 1c 01 d6 	mullw   r0,r28,r0
    de98:	7c 09 02 14 	add     r0,r9,r0
    de9c:	90 01 00 14 	stw     r0,20(r1)
    dea0:	80 1b 01 54 	lwz     r0,340(r27)
    dea4:	2f 80 00 00 	cmpwi   cr7,r0,0
    dea8:	41 9e 00 38 	beq     cr7,dee0 <_start+0xcd94>
    deac:	80 1f 01 34 	lwz     r0,308(r31)
    deb0:	81 3f 00 f4 	lwz     r9,244(r31)
    deb4:	7c 1c 01 d6 	mullw   r0,r28,r0
    deb8:	7c 09 02 14 	add     r0,r9,r0
    debc:	90 01 00 18 	stw     r0,24(r1)
    dec0:	80 1b 01 58 	lwz     r0,344(r27)
    dec4:	2f 80 00 00 	cmpwi   cr7,r0,0
    dec8:	41 9e 00 18 	beq     cr7,dee0 <_start+0xcd94>
    decc:	80 1f 01 38 	lwz     r0,312(r31)
    ded0:	81 3f 00 f8 	lwz     r9,248(r31)
    ded4:	7c 1c 01 d6 	mullw   r0,r28,r0
    ded8:	7c 09 02 14 	add     r0,r9,r0
    dedc:	90 01 00 1c 	stw     r0,28(r1)
    dee0:	80 7b 01 7c 	lwz     r3,380(r27)
    dee4:	38 80 00 01 	li      r4,1
    dee8:	83 3f 02 8c 	lwz     r25,652(r31)
    deec:	7c 75 19 d6 	mullw   r3,r21,r3
    def0:	82 9f 02 94 	lwz     r20,660(r31)
    def4:	83 5f 02 7c 	lwz     r26,636(r31)
    def8:	38 63 00 02 	addi    r3,r3,2
    defc:	82 3f 02 80 	lwz     r17,640(r31)
    df00:	48 00 74 31 	bl      15330 <_start+0x141e4>
    df04:	2f 9d 00 00 	cmpwi   cr7,r29,0
    df08:	7c 76 1b 78 	mr      r22,r3
    df0c:	41 9e 01 80 	beq     cr7,e08c <_start+0xcf40>
    df10:	7e 7c 99 d6 	mullw   r19,r28,r19
    df14:	7e 9c a1 d6 	mullw   r20,r28,r20
    df18:	7e 5c 91 d6 	mullw   r18,r28,r18
    df1c:	7f 18 9a 14 	add     r24,r24,r19
    df20:	3e 60 00 02 	lis     r19,2
    df24:	7e 3c 89 d6 	mullw   r17,r28,r17
    df28:	7f 39 a2 14 	add     r25,r25,r20
    df2c:	3e 80 c0 00 	lis     r20,-16384
    df30:	7f 97 92 14 	add     r28,r23,r18
    df34:	3e 40 00 02 	lis     r18,2
    df38:	7f 5a 8a 14 	add     r26,r26,r17
    df3c:	3a 52 03 74 	addi    r18,r18,884
    df40:	63 d1 00 70 	ori     r17,r30,112
    df44:	3a 73 03 70 	addi    r19,r19,880
    df48:	62 94 35 00 	ori     r20,r20,13568
    df4c:	3b c1 00 08 	addi    r30,r1,8
    df50:	7f 9d a8 40 	cmplw   cr7,r29,r21
    df54:	93 a1 00 28 	stw     r29,40(r1)
    df58:	40 9d 00 08 	ble     cr7,df60 <_start+0xce14>
    df5c:	92 a1 00 28 	stw     r21,40(r1)
    df60:	80 01 00 28 	lwz     r0,40(r1)
    df64:	82 fb 01 7c 	lwz     r23,380(r27)
    df68:	2f 80 00 00 	cmpwi   cr7,r0,0
    df6c:	81 41 00 28 	lwz     r10,40(r1)
    df70:	7e e0 b9 d6 	mullw   r23,r0,r23
    df74:	81 36 00 14 	lwz     r9,20(r22)
    df78:	55 4b 80 1e 	slwi    r11,r10,16
    df7c:	7f aa e8 50 	subf    r29,r10,r29
    df80:	56 e0 80 1e 	slwi    r0,r23,16
    df84:	7d 6b 8b 78 	or      r11,r11,r17
    df88:	7c 00 a3 78 	or      r0,r0,r20
    df8c:	91 69 00 04 	stw     r11,4(r9)
    df90:	90 09 00 00 	stw     r0,0(r9)
    df94:	39 29 00 04 	addi    r9,r9,4
    df98:	41 9e 00 d0 	beq     cr7,e068 <_start+0xcf1c>
    df9c:	38 09 00 04 	addi    r0,r9,4
    dfa0:	7c 03 03 78 	mr      r3,r0
    dfa4:	80 1b 00 3c 	lwz     r0,60(r27)
    dfa8:	7f 84 e3 78 	mr      r4,r28
    dfac:	7c 09 03 a6 	mtctr   r0
    dfb0:	4e 80 04 21 	bctrl
    dfb4:	81 3b 00 48 	lwz     r9,72(r27)
    dfb8:	7f 24 cb 78 	mr      r4,r25
    dfbc:	81 7f 00 d8 	lwz     r11,216(r31)
    dfc0:	7c 60 1b 78 	mr      r0,r3
    dfc4:	2f 89 00 00 	cmpwi   cr7,r9,0
    dfc8:	7f 9c 5a 14 	add     r28,r28,r11
    dfcc:	41 9e 00 18 	beq     cr7,dfe4 <_start+0xce98>
    dfd0:	7d 29 03 a6 	mtctr   r9
    dfd4:	4e 80 04 21 	bctrl
    dfd8:	81 3f 02 94 	lwz     r9,660(r31)
    dfdc:	7c 60 1b 78 	mr      r0,r3
    dfe0:	7f 39 4a 14 	add     r25,r25,r9
    dfe4:	81 3b 00 40 	lwz     r9,64(r27)
    dfe8:	7c 03 03 78 	mr      r3,r0
    dfec:	7f 04 c3 78 	mr      r4,r24
    dff0:	2f 89 00 00 	cmpwi   cr7,r9,0
    dff4:	41 9e 00 18 	beq     cr7,e00c <_start+0xcec0>
    dff8:	7d 29 03 a6 	mtctr   r9
    dffc:	4e 80 04 21 	bctrl
    e000:	81 3f 02 68 	lwz     r9,616(r31)
    e004:	7c 60 1b 78 	mr      r0,r3
    e008:	7f 18 4a 14 	add     r24,r24,r9
    e00c:	81 3b 00 44 	lwz     r9,68(r27)
    e010:	7c 03 03 78 	mr      r3,r0
    e014:	7f 44 d3 78 	mr      r4,r26
    e018:	2f 89 00 00 	cmpwi   cr7,r9,0
    e01c:	41 9e 00 18 	beq     cr7,e034 <_start+0xcee8>
    e020:	7d 29 03 a6 	mtctr   r9
    e024:	4e 80 04 21 	bctrl
    e028:	81 3f 02 80 	lwz     r9,640(r31)
    e02c:	7c 60 1b 78 	mr      r0,r3
    e030:	7f 5a 4a 14 	add     r26,r26,r9
    e034:	81 3b 00 4c 	lwz     r9,76(r27)
    e038:	7c 03 03 78 	mr      r3,r0
    e03c:	7f e4 fb 78 	mr      r4,r31
    e040:	7f c5 f3 78 	mr      r5,r30
    e044:	2f 89 00 00 	cmpwi   cr7,r9,0
    e048:	41 9e 00 10 	beq     cr7,e058 <_start+0xcf0c>
    e04c:	7d 29 03 a6 	mtctr   r9
    e050:	4e 80 04 21 	bctrl
    e054:	7c 60 1b 78 	mr      r0,r3
    e058:	81 21 00 28 	lwz     r9,40(r1)
    e05c:	35 49 ff ff 	addic.  r10,r9,-1
    e060:	91 41 00 28 	stw     r10,40(r1)
    e064:	40 82 ff 3c 	bne     dfa0 <_start+0xce54>
    e068:	81 32 00 00 	lwz     r9,0(r18)
    e06c:	38 b7 00 02 	addi    r5,r23,2
    e070:	80 73 00 00 	lwz     r3,0(r19)
    e074:	80 09 00 28 	lwz     r0,40(r9)
    e078:	80 96 00 14 	lwz     r4,20(r22)
    e07c:	7c 09 03 a6 	mtctr   r0
    e080:	4e 80 04 21 	bctrl
    e084:	2f 9d 00 00 	cmpwi   cr7,r29,0
    e088:	40 9e fe c8 	bne     cr7,df50 <_start+0xce04>
    e08c:	7e c3 b3 78 	mr      r3,r22
    e090:	48 00 73 05 	bl      15394 <_start+0x14248>
    e094:	80 01 00 74 	lwz     r0,116(r1)
    e098:	38 60 00 00 	li      r3,0
    e09c:	82 21 00 34 	lwz     r17,52(r1)
    e0a0:	7c 08 03 a6 	mtlr    r0
    e0a4:	82 41 00 38 	lwz     r18,56(r1)
    e0a8:	82 61 00 3c 	lwz     r19,60(r1)
    e0ac:	82 81 00 40 	lwz     r20,64(r1)
    e0b0:	82 a1 00 44 	lwz     r21,68(r1)
    e0b4:	82 c1 00 48 	lwz     r22,72(r1)
    e0b8:	82 e1 00 4c 	lwz     r23,76(r1)
    e0bc:	83 01 00 50 	lwz     r24,80(r1)
    e0c0:	83 21 00 54 	lwz     r25,84(r1)
    e0c4:	83 41 00 58 	lwz     r26,88(r1)
    e0c8:	83 61 00 5c 	lwz     r27,92(r1)
    e0cc:	83 81 00 60 	lwz     r28,96(r1)
    e0d0:	83 a1 00 64 	lwz     r29,100(r1)
    e0d4:	83 c1 00 68 	lwz     r30,104(r1)
    e0d8:	83 e1 00 6c 	lwz     r31,108(r1)
    e0dc:	38 21 00 70 	addi    r1,r1,112
    e0e0:	4e 80 00 20 	blr
    e0e4:	3b 60 00 00 	li      r27,0
    e0e8:	4b ff fd 28 	b       de10 <_start+0xccc4>
    e0ec:	94 21 ff b0 	stwu    r1,-80(r1)
    e0f0:	7c 08 02 a6 	mflr    r0
    e0f4:	93 a1 00 44 	stw     r29,68(r1)
    e0f8:	7c 7d 1b 79 	mr.     r29,r3
    e0fc:	92 21 00 14 	stw     r17,20(r1)
    e100:	7c 91 23 78 	mr      r17,r4
    e104:	93 41 00 38 	stw     r26,56(r1)
    e108:	7c ba 2b 78 	mr      r26,r5
    e10c:	90 01 00 54 	stw     r0,84(r1)
    e110:	92 41 00 18 	stw     r18,24(r1)
    e114:	92 61 00 1c 	stw     r19,28(r1)
    e118:	92 81 00 20 	stw     r20,32(r1)
    e11c:	92 a1 00 24 	stw     r21,36(r1)
    e120:	92 c1 00 28 	stw     r22,40(r1)
    e124:	92 e1 00 2c 	stw     r23,44(r1)
    e128:	93 01 00 30 	stw     r24,48(r1)
    e12c:	93 21 00 34 	stw     r25,52(r1)
    e130:	93 61 00 3c 	stw     r27,60(r1)
    e134:	93 81 00 40 	stw     r28,64(r1)
    e138:	93 c1 00 48 	stw     r30,72(r1)
    e13c:	93 e1 00 4c 	stw     r31,76(r1)
    e140:	41 82 02 14 	beq     e354 <_start+0xd208>
    e144:	83 dd 00 00 	lwz     r30,0(r29)
    e148:	82 de 00 14 	lwz     r22,20(r30)
    e14c:	38 80 00 01 	li      r4,1
    e150:	80 1e 01 78 	lwz     r0,376(r30)
    e154:	3a d6 ff fe 	addi    r22,r22,-2
    e158:	83 9e 05 a4 	lwz     r28,1444(r30)
    e15c:	7e d6 03 96 	divwu   r22,r22,r0
    e160:	83 fe 05 98 	lwz     r31,1432(r30)
    e164:	83 7e 05 9c 	lwz     r27,1436(r30)
    e168:	7c 76 01 d6 	mullw   r3,r22,r0
    e16c:	38 63 00 02 	addi    r3,r3,2
    e170:	48 00 71 c1 	bl      15330 <_start+0x141e4>
    e174:	2f 9a 00 00 	cmpwi   cr7,r26,0
    e178:	7c 77 1b 78 	mr      r23,r3
    e17c:	41 9e 01 78 	beq     cr7,e2f4 <_start+0xd1a8>
    e180:	7f 9a b0 40 	cmplw   cr7,r26,r22
    e184:	7c 11 d9 d6 	mullw   r0,r17,r27
    e188:	7f 5b d3 78 	mr      r27,r26
    e18c:	7f ff 02 14 	add     r31,r31,r0
    e190:	41 9d 01 bc 	bgt     cr7,e34c <_start+0xd200>
    e194:	83 1e 01 78 	lwz     r24,376(r30)
    e198:	3b 20 ff ff 	li      r25,-1
    e19c:	7f 60 db 78 	mr      r0,r27
    e1a0:	2f 99 ff ff 	cmpwi   cr7,r25,-1
    e1a4:	3e 80 c0 00 	lis     r20,-16384
    e1a8:	80 77 00 14 	lwz     r3,20(r23)
    e1ac:	7f 00 c1 d6 	mullw   r24,r0,r24
    e1b0:	62 94 35 00 	ori     r20,r20,13568
    e1b4:	54 0b 80 1e 	slwi    r11,r0,16
    e1b8:	3e 40 00 02 	lis     r18,2
    e1bc:	3e 60 00 02 	lis     r19,2
    e1c0:	57 09 80 1e 	slwi    r9,r24,16
    e1c4:	61 60 00 76 	ori     r0,r11,118
    e1c8:	7d 29 a3 78 	or      r9,r9,r20
    e1cc:	90 03 00 04 	stw     r0,4(r3)
    e1d0:	7f 5b d0 50 	subf    r26,r27,r26
    e1d4:	91 23 00 00 	stw     r9,0(r3)
    e1d8:	3a 52 03 74 	addi    r18,r18,884
    e1dc:	3a 73 03 70 	addi    r19,r19,880
    e1e0:	38 63 00 08 	addi    r3,r3,8
    e1e4:	41 9e 00 fc 	beq     cr7,e2e0 <_start+0xd194>
    e1e8:	80 1e 05 9c 	lwz     r0,1436(r30)
    e1ec:	3a b9 ff fe 	addi    r21,r25,-2
    e1f0:	7f a5 eb 78 	mr      r5,r29
    e1f4:	7f 86 e3 78 	mr      r6,r28
    e1f8:	7c 15 01 d6 	mullw   r0,r21,r0
    e1fc:	82 be 05 98 	lwz     r21,1432(r30)
    e200:	7e b5 02 14 	add     r21,r21,r0
    e204:	80 1e 05 94 	lwz     r0,1428(r30)
    e208:	7e a4 ab 78 	mr      r4,r21
    e20c:	7c 09 03 a6 	mtctr   r0
    e210:	4e 80 04 21 	bctrl
    e214:	80 9e 05 9c 	lwz     r4,1436(r30)
    e218:	7f a5 eb 78 	mr      r5,r29
    e21c:	7f 86 e3 78 	mr      r6,r28
    e220:	80 1e 05 94 	lwz     r0,1428(r30)
    e224:	7c 95 22 14 	add     r4,r21,r4
    e228:	7c 09 03 a6 	mtctr   r0
    e22c:	4e 80 04 21 	bctrl
    e230:	2f 9b 00 00 	cmpwi   cr7,r27,0
    e234:	41 9e 00 3c 	beq     cr7,e270 <_start+0xd124>
    e238:	93 61 00 08 	stw     r27,8(r1)
    e23c:	80 1e 05 94 	lwz     r0,1428(r30)
    e240:	7f e4 fb 78 	mr      r4,r31
    e244:	7f a5 eb 78 	mr      r5,r29
    e248:	7f 86 e3 78 	mr      r6,r28
    e24c:	7c 09 03 a6 	mtctr   r0
    e250:	4e 80 04 21 	bctrl
    e254:	80 1e 05 9c 	lwz     r0,1436(r30)
    e258:	7f ff 02 14 	add     r31,r31,r0
    e25c:	80 01 00 08 	lwz     r0,8(r1)
    e260:	35 20 ff ff 	addic.  r9,r0,-1
    e264:	91 21 00 08 	stw     r9,8(r1)
    e268:	40 82 ff d4 	bne     e23c <_start+0xd0f0>
    e26c:	7f 39 da 14 	add     r25,r25,r27
    e270:	81 32 00 00 	lwz     r9,0(r18)
    e274:	38 b8 00 02 	addi    r5,r24,2
    e278:	80 73 00 00 	lwz     r3,0(r19)
    e27c:	80 09 00 28 	lwz     r0,40(r9)
    e280:	80 97 00 14 	lwz     r4,20(r23)
    e284:	7c 09 03 a6 	mtctr   r0
    e288:	4e 80 04 21 	bctrl
    e28c:	2f 9a 00 00 	cmpwi   cr7,r26,0
    e290:	41 9e 00 64 	beq     cr7,e2f4 <_start+0xd1a8>
    e294:	7f 9a b0 40 	cmplw   cr7,r26,r22
    e298:	7f 5b d3 78 	mr      r27,r26
    e29c:	40 9d 00 08 	ble     cr7,e2a4 <_start+0xd158>
    e2a0:	7e db b3 78 	mr      r27,r22
    e2a4:	2f 99 ff ff 	cmpwi   cr7,r25,-1
    e2a8:	41 9e 00 40 	beq     cr7,e2e8 <_start+0xd19c>
    e2ac:	38 1b 00 02 	addi    r0,r27,2
    e2b0:	7f 5b d0 50 	subf    r26,r27,r26
    e2b4:	83 1e 01 78 	lwz     r24,376(r30)
    e2b8:	54 0b 80 1e 	slwi    r11,r0,16
    e2bc:	80 77 00 14 	lwz     r3,20(r23)
    e2c0:	7f 00 c1 d6 	mullw   r24,r0,r24
    e2c4:	61 60 00 76 	ori     r0,r11,118
    e2c8:	90 03 00 04 	stw     r0,4(r3)
    e2cc:	57 09 80 1e 	slwi    r9,r24,16
    e2d0:	7d 29 a3 78 	or      r9,r9,r20
    e2d4:	91 23 00 00 	stw     r9,0(r3)
    e2d8:	38 63 00 08 	addi    r3,r3,8
    e2dc:	40 be ff 0c 	bne     cr7,e1e8 <_start+0xd09c>
    e2e0:	7e 39 8b 78 	mr      r25,r17
    e2e4:	4b ff ff 4c 	b       e230 <_start+0xd0e4>
    e2e8:	7f 60 db 78 	mr      r0,r27
    e2ec:	7f 5b d0 50 	subf    r26,r27,r26
    e2f0:	4b ff ff c4 	b       e2b4 <_start+0xd168>
    e2f4:	7e e3 bb 78 	mr      r3,r23
    e2f8:	48 00 70 9d 	bl      15394 <_start+0x14248>
    e2fc:	80 01 00 54 	lwz     r0,84(r1)
    e300:	38 60 00 00 	li      r3,0
    e304:	82 21 00 14 	lwz     r17,20(r1)
    e308:	7c 08 03 a6 	mtlr    r0
    e30c:	82 41 00 18 	lwz     r18,24(r1)
    e310:	82 61 00 1c 	lwz     r19,28(r1)
    e314:	82 81 00 20 	lwz     r20,32(r1)
    e318:	82 a1 00 24 	lwz     r21,36(r1)
    e31c:	82 c1 00 28 	lwz     r22,40(r1)
    e320:	82 e1 00 2c 	lwz     r23,44(r1)
    e324:	83 01 00 30 	lwz     r24,48(r1)
    e328:	83 21 00 34 	lwz     r25,52(r1)
    e32c:	83 41 00 38 	lwz     r26,56(r1)
    e330:	83 61 00 3c 	lwz     r27,60(r1)
    e334:	83 81 00 40 	lwz     r28,64(r1)
    e338:	83 a1 00 44 	lwz     r29,68(r1)
    e33c:	83 c1 00 48 	lwz     r30,72(r1)
    e340:	83 e1 00 4c 	lwz     r31,76(r1)
    e344:	38 21 00 50 	addi    r1,r1,80
    e348:	4e 80 00 20 	blr
    e34c:	7e db b3 78 	mr      r27,r22
    e350:	4b ff fe 44 	b       e194 <_start+0xd048>
    e354:	3b c0 00 00 	li      r30,0
    e358:	4b ff fd f0 	b       e148 <_start+0xcffc>
    e35c:	94 21 ff b0 	stwu    r1,-80(r1)
    e360:	7c 08 02 a6 	mflr    r0
    e364:	93 a1 00 44 	stw     r29,68(r1)
    e368:	7c 7d 1b 79 	mr.     r29,r3
    e36c:	92 21 00 14 	stw     r17,20(r1)
    e370:	7c 91 23 78 	mr      r17,r4
    e374:	93 41 00 38 	stw     r26,56(r1)
    e378:	7c ba 2b 78 	mr      r26,r5
    e37c:	90 01 00 54 	stw     r0,84(r1)
    e380:	92 41 00 18 	stw     r18,24(r1)
    e384:	92 61 00 1c 	stw     r19,28(r1)
    e388:	92 81 00 20 	stw     r20,32(r1)
    e38c:	92 a1 00 24 	stw     r21,36(r1)
    e390:	92 c1 00 28 	stw     r22,40(r1)
    e394:	92 e1 00 2c 	stw     r23,44(r1)
    e398:	93 01 00 30 	stw     r24,48(r1)
    e39c:	93 21 00 34 	stw     r25,52(r1)
    e3a0:	93 61 00 3c 	stw     r27,60(r1)
    e3a4:	93 81 00 40 	stw     r28,64(r1)
    e3a8:	93 c1 00 48 	stw     r30,72(r1)
    e3ac:	93 e1 00 4c 	stw     r31,76(r1)
    e3b0:	41 82 01 e8 	beq     e598 <_start+0xd44c>
    e3b4:	83 dd 00 00 	lwz     r30,0(r29)
    e3b8:	82 de 00 14 	lwz     r22,20(r30)
    e3bc:	38 80 00 01 	li      r4,1
    e3c0:	80 1e 01 78 	lwz     r0,376(r30)
    e3c4:	3a d6 ff fe 	addi    r22,r22,-2
    e3c8:	83 9e 05 a4 	lwz     r28,1444(r30)
    e3cc:	7e d6 03 96 	divwu   r22,r22,r0
    e3d0:	83 fe 05 98 	lwz     r31,1432(r30)
    e3d4:	83 7e 05 9c 	lwz     r27,1436(r30)
    e3d8:	7c 76 01 d6 	mullw   r3,r22,r0
    e3dc:	38 63 00 02 	addi    r3,r3,2
    e3e0:	48 00 6f 51 	bl      15330 <_start+0x141e4>
    e3e4:	2f 9a 00 00 	cmpwi   cr7,r26,0
    e3e8:	7c 77 1b 78 	mr      r23,r3
    e3ec:	41 9e 01 4c 	beq     cr7,e538 <_start+0xd3ec>
    e3f0:	7f 9a b0 40 	cmplw   cr7,r26,r22
    e3f4:	7e 51 d9 d6 	mullw   r18,r17,r27
    e3f8:	7f 5b d3 78 	mr      r27,r26
    e3fc:	7e 5f 92 14 	add     r18,r31,r18
    e400:	41 9d 01 90 	bgt     cr7,e590 <_start+0xd444>
    e404:	83 1e 01 78 	lwz     r24,376(r30)
    e408:	3b 20 ff ff 	li      r25,-1
    e40c:	7f 60 db 78 	mr      r0,r27
    e410:	2f 99 ff ff 	cmpwi   cr7,r25,-1
    e414:	3e a0 c0 00 	lis     r21,-16384
    e418:	80 77 00 14 	lwz     r3,20(r23)
    e41c:	7f 00 c1 d6 	mullw   r24,r0,r24
    e420:	62 b5 35 00 	ori     r21,r21,13568
    e424:	54 0b 80 1e 	slwi    r11,r0,16
    e428:	3e 60 00 02 	lis     r19,2
    e42c:	3e 80 00 02 	lis     r20,2
    e430:	57 09 80 1e 	slwi    r9,r24,16
    e434:	61 60 00 75 	ori     r0,r11,117
    e438:	7d 29 ab 78 	or      r9,r9,r21
    e43c:	90 03 00 04 	stw     r0,4(r3)
    e440:	7f 5b d0 50 	subf    r26,r27,r26
    e444:	91 23 00 00 	stw     r9,0(r3)
    e448:	3a 73 03 74 	addi    r19,r19,884
    e44c:	3a 94 03 70 	addi    r20,r20,880
    e450:	7e 5f 93 78 	mr      r31,r18
    e454:	38 63 00 08 	addi    r3,r3,8
    e458:	41 9e 00 cc 	beq     cr7,e524 <_start+0xd3d8>
    e45c:	80 1e 05 94 	lwz     r0,1428(r30)
    e460:	7e 44 93 78 	mr      r4,r18
    e464:	7f a5 eb 78 	mr      r5,r29
    e468:	7f 86 e3 78 	mr      r6,r28
    e46c:	7c 09 03 a6 	mtctr   r0
    e470:	4e 80 04 21 	bctrl
    e474:	2f 9b 00 00 	cmpwi   cr7,r27,0
    e478:	41 9e 00 3c 	beq     cr7,e4b4 <_start+0xd368>
    e47c:	93 61 00 08 	stw     r27,8(r1)
    e480:	80 1e 05 94 	lwz     r0,1428(r30)
    e484:	7f e4 fb 78 	mr      r4,r31
    e488:	7f a5 eb 78 	mr      r5,r29
    e48c:	7f 86 e3 78 	mr      r6,r28
    e490:	7c 09 03 a6 	mtctr   r0
    e494:	4e 80 04 21 	bctrl
    e498:	80 1e 05 9c 	lwz     r0,1436(r30)
    e49c:	7f ff 02 14 	add     r31,r31,r0
    e4a0:	80 01 00 08 	lwz     r0,8(r1)
    e4a4:	35 20 ff ff 	addic.  r9,r0,-1
    e4a8:	91 21 00 08 	stw     r9,8(r1)
    e4ac:	40 82 ff d4 	bne     e480 <_start+0xd334>
    e4b0:	7f 39 da 14 	add     r25,r25,r27
    e4b4:	81 33 00 00 	lwz     r9,0(r19)
    e4b8:	38 b8 00 02 	addi    r5,r24,2
    e4bc:	80 74 00 00 	lwz     r3,0(r20)
    e4c0:	80 09 00 28 	lwz     r0,40(r9)
    e4c4:	80 97 00 14 	lwz     r4,20(r23)
    e4c8:	7c 09 03 a6 	mtctr   r0
    e4cc:	4e 80 04 21 	bctrl
    e4d0:	2f 9a 00 00 	cmpwi   cr7,r26,0
    e4d4:	41 9e 00 64 	beq     cr7,e538 <_start+0xd3ec>
    e4d8:	7f 9a b0 40 	cmplw   cr7,r26,r22
    e4dc:	7f 5b d3 78 	mr      r27,r26
    e4e0:	40 9d 00 08 	ble     cr7,e4e8 <_start+0xd39c>
    e4e4:	7e db b3 78 	mr      r27,r22
    e4e8:	2f 99 ff ff 	cmpwi   cr7,r25,-1
    e4ec:	41 9e 00 40 	beq     cr7,e52c <_start+0xd3e0>
    e4f0:	38 1b 00 01 	addi    r0,r27,1
    e4f4:	7f 5b d0 50 	subf    r26,r27,r26
    e4f8:	83 1e 01 78 	lwz     r24,376(r30)
    e4fc:	54 0b 80 1e 	slwi    r11,r0,16
    e500:	80 77 00 14 	lwz     r3,20(r23)
    e504:	7f 00 c1 d6 	mullw   r24,r0,r24
    e508:	61 60 00 75 	ori     r0,r11,117
    e50c:	90 03 00 04 	stw     r0,4(r3)
    e510:	57 09 80 1e 	slwi    r9,r24,16
    e514:	7d 29 ab 78 	or      r9,r9,r21
    e518:	91 23 00 00 	stw     r9,0(r3)
    e51c:	38 63 00 08 	addi    r3,r3,8
    e520:	40 be ff 3c 	bne     cr7,e45c <_start+0xd310>
    e524:	7e 39 8b 78 	mr      r25,r17
    e528:	4b ff ff 4c 	b       e474 <_start+0xd328>
    e52c:	7f 60 db 78 	mr      r0,r27
    e530:	7f 5b d0 50 	subf    r26,r27,r26
    e534:	4b ff ff c4 	b       e4f8 <_start+0xd3ac>
    e538:	7e e3 bb 78 	mr      r3,r23
    e53c:	48 00 6e 59 	bl      15394 <_start+0x14248>
    e540:	80 01 00 54 	lwz     r0,84(r1)
    e544:	38 60 00 00 	li      r3,0
    e548:	82 21 00 14 	lwz     r17,20(r1)
    e54c:	7c 08 03 a6 	mtlr    r0
    e550:	82 41 00 18 	lwz     r18,24(r1)
    e554:	82 61 00 1c 	lwz     r19,28(r1)
    e558:	82 81 00 20 	lwz     r20,32(r1)
    e55c:	82 a1 00 24 	lwz     r21,36(r1)
    e560:	82 c1 00 28 	lwz     r22,40(r1)
    e564:	82 e1 00 2c 	lwz     r23,44(r1)
    e568:	83 01 00 30 	lwz     r24,48(r1)
    e56c:	83 21 00 34 	lwz     r25,52(r1)
    e570:	83 41 00 38 	lwz     r26,56(r1)
    e574:	83 61 00 3c 	lwz     r27,60(r1)
    e578:	83 81 00 40 	lwz     r28,64(r1)
    e57c:	83 a1 00 44 	lwz     r29,68(r1)
    e580:	83 c1 00 48 	lwz     r30,72(r1)
    e584:	83 e1 00 4c 	lwz     r31,76(r1)
    e588:	38 21 00 50 	addi    r1,r1,80
    e58c:	4e 80 00 20 	blr
    e590:	7e db b3 78 	mr      r27,r22
    e594:	4b ff fe 70 	b       e404 <_start+0xd2b8>
    e598:	3b c0 00 00 	li      r30,0
    e59c:	4b ff fe 1c 	b       e3b8 <_start+0xd26c>
    e5a0:	94 21 ff a0 	stwu    r1,-96(r1)
    e5a4:	7d 80 00 26 	mfcr    r12
    e5a8:	7c 08 02 a6 	mflr    r0
    e5ac:	93 a1 00 54 	stw     r29,84(r1)
    e5b0:	7c 7d 1b 79 	mr.     r29,r3
    e5b4:	92 41 00 28 	stw     r18,40(r1)
    e5b8:	7c 92 23 78 	mr      r18,r4
    e5bc:	93 41 00 48 	stw     r26,72(r1)
    e5c0:	7c ba 2b 78 	mr      r26,r5
    e5c4:	90 01 00 64 	stw     r0,100(r1)
    e5c8:	91 e1 00 1c 	stw     r15,28(r1)
    e5cc:	92 01 00 20 	stw     r16,32(r1)
    e5d0:	92 21 00 24 	stw     r17,36(r1)
    e5d4:	92 61 00 2c 	stw     r19,44(r1)
    e5d8:	92 81 00 30 	stw     r20,48(r1)
    e5dc:	92 a1 00 34 	stw     r21,52(r1)
    e5e0:	92 c1 00 38 	stw     r22,56(r1)
    e5e4:	92 e1 00 3c 	stw     r23,60(r1)
    e5e8:	93 01 00 40 	stw     r24,64(r1)
    e5ec:	93 21 00 44 	stw     r25,68(r1)
    e5f0:	93 61 00 4c 	stw     r27,76(r1)
    e5f4:	93 81 00 50 	stw     r28,80(r1)
    e5f8:	93 c1 00 58 	stw     r30,88(r1)
    e5fc:	93 e1 00 5c 	stw     r31,92(r1)
    e600:	91 81 00 18 	stw     r12,24(r1)
    e604:	41 82 02 58 	beq     e85c <_start+0xd710>
    e608:	83 dd 00 00 	lwz     r30,0(r29)
    e60c:	82 de 00 14 	lwz     r22,20(r30)
    e610:	38 80 00 01 	li      r4,1
    e614:	80 1e 01 78 	lwz     r0,376(r30)
    e618:	3a d6 ff fe 	addi    r22,r22,-2
    e61c:	83 9e 05 a4 	lwz     r28,1444(r30)
    e620:	7e d6 03 96 	divwu   r22,r22,r0
    e624:	83 fe 05 98 	lwz     r31,1432(r30)
    e628:	83 7e 05 9c 	lwz     r27,1436(r30)
    e62c:	7c 76 01 d6 	mullw   r3,r22,r0
    e630:	38 63 00 02 	addi    r3,r3,2
    e634:	48 00 6c fd 	bl      15330 <_start+0x141e4>
    e638:	2f 9a 00 00 	cmpwi   cr7,r26,0
    e63c:	7c 78 1b 78 	mr      r24,r3
    e640:	41 9e 01 a0 	beq     cr7,e7e0 <_start+0xd694>
    e644:	7f 9a b0 40 	cmplw   cr7,r26,r22
    e648:	7d f2 d9 d6 	mullw   r15,r18,r27
    e64c:	7f 5b d3 78 	mr      r27,r26
    e650:	7d ff 7a 14 	add     r15,r31,r15
    e654:	41 9d 02 00 	bgt     cr7,e854 <_start+0xd708>
    e658:	82 fe 01 78 	lwz     r23,376(r30)
    e65c:	7f 5b d0 50 	subf    r26,r27,r26
    e660:	7f 60 db 78 	mr      r0,r27
    e664:	3b 20 ff ff 	li      r25,-1
    e668:	21 3a 00 00 	subfic  r9,r26,0
    e66c:	7d 20 01 94 	addze   r9,r0
    e670:	80 78 00 14 	lwz     r3,20(r24)
    e674:	2f 99 ff ff 	cmpwi   cr7,r25,-1
    e678:	7e e9 b9 d6 	mullw   r23,r9,r23
    e67c:	3e a0 c0 00 	lis     r21,-16384
    e680:	55 20 80 1e 	slwi    r0,r9,16
    e684:	62 b5 35 00 	ori     r21,r21,13568
    e688:	56 e9 80 1e 	slwi    r9,r23,16
    e68c:	3e 00 00 02 	lis     r16,2
    e690:	3e 20 00 02 	lis     r17,2
    e694:	7d 29 ab 78 	or      r9,r9,r21
    e698:	60 00 00 73 	ori     r0,r0,115
    e69c:	91 23 00 00 	stw     r9,0(r3)
    e6a0:	7d ff 7b 78 	mr      r31,r15
    e6a4:	3a 70 03 74 	addi    r19,r16,884
    e6a8:	90 03 00 04 	stw     r0,4(r3)
    e6ac:	3a 91 03 70 	addi    r20,r17,880
    e6b0:	38 63 00 08 	addi    r3,r3,8
    e6b4:	2e 1a 00 00 	cmpwi   cr4,r26,0
    e6b8:	3a f7 00 02 	addi    r23,r23,2
    e6bc:	41 9e 00 e8 	beq     cr7,e7a4 <_start+0xd658>
    e6c0:	80 1e 05 9c 	lwz     r0,1436(r30)
    e6c4:	39 39 ff ff 	addi    r9,r25,-1
    e6c8:	7f a5 eb 78 	mr      r5,r29
    e6cc:	80 9e 05 98 	lwz     r4,1432(r30)
    e6d0:	7f 86 e3 78 	mr      r6,r28
    e6d4:	7c 09 01 d6 	mullw   r0,r9,r0
    e6d8:	7c 84 02 14 	add     r4,r4,r0
    e6dc:	80 1e 05 94 	lwz     r0,1428(r30)
    e6e0:	7c 09 03 a6 	mtctr   r0
    e6e4:	4e 80 04 21 	bctrl
    e6e8:	2f 9b 00 00 	cmpwi   cr7,r27,0
    e6ec:	41 9e 00 3c 	beq     cr7,e728 <_start+0xd5dc>
    e6f0:	93 61 00 08 	stw     r27,8(r1)
    e6f4:	80 1e 05 94 	lwz     r0,1428(r30)
    e6f8:	7f e4 fb 78 	mr      r4,r31
    e6fc:	7f a5 eb 78 	mr      r5,r29
    e700:	7f 86 e3 78 	mr      r6,r28
    e704:	7c 09 03 a6 	mtctr   r0
    e708:	4e 80 04 21 	bctrl
    e70c:	80 1e 05 9c 	lwz     r0,1436(r30)
    e710:	7f ff 02 14 	add     r31,r31,r0
    e714:	80 01 00 08 	lwz     r0,8(r1)
    e718:	35 20 ff ff 	addic.  r9,r0,-1
    e71c:	91 21 00 08 	stw     r9,8(r1)
    e720:	40 82 ff d4 	bne     e6f4 <_start+0xd5a8>
    e724:	7f 39 da 14 	add     r25,r25,r27
    e728:	41 92 00 84 	beq     cr4,e7ac <_start+0xd660>
    e72c:	81 33 00 00 	lwz     r9,0(r19)
    e730:	7e e5 bb 78 	mr      r5,r23
    e734:	7f 5b d3 78 	mr      r27,r26
    e738:	80 74 00 00 	lwz     r3,0(r20)
    e73c:	80 09 00 28 	lwz     r0,40(r9)
    e740:	80 98 00 14 	lwz     r4,20(r24)
    e744:	7c 09 03 a6 	mtctr   r0
    e748:	4e 80 04 21 	bctrl
    e74c:	7f 9a b0 40 	cmplw   cr7,r26,r22
    e750:	40 9d 00 08 	ble     cr7,e758 <_start+0xd60c>
    e754:	7e db b3 78 	mr      r27,r22
    e758:	2f 99 ff ff 	cmpwi   cr7,r25,-1
    e75c:	41 9e 00 ec 	beq     cr7,e848 <_start+0xd6fc>
    e760:	38 1b 00 01 	addi    r0,r27,1
    e764:	7f 5b d0 50 	subf    r26,r27,r26
    e768:	82 fe 01 78 	lwz     r23,376(r30)
    e76c:	21 3a 00 00 	subfic  r9,r26,0
    e770:	7d 20 01 94 	addze   r9,r0
    e774:	2e 1a 00 00 	cmpwi   cr4,r26,0
    e778:	80 78 00 14 	lwz     r3,20(r24)
    e77c:	55 20 80 1e 	slwi    r0,r9,16
    e780:	7e e9 b9 d6 	mullw   r23,r9,r23
    e784:	60 00 00 73 	ori     r0,r0,115
    e788:	90 03 00 04 	stw     r0,4(r3)
    e78c:	56 e9 80 1e 	slwi    r9,r23,16
    e790:	3a f7 00 02 	addi    r23,r23,2
    e794:	7d 29 ab 78 	or      r9,r9,r21
    e798:	91 23 00 00 	stw     r9,0(r3)
    e79c:	38 63 00 08 	addi    r3,r3,8
    e7a0:	40 be ff 20 	bne     cr7,e6c0 <_start+0xd574>
    e7a4:	7e 59 93 78 	mr      r25,r18
    e7a8:	4b ff ff 40 	b       e6e8 <_start+0xd59c>
    e7ac:	80 1e 05 94 	lwz     r0,1428(r30)
    e7b0:	7d e4 7b 78 	mr      r4,r15
    e7b4:	7f a5 eb 78 	mr      r5,r29
    e7b8:	7f 86 e3 78 	mr      r6,r28
    e7bc:	7c 09 03 a6 	mtctr   r0
    e7c0:	4e 80 04 21 	bctrl
    e7c4:	81 30 03 74 	lwz     r9,884(r16)
    e7c8:	7e e5 bb 78 	mr      r5,r23
    e7cc:	80 71 03 70 	lwz     r3,880(r17)
    e7d0:	80 09 00 28 	lwz     r0,40(r9)
    e7d4:	80 98 00 14 	lwz     r4,20(r24)
    e7d8:	7c 09 03 a6 	mtctr   r0
    e7dc:	4e 80 04 21 	bctrl
    e7e0:	7f 03 c3 78 	mr      r3,r24
    e7e4:	48 00 6b b1 	bl      15394 <_start+0x14248>
    e7e8:	80 01 00 64 	lwz     r0,100(r1)
    e7ec:	38 60 00 00 	li      r3,0
    e7f0:	81 81 00 18 	lwz     r12,24(r1)
    e7f4:	7c 08 03 a6 	mtlr    r0
    e7f8:	81 e1 00 1c 	lwz     r15,28(r1)
    e7fc:	82 01 00 20 	lwz     r16,32(r1)
    e800:	7d 80 81 20 	mtcrf   8,r12
    e804:	82 21 00 24 	lwz     r17,36(r1)
    e808:	82 41 00 28 	lwz     r18,40(r1)
    e80c:	82 61 00 2c 	lwz     r19,44(r1)
    e810:	82 81 00 30 	lwz     r20,48(r1)
    e814:	82 a1 00 34 	lwz     r21,52(r1)
    e818:	82 c1 00 38 	lwz     r22,56(r1)
    e81c:	82 e1 00 3c 	lwz     r23,60(r1)
    e820:	83 01 00 40 	lwz     r24,64(r1)
    e824:	83 21 00 44 	lwz     r25,68(r1)
    e828:	83 41 00 48 	lwz     r26,72(r1)
    e82c:	83 61 00 4c 	lwz     r27,76(r1)
    e830:	83 81 00 50 	lwz     r28,80(r1)
    e834:	83 a1 00 54 	lwz     r29,84(r1)
    e838:	83 c1 00 58 	lwz     r30,88(r1)
    e83c:	83 e1 00 5c 	lwz     r31,92(r1)
    e840:	38 21 00 60 	addi    r1,r1,96
    e844:	4e 80 00 20 	blr
    e848:	7f 60 db 78 	mr      r0,r27
    e84c:	7f 5b d0 50 	subf    r26,r27,r26
    e850:	4b ff ff 18 	b       e768 <_start+0xd61c>
    e854:	7e db b3 78 	mr      r27,r22
    e858:	4b ff fe 00 	b       e658 <_start+0xd50c>
    e85c:	3b c0 00 00 	li      r30,0
    e860:	4b ff fd ac 	b       e60c <_start+0xd4c0>
    e864:	94 21 ff b0 	stwu    r1,-80(r1)
    e868:	7c 08 02 a6 	mflr    r0
    e86c:	93 a1 00 44 	stw     r29,68(r1)
    e870:	7c 7d 1b 79 	mr.     r29,r3
    e874:	92 41 00 18 	stw     r18,24(r1)
    e878:	7c 92 23 78 	mr      r18,r4
    e87c:	93 41 00 38 	stw     r26,56(r1)
    e880:	7c ba 2b 78 	mr      r26,r5
    e884:	90 01 00 54 	stw     r0,84(r1)
    e888:	92 61 00 1c 	stw     r19,28(r1)
    e88c:	92 81 00 20 	stw     r20,32(r1)
    e890:	92 a1 00 24 	stw     r21,36(r1)
    e894:	92 c1 00 28 	stw     r22,40(r1)
    e898:	92 e1 00 2c 	stw     r23,44(r1)
    e89c:	93 01 00 30 	stw     r24,48(r1)
    e8a0:	93 21 00 34 	stw     r25,52(r1)
    e8a4:	93 61 00 3c 	stw     r27,60(r1)
    e8a8:	93 81 00 40 	stw     r28,64(r1)
    e8ac:	93 c1 00 48 	stw     r30,72(r1)
    e8b0:	93 e1 00 4c 	stw     r31,76(r1)
    e8b4:	41 82 01 f0 	beq     eaa4 <_start+0xd958>
    e8b8:	83 dd 00 00 	lwz     r30,0(r29)
    e8bc:	82 de 00 14 	lwz     r22,20(r30)
    e8c0:	38 80 00 01 	li      r4,1
    e8c4:	80 1e 01 78 	lwz     r0,376(r30)
    e8c8:	3a d6 ff fe 	addi    r22,r22,-2
    e8cc:	83 9e 05 a4 	lwz     r28,1444(r30)
    e8d0:	7e d6 03 96 	divwu   r22,r22,r0
    e8d4:	83 fe 05 98 	lwz     r31,1432(r30)
    e8d8:	83 7e 05 9c 	lwz     r27,1436(r30)
    e8dc:	7c 76 01 d6 	mullw   r3,r22,r0
    e8e0:	38 63 00 02 	addi    r3,r3,2
    e8e4:	48 00 6a 4d 	bl      15330 <_start+0x141e4>
    e8e8:	2f 9a 00 00 	cmpwi   cr7,r26,0
    e8ec:	7c 77 1b 78 	mr      r23,r3
    e8f0:	41 9e 01 58 	beq     cr7,ea48 <_start+0xd8fc>
    e8f4:	7f 9a b0 40 	cmplw   cr7,r26,r22
    e8f8:	7c 12 d9 d6 	mullw   r0,r18,r27
    e8fc:	7f 5b d3 78 	mr      r27,r26
    e900:	7f ff 02 14 	add     r31,r31,r0
    e904:	41 9d 01 98 	bgt     cr7,ea9c <_start+0xd950>
    e908:	83 1e 01 78 	lwz     r24,376(r30)
    e90c:	3b 20 ff ff 	li      r25,-1
    e910:	7f 60 db 78 	mr      r0,r27
    e914:	2f 99 ff ff 	cmpwi   cr7,r25,-1
    e918:	3e a0 c0 00 	lis     r21,-16384
    e91c:	80 77 00 14 	lwz     r3,20(r23)
    e920:	7f 00 c1 d6 	mullw   r24,r0,r24
    e924:	62 b5 35 00 	ori     r21,r21,13568
    e928:	54 0b 80 1e 	slwi    r11,r0,16
    e92c:	3e 60 00 02 	lis     r19,2
    e930:	3e 80 00 02 	lis     r20,2
    e934:	57 09 80 1e 	slwi    r9,r24,16
    e938:	61 60 00 73 	ori     r0,r11,115
    e93c:	7d 29 ab 78 	or      r9,r9,r21
    e940:	90 03 00 04 	stw     r0,4(r3)
    e944:	7f 5b d0 50 	subf    r26,r27,r26
    e948:	91 23 00 00 	stw     r9,0(r3)
    e94c:	3a 73 03 74 	addi    r19,r19,884
    e950:	3a 94 03 70 	addi    r20,r20,880
    e954:	38 63 00 08 	addi    r3,r3,8
    e958:	41 9e 00 dc 	beq     cr7,ea34 <_start+0xd8e8>
    e95c:	80 1e 05 9c 	lwz     r0,1436(r30)
    e960:	39 39 ff ff 	addi    r9,r25,-1
    e964:	7f a5 eb 78 	mr      r5,r29
    e968:	80 9e 05 98 	lwz     r4,1432(r30)
    e96c:	7f 86 e3 78 	mr      r6,r28
    e970:	7c 09 01 d6 	mullw   r0,r9,r0
    e974:	7c 84 02 14 	add     r4,r4,r0
    e978:	80 1e 05 94 	lwz     r0,1428(r30)
    e97c:	7c 09 03 a6 	mtctr   r0
    e980:	4e 80 04 21 	bctrl
    e984:	2f 9b 00 00 	cmpwi   cr7,r27,0
    e988:	41 9e 00 3c 	beq     cr7,e9c4 <_start+0xd878>
    e98c:	93 61 00 08 	stw     r27,8(r1)
    e990:	80 1e 05 94 	lwz     r0,1428(r30)
    e994:	7f e4 fb 78 	mr      r4,r31
    e998:	7f a5 eb 78 	mr      r5,r29
    e99c:	7f 86 e3 78 	mr      r6,r28
    e9a0:	7c 09 03 a6 	mtctr   r0
    e9a4:	4e 80 04 21 	bctrl
    e9a8:	80 1e 05 9c 	lwz     r0,1436(r30)
    e9ac:	7f ff 02 14 	add     r31,r31,r0
    e9b0:	80 01 00 08 	lwz     r0,8(r1)
    e9b4:	35 20 ff ff 	addic.  r9,r0,-1
    e9b8:	91 21 00 08 	stw     r9,8(r1)
    e9bc:	40 82 ff d4 	bne     e990 <_start+0xd844>
    e9c0:	7f 39 da 14 	add     r25,r25,r27
    e9c4:	81 33 00 00 	lwz     r9,0(r19)
    e9c8:	38 b8 00 02 	addi    r5,r24,2
    e9cc:	80 74 00 00 	lwz     r3,0(r20)
    e9d0:	80 09 00 28 	lwz     r0,40(r9)
    e9d4:	80 97 00 14 	lwz     r4,20(r23)
    e9d8:	7c 09 03 a6 	mtctr   r0
    e9dc:	4e 80 04 21 	bctrl
    e9e0:	2f 9a 00 00 	cmpwi   cr7,r26,0
    e9e4:	41 9e 00 64 	beq     cr7,ea48 <_start+0xd8fc>
    e9e8:	7f 9a b0 40 	cmplw   cr7,r26,r22
    e9ec:	7f 5b d3 78 	mr      r27,r26
    e9f0:	40 9d 00 08 	ble     cr7,e9f8 <_start+0xd8ac>
    e9f4:	7e db b3 78 	mr      r27,r22
    e9f8:	2f 99 ff ff 	cmpwi   cr7,r25,-1
    e9fc:	41 9e 00 40 	beq     cr7,ea3c <_start+0xd8f0>
    ea00:	38 1b 00 01 	addi    r0,r27,1
    ea04:	7f 5b d0 50 	subf    r26,r27,r26
    ea08:	83 1e 01 78 	lwz     r24,376(r30)
    ea0c:	54 0b 80 1e 	slwi    r11,r0,16
    ea10:	80 77 00 14 	lwz     r3,20(r23)
    ea14:	7f 00 c1 d6 	mullw   r24,r0,r24
    ea18:	61 60 00 73 	ori     r0,r11,115
    ea1c:	90 03 00 04 	stw     r0,4(r3)
    ea20:	57 09 80 1e 	slwi    r9,r24,16
    ea24:	7d 29 ab 78 	or      r9,r9,r21
    ea28:	91 23 00 00 	stw     r9,0(r3)
    ea2c:	38 63 00 08 	addi    r3,r3,8
    ea30:	40 be ff 2c 	bne     cr7,e95c <_start+0xd810>
    ea34:	7e 59 93 78 	mr      r25,r18
    ea38:	4b ff ff 4c 	b       e984 <_start+0xd838>
    ea3c:	7f 60 db 78 	mr      r0,r27
    ea40:	7f 5b d0 50 	subf    r26,r27,r26
    ea44:	4b ff ff c4 	b       ea08 <_start+0xd8bc>
    ea48:	7e e3 bb 78 	mr      r3,r23
    ea4c:	48 00 69 49 	bl      15394 <_start+0x14248>
    ea50:	80 01 00 54 	lwz     r0,84(r1)
    ea54:	38 60 00 00 	li      r3,0
    ea58:	82 41 00 18 	lwz     r18,24(r1)
    ea5c:	7c 08 03 a6 	mtlr    r0
    ea60:	82 61 00 1c 	lwz     r19,28(r1)
    ea64:	82 81 00 20 	lwz     r20,32(r1)
    ea68:	82 a1 00 24 	lwz     r21,36(r1)
    ea6c:	82 c1 00 28 	lwz     r22,40(r1)
    ea70:	82 e1 00 2c 	lwz     r23,44(r1)
    ea74:	83 01 00 30 	lwz     r24,48(r1)
    ea78:	83 21 00 34 	lwz     r25,52(r1)
    ea7c:	83 41 00 38 	lwz     r26,56(r1)
    ea80:	83 61 00 3c 	lwz     r27,60(r1)
    ea84:	83 81 00 40 	lwz     r28,64(r1)
    ea88:	83 a1 00 44 	lwz     r29,68(r1)
    ea8c:	83 c1 00 48 	lwz     r30,72(r1)
    ea90:	83 e1 00 4c 	lwz     r31,76(r1)
    ea94:	38 21 00 50 	addi    r1,r1,80
    ea98:	4e 80 00 20 	blr
    ea9c:	7e db b3 78 	mr      r27,r22
    eaa0:	4b ff fe 68 	b       e908 <_start+0xd7bc>
    eaa4:	3b c0 00 00 	li      r30,0
    eaa8:	4b ff fe 14 	b       e8bc <_start+0xd770>
    eaac:	94 21 ff 90 	stwu    r1,-112(r1)
    eab0:	7c 08 02 a6 	mflr    r0
    eab4:	93 a1 00 54 	stw     r29,84(r1)
    eab8:	7c 7d 1b 79 	mr.     r29,r3
    eabc:	93 41 00 48 	stw     r26,72(r1)
    eac0:	7c 9a 23 78 	mr      r26,r4
    eac4:	93 61 00 4c 	stw     r27,76(r1)
    eac8:	7c bb 2b 78 	mr      r27,r5
    eacc:	90 01 00 74 	stw     r0,116(r1)
    ead0:	db c1 00 60 	stfd    f30,96(r1)
    ead4:	db e1 00 68 	stfd    f31,104(r1)
    ead8:	92 41 00 28 	stw     r18,40(r1)
    eadc:	92 61 00 2c 	stw     r19,44(r1)
    eae0:	92 81 00 30 	stw     r20,48(r1)
    eae4:	92 a1 00 34 	stw     r21,52(r1)
    eae8:	92 c1 00 38 	stw     r22,56(r1)
    eaec:	92 e1 00 3c 	stw     r23,60(r1)
    eaf0:	93 01 00 40 	stw     r24,64(r1)
    eaf4:	93 21 00 44 	stw     r25,68(r1)
    eaf8:	93 81 00 50 	stw     r28,80(r1)
    eafc:	93 c1 00 58 	stw     r30,88(r1)
    eb00:	93 e1 00 5c 	stw     r31,92(r1)
    eb04:	41 82 02 c4 	beq     edc8 <_start+0xdc7c>
    eb08:	83 dd 00 00 	lwz     r30,0(r29)
    eb0c:	83 1e 00 14 	lwz     r24,20(r30)
    eb10:	3d 20 00 01 	lis     r9,1
    eb14:	80 1e 01 78 	lwz     r0,376(r30)
    eb18:	3b 18 ff fe 	addi    r24,r24,-2
    eb1c:	c1 a9 76 38 	lfs     f13,30264(r9)
    eb20:	3d 20 00 01 	lis     r9,1
    eb24:	7f 18 03 96 	divwu   r24,r24,r0
    eb28:	c0 1e 05 b0 	lfs     f0,1456(r30)
    eb2c:	83 9e 05 a4 	lwz     r28,1444(r30)
    eb30:	83 fe 05 98 	lwz     r31,1432(r30)
    eb34:	ec 0d 00 32 	fmuls   f0,f13,f0
    eb38:	c1 a9 64 c0 	lfs     f13,25792(r9)
    eb3c:	81 3e 00 18 	lwz     r9,24(r30)
    eb40:	82 fe 05 9c 	lwz     r23,1436(r30)
    eb44:	ff 80 68 00 	fcmpu   cr7,f0,f13
    eb48:	82 69 00 48 	lwz     r19,72(r9)
    eb4c:	82 89 00 8c 	lwz     r20,140(r9)
    eb50:	82 49 00 f4 	lwz     r18,244(r9)
    eb54:	4f dd f3 82 	cror    4*cr7+eq,4*cr7+gt,4*cr7+eq
    eb58:	57 18 f8 7e 	srwi    r24,r24,1
    eb5c:	41 9e 02 50 	beq     cr7,edac <_start+0xdc60>
    eb60:	fc 00 00 1e 	fctiwz  f0,f0
    eb64:	d8 01 00 08 	stfd    f0,8(r1)
    eb68:	80 01 00 0c 	lwz     r0,12(r1)
    eb6c:	90 09 00 f4 	stw     r0,244(r9)
    eb70:	81 3e 00 18 	lwz     r9,24(r30)
    eb74:	56 6b 07 b8 	rlwinm  r11,r19,0,30,28
    eb78:	56 80 02 0c 	rlwinm  r0,r20,0,8,6
    eb7c:	3e a0 00 02 	lis     r21,2
    eb80:	3e c0 00 02 	lis     r22,2
    eb84:	81 49 00 0c 	lwz     r10,12(r9)
    eb88:	65 4a 00 40 	oris    r10,r10,64
    eb8c:	91 49 00 0c 	stw     r10,12(r9)
    eb90:	81 3e 00 18 	lwz     r9,24(r30)
    eb94:	91 69 00 48 	stw     r11,72(r9)
    eb98:	81 3e 00 18 	lwz     r9,24(r30)
    eb9c:	81 69 00 0c 	lwz     r11,12(r9)
    eba0:	61 6b 00 08 	ori     r11,r11,8
    eba4:	91 69 00 0c 	stw     r11,12(r9)
    eba8:	81 3e 00 18 	lwz     r9,24(r30)
    ebac:	90 09 00 8c 	stw     r0,140(r9)
    ebb0:	81 3e 00 18 	lwz     r9,24(r30)
    ebb4:	80 09 00 0c 	lwz     r0,12(r9)
    ebb8:	60 00 02 00 	ori     r0,r0,512
    ebbc:	90 09 00 0c 	stw     r0,12(r9)
    ebc0:	38 00 00 00 	li      r0,0
    ebc4:	81 3e 00 18 	lwz     r9,24(r30)
    ebc8:	90 09 00 0c 	stw     r0,12(r9)
    ebcc:	81 35 03 74 	lwz     r9,884(r21)
    ebd0:	80 76 03 70 	lwz     r3,880(r22)
    ebd4:	80 09 00 3c 	lwz     r0,60(r9)
    ebd8:	80 9e 00 18 	lwz     r4,24(r30)
    ebdc:	7c 09 03 a6 	mtctr   r0
    ebe0:	4e 80 04 21 	bctrl
    ebe4:	80 7e 01 78 	lwz     r3,376(r30)
    ebe8:	3d 20 00 01 	lis     r9,1
    ebec:	38 80 00 01 	li      r4,1
    ebf0:	c0 1e 05 b0 	lfs     f0,1456(r30)
    ebf4:	c3 e9 76 3c 	lfs     f31,30268(r9)
    ebf8:	7c 78 19 d6 	mullw   r3,r24,r3
    ebfc:	38 63 00 02 	addi    r3,r3,2
    ec00:	ef ff 00 32 	fmuls   f31,f31,f0
    ec04:	48 00 67 2d 	bl      15330 <_start+0x141e4>
    ec08:	2f 9b 00 00 	cmpwi   cr7,r27,0
    ec0c:	7c 79 1b 78 	mr      r25,r3
    ec10:	41 9e 00 f8 	beq     cr7,ed08 <_start+0xdbbc>
    ec14:	7f 5a b9 d6 	mullw   r26,r26,r23
    ec18:	ff c0 f8 50 	fneg    f30,f31
    ec1c:	3e e0 c0 00 	lis     r23,-16384
    ec20:	3a b5 03 74 	addi    r21,r21,884
    ec24:	3a d6 03 70 	addi    r22,r22,880
    ec28:	62 f7 35 00 	ori     r23,r23,13568
    ec2c:	7f ff d2 14 	add     r31,r31,r26
    ec30:	7f 9b c0 40 	cmplw   cr7,r27,r24
    ec34:	93 61 00 18 	stw     r27,24(r1)
    ec38:	40 9d 00 08 	ble     cr7,ec40 <_start+0xdaf4>
    ec3c:	93 01 00 18 	stw     r24,24(r1)
    ec40:	81 21 00 18 	lwz     r9,24(r1)
    ec44:	80 1e 01 78 	lwz     r0,376(r30)
    ec48:	55 3a 08 3c 	slwi    r26,r9,1
    ec4c:	80 79 00 14 	lwz     r3,20(r25)
    ec50:	2f 89 00 00 	cmpwi   cr7,r9,0
    ec54:	7f 5a 01 d6 	mullw   r26,r26,r0
    ec58:	55 29 88 1c 	slwi    r9,r9,17
    ec5c:	61 29 00 72 	ori     r9,r9,114
    ec60:	57 40 80 1e 	slwi    r0,r26,16
    ec64:	91 23 00 04 	stw     r9,4(r3)
    ec68:	7c 00 bb 78 	or      r0,r0,r23
    ec6c:	90 03 00 00 	stw     r0,0(r3)
    ec70:	38 63 00 04 	addi    r3,r3,4
    ec74:	81 61 00 18 	lwz     r11,24(r1)
    ec78:	7f 6b d8 50 	subf    r27,r11,r27
    ec7c:	41 9e 00 68 	beq     cr7,ece4 <_start+0xdb98>
    ec80:	38 63 00 04 	addi    r3,r3,4
    ec84:	80 1e 05 ac 	lwz     r0,1452(r30)
    ec88:	3d 20 00 01 	lis     r9,1
    ec8c:	7f e4 fb 78 	mr      r4,r31
    ec90:	fc 40 f8 90 	fmr     f2,f31
    ec94:	c0 29 76 40 	lfs     f1,30272(r9)
    ec98:	7f a5 eb 78 	mr      r5,r29
    ec9c:	7f 86 e3 78 	mr      r6,r28
    eca0:	7c 09 03 a6 	mtctr   r0
    eca4:	4e 80 04 21 	bctrl
    eca8:	80 1e 05 ac 	lwz     r0,1452(r30)
    ecac:	3d 20 00 01 	lis     r9,1
    ecb0:	7f e4 fb 78 	mr      r4,r31
    ecb4:	c0 29 76 40 	lfs     f1,30272(r9)
    ecb8:	7f a5 eb 78 	mr      r5,r29
    ecbc:	7f 86 e3 78 	mr      r6,r28
    ecc0:	fc 40 f0 90 	fmr     f2,f30
    ecc4:	7c 09 03 a6 	mtctr   r0
    ecc8:	4e 80 04 21 	bctrl
    eccc:	80 1e 05 9c 	lwz     r0,1436(r30)
    ecd0:	7f ff 02 14 	add     r31,r31,r0
    ecd4:	80 01 00 18 	lwz     r0,24(r1)
    ecd8:	35 20 ff ff 	addic.  r9,r0,-1
    ecdc:	91 21 00 18 	stw     r9,24(r1)
    ece0:	40 82 ff a4 	bne     ec84 <_start+0xdb38>
    ece4:	81 35 00 00 	lwz     r9,0(r21)
    ece8:	38 ba 00 02 	addi    r5,r26,2
    ecec:	80 76 00 00 	lwz     r3,0(r22)
    ecf0:	80 09 00 28 	lwz     r0,40(r9)
    ecf4:	80 99 00 14 	lwz     r4,20(r25)
    ecf8:	7c 09 03 a6 	mtctr   r0
    ecfc:	4e 80 04 21 	bctrl
    ed00:	2f 9b 00 00 	cmpwi   cr7,r27,0
    ed04:	40 9e ff 2c 	bne     cr7,ec30 <_start+0xdae4>
    ed08:	7f 23 cb 78 	mr      r3,r25
    ed0c:	48 00 66 89 	bl      15394 <_start+0x14248>
    ed10:	81 3e 00 18 	lwz     r9,24(r30)
    ed14:	38 60 00 00 	li      r3,0
    ed18:	92 49 00 f4 	stw     r18,244(r9)
    ed1c:	81 3e 00 18 	lwz     r9,24(r30)
    ed20:	80 09 00 0c 	lwz     r0,12(r9)
    ed24:	64 00 00 40 	oris    r0,r0,64
    ed28:	90 09 00 0c 	stw     r0,12(r9)
    ed2c:	81 3e 00 18 	lwz     r9,24(r30)
    ed30:	92 69 00 48 	stw     r19,72(r9)
    ed34:	81 3e 00 18 	lwz     r9,24(r30)
    ed38:	80 09 00 0c 	lwz     r0,12(r9)
    ed3c:	60 00 00 08 	ori     r0,r0,8
    ed40:	90 09 00 0c 	stw     r0,12(r9)
    ed44:	81 3e 00 18 	lwz     r9,24(r30)
    ed48:	92 89 00 8c 	stw     r20,140(r9)
    ed4c:	81 3e 00 18 	lwz     r9,24(r30)
    ed50:	80 09 00 0c 	lwz     r0,12(r9)
    ed54:	60 00 02 00 	ori     r0,r0,512
    ed58:	90 09 00 0c 	stw     r0,12(r9)
    ed5c:	80 01 00 74 	lwz     r0,116(r1)
    ed60:	82 41 00 28 	lwz     r18,40(r1)
    ed64:	7c 08 03 a6 	mtlr    r0
    ed68:	82 61 00 2c 	lwz     r19,44(r1)
    ed6c:	82 81 00 30 	lwz     r20,48(r1)
    ed70:	82 a1 00 34 	lwz     r21,52(r1)
    ed74:	82 c1 00 38 	lwz     r22,56(r1)
    ed78:	82 e1 00 3c 	lwz     r23,60(r1)
    ed7c:	83 01 00 40 	lwz     r24,64(r1)
    ed80:	83 21 00 44 	lwz     r25,68(r1)
    ed84:	83 41 00 48 	lwz     r26,72(r1)
    ed88:	83 61 00 4c 	lwz     r27,76(r1)
    ed8c:	83 81 00 50 	lwz     r28,80(r1)
    ed90:	83 a1 00 54 	lwz     r29,84(r1)
    ed94:	83 c1 00 58 	lwz     r30,88(r1)
    ed98:	83 e1 00 5c 	lwz     r31,92(r1)
    ed9c:	cb c1 00 60 	lfd     f30,96(r1)
    eda0:	cb e1 00 68 	lfd     f31,104(r1)
    eda4:	38 21 00 70 	addi    r1,r1,112
    eda8:	4e 80 00 20 	blr
    edac:	fc 00 68 28 	fsub    f0,f0,f13
    edb0:	fc 00 00 1e 	fctiwz  f0,f0
    edb4:	d8 01 00 10 	stfd    f0,16(r1)
    edb8:	81 61 00 14 	lwz     r11,20(r1)
    edbc:	3c 0b 80 00 	addis   r0,r11,-32768
    edc0:	90 09 00 f4 	stw     r0,244(r9)
    edc4:	4b ff fd ac 	b       eb70 <_start+0xda24>
    edc8:	3b c0 00 00 	li      r30,0
    edcc:	4b ff fd 40 	b       eb0c <_start+0xd9c0>
    edd0:	94 21 ff c0 	stwu    r1,-64(r1)
    edd4:	7c 08 02 a6 	mflr    r0
    edd8:	93 e1 00 3c 	stw     r31,60(r1)
    eddc:	7c 7f 1b 79 	mr.     r31,r3
    ede0:	92 e1 00 1c 	stw     r23,28(r1)
    ede4:	7c b7 2b 78 	mr      r23,r5
    ede8:	93 01 00 20 	stw     r24,32(r1)
    edec:	7c f8 3b 78 	mr      r24,r7
    edf0:	93 a1 00 34 	stw     r29,52(r1)
    edf4:	7c 9d 23 78 	mr      r29,r4
    edf8:	93 c1 00 38 	stw     r30,56(r1)
    edfc:	7c de 33 78 	mr      r30,r6
    ee00:	90 01 00 44 	stw     r0,68(r1)
    ee04:	92 81 00 10 	stw     r20,16(r1)
    ee08:	92 a1 00 14 	stw     r21,20(r1)
    ee0c:	92 c1 00 18 	stw     r22,24(r1)
    ee10:	93 21 00 24 	stw     r25,36(r1)
    ee14:	93 41 00 28 	stw     r26,40(r1)
    ee18:	93 61 00 2c 	stw     r27,44(r1)
    ee1c:	93 81 00 30 	stw     r28,48(r1)
    ee20:	41 82 01 48 	beq     ef68 <_start+0xde1c>
    ee24:	83 7f 00 00 	lwz     r27,0(r31)
    ee28:	80 7b 01 78 	lwz     r3,376(r27)
    ee2c:	38 80 00 01 	li      r4,1
    ee30:	83 5b 05 a4 	lwz     r26,1444(r27)
    ee34:	7c 78 19 d6 	mullw   r3,r24,r3
    ee38:	83 9b 05 98 	lwz     r28,1432(r27)
    ee3c:	82 db 05 9c 	lwz     r22,1436(r27)
    ee40:	38 63 00 02 	addi    r3,r3,2
    ee44:	48 00 64 ed 	bl      15330 <_start+0x141e4>
    ee48:	2f 9e 00 00 	cmpwi   cr7,r30,0
    ee4c:	7c 79 1b 78 	mr      r25,r3
    ee50:	41 9e 00 cc 	beq     cr7,ef1c <_start+0xddd0>
    ee54:	7e f7 b1 d6 	mullw   r23,r23,r22
    ee58:	3e a0 00 02 	lis     r21,2
    ee5c:	3e c0 00 02 	lis     r22,2
    ee60:	63 b4 00 70 	ori     r20,r29,112
    ee64:	3a b5 03 74 	addi    r21,r21,884
    ee68:	7f 9c ba 14 	add     r28,r28,r23
    ee6c:	3e e0 c0 00 	lis     r23,-16384
    ee70:	3a d6 03 70 	addi    r22,r22,880
    ee74:	62 f7 35 00 	ori     r23,r23,13568
    ee78:	7f 9e c0 40 	cmplw   cr7,r30,r24
    ee7c:	93 c1 00 08 	stw     r30,8(r1)
    ee80:	40 9d 00 08 	ble     cr7,ee88 <_start+0xdd3c>
    ee84:	93 01 00 08 	stw     r24,8(r1)
    ee88:	80 01 00 08 	lwz     r0,8(r1)
    ee8c:	83 bb 01 78 	lwz     r29,376(r27)
    ee90:	2f 80 00 00 	cmpwi   cr7,r0,0
    ee94:	81 61 00 08 	lwz     r11,8(r1)
    ee98:	7f a0 e9 d6 	mullw   r29,r0,r29
    ee9c:	80 79 00 14 	lwz     r3,20(r25)
    eea0:	55 69 80 1e 	slwi    r9,r11,16
    eea4:	7f cb f0 50 	subf    r30,r11,r30
    eea8:	57 a0 80 1e 	slwi    r0,r29,16
    eeac:	7d 29 a3 78 	or      r9,r9,r20
    eeb0:	7c 00 bb 78 	or      r0,r0,r23
    eeb4:	91 23 00 04 	stw     r9,4(r3)
    eeb8:	90 03 00 00 	stw     r0,0(r3)
    eebc:	38 63 00 04 	addi    r3,r3,4
    eec0:	41 9e 00 38 	beq     cr7,eef8 <_start+0xddac>
    eec4:	38 63 00 04 	addi    r3,r3,4
    eec8:	80 1b 05 94 	lwz     r0,1428(r27)
    eecc:	7f 84 e3 78 	mr      r4,r28
    eed0:	7f e5 fb 78 	mr      r5,r31
    eed4:	7f 46 d3 78 	mr      r6,r26
    eed8:	7c 09 03 a6 	mtctr   r0
    eedc:	4e 80 04 21 	bctrl
    eee0:	80 1b 05 9c 	lwz     r0,1436(r27)
    eee4:	7f 9c 02 14 	add     r28,r28,r0
    eee8:	80 01 00 08 	lwz     r0,8(r1)
    eeec:	35 20 ff ff 	addic.  r9,r0,-1
    eef0:	91 21 00 08 	stw     r9,8(r1)
    eef4:	40 82 ff d4 	bne     eec8 <_start+0xdd7c>
    eef8:	81 35 00 00 	lwz     r9,0(r21)
    eefc:	38 bd 00 02 	addi    r5,r29,2
    ef00:	80 76 00 00 	lwz     r3,0(r22)
    ef04:	80 09 00 28 	lwz     r0,40(r9)
    ef08:	80 99 00 14 	lwz     r4,20(r25)
    ef0c:	7c 09 03 a6 	mtctr   r0
    ef10:	4e 80 04 21 	bctrl
    ef14:	2f 9e 00 00 	cmpwi   cr7,r30,0
    ef18:	40 9e ff 60 	bne     cr7,ee78 <_start+0xdd2c>
    ef1c:	7f 23 cb 78 	mr      r3,r25
    ef20:	48 00 64 75 	bl      15394 <_start+0x14248>
    ef24:	80 01 00 44 	lwz     r0,68(r1)
    ef28:	38 60 00 00 	li      r3,0
    ef2c:	82 81 00 10 	lwz     r20,16(r1)
    ef30:	7c 08 03 a6 	mtlr    r0
    ef34:	82 a1 00 14 	lwz     r21,20(r1)
    ef38:	82 c1 00 18 	lwz     r22,24(r1)
    ef3c:	82 e1 00 1c 	lwz     r23,28(r1)
    ef40:	83 01 00 20 	lwz     r24,32(r1)
    ef44:	83 21 00 24 	lwz     r25,36(r1)
    ef48:	83 41 00 28 	lwz     r26,40(r1)
    ef4c:	83 61 00 2c 	lwz     r27,44(r1)
    ef50:	83 81 00 30 	lwz     r28,48(r1)
    ef54:	83 a1 00 34 	lwz     r29,52(r1)
    ef58:	83 c1 00 38 	lwz     r30,56(r1)
    ef5c:	83 e1 00 3c 	lwz     r31,60(r1)
    ef60:	38 21 00 40 	addi    r1,r1,64
    ef64:	4e 80 00 20 	blr
    ef68:	3b 60 00 00 	li      r27,0
    ef6c:	4b ff fe bc 	b       ee28 <_start+0xdcdc>
    ef70:	94 21 ff e0 	stwu    r1,-32(r1)
    ef74:	7c 08 02 a6 	mflr    r0
    ef78:	7c 69 1b 78 	mr      r9,r3
    ef7c:	38 60 ff f7 	li      r3,-9
    ef80:	93 61 00 0c 	stw     r27,12(r1)
    ef84:	7c db 33 78 	mr      r27,r6
    ef88:	93 81 00 10 	stw     r28,16(r1)
    ef8c:	7c fc 3b 78 	mr      r28,r7
    ef90:	93 a1 00 14 	stw     r29,20(r1)
    ef94:	7d 1d 43 78 	mr      r29,r8
    ef98:	93 c1 00 18 	stw     r30,24(r1)
    ef9c:	7c be 2b 78 	mr      r30,r5
    efa0:	93 e1 00 1c 	stw     r31,28(r1)
    efa4:	7c 9f 23 78 	mr      r31,r4
    efa8:	90 01 00 24 	stw     r0,36(r1)
    efac:	93 41 00 08 	stw     r26,8(r1)
    efb0:	a8 04 00 48 	lha     r0,72(r4)
    efb4:	2f 80 00 00 	cmpwi   cr7,r0,0
    efb8:	41 9e 00 e4 	beq     cr7,f09c <_start+0xdf50>
    efbc:	83 44 00 00 	lwz     r26,0(r4)
    efc0:	80 04 02 74 	lwz     r0,628(r4)
    efc4:	81 7a 06 94 	lwz     r11,1684(r26)
    efc8:	7f 8b 00 00 	cmpw    cr7,r11,r0
    efcc:	41 9e 00 30 	beq     cr7,effc <_start+0xdeb0>
    efd0:	2f 80 00 01 	cmpwi   cr7,r0,1
    efd4:	81 7a 00 18 	lwz     r11,24(r26)
    efd8:	81 4b 00 44 	lwz     r10,68(r11)
    efdc:	90 1a 06 94 	stw     r0,1684(r26)
    efe0:	55 40 00 3c 	clrrwi  r0,r10,1
    efe4:	41 9e 01 a4 	beq     cr7,f188 <_start+0xe03c>
    efe8:	90 0b 00 44 	stw     r0,68(r11)
    efec:	81 7a 00 18 	lwz     r11,24(r26)
    eff0:	80 0b 00 0c 	lwz     r0,12(r11)
    eff4:	60 00 00 08 	ori     r0,r0,8
    eff8:	90 0b 00 0c 	stw     r0,12(r11)
    effc:	80 1a 05 94 	lwz     r0,1428(r26)
    f000:	2f 80 00 00 	cmpwi   cr7,r0,0
    f004:	41 9e 01 0c 	beq     cr7,f110 <_start+0xdfc4>
    f008:	80 1a 05 98 	lwz     r0,1432(r26)
    f00c:	2f 80 00 00 	cmpwi   cr7,r0,0
    f010:	41 9e 01 4c 	beq     cr7,f15c <_start+0xe010>
    f014:	80 1a 07 bc 	lwz     r0,1980(r26)
    f018:	70 0b 01 00 	andi.   r11,r0,256
    f01c:	40 82 00 10 	bne     f02c <_start+0xdee0>
    f020:	81 3f 00 1c 	lwz     r9,28(r31)
    f024:	75 2a 10 00 	andis.  r10,r9,4096
    f028:	40 82 00 d0 	bne     f0f8 <_start+0xdfac>
    f02c:	70 0b 04 00 	andi.   r11,r0,1024
    f030:	40 82 00 a0 	bne     f0d0 <_start+0xdf84>
    f034:	70 09 10 00 	andi.   r9,r0,4096
    f038:	40 82 00 8c 	bne     f0c4 <_start+0xdf78>
    f03c:	80 1f 00 1c 	lwz     r0,28(r31)
    f040:	70 0b 01 00 	andi.   r11,r0,256
    f044:	41 82 00 14 	beq     f058 <_start+0xdf0c>
    f048:	7f e3 fb 78 	mr      r3,r31
    f04c:	4b ff b2 39 	bl      a284 <_start+0x9138>
    f050:	2c 03 00 00 	cmpwi   r3,0
    f054:	40 82 00 48 	bne     f09c <_start+0xdf50>
    f058:	81 3a 00 18 	lwz     r9,24(r26)
    f05c:	38 00 00 00 	li      r0,0
    f060:	3d 60 00 02 	lis     r11,2
    f064:	90 09 00 0c 	stw     r0,12(r9)
    f068:	3d 20 00 02 	lis     r9,2
    f06c:	81 29 03 74 	lwz     r9,884(r9)
    f070:	80 6b 03 70 	lwz     r3,880(r11)
    f074:	80 09 00 3c 	lwz     r0,60(r9)
    f078:	80 9a 00 18 	lwz     r4,24(r26)
    f07c:	7c 09 03 a6 	mtctr   r0
    f080:	4e 80 04 21 	bctrl
    f084:	80 1a 05 94 	lwz     r0,1428(r26)
    f088:	2f 80 00 00 	cmpwi   cr7,r0,0
    f08c:	41 9e 01 04 	beq     cr7,f190 <_start+0xe044>
    f090:	2b 9e 00 06 	cmplwi  cr7,r30,6
    f094:	40 9d 00 48 	ble     cr7,f0dc <_start+0xdf90>
    f098:	38 60 ff e2 	li      r3,-30
    f09c:	80 01 00 24 	lwz     r0,36(r1)
    f0a0:	83 41 00 08 	lwz     r26,8(r1)
    f0a4:	7c 08 03 a6 	mtlr    r0
    f0a8:	83 61 00 0c 	lwz     r27,12(r1)
    f0ac:	83 81 00 10 	lwz     r28,16(r1)
    f0b0:	83 a1 00 14 	lwz     r29,20(r1)
    f0b4:	83 c1 00 18 	lwz     r30,24(r1)
    f0b8:	83 e1 00 1c 	lwz     r31,28(r1)
    f0bc:	38 21 00 20 	addi    r1,r1,32
    f0c0:	4e 80 00 20 	blr
    f0c4:	80 1f 00 1c 	lwz     r0,28(r31)
    f0c8:	74 0a 10 00 	andis.  r10,r0,4096
    f0cc:	41 a2 ff 74 	beq     f040 <_start+0xdef4>
    f0d0:	7f e3 fb 78 	mr      r3,r31
    f0d4:	4b ff df bd 	bl      d090 <_start+0xbf44>
    f0d8:	4b ff ff 64 	b       f03c <_start+0xdef0>
    f0dc:	3d 20 00 01 	lis     r9,1
    f0e0:	57 de 10 3a 	slwi    r30,r30,2
    f0e4:	39 29 76 44 	addi    r9,r9,30276
    f0e8:	7c 09 f0 2e 	lwzx    r0,r9,r30
    f0ec:	7d 20 4a 14 	add     r9,r0,r9
    f0f0:	7d 29 03 a6 	mtctr   r9
    f0f4:	4e 80 04 20 	bctr
    f0f8:	7f e3 fb 78 	mr      r3,r31
    f0fc:	4b ff b5 95 	bl      a690 <_start+0x9544>
    f100:	2c 03 00 00 	cmpwi   r3,0
    f104:	40 a2 ff 98 	bne     f09c <_start+0xdf50>
    f108:	80 1a 07 bc 	lwz     r0,1980(r26)
    f10c:	4b ff ff 20 	b       f02c <_start+0xdee0>
    f110:	80 1f 00 d4 	lwz     r0,212(r31)
    f114:	2f 80 00 00 	cmpwi   cr7,r0,0
    f118:	41 9e 00 44 	beq     cr7,f15c <_start+0xe010>
    f11c:	80 1f 00 1c 	lwz     r0,28(r31)
    f120:	70 0a 01 00 	andi.   r10,r0,256
    f124:	41 82 00 10 	beq     f134 <_start+0xdfe8>
    f128:	81 7f 00 e4 	lwz     r11,228(r31)
    f12c:	2f 8b 00 00 	cmpwi   cr7,r11,0
    f130:	41 9e 00 2c 	beq     cr7,f15c <_start+0xe010>
    f134:	70 0b 04 00 	andi.   r11,r0,1024
    f138:	41 82 00 10 	beq     f148 <_start+0xdffc>
    f13c:	81 7f 02 64 	lwz     r11,612(r31)
    f140:	2f 8b 00 00 	cmpwi   cr7,r11,0
    f144:	41 9e 00 18 	beq     cr7,f15c <_start+0xe010>
    f148:	81 7f 02 8c 	lwz     r11,652(r31)
    f14c:	7d 6b 00 34 	cntlzw  r11,r11
    f150:	55 6b d9 7e 	srwi    r11,r11,5
    f154:	7d 6a 00 39 	and.    r10,r11,r0
    f158:	41 82 00 5c 	beq     f1b4 <_start+0xe068>
    f15c:	80 01 00 24 	lwz     r0,36(r1)
    f160:	38 60 ff fe 	li      r3,-2
    f164:	83 41 00 08 	lwz     r26,8(r1)
    f168:	7c 08 03 a6 	mtlr    r0
    f16c:	83 61 00 0c 	lwz     r27,12(r1)
    f170:	83 81 00 10 	lwz     r28,16(r1)
    f174:	83 a1 00 14 	lwz     r29,20(r1)
    f178:	83 c1 00 18 	lwz     r30,24(r1)
    f17c:	83 e1 00 1c 	lwz     r31,28(r1)
    f180:	38 21 00 20 	addi    r1,r1,32
    f184:	4e 80 00 20 	blr
    f188:	60 00 00 01 	ori     r0,r0,1
    f18c:	4b ff fe 5c 	b       efe8 <_start+0xde9c>
    f190:	2b 9e 00 06 	cmplwi  cr7,r30,6
    f194:	41 bd ff 04 	bgt     cr7,f098 <_start+0xdf4c>
    f198:	3d 20 00 01 	lis     r9,1
    f19c:	57 de 10 3a 	slwi    r30,r30,2
    f1a0:	39 29 76 60 	addi    r9,r9,30304
    f1a4:	7c 09 f0 2e 	lwzx    r0,r9,r30
    f1a8:	7d 20 4a 14 	add     r9,r0,r9
    f1ac:	7d 29 03 a6 	mtctr   r9
    f1b0:	4e 80 04 20 	bctr
    f1b4:	7d 23 4b 78 	mr      r3,r9
    f1b8:	7f e4 fb 78 	mr      r4,r31
    f1bc:	4b ff 7a 55 	bl      6c10 <_start+0x5ac4>
    f1c0:	4b ff fe 54 	b       f014 <_start+0xdec8>
    f1c4:	7f e3 fb 78 	mr      r3,r31
    f1c8:	7f 64 db 78 	mr      r4,r27
    f1cc:	7f 85 e3 78 	mr      r5,r28
    f1d0:	7f a6 eb 78 	mr      r6,r29
    f1d4:	48 00 10 31 	bl      10204 <_start+0xf0b8>
    f1d8:	4b ff fe c4 	b       f09c <_start+0xdf50>
    f1dc:	3d 20 00 01 	lis     r9,1
    f1e0:	c1 ba 05 b0 	lfs     f13,1456(r26)
    f1e4:	c0 09 67 b0 	lfs     f0,26544(r9)
    f1e8:	ff 8d 00 00 	fcmpu   cr7,f13,f0
    f1ec:	40 9e 02 40 	bne     cr7,f42c <_start+0xe2e0>
    f1f0:	80 fa 00 14 	lwz     r7,20(r26)
    f1f4:	7f e3 fb 78 	mr      r3,r31
    f1f8:	7f 65 db 78 	mr      r5,r27
    f1fc:	80 1a 01 78 	lwz     r0,376(r26)
    f200:	7f 86 e3 78 	mr      r6,r28
    f204:	7f a8 eb 78 	mr      r8,r29
    f208:	38 e7 ff fe 	addi    r7,r7,-2
    f20c:	38 80 00 01 	li      r4,1
    f210:	7c e7 03 96 	divwu   r7,r7,r0
    f214:	48 00 19 ed 	bl      10c00 <_start+0xfab4>
    f218:	4b ff fe 84 	b       f09c <_start+0xdf50>
    f21c:	7f e3 fb 78 	mr      r3,r31
    f220:	7f 64 db 78 	mr      r4,r27
    f224:	7f 85 e3 78 	mr      r5,r28
    f228:	7f a6 eb 78 	mr      r6,r29
    f22c:	48 00 09 89 	bl      fbb4 <_start+0xea68>
    f230:	4b ff fe 6c 	b       f09c <_start+0xdf50>
    f234:	7f e3 fb 78 	mr      r3,r31
    f238:	7f 64 db 78 	mr      r4,r27
    f23c:	7f 85 e3 78 	mr      r5,r28
    f240:	7f a6 eb 78 	mr      r6,r29
    f244:	48 00 13 49 	bl      1058c <_start+0xf440>
    f248:	4b ff fe 54 	b       f09c <_start+0xdf50>
    f24c:	7f e3 fb 78 	mr      r3,r31
    f250:	7f 64 db 78 	mr      r4,r27
    f254:	7f 85 e3 78 	mr      r5,r28
    f258:	7f a6 eb 78 	mr      r6,r29
    f25c:	48 00 0c 79 	bl      fed4 <_start+0xed88>
    f260:	4b ff fe 3c 	b       f09c <_start+0xdf50>
    f264:	81 3f 00 00 	lwz     r9,0(r31)
    f268:	7f e3 fb 78 	mr      r3,r31
    f26c:	7f 65 db 78 	mr      r5,r27
    f270:	7f 86 e3 78 	mr      r6,r28
    f274:	7f a8 eb 78 	mr      r8,r29
    f278:	80 e9 00 14 	lwz     r7,20(r9)
    f27c:	38 80 00 04 	li      r4,4
    f280:	80 09 01 78 	lwz     r0,376(r9)
    f284:	38 e7 ff fe 	addi    r7,r7,-2
    f288:	7c e7 03 96 	divwu   r7,r7,r0
    f28c:	3c 00 aa aa 	lis     r0,-21846
    f290:	60 00 aa ab 	ori     r0,r0,43691
    f294:	7c e7 00 16 	mulhwu  r7,r7,r0
    f298:	54 e7 f8 7e 	srwi    r7,r7,1
    f29c:	1c e7 00 03 	mulli   r7,r7,3
    f2a0:	48 00 19 61 	bl      10c00 <_start+0xfab4>
    f2a4:	4b ff fd f8 	b       f09c <_start+0xdf50>
    f2a8:	81 3f 00 00 	lwz     r9,0(r31)
    f2ac:	7f e3 fb 78 	mr      r3,r31
    f2b0:	7f 65 db 78 	mr      r5,r27
    f2b4:	7f 86 e3 78 	mr      r6,r28
    f2b8:	7f a8 eb 78 	mr      r8,r29
    f2bc:	80 e9 00 14 	lwz     r7,20(r9)
    f2c0:	38 80 00 04 	li      r4,4
    f2c4:	80 09 01 78 	lwz     r0,376(r9)
    f2c8:	38 e7 ff fe 	addi    r7,r7,-2
    f2cc:	7c e7 03 96 	divwu   r7,r7,r0
    f2d0:	54 e7 00 3c 	clrrwi  r7,r7,1
    f2d4:	48 00 19 2d 	bl      10c00 <_start+0xfab4>
    f2d8:	4b ff fd c4 	b       f09c <_start+0xdf50>
    f2dc:	7f e3 fb 78 	mr      r3,r31
    f2e0:	7f 64 db 78 	mr      r4,r27
    f2e4:	7f 85 e3 78 	mr      r5,r28
    f2e8:	7f a6 eb 78 	mr      r6,r29
    f2ec:	48 00 01 59 	bl      f444 <_start+0xe2f8>
    f2f0:	4b ff fd ac 	b       f09c <_start+0xdf50>
    f2f4:	81 3f 00 00 	lwz     r9,0(r31)
    f2f8:	7f e3 fb 78 	mr      r3,r31
    f2fc:	7f 65 db 78 	mr      r5,r27
    f300:	7f 86 e3 78 	mr      r6,r28
    f304:	7f a8 eb 78 	mr      r8,r29
    f308:	80 e9 00 14 	lwz     r7,20(r9)
    f30c:	38 80 00 04 	li      r4,4
    f310:	80 09 01 78 	lwz     r0,376(r9)
    f314:	38 e7 ff fe 	addi    r7,r7,-2
    f318:	7c e7 03 96 	divwu   r7,r7,r0
    f31c:	3c 00 aa aa 	lis     r0,-21846
    f320:	60 00 aa ab 	ori     r0,r0,43691
    f324:	7c e7 00 16 	mulhwu  r7,r7,r0
    f328:	54 e7 f8 7e 	srwi    r7,r7,1
    f32c:	1c e7 00 03 	mulli   r7,r7,3
    f330:	48 00 05 4d 	bl      f87c <_start+0xe730>
    f334:	4b ff fd 68 	b       f09c <_start+0xdf50>
    f338:	81 3f 00 00 	lwz     r9,0(r31)
    f33c:	7f e3 fb 78 	mr      r3,r31
    f340:	7f 65 db 78 	mr      r5,r27
    f344:	7f 86 e3 78 	mr      r6,r28
    f348:	7f a8 eb 78 	mr      r8,r29
    f34c:	80 e9 00 14 	lwz     r7,20(r9)
    f350:	38 80 00 03 	li      r4,3
    f354:	80 09 01 78 	lwz     r0,376(r9)
    f358:	38 e7 ff fe 	addi    r7,r7,-2
    f35c:	7c e7 03 96 	divwu   r7,r7,r0
    f360:	48 00 05 1d 	bl      f87c <_start+0xe730>
    f364:	4b ff fd 38 	b       f09c <_start+0xdf50>
    f368:	81 3f 00 00 	lwz     r9,0(r31)
    f36c:	7f e3 fb 78 	mr      r3,r31
    f370:	7f 65 db 78 	mr      r5,r27
    f374:	7f 86 e3 78 	mr      r6,r28
    f378:	7f a8 eb 78 	mr      r8,r29
    f37c:	80 e9 00 14 	lwz     r7,20(r9)
    f380:	38 80 00 02 	li      r4,2
    f384:	80 09 01 78 	lwz     r0,376(r9)
    f388:	38 e7 ff fe 	addi    r7,r7,-2
    f38c:	7c e7 03 96 	divwu   r7,r7,r0
    f390:	54 e7 00 3c 	clrrwi  r7,r7,1
    f394:	48 00 04 e9 	bl      f87c <_start+0xe730>
    f398:	4b ff fd 04 	b       f09c <_start+0xdf50>
    f39c:	81 3f 00 00 	lwz     r9,0(r31)
    f3a0:	7f e3 fb 78 	mr      r3,r31
    f3a4:	7f 65 db 78 	mr      r5,r27
    f3a8:	7f 86 e3 78 	mr      r6,r28
    f3ac:	7f a8 eb 78 	mr      r8,r29
    f3b0:	80 e9 00 14 	lwz     r7,20(r9)
    f3b4:	38 80 00 01 	li      r4,1
    f3b8:	80 09 01 78 	lwz     r0,376(r9)
    f3bc:	38 e7 ff fe 	addi    r7,r7,-2
    f3c0:	7c e7 03 96 	divwu   r7,r7,r0
    f3c4:	48 00 04 b9 	bl      f87c <_start+0xe730>
    f3c8:	4b ff fc d4 	b       f09c <_start+0xdf50>
    f3cc:	81 3f 00 00 	lwz     r9,0(r31)
    f3d0:	7f e3 fb 78 	mr      r3,r31
    f3d4:	7f 65 db 78 	mr      r5,r27
    f3d8:	7f 86 e3 78 	mr      r6,r28
    f3dc:	7f a8 eb 78 	mr      r8,r29
    f3e0:	80 e9 00 14 	lwz     r7,20(r9)
    f3e4:	38 80 00 06 	li      r4,6
    f3e8:	80 09 01 78 	lwz     r0,376(r9)
    f3ec:	38 e7 ff fe 	addi    r7,r7,-2
    f3f0:	7c e7 03 96 	divwu   r7,r7,r0
    f3f4:	48 00 04 89 	bl      f87c <_start+0xe730>
    f3f8:	4b ff fc a4 	b       f09c <_start+0xdf50>
    f3fc:	81 3f 00 00 	lwz     r9,0(r31)
    f400:	7f e3 fb 78 	mr      r3,r31
    f404:	7f 65 db 78 	mr      r5,r27
    f408:	7f 86 e3 78 	mr      r6,r28
    f40c:	7f a8 eb 78 	mr      r8,r29
    f410:	80 e9 00 14 	lwz     r7,20(r9)
    f414:	38 80 00 05 	li      r4,5
    f418:	80 09 01 78 	lwz     r0,376(r9)
    f41c:	38 e7 ff fe 	addi    r7,r7,-2
    f420:	7c e7 03 96 	divwu   r7,r7,r0
    f424:	48 00 04 59 	bl      f87c <_start+0xe730>
    f428:	4b ff fc 74 	b       f09c <_start+0xdf50>
    f42c:	7f e3 fb 78 	mr      r3,r31
    f430:	7f 64 db 78 	mr      r4,r27
    f434:	7f 85 e3 78 	mr      r5,r28
    f438:	7f a6 eb 78 	mr      r6,r29
    f43c:	48 00 14 39 	bl      10874 <_start+0xf728>
    f440:	4b ff fc 5c 	b       f09c <_start+0xdf50>
    f444:	94 21 ff 80 	stwu    r1,-128(r1)
    f448:	7d 80 00 26 	mfcr    r12
    f44c:	7c 08 02 a6 	mflr    r0
    f450:	93 a1 00 74 	stw     r29,116(r1)
    f454:	7c 7d 1b 79 	mr.     r29,r3
    f458:	92 a1 00 54 	stw     r21,84(r1)
    f45c:	7c b5 2b 78 	mr      r21,r5
    f460:	93 41 00 68 	stw     r26,104(r1)
    f464:	7c 9a 23 78 	mr      r26,r4
    f468:	93 81 00 70 	stw     r28,112(r1)
    f46c:	7c dc 33 78 	mr      r28,r6
    f470:	90 01 00 84 	stw     r0,132(r1)
    f474:	91 c1 00 38 	stw     r14,56(r1)
    f478:	91 e1 00 3c 	stw     r15,60(r1)
    f47c:	92 01 00 40 	stw     r16,64(r1)
    f480:	92 21 00 44 	stw     r17,68(r1)
    f484:	92 41 00 48 	stw     r18,72(r1)
    f488:	92 61 00 4c 	stw     r19,76(r1)
    f48c:	92 81 00 50 	stw     r20,80(r1)
    f490:	92 c1 00 58 	stw     r22,88(r1)
    f494:	92 e1 00 5c 	stw     r23,92(r1)
    f498:	93 01 00 60 	stw     r24,96(r1)
    f49c:	93 21 00 64 	stw     r25,100(r1)
    f4a0:	93 61 00 6c 	stw     r27,108(r1)
    f4a4:	93 c1 00 78 	stw     r30,120(r1)
    f4a8:	93 e1 00 7c 	stw     r31,124(r1)
    f4ac:	91 81 00 34 	stw     r12,52(r1)
    f4b0:	41 82 03 c4 	beq     f874 <_start+0xe728>
    f4b4:	83 fd 00 00 	lwz     r31,0(r29)
    f4b8:	2e 1a 00 01 	cmpwi   cr4,r26,1
    f4bc:	82 1f 00 14 	lwz     r16,20(r31)
    f4c0:	80 7f 01 7c 	lwz     r3,380(r31)
    f4c4:	3a 10 ff fe 	addi    r16,r16,-2
    f4c8:	7e 10 1b 96 	divwu   r16,r16,r3
    f4cc:	41 92 03 a0 	beq     cr4,f86c <_start+0xe720>
    f4d0:	2b 9a 00 01 	cmplwi  cr7,r26,1
    f4d4:	41 9c 02 b4 	blt     cr7,f788 <_start+0xe63c>
    f4d8:	2f 9a 00 02 	cmpwi   cr7,r26,2
    f4dc:	3a 20 00 00 	li      r17,0
    f4e0:	40 be 00 08 	bne     cr7,f4e8 <_start+0xe39c>
    f4e4:	82 3c 00 00 	lwz     r17,0(r28)
    f4e8:	80 1f 01 44 	lwz     r0,324(r31)
    f4ec:	83 7d 00 d4 	lwz     r27,212(r29)
    f4f0:	2f 80 00 00 	cmpwi   cr7,r0,0
    f4f4:	82 dd 02 64 	lwz     r22,612(r29)
    f4f8:	41 9e 00 74 	beq     cr7,f56c <_start+0xe420>
    f4fc:	80 1d 00 e4 	lwz     r0,228(r29)
    f500:	90 01 00 08 	stw     r0,8(r1)
    f504:	80 1f 01 48 	lwz     r0,328(r31)
    f508:	2f 80 00 00 	cmpwi   cr7,r0,0
    f50c:	41 9e 00 5c 	beq     cr7,f568 <_start+0xe41c>
    f510:	80 1d 00 e8 	lwz     r0,232(r29)
    f514:	90 01 00 0c 	stw     r0,12(r1)
    f518:	80 1f 01 4c 	lwz     r0,332(r31)
    f51c:	2f 80 00 00 	cmpwi   cr7,r0,0
    f520:	41 9e 00 48 	beq     cr7,f568 <_start+0xe41c>
    f524:	80 1d 00 ec 	lwz     r0,236(r29)
    f528:	90 01 00 10 	stw     r0,16(r1)
    f52c:	80 1f 01 50 	lwz     r0,336(r31)
    f530:	2f 80 00 00 	cmpwi   cr7,r0,0
    f534:	41 9e 00 34 	beq     cr7,f568 <_start+0xe41c>
    f538:	80 1d 00 f0 	lwz     r0,240(r29)
    f53c:	90 01 00 14 	stw     r0,20(r1)
    f540:	80 1f 01 54 	lwz     r0,340(r31)
    f544:	2f 80 00 00 	cmpwi   cr7,r0,0
    f548:	41 9e 00 20 	beq     cr7,f568 <_start+0xe41c>
    f54c:	80 1d 00 f4 	lwz     r0,244(r29)
    f550:	90 01 00 18 	stw     r0,24(r1)
    f554:	80 1f 01 58 	lwz     r0,344(r31)
    f558:	2f 80 00 00 	cmpwi   cr7,r0,0
    f55c:	41 9e 00 0c 	beq     cr7,f568 <_start+0xe41c>
    f560:	80 1d 00 f8 	lwz     r0,248(r29)
    f564:	90 01 00 1c 	stw     r0,28(r1)
    f568:	80 7f 01 7c 	lwz     r3,380(r31)
    f56c:	7c 70 19 d6 	mullw   r3,r16,r3
    f570:	38 80 00 01 	li      r4,1
    f574:	82 fd 02 8c 	lwz     r23,652(r29)
    f578:	83 1d 02 7c 	lwz     r24,636(r29)
    f57c:	38 63 00 02 	addi    r3,r3,2
    f580:	48 00 5d b1 	bl      15330 <_start+0x141e4>
    f584:	2f 95 00 00 	cmpwi   cr7,r21,0
    f588:	7c 72 1b 78 	mr      r18,r3
    f58c:	41 9e 01 88 	beq     cr7,f714 <_start+0xe5c8>
    f590:	2d 9a 00 02 	cmpwi   cr3,r26,2
    f594:	3d c0 00 02 	lis     r14,2
    f598:	3d e0 c0 00 	lis     r15,-16384
    f59c:	39 ce 03 70 	addi    r14,r14,880
    f5a0:	61 ef 35 00 	ori     r15,r15,13568
    f5a4:	3b c0 00 00 	li      r30,0
    f5a8:	3b 21 00 08 	addi    r25,r1,8
    f5ac:	7f 95 80 40 	cmplw   cr7,r21,r16
    f5b0:	92 a1 00 28 	stw     r21,40(r1)
    f5b4:	40 9d 00 08 	ble     cr7,f5bc <_start+0xe470>
    f5b8:	92 01 00 28 	stw     r16,40(r1)
    f5bc:	80 01 00 28 	lwz     r0,40(r1)
    f5c0:	82 9f 01 7c 	lwz     r20,380(r31)
    f5c4:	7e a0 a8 50 	subf    r21,r0,r21
    f5c8:	2f 80 00 00 	cmpwi   cr7,r0,0
    f5cc:	81 32 00 14 	lwz     r9,20(r18)
    f5d0:	2d 15 00 00 	cmpwi   cr2,r21,0
    f5d4:	7e 60 00 26 	mfcr    r19
    f5d8:	56 73 5f fe 	rlwinm  r19,r19,11,31,31
    f5dc:	7c 13 02 14 	add     r0,r19,r0
    f5e0:	7e 80 a1 d6 	mullw   r20,r0,r20
    f5e4:	54 00 80 1e 	slwi    r0,r0,16
    f5e8:	60 00 00 73 	ori     r0,r0,115
    f5ec:	56 8b 80 1e 	slwi    r11,r20,16
    f5f0:	90 09 00 04 	stw     r0,4(r9)
    f5f4:	7d 6b 7b 78 	or      r11,r11,r15
    f5f8:	91 69 00 00 	stw     r11,0(r9)
    f5fc:	39 29 00 08 	addi    r9,r9,8
    f600:	41 9e 00 e4 	beq     cr7,f6e4 <_start+0xe598>
    f604:	41 92 01 9c 	beq     cr4,f7a0 <_start+0xe654>
    f608:	2b 9a 00 01 	cmplwi  cr7,r26,1
    f60c:	40 9c 01 84 	bge     cr7,f790 <_start+0xe644>
    f610:	8b dc 00 00 	lbz     r30,0(r28)
    f614:	3b 9c 00 01 	addi    r28,r28,1
    f618:	80 9d 00 d8 	lwz     r4,216(r29)
    f61c:	7d 23 4b 78 	mr      r3,r9
    f620:	80 1f 00 3c 	lwz     r0,60(r31)
    f624:	7c 9e 21 d6 	mullw   r4,r30,r4
    f628:	7c 09 03 a6 	mtctr   r0
    f62c:	7c 9b 22 14 	add     r4,r27,r4
    f630:	4e 80 04 21 	bctrl
    f634:	80 1f 00 48 	lwz     r0,72(r31)
    f638:	7c 69 1b 78 	mr      r9,r3
    f63c:	2f 80 00 00 	cmpwi   cr7,r0,0
    f640:	41 9e 00 1c 	beq     cr7,f65c <_start+0xe510>
    f644:	80 9d 02 94 	lwz     r4,660(r29)
    f648:	7c 09 03 a6 	mtctr   r0
    f64c:	7c 9e 21 d6 	mullw   r4,r30,r4
    f650:	7c 97 22 14 	add     r4,r23,r4
    f654:	4e 80 04 21 	bctrl
    f658:	7c 69 1b 78 	mr      r9,r3
    f65c:	80 1f 00 40 	lwz     r0,64(r31)
    f660:	2f 80 00 00 	cmpwi   cr7,r0,0
    f664:	41 9e 00 20 	beq     cr7,f684 <_start+0xe538>
    f668:	80 9d 02 68 	lwz     r4,616(r29)
    f66c:	7d 23 4b 78 	mr      r3,r9
    f670:	7c 09 03 a6 	mtctr   r0
    f674:	7c 9e 21 d6 	mullw   r4,r30,r4
    f678:	7c 96 22 14 	add     r4,r22,r4
    f67c:	4e 80 04 21 	bctrl
    f680:	7c 69 1b 78 	mr      r9,r3
    f684:	80 1f 00 44 	lwz     r0,68(r31)
    f688:	2f 80 00 00 	cmpwi   cr7,r0,0
    f68c:	41 9e 00 20 	beq     cr7,f6ac <_start+0xe560>
    f690:	80 9d 02 80 	lwz     r4,640(r29)
    f694:	7d 23 4b 78 	mr      r3,r9
    f698:	7c 09 03 a6 	mtctr   r0
    f69c:	7c 9e 21 d6 	mullw   r4,r30,r4
    f6a0:	7c 98 22 14 	add     r4,r24,r4
    f6a4:	4e 80 04 21 	bctrl
    f6a8:	7c 69 1b 78 	mr      r9,r3
    f6ac:	80 1f 00 50 	lwz     r0,80(r31)
    f6b0:	2f 80 00 00 	cmpwi   cr7,r0,0
    f6b4:	41 9e 00 20 	beq     cr7,f6d4 <_start+0xe588>
    f6b8:	7d 23 4b 78 	mr      r3,r9
    f6bc:	7f a4 eb 78 	mr      r4,r29
    f6c0:	7c 09 03 a6 	mtctr   r0
    f6c4:	7f 25 cb 78 	mr      r5,r25
    f6c8:	7f c6 f3 78 	mr      r6,r30
    f6cc:	4e 80 04 21 	bctrl
    f6d0:	7c 69 1b 78 	mr      r9,r3
    f6d4:	80 01 00 28 	lwz     r0,40(r1)
    f6d8:	35 60 ff ff 	addic.  r11,r0,-1
    f6dc:	91 61 00 28 	stw     r11,40(r1)
    f6e0:	40 82 ff 24 	bne     f604 <_start+0xe4b8>
    f6e4:	2f 93 00 00 	cmpwi   cr7,r19,0
    f6e8:	40 9e 00 c4 	bne     cr7,f7ac <_start+0xe660>
    f6ec:	3d 60 00 02 	lis     r11,2
    f6f0:	38 b4 00 02 	addi    r5,r20,2
    f6f4:	80 6e 00 00 	lwz     r3,0(r14)
    f6f8:	39 6b 03 74 	addi    r11,r11,884
    f6fc:	80 92 00 14 	lwz     r4,20(r18)
    f700:	81 2b 00 00 	lwz     r9,0(r11)
    f704:	80 09 00 28 	lwz     r0,40(r9)
    f708:	7c 09 03 a6 	mtctr   r0
    f70c:	4e 80 04 21 	bctrl
    f710:	40 8a fe 9c 	bne     cr2,f5ac <_start+0xe460>
    f714:	7e 43 93 78 	mr      r3,r18
    f718:	48 00 5c 7d 	bl      15394 <_start+0x14248>
    f71c:	80 01 00 84 	lwz     r0,132(r1)
    f720:	38 60 00 00 	li      r3,0
    f724:	81 81 00 34 	lwz     r12,52(r1)
    f728:	7c 08 03 a6 	mtlr    r0
    f72c:	81 c1 00 38 	lwz     r14,56(r1)
    f730:	81 e1 00 3c 	lwz     r15,60(r1)
    f734:	7d 82 01 20 	mtcrf   32,r12
    f738:	7d 81 01 20 	mtcrf   16,r12
    f73c:	82 01 00 40 	lwz     r16,64(r1)
    f740:	7d 80 81 20 	mtcrf   8,r12
    f744:	82 21 00 44 	lwz     r17,68(r1)
    f748:	82 41 00 48 	lwz     r18,72(r1)
    f74c:	82 61 00 4c 	lwz     r19,76(r1)
    f750:	82 81 00 50 	lwz     r20,80(r1)
    f754:	82 a1 00 54 	lwz     r21,84(r1)
    f758:	82 c1 00 58 	lwz     r22,88(r1)
    f75c:	82 e1 00 5c 	lwz     r23,92(r1)
    f760:	83 01 00 60 	lwz     r24,96(r1)
    f764:	83 21 00 64 	lwz     r25,100(r1)
    f768:	83 41 00 68 	lwz     r26,104(r1)
    f76c:	83 61 00 6c 	lwz     r27,108(r1)
    f770:	83 81 00 70 	lwz     r28,112(r1)
    f774:	83 a1 00 74 	lwz     r29,116(r1)
    f778:	83 c1 00 78 	lwz     r30,120(r1)
    f77c:	83 e1 00 7c 	lwz     r31,124(r1)
    f780:	38 21 00 80 	addi    r1,r1,128
    f784:	4e 80 00 20 	blr
    f788:	8a 3c 00 00 	lbz     r17,0(r28)
    f78c:	4b ff fd 5c 	b       f4e8 <_start+0xe39c>
    f790:	40 8e fe 88 	bne     cr3,f618 <_start+0xe4cc>
    f794:	83 dc 00 00 	lwz     r30,0(r28)
    f798:	3b 9c 00 04 	addi    r28,r28,4
    f79c:	4b ff fe 7c 	b       f618 <_start+0xe4cc>
    f7a0:	a3 dc 00 00 	lhz     r30,0(r28)
    f7a4:	3b 9c 00 02 	addi    r28,r28,2
    f7a8:	4b ff fe 70 	b       f618 <_start+0xe4cc>
    f7ac:	80 9d 00 d8 	lwz     r4,216(r29)
    f7b0:	7d 23 4b 78 	mr      r3,r9
    f7b4:	80 1f 00 3c 	lwz     r0,60(r31)
    f7b8:	7c 91 21 d6 	mullw   r4,r17,r4
    f7bc:	7c 09 03 a6 	mtctr   r0
    f7c0:	7c 9b 22 14 	add     r4,r27,r4
    f7c4:	4e 80 04 21 	bctrl
    f7c8:	80 1f 00 48 	lwz     r0,72(r31)
    f7cc:	7c 69 1b 78 	mr      r9,r3
    f7d0:	2f 80 00 00 	cmpwi   cr7,r0,0
    f7d4:	41 9e 00 1c 	beq     cr7,f7f0 <_start+0xe6a4>
    f7d8:	80 9d 02 94 	lwz     r4,660(r29)
    f7dc:	7c 09 03 a6 	mtctr   r0
    f7e0:	7c 91 21 d6 	mullw   r4,r17,r4
    f7e4:	7c 97 22 14 	add     r4,r23,r4
    f7e8:	4e 80 04 21 	bctrl
    f7ec:	7c 69 1b 78 	mr      r9,r3
    f7f0:	80 1f 00 40 	lwz     r0,64(r31)
    f7f4:	2f 80 00 00 	cmpwi   cr7,r0,0
    f7f8:	41 9e 00 20 	beq     cr7,f818 <_start+0xe6cc>
    f7fc:	80 9d 02 68 	lwz     r4,616(r29)
    f800:	7d 23 4b 78 	mr      r3,r9
    f804:	7c 09 03 a6 	mtctr   r0
    f808:	7c 91 21 d6 	mullw   r4,r17,r4
    f80c:	7c 96 22 14 	add     r4,r22,r4
    f810:	4e 80 04 21 	bctrl
    f814:	7c 69 1b 78 	mr      r9,r3
    f818:	80 1f 00 44 	lwz     r0,68(r31)
    f81c:	2f 80 00 00 	cmpwi   cr7,r0,0
    f820:	41 9e 00 20 	beq     cr7,f840 <_start+0xe6f4>
    f824:	80 9d 02 80 	lwz     r4,640(r29)
    f828:	7d 23 4b 78 	mr      r3,r9
    f82c:	7c 09 03 a6 	mtctr   r0
    f830:	7c 91 21 d6 	mullw   r4,r17,r4
    f834:	7c 98 22 14 	add     r4,r24,r4
    f838:	4e 80 04 21 	bctrl
    f83c:	7c 69 1b 78 	mr      r9,r3
    f840:	80 1f 00 50 	lwz     r0,80(r31)
    f844:	7e 3e 8b 78 	mr      r30,r17
    f848:	2f 80 00 00 	cmpwi   cr7,r0,0
    f84c:	41 be fe a0 	beq     cr7,f6ec <_start+0xe5a0>
    f850:	7d 23 4b 78 	mr      r3,r9
    f854:	7f a4 eb 78 	mr      r4,r29
    f858:	7c 09 03 a6 	mtctr   r0
    f85c:	7f 25 cb 78 	mr      r5,r25
    f860:	7e 26 8b 78 	mr      r6,r17
    f864:	4e 80 04 21 	bctrl
    f868:	4b ff fe 84 	b       f6ec <_start+0xe5a0>
    f86c:	a2 3c 00 00 	lhz     r17,0(r28)
    f870:	4b ff fc 78 	b       f4e8 <_start+0xe39c>
    f874:	3b e0 00 00 	li      r31,0
    f878:	4b ff fc 40 	b       f4b8 <_start+0xe36c>
    f87c:	94 21 ff 80 	stwu    r1,-128(r1)
    f880:	7d 80 00 26 	mfcr    r12
    f884:	7c 08 02 a6 	mflr    r0
    f888:	93 e1 00 7c 	stw     r31,124(r1)
    f88c:	7c 7f 1b 79 	mr.     r31,r3
    f890:	93 21 00 64 	stw     r25,100(r1)
    f894:	7d 19 43 78 	mr      r25,r8
    f898:	93 61 00 6c 	stw     r27,108(r1)
    f89c:	7c fb 3b 78 	mr      r27,r7
    f8a0:	93 81 00 70 	stw     r28,112(r1)
    f8a4:	7c 9c 23 78 	mr      r28,r4
    f8a8:	93 a1 00 74 	stw     r29,116(r1)
    f8ac:	7c dd 33 78 	mr      r29,r6
    f8b0:	93 c1 00 78 	stw     r30,120(r1)
    f8b4:	7c be 2b 78 	mr      r30,r5
    f8b8:	90 01 00 84 	stw     r0,132(r1)
    f8bc:	91 c1 00 38 	stw     r14,56(r1)
    f8c0:	91 e1 00 3c 	stw     r15,60(r1)
    f8c4:	92 01 00 40 	stw     r16,64(r1)
    f8c8:	92 21 00 44 	stw     r17,68(r1)
    f8cc:	92 41 00 48 	stw     r18,72(r1)
    f8d0:	92 61 00 4c 	stw     r19,76(r1)
    f8d4:	92 81 00 50 	stw     r20,80(r1)
    f8d8:	92 a1 00 54 	stw     r21,84(r1)
    f8dc:	92 c1 00 58 	stw     r22,88(r1)
    f8e0:	92 e1 00 5c 	stw     r23,92(r1)
    f8e4:	93 01 00 60 	stw     r24,96(r1)
    f8e8:	93 41 00 68 	stw     r26,104(r1)
    f8ec:	91 81 00 34 	stw     r12,52(r1)
    f8f0:	41 82 02 bc 	beq     fbac <_start+0xea60>
    f8f4:	83 5f 00 00 	lwz     r26,0(r31)
    f8f8:	80 1a 01 44 	lwz     r0,324(r26)
    f8fc:	83 1f 00 d4 	lwz     r24,212(r31)
    f900:	2f 80 00 00 	cmpwi   cr7,r0,0
    f904:	82 9f 02 64 	lwz     r20,612(r31)
    f908:	41 9e 00 70 	beq     cr7,f978 <_start+0xe82c>
    f90c:	80 1f 00 e4 	lwz     r0,228(r31)
    f910:	90 01 00 08 	stw     r0,8(r1)
    f914:	80 1a 01 48 	lwz     r0,328(r26)
    f918:	2f 80 00 00 	cmpwi   cr7,r0,0
    f91c:	41 9e 00 5c 	beq     cr7,f978 <_start+0xe82c>
    f920:	80 1f 00 e8 	lwz     r0,232(r31)
    f924:	90 01 00 0c 	stw     r0,12(r1)
    f928:	80 1a 01 4c 	lwz     r0,332(r26)
    f92c:	2f 80 00 00 	cmpwi   cr7,r0,0
    f930:	41 9e 00 48 	beq     cr7,f978 <_start+0xe82c>
    f934:	80 1f 00 ec 	lwz     r0,236(r31)
    f938:	90 01 00 10 	stw     r0,16(r1)
    f93c:	80 1a 01 50 	lwz     r0,336(r26)
    f940:	2f 80 00 00 	cmpwi   cr7,r0,0
    f944:	41 9e 00 34 	beq     cr7,f978 <_start+0xe82c>
    f948:	80 1f 00 f0 	lwz     r0,240(r31)
    f94c:	90 01 00 14 	stw     r0,20(r1)
    f950:	80 1a 01 54 	lwz     r0,340(r26)
    f954:	2f 80 00 00 	cmpwi   cr7,r0,0
    f958:	41 9e 00 20 	beq     cr7,f978 <_start+0xe82c>
    f95c:	80 1f 00 f4 	lwz     r0,244(r31)
    f960:	90 01 00 18 	stw     r0,24(r1)
    f964:	80 1a 01 58 	lwz     r0,344(r26)
    f968:	2f 80 00 00 	cmpwi   cr7,r0,0
    f96c:	41 9e 00 0c 	beq     cr7,f978 <_start+0xe82c>
    f970:	80 1f 00 f8 	lwz     r0,248(r31)
    f974:	90 01 00 1c 	stw     r0,28(r1)
    f978:	80 7a 01 7c 	lwz     r3,380(r26)
    f97c:	38 80 00 01 	li      r4,1
    f980:	82 bf 02 8c 	lwz     r21,652(r31)
    f984:	7c 7b 19 d6 	mullw   r3,r27,r3
    f988:	82 df 02 7c 	lwz     r22,636(r31)
    f98c:	38 63 00 02 	addi    r3,r3,2
    f990:	48 00 59 a1 	bl      15330 <_start+0x141e4>
    f994:	2f 9d 00 00 	cmpwi   cr7,r29,0
    f998:	7c 72 1b 78 	mr      r18,r3
    f99c:	41 9e 01 84 	beq     cr7,fb20 <_start+0xe9d4>
    f9a0:	2e 1e 00 01 	cmpwi   cr4,r30,1
    f9a4:	2d 9e 00 02 	cmpwi   cr3,r30,2
    f9a8:	3d e0 00 02 	lis     r15,2
    f9ac:	3e 00 00 02 	lis     r16,2
    f9b0:	3e 20 c0 00 	lis     r17,-16384
    f9b4:	63 8e 00 70 	ori     r14,r28,112
    f9b8:	39 ef 03 74 	addi    r15,r15,884
    f9bc:	3a 10 03 70 	addi    r16,r16,880
    f9c0:	62 31 35 00 	ori     r17,r17,13568
    f9c4:	3b 80 00 00 	li      r28,0
    f9c8:	3a e1 00 08 	addi    r23,r1,8
    f9cc:	7f 9d d8 40 	cmplw   cr7,r29,r27
    f9d0:	93 a1 00 28 	stw     r29,40(r1)
    f9d4:	40 9d 00 08 	ble     cr7,f9dc <_start+0xe890>
    f9d8:	93 61 00 28 	stw     r27,40(r1)
    f9dc:	80 01 00 28 	lwz     r0,40(r1)
    f9e0:	82 7a 01 7c 	lwz     r19,380(r26)
    f9e4:	2f 80 00 00 	cmpwi   cr7,r0,0
    f9e8:	81 41 00 28 	lwz     r10,40(r1)
    f9ec:	7e 60 99 d6 	mullw   r19,r0,r19
    f9f0:	81 32 00 14 	lwz     r9,20(r18)
    f9f4:	55 4b 80 1e 	slwi    r11,r10,16
    f9f8:	7f aa e8 50 	subf    r29,r10,r29
    f9fc:	56 60 80 1e 	slwi    r0,r19,16
    fa00:	7d 6b 73 78 	or      r11,r11,r14
    fa04:	7c 00 8b 78 	or      r0,r0,r17
    fa08:	91 69 00 04 	stw     r11,4(r9)
    fa0c:	90 09 00 00 	stw     r0,0(r9)
    fa10:	39 29 00 04 	addi    r9,r9,4
    fa14:	41 9e 00 e8 	beq     cr7,fafc <_start+0xe9b0>
    fa18:	39 29 00 04 	addi    r9,r9,4
    fa1c:	41 92 01 84 	beq     cr4,fba0 <_start+0xea54>
    fa20:	2b 9e 00 01 	cmplwi  cr7,r30,1
    fa24:	40 9c 01 6c 	bge     cr7,fb90 <_start+0xea44>
    fa28:	8b 99 00 00 	lbz     r28,0(r25)
    fa2c:	3b 39 00 01 	addi    r25,r25,1
    fa30:	80 9f 00 d8 	lwz     r4,216(r31)
    fa34:	7d 23 4b 78 	mr      r3,r9
    fa38:	80 1a 00 3c 	lwz     r0,60(r26)
    fa3c:	7c 9c 21 d6 	mullw   r4,r28,r4
    fa40:	7c 09 03 a6 	mtctr   r0
    fa44:	7c 98 22 14 	add     r4,r24,r4
    fa48:	4e 80 04 21 	bctrl
    fa4c:	80 1a 00 48 	lwz     r0,72(r26)
    fa50:	7c 69 1b 78 	mr      r9,r3
    fa54:	2f 80 00 00 	cmpwi   cr7,r0,0
    fa58:	41 9e 00 1c 	beq     cr7,fa74 <_start+0xe928>
    fa5c:	80 9f 02 94 	lwz     r4,660(r31)
    fa60:	7c 09 03 a6 	mtctr   r0
    fa64:	7c 9c 21 d6 	mullw   r4,r28,r4
    fa68:	7c 95 22 14 	add     r4,r21,r4
    fa6c:	4e 80 04 21 	bctrl
    fa70:	7c 69 1b 78 	mr      r9,r3
    fa74:	80 1a 00 40 	lwz     r0,64(r26)
    fa78:	2f 80 00 00 	cmpwi   cr7,r0,0
    fa7c:	41 9e 00 20 	beq     cr7,fa9c <_start+0xe950>
    fa80:	80 9f 02 68 	lwz     r4,616(r31)
    fa84:	7d 23 4b 78 	mr      r3,r9
    fa88:	7c 09 03 a6 	mtctr   r0
    fa8c:	7c 9c 21 d6 	mullw   r4,r28,r4
    fa90:	7c 94 22 14 	add     r4,r20,r4
    fa94:	4e 80 04 21 	bctrl
    fa98:	7c 69 1b 78 	mr      r9,r3
    fa9c:	80 1a 00 44 	lwz     r0,68(r26)
    faa0:	2f 80 00 00 	cmpwi   cr7,r0,0
    faa4:	41 9e 00 20 	beq     cr7,fac4 <_start+0xe978>
    faa8:	80 9f 02 80 	lwz     r4,640(r31)
    faac:	7d 23 4b 78 	mr      r3,r9
    fab0:	7c 09 03 a6 	mtctr   r0
    fab4:	7c 9c 21 d6 	mullw   r4,r28,r4
    fab8:	7c 96 22 14 	add     r4,r22,r4
    fabc:	4e 80 04 21 	bctrl
    fac0:	7c 69 1b 78 	mr      r9,r3
    fac4:	80 1a 00 50 	lwz     r0,80(r26)
    fac8:	2f 80 00 00 	cmpwi   cr7,r0,0
    facc:	41 9e 00 20 	beq     cr7,faec <_start+0xe9a0>
    fad0:	7d 23 4b 78 	mr      r3,r9
    fad4:	7f e4 fb 78 	mr      r4,r31
    fad8:	7c 09 03 a6 	mtctr   r0
    fadc:	7e e5 bb 78 	mr      r5,r23
    fae0:	7f 86 e3 78 	mr      r6,r28
    fae4:	4e 80 04 21 	bctrl
    fae8:	7c 69 1b 78 	mr      r9,r3
    faec:	80 01 00 28 	lwz     r0,40(r1)
    faf0:	35 40 ff ff 	addic.  r10,r0,-1
    faf4:	91 41 00 28 	stw     r10,40(r1)
    faf8:	40 82 ff 24 	bne     fa1c <_start+0xe8d0>
    fafc:	81 2f 00 00 	lwz     r9,0(r15)
    fb00:	38 b3 00 02 	addi    r5,r19,2
    fb04:	80 70 00 00 	lwz     r3,0(r16)
    fb08:	80 09 00 28 	lwz     r0,40(r9)
    fb0c:	80 92 00 14 	lwz     r4,20(r18)
    fb10:	7c 09 03 a6 	mtctr   r0
    fb14:	4e 80 04 21 	bctrl
    fb18:	2f 9d 00 00 	cmpwi   cr7,r29,0
    fb1c:	40 9e fe b0 	bne     cr7,f9cc <_start+0xe880>
    fb20:	7e 43 93 78 	mr      r3,r18
    fb24:	48 00 58 71 	bl      15394 <_start+0x14248>
    fb28:	80 01 00 84 	lwz     r0,132(r1)
    fb2c:	38 60 00 00 	li      r3,0
    fb30:	81 81 00 34 	lwz     r12,52(r1)
    fb34:	7c 08 03 a6 	mtlr    r0
    fb38:	81 c1 00 38 	lwz     r14,56(r1)
    fb3c:	81 e1 00 3c 	lwz     r15,60(r1)
    fb40:	7d 81 01 20 	mtcrf   16,r12
    fb44:	7d 80 81 20 	mtcrf   8,r12
    fb48:	82 01 00 40 	lwz     r16,64(r1)
    fb4c:	82 21 00 44 	lwz     r17,68(r1)
    fb50:	82 41 00 48 	lwz     r18,72(r1)
    fb54:	82 61 00 4c 	lwz     r19,76(r1)
    fb58:	82 81 00 50 	lwz     r20,80(r1)
    fb5c:	82 a1 00 54 	lwz     r21,84(r1)
    fb60:	82 c1 00 58 	lwz     r22,88(r1)
    fb64:	82 e1 00 5c 	lwz     r23,92(r1)
    fb68:	83 01 00 60 	lwz     r24,96(r1)
    fb6c:	83 21 00 64 	lwz     r25,100(r1)
    fb70:	83 41 00 68 	lwz     r26,104(r1)
    fb74:	83 61 00 6c 	lwz     r27,108(r1)
    fb78:	83 81 00 70 	lwz     r28,112(r1)
    fb7c:	83 a1 00 74 	lwz     r29,116(r1)
    fb80:	83 c1 00 78 	lwz     r30,120(r1)
    fb84:	83 e1 00 7c 	lwz     r31,124(r1)
    fb88:	38 21 00 80 	addi    r1,r1,128
    fb8c:	4e 80 00 20 	blr
    fb90:	40 8e fe a0 	bne     cr3,fa30 <_start+0xe8e4>
    fb94:	83 99 00 00 	lwz     r28,0(r25)
    fb98:	3b 39 00 04 	addi    r25,r25,4
    fb9c:	4b ff fe 94 	b       fa30 <_start+0xe8e4>
    fba0:	a3 99 00 00 	lhz     r28,0(r25)
    fba4:	3b 39 00 02 	addi    r25,r25,2
    fba8:	4b ff fe 88 	b       fa30 <_start+0xe8e4>
    fbac:	3b 40 00 00 	li      r26,0
    fbb0:	4b ff fd 48 	b       f8f8 <_start+0xe7ac>
    fbb4:	94 21 ff b0 	stwu    r1,-80(r1)
    fbb8:	7d 80 00 26 	mfcr    r12
    fbbc:	7c 08 02 a6 	mflr    r0
    fbc0:	93 61 00 3c 	stw     r27,60(r1)
    fbc4:	7c 7b 1b 79 	mr.     r27,r3
    fbc8:	93 01 00 30 	stw     r24,48(r1)
    fbcc:	7c b8 2b 78 	mr      r24,r5
    fbd0:	93 21 00 34 	stw     r25,52(r1)
    fbd4:	7c 99 23 78 	mr      r25,r4
    fbd8:	93 a1 00 44 	stw     r29,68(r1)
    fbdc:	7c dd 33 78 	mr      r29,r6
    fbe0:	90 01 00 54 	stw     r0,84(r1)
    fbe4:	92 21 00 14 	stw     r17,20(r1)
    fbe8:	92 41 00 18 	stw     r18,24(r1)
    fbec:	92 61 00 1c 	stw     r19,28(r1)
    fbf0:	92 81 00 20 	stw     r20,32(r1)
    fbf4:	92 a1 00 24 	stw     r21,36(r1)
    fbf8:	92 c1 00 28 	stw     r22,40(r1)
    fbfc:	92 e1 00 2c 	stw     r23,44(r1)
    fc00:	93 41 00 38 	stw     r26,56(r1)
    fc04:	93 81 00 40 	stw     r28,64(r1)
    fc08:	93 c1 00 48 	stw     r30,72(r1)
    fc0c:	93 e1 00 4c 	stw     r31,76(r1)
    fc10:	91 81 00 10 	stw     r12,16(r1)
    fc14:	41 82 02 b8 	beq     fecc <_start+0xed80>
    fc18:	83 fb 00 00 	lwz     r31,0(r27)
    fc1c:	82 bf 00 14 	lwz     r21,20(r31)
    fc20:	38 80 00 01 	li      r4,1
    fc24:	80 1f 01 78 	lwz     r0,376(r31)
    fc28:	3a b5 ff fe 	addi    r21,r21,-2
    fc2c:	83 5f 05 a4 	lwz     r26,1444(r31)
    fc30:	7e b5 03 96 	divwu   r21,r21,r0
    fc34:	7c 75 01 d6 	mullw   r3,r21,r0
    fc38:	38 63 00 02 	addi    r3,r3,2
    fc3c:	48 00 56 f5 	bl      15330 <_start+0x141e4>
    fc40:	2f 98 00 00 	cmpwi   cr7,r24,0
    fc44:	7c 76 1b 78 	mr      r22,r3
    fc48:	41 9e 02 18 	beq     cr7,fe60 <_start+0xed14>
    fc4c:	7f 98 a8 40 	cmplw   cr7,r24,r21
    fc50:	93 01 00 08 	stw     r24,8(r1)
    fc54:	41 9d 02 70 	bgt     cr7,fec4 <_start+0xed78>
    fc58:	80 01 00 08 	lwz     r0,8(r1)
    fc5c:	3b 80 ff ff 	li      r28,-1
    fc60:	3e 60 c0 00 	lis     r19,-16384
    fc64:	82 ff 01 78 	lwz     r23,376(r31)
    fc68:	2f 9c ff ff 	cmpwi   cr7,r28,-1
    fc6c:	62 73 35 00 	ori     r19,r19,13568
    fc70:	80 76 00 14 	lwz     r3,20(r22)
    fc74:	54 0b 80 1e 	slwi    r11,r0,16
    fc78:	7f 00 c0 50 	subf    r24,r0,r24
    fc7c:	7e e0 b9 d6 	mullw   r23,r0,r23
    fc80:	3e 20 00 02 	lis     r17,2
    fc84:	3e 40 00 02 	lis     r18,2
    fc88:	61 60 00 76 	ori     r0,r11,118
    fc8c:	3a 31 03 74 	addi    r17,r17,884
    fc90:	56 e9 80 1e 	slwi    r9,r23,16
    fc94:	90 03 00 04 	stw     r0,4(r3)
    fc98:	3a 52 03 70 	addi    r18,r18,880
    fc9c:	7d 29 9b 78 	or      r9,r9,r19
    fca0:	3b c0 00 00 	li      r30,0
    fca4:	91 23 00 00 	stw     r9,0(r3)
    fca8:	3a 80 ff ff 	li      r20,-1
    fcac:	2e 19 00 01 	cmpwi   cr4,r25,1
    fcb0:	2d 99 00 02 	cmpwi   cr3,r25,2
    fcb4:	38 63 00 08 	addi    r3,r3,8
    fcb8:	41 9e 01 64 	beq     cr7,fe1c <_start+0xecd0>
    fcbc:	80 1f 05 9c 	lwz     r0,1436(r31)
    fcc0:	7f 65 db 78 	mr      r5,r27
    fcc4:	7f 46 d3 78 	mr      r6,r26
    fcc8:	80 9f 05 98 	lwz     r4,1432(r31)
    fccc:	7c 1c 01 d6 	mullw   r0,r28,r0
    fcd0:	7c 84 02 14 	add     r4,r4,r0
    fcd4:	80 1f 05 94 	lwz     r0,1428(r31)
    fcd8:	7c 09 03 a6 	mtctr   r0
    fcdc:	4e 80 04 21 	bctrl
    fce0:	81 3f 05 9c 	lwz     r9,1436(r31)
    fce4:	7f 65 db 78 	mr      r5,r27
    fce8:	7f 46 d3 78 	mr      r6,r26
    fcec:	80 9f 05 98 	lwz     r4,1432(r31)
    fcf0:	7d 34 49 d6 	mullw   r9,r20,r9
    fcf4:	80 1f 05 94 	lwz     r0,1428(r31)
    fcf8:	7c 84 4a 14 	add     r4,r4,r9
    fcfc:	7c 09 03 a6 	mtctr   r0
    fd00:	4e 80 04 21 	bctrl
    fd04:	80 01 00 08 	lwz     r0,8(r1)
    fd08:	2f 80 00 00 	cmpwi   cr7,r0,0
    fd0c:	40 be 00 48 	bne     cr7,fd54 <_start+0xec08>
    fd10:	48 00 00 98 	b       fda8 <_start+0xec5c>
    fd14:	8b dd 00 00 	lbz     r30,0(r29)
    fd18:	3b bd 00 01 	addi    r29,r29,1
    fd1c:	80 1f 05 9c 	lwz     r0,1436(r31)
    fd20:	7f 65 db 78 	mr      r5,r27
    fd24:	7f 46 d3 78 	mr      r6,r26
    fd28:	80 9f 05 98 	lwz     r4,1432(r31)
    fd2c:	7c 1e 01 d6 	mullw   r0,r30,r0
    fd30:	7c 84 02 14 	add     r4,r4,r0
    fd34:	80 1f 05 94 	lwz     r0,1428(r31)
    fd38:	7c 09 03 a6 	mtctr   r0
    fd3c:	4e 80 04 21 	bctrl
    fd40:	80 01 00 08 	lwz     r0,8(r1)
    fd44:	35 20 ff ff 	addic.  r9,r0,-1
    fd48:	91 21 00 08 	stw     r9,8(r1)
    fd4c:	41 82 00 54 	beq     fda0 <_start+0xec54>
    fd50:	7f dc f3 78 	mr      r28,r30
    fd54:	2b 99 00 01 	cmplwi  cr7,r25,1
    fd58:	41 92 00 d8 	beq     cr4,fe30 <_start+0xece4>
    fd5c:	41 bc ff b8 	blt     cr7,fd14 <_start+0xebc8>
    fd60:	40 8e ff bc 	bne     cr3,fd1c <_start+0xebd0>
    fd64:	83 dd 00 00 	lwz     r30,0(r29)
    fd68:	7f 65 db 78 	mr      r5,r27
    fd6c:	7f 46 d3 78 	mr      r6,r26
    fd70:	80 1f 05 9c 	lwz     r0,1436(r31)
    fd74:	3b bd 00 04 	addi    r29,r29,4
    fd78:	80 9f 05 98 	lwz     r4,1432(r31)
    fd7c:	7c 1e 01 d6 	mullw   r0,r30,r0
    fd80:	7c 84 02 14 	add     r4,r4,r0
    fd84:	80 1f 05 94 	lwz     r0,1428(r31)
    fd88:	7c 09 03 a6 	mtctr   r0
    fd8c:	4e 80 04 21 	bctrl
    fd90:	80 01 00 08 	lwz     r0,8(r1)
    fd94:	35 20 ff ff 	addic.  r9,r0,-1
    fd98:	91 21 00 08 	stw     r9,8(r1)
    fd9c:	40 82 ff b4 	bne     fd50 <_start+0xec04>
    fda0:	7f 94 e3 78 	mr      r20,r28
    fda4:	7f dc f3 78 	mr      r28,r30
    fda8:	81 31 00 00 	lwz     r9,0(r17)
    fdac:	38 b7 00 02 	addi    r5,r23,2
    fdb0:	80 72 00 00 	lwz     r3,0(r18)
    fdb4:	80 09 00 28 	lwz     r0,40(r9)
    fdb8:	80 96 00 14 	lwz     r4,20(r22)
    fdbc:	7c 09 03 a6 	mtctr   r0
    fdc0:	4e 80 04 21 	bctrl
    fdc4:	2f 98 00 00 	cmpwi   cr7,r24,0
    fdc8:	41 9e 00 98 	beq     cr7,fe60 <_start+0xed14>
    fdcc:	7f 98 a8 40 	cmplw   cr7,r24,r21
    fdd0:	93 01 00 08 	stw     r24,8(r1)
    fdd4:	40 9d 00 08 	ble     cr7,fddc <_start+0xec90>
    fdd8:	92 a1 00 08 	stw     r21,8(r1)
    fddc:	2f 9c ff ff 	cmpwi   cr7,r28,-1
    fde0:	41 9e 00 5c 	beq     cr7,fe3c <_start+0xecf0>
    fde4:	81 21 00 08 	lwz     r9,8(r1)
    fde8:	38 09 00 02 	addi    r0,r9,2
    fdec:	7f 09 c0 50 	subf    r24,r9,r24
    fdf0:	82 ff 01 78 	lwz     r23,376(r31)
    fdf4:	54 0b 80 1e 	slwi    r11,r0,16
    fdf8:	80 76 00 14 	lwz     r3,20(r22)
    fdfc:	7e e0 b9 d6 	mullw   r23,r0,r23
    fe00:	61 60 00 76 	ori     r0,r11,118
    fe04:	90 03 00 04 	stw     r0,4(r3)
    fe08:	56 e9 80 1e 	slwi    r9,r23,16
    fe0c:	7d 29 9b 78 	or      r9,r9,r19
    fe10:	91 23 00 00 	stw     r9,0(r3)
    fe14:	38 63 00 08 	addi    r3,r3,8
    fe18:	40 be fe a4 	bne     cr7,fcbc <_start+0xeb70>
    fe1c:	41 92 00 3c 	beq     cr4,fe58 <_start+0xed0c>
    fe20:	2b 99 00 01 	cmplwi  cr7,r25,1
    fe24:	40 9c 00 28 	bge     cr7,fe4c <_start+0xed00>
    fe28:	8b 9d 00 00 	lbz     r28,0(r29)
    fe2c:	4b ff fe d8 	b       fd04 <_start+0xebb8>
    fe30:	a3 dd 00 00 	lhz     r30,0(r29)
    fe34:	3b bd 00 02 	addi    r29,r29,2
    fe38:	4b ff fe e4 	b       fd1c <_start+0xebd0>
    fe3c:	80 01 00 08 	lwz     r0,8(r1)
    fe40:	7c 09 03 78 	mr      r9,r0
    fe44:	7f 09 c0 50 	subf    r24,r9,r24
    fe48:	4b ff ff a8 	b       fdf0 <_start+0xeca4>
    fe4c:	40 8e fe b8 	bne     cr3,fd04 <_start+0xebb8>
    fe50:	83 9d 00 00 	lwz     r28,0(r29)
    fe54:	4b ff fe b0 	b       fd04 <_start+0xebb8>
    fe58:	a3 9d 00 00 	lhz     r28,0(r29)
    fe5c:	4b ff fe a8 	b       fd04 <_start+0xebb8>
    fe60:	7e c3 b3 78 	mr      r3,r22
    fe64:	48 00 55 31 	bl      15394 <_start+0x14248>
    fe68:	80 01 00 54 	lwz     r0,84(r1)
    fe6c:	38 60 00 00 	li      r3,0
    fe70:	81 81 00 10 	lwz     r12,16(r1)
    fe74:	7c 08 03 a6 	mtlr    r0
    fe78:	82 21 00 14 	lwz     r17,20(r1)
    fe7c:	82 41 00 18 	lwz     r18,24(r1)
    fe80:	7d 81 01 20 	mtcrf   16,r12
    fe84:	7d 80 81 20 	mtcrf   8,r12
    fe88:	82 61 00 1c 	lwz     r19,28(r1)
    fe8c:	82 81 00 20 	lwz     r20,32(r1)
    fe90:	82 a1 00 24 	lwz     r21,36(r1)
    fe94:	82 c1 00 28 	lwz     r22,40(r1)
    fe98:	82 e1 00 2c 	lwz     r23,44(r1)
    fe9c:	83 01 00 30 	lwz     r24,48(r1)
    fea0:	83 21 00 34 	lwz     r25,52(r1)
    fea4:	83 41 00 38 	lwz     r26,56(r1)
    fea8:	83 61 00 3c 	lwz     r27,60(r1)
    feac:	83 81 00 40 	lwz     r28,64(r1)
    feb0:	83 a1 00 44 	lwz     r29,68(r1)
    feb4:	83 c1 00 48 	lwz     r30,72(r1)
    feb8:	83 e1 00 4c 	lwz     r31,76(r1)
    febc:	38 21 00 50 	addi    r1,r1,80
    fec0:	4e 80 00 20 	blr
    fec4:	92 a1 00 08 	stw     r21,8(r1)
    fec8:	4b ff fd 90 	b       fc58 <_start+0xeb0c>
    fecc:	3b e0 00 00 	li      r31,0
    fed0:	4b ff fd 4c 	b       fc1c <_start+0xead0>
    fed4:	94 21 ff b0 	stwu    r1,-80(r1)
    fed8:	7d 80 00 26 	mfcr    r12
    fedc:	7c 08 02 a6 	mflr    r0
    fee0:	93 61 00 3c 	stw     r27,60(r1)
    fee4:	7c 7b 1b 79 	mr.     r27,r3
    fee8:	93 21 00 34 	stw     r25,52(r1)
    feec:	7c b9 2b 78 	mr      r25,r5
    fef0:	93 81 00 40 	stw     r28,64(r1)
    fef4:	7c 9c 23 78 	mr      r28,r4
    fef8:	93 c1 00 48 	stw     r30,72(r1)
    fefc:	7c de 33 78 	mr      r30,r6
    ff00:	90 01 00 54 	stw     r0,84(r1)
    ff04:	92 21 00 14 	stw     r17,20(r1)
    ff08:	92 41 00 18 	stw     r18,24(r1)
    ff0c:	92 61 00 1c 	stw     r19,28(r1)
    ff10:	92 81 00 20 	stw     r20,32(r1)
    ff14:	92 a1 00 24 	stw     r21,36(r1)
    ff18:	92 c1 00 28 	stw     r22,40(r1)
    ff1c:	92 e1 00 2c 	stw     r23,44(r1)
    ff20:	93 01 00 30 	stw     r24,48(r1)
    ff24:	93 41 00 38 	stw     r26,56(r1)
    ff28:	93 a1 00 44 	stw     r29,68(r1)
    ff2c:	93 e1 00 4c 	stw     r31,76(r1)
    ff30:	91 81 00 10 	stw     r12,16(r1)
    ff34:	41 82 02 c8 	beq     101fc <_start+0xf0b0>
    ff38:	83 fb 00 00 	lwz     r31,0(r27)
    ff3c:	2e 1c 00 01 	cmpwi   cr4,r28,1
    ff40:	82 bf 00 14 	lwz     r21,20(r31)
    ff44:	80 7f 01 78 	lwz     r3,376(r31)
    ff48:	3a b5 ff fe 	addi    r21,r21,-2
    ff4c:	83 5f 05 a4 	lwz     r26,1444(r31)
    ff50:	7e b5 1b 96 	divwu   r21,r21,r3
    ff54:	41 92 02 a0 	beq     cr4,101f4 <_start+0xf0a8>
    ff58:	2b 9c 00 01 	cmplwi  cr7,r28,1
    ff5c:	41 9c 01 e4 	blt     cr7,10140 <_start+0xeff4>
    ff60:	2f 9c 00 02 	cmpwi   cr7,r28,2
    ff64:	3a 20 00 00 	li      r17,0
    ff68:	40 be 00 08 	bne     cr7,ff70 <_start+0xee24>
    ff6c:	82 3e 00 00 	lwz     r17,0(r30)
    ff70:	7c 75 19 d6 	mullw   r3,r21,r3
    ff74:	38 80 00 01 	li      r4,1
    ff78:	38 63 00 02 	addi    r3,r3,2
    ff7c:	48 00 53 b5 	bl      15330 <_start+0x141e4>
    ff80:	2f 99 00 00 	cmpwi   cr7,r25,0
    ff84:	7c 76 1b 78 	mr      r22,r3
    ff88:	41 9e 01 d8 	beq     cr7,10160 <_start+0xf014>
    ff8c:	7f 99 a8 40 	cmplw   cr7,r25,r21
    ff90:	93 21 00 08 	stw     r25,8(r1)
    ff94:	40 9d 00 08 	ble     cr7,ff9c <_start+0xee50>
    ff98:	92 a1 00 08 	stw     r21,8(r1)
    ff9c:	80 01 00 08 	lwz     r0,8(r1)
    ffa0:	3a e0 ff ff 	li      r23,-1
    ffa4:	3e 80 c0 00 	lis     r20,-16384
    ffa8:	83 1f 01 78 	lwz     r24,376(r31)
    ffac:	2f 97 ff ff 	cmpwi   cr7,r23,-1
    ffb0:	62 94 35 00 	ori     r20,r20,13568
    ffb4:	80 76 00 14 	lwz     r3,20(r22)
    ffb8:	54 0b 80 1e 	slwi    r11,r0,16
    ffbc:	7f 20 c8 50 	subf    r25,r0,r25
    ffc0:	7f 00 c1 d6 	mullw   r24,r0,r24
    ffc4:	3e 40 00 02 	lis     r18,2
    ffc8:	3e 60 00 02 	lis     r19,2
    ffcc:	61 60 00 75 	ori     r0,r11,117
    ffd0:	3a 52 03 74 	addi    r18,r18,884
    ffd4:	57 09 80 1e 	slwi    r9,r24,16
    ffd8:	90 03 00 04 	stw     r0,4(r3)
    ffdc:	3a 73 03 70 	addi    r19,r19,880
    ffe0:	7d 29 a3 78 	or      r9,r9,r20
    ffe4:	3b a0 00 00 	li      r29,0
    ffe8:	91 23 00 00 	stw     r9,0(r3)
    ffec:	2d 9c 00 02 	cmpwi   cr3,r28,2
    fff0:	38 63 00 08 	addi    r3,r3,8
    fff4:	41 9e 01 38 	beq     cr7,1012c <_start+0xefe0>
    fff8:	80 1f 05 9c 	lwz     r0,1436(r31)
    fffc:	7f 65 db 78 	mr      r5,r27
   10000:	7f 46 d3 78 	mr      r6,r26
   10004:	80 9f 05 98 	lwz     r4,1432(r31)
   10008:	7c 11 01 d6 	mullw   r0,r17,r0
   1000c:	7c 84 02 14 	add     r4,r4,r0
   10010:	80 1f 05 94 	lwz     r0,1428(r31)
   10014:	7c 09 03 a6 	mtctr   r0
   10018:	4e 80 04 21 	bctrl
   1001c:	80 01 00 08 	lwz     r0,8(r1)
   10020:	2f 80 00 00 	cmpwi   cr7,r0,0
   10024:	40 be 00 44 	bne     cr7,10068 <_start+0xef1c>
   10028:	48 00 00 90 	b       100b8 <_start+0xef6c>
   1002c:	8b be 00 00 	lbz     r29,0(r30)
   10030:	3b de 00 01 	addi    r30,r30,1
   10034:	80 1f 05 9c 	lwz     r0,1436(r31)
   10038:	7f 65 db 78 	mr      r5,r27
   1003c:	7f 46 d3 78 	mr      r6,r26
   10040:	80 9f 05 98 	lwz     r4,1432(r31)
   10044:	7c 1d 01 d6 	mullw   r0,r29,r0
   10048:	7c 84 02 14 	add     r4,r4,r0
   1004c:	80 1f 05 94 	lwz     r0,1428(r31)
   10050:	7c 09 03 a6 	mtctr   r0
   10054:	4e 80 04 21 	bctrl
   10058:	80 01 00 08 	lwz     r0,8(r1)
   1005c:	35 20 ff ff 	addic.  r9,r0,-1
   10060:	91 21 00 08 	stw     r9,8(r1)
   10064:	41 82 00 50 	beq     100b4 <_start+0xef68>
   10068:	2b 9c 00 01 	cmplwi  cr7,r28,1
   1006c:	41 92 01 58 	beq     cr4,101c4 <_start+0xf078>
   10070:	41 bc ff bc 	blt     cr7,1002c <_start+0xeee0>
   10074:	40 8e ff c0 	bne     cr3,10034 <_start+0xeee8>
   10078:	83 be 00 00 	lwz     r29,0(r30)
   1007c:	7f 65 db 78 	mr      r5,r27
   10080:	7f 46 d3 78 	mr      r6,r26
   10084:	80 1f 05 9c 	lwz     r0,1436(r31)
   10088:	3b de 00 04 	addi    r30,r30,4
   1008c:	80 9f 05 98 	lwz     r4,1432(r31)
   10090:	7c 1d 01 d6 	mullw   r0,r29,r0
   10094:	7c 84 02 14 	add     r4,r4,r0
   10098:	80 1f 05 94 	lwz     r0,1428(r31)
   1009c:	7c 09 03 a6 	mtctr   r0
   100a0:	4e 80 04 21 	bctrl
   100a4:	80 01 00 08 	lwz     r0,8(r1)
   100a8:	35 20 ff ff 	addic.  r9,r0,-1
   100ac:	91 21 00 08 	stw     r9,8(r1)
   100b0:	40 82 ff b8 	bne     10068 <_start+0xef1c>
   100b4:	7f b7 eb 78 	mr      r23,r29
   100b8:	81 32 00 00 	lwz     r9,0(r18)
   100bc:	38 b8 00 02 	addi    r5,r24,2
   100c0:	80 73 00 00 	lwz     r3,0(r19)
   100c4:	80 09 00 28 	lwz     r0,40(r9)
   100c8:	80 96 00 14 	lwz     r4,20(r22)
   100cc:	7c 09 03 a6 	mtctr   r0
   100d0:	4e 80 04 21 	bctrl
   100d4:	2f 99 00 00 	cmpwi   cr7,r25,0
   100d8:	41 9e 00 88 	beq     cr7,10160 <_start+0xf014>
   100dc:	7f 99 a8 40 	cmplw   cr7,r25,r21
   100e0:	93 21 00 08 	stw     r25,8(r1)
   100e4:	40 9d 00 08 	ble     cr7,100ec <_start+0xefa0>
   100e8:	92 a1 00 08 	stw     r21,8(r1)
   100ec:	2f 97 ff ff 	cmpwi   cr7,r23,-1
   100f0:	41 9e 00 e0 	beq     cr7,101d0 <_start+0xf084>
   100f4:	81 21 00 08 	lwz     r9,8(r1)
   100f8:	38 09 00 01 	addi    r0,r9,1
   100fc:	7f 29 c8 50 	subf    r25,r9,r25
   10100:	83 1f 01 78 	lwz     r24,376(r31)
   10104:	54 0b 80 1e 	slwi    r11,r0,16
   10108:	80 76 00 14 	lwz     r3,20(r22)
   1010c:	7f 00 c1 d6 	mullw   r24,r0,r24
   10110:	61 60 00 75 	ori     r0,r11,117
   10114:	90 03 00 04 	stw     r0,4(r3)
   10118:	57 09 80 1e 	slwi    r9,r24,16
   1011c:	7d 29 a3 78 	or      r9,r9,r20
   10120:	91 23 00 00 	stw     r9,0(r3)
   10124:	38 63 00 08 	addi    r3,r3,8
   10128:	40 be fe d0 	bne     cr7,fff8 <_start+0xeeac>
   1012c:	41 92 00 c0 	beq     cr4,101ec <_start+0xf0a0>
   10130:	2b 9c 00 01 	cmplwi  cr7,r28,1
   10134:	40 9c 00 ac 	bge     cr7,101e0 <_start+0xf094>
   10138:	8a fe 00 00 	lbz     r23,0(r30)
   1013c:	4b ff fe e0 	b       1001c <_start+0xeed0>
   10140:	7c 75 19 d6 	mullw   r3,r21,r3
   10144:	38 80 00 01 	li      r4,1
   10148:	8a 3e 00 00 	lbz     r17,0(r30)
   1014c:	38 63 00 02 	addi    r3,r3,2
   10150:	48 00 51 e1 	bl      15330 <_start+0x141e4>
   10154:	2f 99 00 00 	cmpwi   cr7,r25,0
   10158:	7c 76 1b 78 	mr      r22,r3
   1015c:	40 9e fe 30 	bne     cr7,ff8c <_start+0xee40>
   10160:	7e c3 b3 78 	mr      r3,r22
   10164:	48 00 52 31 	bl      15394 <_start+0x14248>
   10168:	80 01 00 54 	lwz     r0,84(r1)
   1016c:	38 60 00 00 	li      r3,0
   10170:	81 81 00 10 	lwz     r12,16(r1)
   10174:	7c 08 03 a6 	mtlr    r0
   10178:	82 21 00 14 	lwz     r17,20(r1)
   1017c:	82 41 00 18 	lwz     r18,24(r1)
   10180:	7d 81 01 20 	mtcrf   16,r12
   10184:	7d 80 81 20 	mtcrf   8,r12
   10188:	82 61 00 1c 	lwz     r19,28(r1)
   1018c:	82 81 00 20 	lwz     r20,32(r1)
   10190:	82 a1 00 24 	lwz     r21,36(r1)
   10194:	82 c1 00 28 	lwz     r22,40(r1)
   10198:	82 e1 00 2c 	lwz     r23,44(r1)
   1019c:	83 01 00 30 	lwz     r24,48(r1)
   101a0:	83 21 00 34 	lwz     r25,52(r1)
   101a4:	83 41 00 38 	lwz     r26,56(r1)
   101a8:	83 61 00 3c 	lwz     r27,60(r1)
   101ac:	83 81 00 40 	lwz     r28,64(r1)
   101b0:	83 a1 00 44 	lwz     r29,68(r1)
   101b4:	83 c1 00 48 	lwz     r30,72(r1)
   101b8:	83 e1 00 4c 	lwz     r31,76(r1)
   101bc:	38 21 00 50 	addi    r1,r1,80
   101c0:	4e 80 00 20 	blr
   101c4:	a3 be 00 00 	lhz     r29,0(r30)
   101c8:	3b de 00 02 	addi    r30,r30,2
   101cc:	4b ff fe 68 	b       10034 <_start+0xeee8>
   101d0:	80 01 00 08 	lwz     r0,8(r1)
   101d4:	7c 09 03 78 	mr      r9,r0
   101d8:	7f 29 c8 50 	subf    r25,r9,r25
   101dc:	4b ff ff 24 	b       10100 <_start+0xefb4>
   101e0:	40 8e fe 3c 	bne     cr3,1001c <_start+0xeed0>
   101e4:	82 fe 00 00 	lwz     r23,0(r30)
   101e8:	4b ff fe 34 	b       1001c <_start+0xeed0>
   101ec:	a2 fe 00 00 	lhz     r23,0(r30)
   101f0:	4b ff fe 2c 	b       1001c <_start+0xeed0>
   101f4:	a2 3e 00 00 	lhz     r17,0(r30)
   101f8:	4b ff fd 78 	b       ff70 <_start+0xee24>
   101fc:	3b e0 00 00 	li      r31,0
   10200:	4b ff fd 3c 	b       ff3c <_start+0xedf0>
   10204:	94 21 ff a0 	stwu    r1,-96(r1)
   10208:	7d 80 00 26 	mfcr    r12
   1020c:	7c 08 02 a6 	mflr    r0
   10210:	93 81 00 50 	stw     r28,80(r1)
   10214:	7c 7c 1b 79 	mr.     r28,r3
   10218:	93 21 00 44 	stw     r25,68(r1)
   1021c:	7c b9 2b 78 	mr      r25,r5
   10220:	93 41 00 48 	stw     r26,72(r1)
   10224:	7c 9a 23 78 	mr      r26,r4
   10228:	93 c1 00 58 	stw     r30,88(r1)
   1022c:	7c de 33 78 	mr      r30,r6
   10230:	90 01 00 64 	stw     r0,100(r1)
   10234:	91 e1 00 1c 	stw     r15,28(r1)
   10238:	92 01 00 20 	stw     r16,32(r1)
   1023c:	92 21 00 24 	stw     r17,36(r1)
   10240:	92 41 00 28 	stw     r18,40(r1)
   10244:	92 61 00 2c 	stw     r19,44(r1)
   10248:	92 81 00 30 	stw     r20,48(r1)
   1024c:	92 a1 00 34 	stw     r21,52(r1)
   10250:	92 c1 00 38 	stw     r22,56(r1)
   10254:	92 e1 00 3c 	stw     r23,60(r1)
   10258:	93 01 00 40 	stw     r24,64(r1)
   1025c:	93 61 00 4c 	stw     r27,76(r1)
   10260:	93 a1 00 54 	stw     r29,84(r1)
   10264:	93 e1 00 5c 	stw     r31,92(r1)
   10268:	91 81 00 18 	stw     r12,24(r1)
   1026c:	41 82 03 18 	beq     10584 <_start+0xf438>
   10270:	83 fc 00 00 	lwz     r31,0(r28)
   10274:	2e 1a 00 01 	cmpwi   cr4,r26,1
   10278:	82 bf 00 14 	lwz     r21,20(r31)
   1027c:	80 7f 01 78 	lwz     r3,376(r31)
   10280:	3a b5 ff fe 	addi    r21,r21,-2
   10284:	83 7f 05 a4 	lwz     r27,1444(r31)
   10288:	7e b5 1b 96 	divwu   r21,r21,r3
   1028c:	41 92 02 f0 	beq     cr4,1057c <_start+0xf430>
   10290:	2b 9a 00 01 	cmplwi  cr7,r26,1
   10294:	41 9c 02 00 	blt     cr7,10494 <_start+0xf348>
   10298:	2f 9a 00 02 	cmpwi   cr7,r26,2
   1029c:	39 e0 00 00 	li      r15,0
   102a0:	40 be 00 08 	bne     cr7,102a8 <_start+0xf15c>
   102a4:	81 fe 00 00 	lwz     r15,0(r30)
   102a8:	7c 75 19 d6 	mullw   r3,r21,r3
   102ac:	38 80 00 01 	li      r4,1
   102b0:	38 63 00 02 	addi    r3,r3,2
   102b4:	48 00 50 7d 	bl      15330 <_start+0x141e4>
   102b8:	2f 99 00 00 	cmpwi   cr7,r25,0
   102bc:	7c 77 1b 78 	mr      r23,r3
   102c0:	41 9e 02 28 	beq     cr7,104e8 <_start+0xf39c>
   102c4:	7f 99 a8 40 	cmplw   cr7,r25,r21
   102c8:	93 21 00 08 	stw     r25,8(r1)
   102cc:	40 9d 00 08 	ble     cr7,102d4 <_start+0xf188>
   102d0:	92 a1 00 08 	stw     r21,8(r1)
   102d4:	80 01 00 08 	lwz     r0,8(r1)
   102d8:	3b 00 ff ff 	li      r24,-1
   102dc:	3e 80 c0 00 	lis     r20,-16384
   102e0:	82 df 01 78 	lwz     r22,376(r31)
   102e4:	2f 98 ff ff 	cmpwi   cr7,r24,-1
   102e8:	62 94 35 00 	ori     r20,r20,13568
   102ec:	7f 20 c8 50 	subf    r25,r0,r25
   102f0:	80 77 00 14 	lwz     r3,20(r23)
   102f4:	3e 00 00 02 	lis     r16,2
   102f8:	21 39 00 00 	subfic  r9,r25,0
   102fc:	7d 20 01 94 	addze   r9,r0
   10300:	3e 20 00 02 	lis     r17,2
   10304:	7e c9 b1 d6 	mullw   r22,r9,r22
   10308:	55 20 80 1e 	slwi    r0,r9,16
   1030c:	60 00 00 73 	ori     r0,r0,115
   10310:	3b a0 00 00 	li      r29,0
   10314:	56 c9 80 1e 	slwi    r9,r22,16
   10318:	90 03 00 04 	stw     r0,4(r3)
   1031c:	2d 9a 00 02 	cmpwi   cr3,r26,2
   10320:	7d 29 a3 78 	or      r9,r9,r20
   10324:	3a 50 03 74 	addi    r18,r16,884
   10328:	91 23 00 00 	stw     r9,0(r3)
   1032c:	3a 71 03 70 	addi    r19,r17,880
   10330:	38 63 00 08 	addi    r3,r3,8
   10334:	2d 19 00 00 	cmpwi   cr2,r25,0
   10338:	3a d6 00 02 	addi    r22,r22,2
   1033c:	41 9e 01 44 	beq     cr7,10480 <_start+0xf334>
   10340:	80 1f 05 9c 	lwz     r0,1436(r31)
   10344:	7f 85 e3 78 	mr      r5,r28
   10348:	7f 66 db 78 	mr      r6,r27
   1034c:	80 9f 05 98 	lwz     r4,1432(r31)
   10350:	7c 18 01 d6 	mullw   r0,r24,r0
   10354:	7c 84 02 14 	add     r4,r4,r0
   10358:	80 1f 05 94 	lwz     r0,1428(r31)
   1035c:	7c 09 03 a6 	mtctr   r0
   10360:	4e 80 04 21 	bctrl
   10364:	80 01 00 08 	lwz     r0,8(r1)
   10368:	2f 80 00 00 	cmpwi   cr7,r0,0
   1036c:	40 be 00 44 	bne     cr7,103b0 <_start+0xf264>
   10370:	48 00 00 90 	b       10400 <_start+0xf2b4>
   10374:	8b be 00 00 	lbz     r29,0(r30)
   10378:	3b de 00 01 	addi    r30,r30,1
   1037c:	80 1f 05 9c 	lwz     r0,1436(r31)
   10380:	7f 85 e3 78 	mr      r5,r28
   10384:	7f 66 db 78 	mr      r6,r27
   10388:	80 9f 05 98 	lwz     r4,1432(r31)
   1038c:	7c 1d 01 d6 	mullw   r0,r29,r0
   10390:	7c 84 02 14 	add     r4,r4,r0
   10394:	80 1f 05 94 	lwz     r0,1428(r31)
   10398:	7c 09 03 a6 	mtctr   r0
   1039c:	4e 80 04 21 	bctrl
   103a0:	80 01 00 08 	lwz     r0,8(r1)
   103a4:	35 20 ff ff 	addic.  r9,r0,-1
   103a8:	91 21 00 08 	stw     r9,8(r1)
   103ac:	41 82 00 50 	beq     103fc <_start+0xf2b0>
   103b0:	2b 9a 00 01 	cmplwi  cr7,r26,1
   103b4:	41 92 00 e8 	beq     cr4,1049c <_start+0xf350>
   103b8:	41 bc ff bc 	blt     cr7,10374 <_start+0xf228>
   103bc:	40 8e ff c0 	bne     cr3,1037c <_start+0xf230>
   103c0:	83 be 00 00 	lwz     r29,0(r30)
   103c4:	7f 85 e3 78 	mr      r5,r28
   103c8:	7f 66 db 78 	mr      r6,r27
   103cc:	80 1f 05 9c 	lwz     r0,1436(r31)
   103d0:	3b de 00 04 	addi    r30,r30,4
   103d4:	80 9f 05 98 	lwz     r4,1432(r31)
   103d8:	7c 1d 01 d6 	mullw   r0,r29,r0
   103dc:	7c 84 02 14 	add     r4,r4,r0
   103e0:	80 1f 05 94 	lwz     r0,1428(r31)
   103e4:	7c 09 03 a6 	mtctr   r0
   103e8:	4e 80 04 21 	bctrl
   103ec:	80 01 00 08 	lwz     r0,8(r1)
   103f0:	35 20 ff ff 	addic.  r9,r0,-1
   103f4:	91 21 00 08 	stw     r9,8(r1)
   103f8:	40 82 ff b8 	bne     103b0 <_start+0xf264>
   103fc:	7f b8 eb 78 	mr      r24,r29
   10400:	41 8a 00 a8 	beq     cr2,104a8 <_start+0xf35c>
   10404:	81 32 00 00 	lwz     r9,0(r18)
   10408:	7e c5 b3 78 	mr      r5,r22
   1040c:	80 97 00 14 	lwz     r4,20(r23)
   10410:	80 09 00 28 	lwz     r0,40(r9)
   10414:	80 73 00 00 	lwz     r3,0(r19)
   10418:	93 21 00 08 	stw     r25,8(r1)
   1041c:	7c 09 03 a6 	mtctr   r0
   10420:	4e 80 04 21 	bctrl
   10424:	7f 99 a8 40 	cmplw   cr7,r25,r21
   10428:	40 9d 00 08 	ble     cr7,10430 <_start+0xf2e4>
   1042c:	92 a1 00 08 	stw     r21,8(r1)
   10430:	2f 98 ff ff 	cmpwi   cr7,r24,-1
   10434:	41 9e 01 30 	beq     cr7,10564 <_start+0xf418>
   10438:	81 21 00 08 	lwz     r9,8(r1)
   1043c:	38 09 00 01 	addi    r0,r9,1
   10440:	7f 29 c8 50 	subf    r25,r9,r25
   10444:	82 df 01 78 	lwz     r22,376(r31)
   10448:	21 39 00 00 	subfic  r9,r25,0
   1044c:	7d 20 01 94 	addze   r9,r0
   10450:	2d 19 00 00 	cmpwi   cr2,r25,0
   10454:	80 77 00 14 	lwz     r3,20(r23)
   10458:	55 20 80 1e 	slwi    r0,r9,16
   1045c:	7e c9 b1 d6 	mullw   r22,r9,r22
   10460:	60 00 00 73 	ori     r0,r0,115
   10464:	90 03 00 04 	stw     r0,4(r3)
   10468:	56 c9 80 1e 	slwi    r9,r22,16
   1046c:	3a d6 00 02 	addi    r22,r22,2
   10470:	7d 29 a3 78 	or      r9,r9,r20
   10474:	91 23 00 00 	stw     r9,0(r3)
   10478:	38 63 00 08 	addi    r3,r3,8
   1047c:	40 be fe c4 	bne     cr7,10340 <_start+0xf1f4>
   10480:	41 92 00 f4 	beq     cr4,10574 <_start+0xf428>
   10484:	2b 9a 00 01 	cmplwi  cr7,r26,1
   10488:	40 9c 00 d0 	bge     cr7,10558 <_start+0xf40c>
   1048c:	8b 1e 00 00 	lbz     r24,0(r30)
   10490:	4b ff fe d4 	b       10364 <_start+0xf218>
   10494:	89 fe 00 00 	lbz     r15,0(r30)
   10498:	4b ff fe 10 	b       102a8 <_start+0xf15c>
   1049c:	a3 be 00 00 	lhz     r29,0(r30)
   104a0:	3b de 00 02 	addi    r30,r30,2
   104a4:	4b ff fe d8 	b       1037c <_start+0xf230>
   104a8:	80 1f 05 9c 	lwz     r0,1436(r31)
   104ac:	7f 85 e3 78 	mr      r5,r28
   104b0:	7f 66 db 78 	mr      r6,r27
   104b4:	80 9f 05 98 	lwz     r4,1432(r31)
   104b8:	7d ef 01 d6 	mullw   r15,r15,r0
   104bc:	80 1f 05 94 	lwz     r0,1428(r31)
   104c0:	7c 84 7a 14 	add     r4,r4,r15
   104c4:	7c 09 03 a6 	mtctr   r0
   104c8:	4e 80 04 21 	bctrl
   104cc:	81 30 03 74 	lwz     r9,884(r16)
   104d0:	7e c5 b3 78 	mr      r5,r22
   104d4:	80 71 03 70 	lwz     r3,880(r17)
   104d8:	80 09 00 28 	lwz     r0,40(r9)
   104dc:	80 97 00 14 	lwz     r4,20(r23)
   104e0:	7c 09 03 a6 	mtctr   r0
   104e4:	4e 80 04 21 	bctrl
   104e8:	7e e3 bb 78 	mr      r3,r23
   104ec:	48 00 4e a9 	bl      15394 <_start+0x14248>
   104f0:	80 01 00 64 	lwz     r0,100(r1)
   104f4:	38 60 00 00 	li      r3,0
   104f8:	81 81 00 18 	lwz     r12,24(r1)
   104fc:	7c 08 03 a6 	mtlr    r0
   10500:	81 e1 00 1c 	lwz     r15,28(r1)
   10504:	82 01 00 20 	lwz     r16,32(r1)
   10508:	7d 82 01 20 	mtcrf   32,r12
   1050c:	7d 81 01 20 	mtcrf   16,r12
   10510:	82 21 00 24 	lwz     r17,36(r1)
   10514:	7d 80 81 20 	mtcrf   8,r12
   10518:	82 41 00 28 	lwz     r18,40(r1)
   1051c:	82 61 00 2c 	lwz     r19,44(r1)
   10520:	82 81 00 30 	lwz     r20,48(r1)
   10524:	82 a1 00 34 	lwz     r21,52(r1)
   10528:	82 c1 00 38 	lwz     r22,56(r1)
   1052c:	82 e1 00 3c 	lwz     r23,60(r1)
   10530:	83 01 00 40 	lwz     r24,64(r1)
   10534:	83 21 00 44 	lwz     r25,68(r1)
   10538:	83 41 00 48 	lwz     r26,72(r1)
   1053c:	83 61 00 4c 	lwz     r27,76(r1)
   10540:	83 81 00 50 	lwz     r28,80(r1)
   10544:	83 a1 00 54 	lwz     r29,84(r1)
   10548:	83 c1 00 58 	lwz     r30,88(r1)
   1054c:	83 e1 00 5c 	lwz     r31,92(r1)
   10550:	38 21 00 60 	addi    r1,r1,96
   10554:	4e 80 00 20 	blr
   10558:	40 8e fe 0c 	bne     cr3,10364 <_start+0xf218>
   1055c:	83 1e 00 00 	lwz     r24,0(r30)
   10560:	4b ff fe 04 	b       10364 <_start+0xf218>
   10564:	80 01 00 08 	lwz     r0,8(r1)
   10568:	7c 09 03 78 	mr      r9,r0
   1056c:	7f 29 c8 50 	subf    r25,r9,r25
   10570:	4b ff fe d4 	b       10444 <_start+0xf2f8>
   10574:	a3 1e 00 00 	lhz     r24,0(r30)
   10578:	4b ff fd ec 	b       10364 <_start+0xf218>
   1057c:	a1 fe 00 00 	lhz     r15,0(r30)
   10580:	4b ff fd 28 	b       102a8 <_start+0xf15c>
   10584:	3b e0 00 00 	li      r31,0
   10588:	4b ff fc ec 	b       10274 <_start+0xf128>
   1058c:	94 21 ff b0 	stwu    r1,-80(r1)
   10590:	7d 80 00 26 	mfcr    r12
   10594:	7c 08 02 a6 	mflr    r0
   10598:	93 81 00 40 	stw     r28,64(r1)
   1059c:	7c 7c 1b 79 	mr.     r28,r3
   105a0:	93 21 00 34 	stw     r25,52(r1)
   105a4:	7c b9 2b 78 	mr      r25,r5
   105a8:	93 61 00 3c 	stw     r27,60(r1)
   105ac:	7c 9b 23 78 	mr      r27,r4
   105b0:	93 c1 00 48 	stw     r30,72(r1)
   105b4:	7c de 33 78 	mr      r30,r6
   105b8:	90 01 00 54 	stw     r0,84(r1)
   105bc:	92 41 00 18 	stw     r18,24(r1)
   105c0:	92 61 00 1c 	stw     r19,28(r1)
   105c4:	92 81 00 20 	stw     r20,32(r1)
   105c8:	92 a1 00 24 	stw     r21,36(r1)
   105cc:	92 c1 00 28 	stw     r22,40(r1)
   105d0:	92 e1 00 2c 	stw     r23,44(r1)
   105d4:	93 01 00 30 	stw     r24,48(r1)
   105d8:	93 41 00 38 	stw     r26,56(r1)
   105dc:	93 a1 00 44 	stw     r29,68(r1)
   105e0:	93 e1 00 4c 	stw     r31,76(r1)
   105e4:	91 81 00 14 	stw     r12,20(r1)
   105e8:	41 82 02 84 	beq     1086c <_start+0xf720>
   105ec:	83 fc 00 00 	lwz     r31,0(r28)
   105f0:	82 bf 00 14 	lwz     r21,20(r31)
   105f4:	38 80 00 01 	li      r4,1
   105f8:	80 1f 01 78 	lwz     r0,376(r31)
   105fc:	3a b5 ff fe 	addi    r21,r21,-2
   10600:	83 5f 05 a4 	lwz     r26,1444(r31)
   10604:	7e b5 03 96 	divwu   r21,r21,r0
   10608:	7c 75 01 d6 	mullw   r3,r21,r0
   1060c:	38 63 00 02 	addi    r3,r3,2
   10610:	48 00 4d 21 	bl      15330 <_start+0x141e4>
   10614:	2f 99 00 00 	cmpwi   cr7,r25,0
   10618:	7c 76 1b 78 	mr      r22,r3
   1061c:	41 9e 01 e8 	beq     cr7,10804 <_start+0xf6b8>
   10620:	7f 99 a8 40 	cmplw   cr7,r25,r21
   10624:	93 21 00 08 	stw     r25,8(r1)
   10628:	41 9d 02 3c 	bgt     cr7,10864 <_start+0xf718>
   1062c:	80 01 00 08 	lwz     r0,8(r1)
   10630:	3a e0 ff ff 	li      r23,-1
   10634:	3e 80 c0 00 	lis     r20,-16384
   10638:	83 1f 01 78 	lwz     r24,376(r31)
   1063c:	2f 97 ff ff 	cmpwi   cr7,r23,-1
   10640:	62 94 35 00 	ori     r20,r20,13568
   10644:	80 76 00 14 	lwz     r3,20(r22)
   10648:	54 0b 80 1e 	slwi    r11,r0,16
   1064c:	7f 20 c8 50 	subf    r25,r0,r25
   10650:	7f 00 c1 d6 	mullw   r24,r0,r24
   10654:	3e 40 00 02 	lis     r18,2
   10658:	3e 60 00 02 	lis     r19,2
   1065c:	61 60 00 73 	ori     r0,r11,115
   10660:	3a 52 03 74 	addi    r18,r18,884
   10664:	57 09 80 1e 	slwi    r9,r24,16
   10668:	90 03 00 04 	stw     r0,4(r3)
   1066c:	3a 73 03 70 	addi    r19,r19,880
   10670:	7d 29 a3 78 	or      r9,r9,r20
   10674:	3b a0 00 00 	li      r29,0
   10678:	91 23 00 00 	stw     r9,0(r3)
   1067c:	2e 1b 00 01 	cmpwi   cr4,r27,1
   10680:	2d 9b 00 02 	cmpwi   cr3,r27,2
   10684:	38 63 00 08 	addi    r3,r3,8
   10688:	41 9e 01 38 	beq     cr7,107c0 <_start+0xf674>
   1068c:	80 1f 05 9c 	lwz     r0,1436(r31)
   10690:	7f 85 e3 78 	mr      r5,r28
   10694:	7f 46 d3 78 	mr      r6,r26
   10698:	80 9f 05 98 	lwz     r4,1432(r31)
   1069c:	7c 17 01 d6 	mullw   r0,r23,r0
   106a0:	7c 84 02 14 	add     r4,r4,r0
   106a4:	80 1f 05 94 	lwz     r0,1428(r31)
   106a8:	7c 09 03 a6 	mtctr   r0
   106ac:	4e 80 04 21 	bctrl
   106b0:	80 01 00 08 	lwz     r0,8(r1)
   106b4:	2f 80 00 00 	cmpwi   cr7,r0,0
   106b8:	40 be 00 44 	bne     cr7,106fc <_start+0xf5b0>
   106bc:	48 00 00 90 	b       1074c <_start+0xf600>
   106c0:	8b be 00 00 	lbz     r29,0(r30)
   106c4:	3b de 00 01 	addi    r30,r30,1
   106c8:	80 1f 05 9c 	lwz     r0,1436(r31)
   106cc:	7f 85 e3 78 	mr      r5,r28
   106d0:	7f 46 d3 78 	mr      r6,r26
   106d4:	80 9f 05 98 	lwz     r4,1432(r31)
   106d8:	7c 1d 01 d6 	mullw   r0,r29,r0
   106dc:	7c 84 02 14 	add     r4,r4,r0
   106e0:	80 1f 05 94 	lwz     r0,1428(r31)
   106e4:	7c 09 03 a6 	mtctr   r0
   106e8:	4e 80 04 21 	bctrl
   106ec:	80 01 00 08 	lwz     r0,8(r1)
   106f0:	35 20 ff ff 	addic.  r9,r0,-1
   106f4:	91 21 00 08 	stw     r9,8(r1)
   106f8:	41 82 00 50 	beq     10748 <_start+0xf5fc>
   106fc:	2b 9b 00 01 	cmplwi  cr7,r27,1
   10700:	41 92 00 d4 	beq     cr4,107d4 <_start+0xf688>
   10704:	41 bc ff bc 	blt     cr7,106c0 <_start+0xf574>
   10708:	40 8e ff c0 	bne     cr3,106c8 <_start+0xf57c>
   1070c:	83 be 00 00 	lwz     r29,0(r30)
   10710:	7f 85 e3 78 	mr      r5,r28
   10714:	7f 46 d3 78 	mr      r6,r26
   10718:	80 1f 05 9c 	lwz     r0,1436(r31)
   1071c:	3b de 00 04 	addi    r30,r30,4
   10720:	80 9f 05 98 	lwz     r4,1432(r31)
   10724:	7c 1d 01 d6 	mullw   r0,r29,r0
   10728:	7c 84 02 14 	add     r4,r4,r0
   1072c:	80 1f 05 94 	lwz     r0,1428(r31)
   10730:	7c 09 03 a6 	mtctr   r0
   10734:	4e 80 04 21 	bctrl
   10738:	80 01 00 08 	lwz     r0,8(r1)
   1073c:	35 20 ff ff 	addic.  r9,r0,-1
   10740:	91 21 00 08 	stw     r9,8(r1)
   10744:	40 82 ff b8 	bne     106fc <_start+0xf5b0>
   10748:	7f b7 eb 78 	mr      r23,r29
   1074c:	81 32 00 00 	lwz     r9,0(r18)
   10750:	38 b8 00 02 	addi    r5,r24,2
   10754:	80 73 00 00 	lwz     r3,0(r19)
   10758:	80 09 00 28 	lwz     r0,40(r9)
   1075c:	80 96 00 14 	lwz     r4,20(r22)
   10760:	7c 09 03 a6 	mtctr   r0
   10764:	4e 80 04 21 	bctrl
   10768:	2f 99 00 00 	cmpwi   cr7,r25,0
   1076c:	41 9e 00 98 	beq     cr7,10804 <_start+0xf6b8>
   10770:	7f 99 a8 40 	cmplw   cr7,r25,r21
   10774:	93 21 00 08 	stw     r25,8(r1)
   10778:	40 9d 00 08 	ble     cr7,10780 <_start+0xf634>
   1077c:	92 a1 00 08 	stw     r21,8(r1)
   10780:	2f 97 ff ff 	cmpwi   cr7,r23,-1
   10784:	41 9e 00 5c 	beq     cr7,107e0 <_start+0xf694>
   10788:	81 21 00 08 	lwz     r9,8(r1)
   1078c:	38 09 00 01 	addi    r0,r9,1
   10790:	7f 29 c8 50 	subf    r25,r9,r25
   10794:	83 1f 01 78 	lwz     r24,376(r31)
   10798:	54 0b 80 1e 	slwi    r11,r0,16
   1079c:	80 76 00 14 	lwz     r3,20(r22)
   107a0:	7f 00 c1 d6 	mullw   r24,r0,r24
   107a4:	61 60 00 73 	ori     r0,r11,115
   107a8:	90 03 00 04 	stw     r0,4(r3)
   107ac:	57 09 80 1e 	slwi    r9,r24,16
   107b0:	7d 29 a3 78 	or      r9,r9,r20
   107b4:	91 23 00 00 	stw     r9,0(r3)
   107b8:	38 63 00 08 	addi    r3,r3,8
   107bc:	40 be fe d0 	bne     cr7,1068c <_start+0xf540>
   107c0:	41 92 00 3c 	beq     cr4,107fc <_start+0xf6b0>
   107c4:	2b 9b 00 01 	cmplwi  cr7,r27,1
   107c8:	40 9c 00 28 	bge     cr7,107f0 <_start+0xf6a4>
   107cc:	8a fe 00 00 	lbz     r23,0(r30)
   107d0:	4b ff fe e0 	b       106b0 <_start+0xf564>
   107d4:	a3 be 00 00 	lhz     r29,0(r30)
   107d8:	3b de 00 02 	addi    r30,r30,2
   107dc:	4b ff fe ec 	b       106c8 <_start+0xf57c>
   107e0:	80 01 00 08 	lwz     r0,8(r1)
   107e4:	7c 09 03 78 	mr      r9,r0
   107e8:	7f 29 c8 50 	subf    r25,r9,r25
   107ec:	4b ff ff a8 	b       10794 <_start+0xf648>
   107f0:	40 8e fe c0 	bne     cr3,106b0 <_start+0xf564>
   107f4:	82 fe 00 00 	lwz     r23,0(r30)
   107f8:	4b ff fe b8 	b       106b0 <_start+0xf564>
   107fc:	a2 fe 00 00 	lhz     r23,0(r30)
   10800:	4b ff fe b0 	b       106b0 <_start+0xf564>
   10804:	7e c3 b3 78 	mr      r3,r22
   10808:	48 00 4b 8d 	bl      15394 <_start+0x14248>
   1080c:	80 01 00 54 	lwz     r0,84(r1)
   10810:	38 60 00 00 	li      r3,0
   10814:	81 81 00 14 	lwz     r12,20(r1)
   10818:	7c 08 03 a6 	mtlr    r0
   1081c:	82 41 00 18 	lwz     r18,24(r1)
   10820:	82 61 00 1c 	lwz     r19,28(r1)
   10824:	7d 81 01 20 	mtcrf   16,r12
   10828:	7d 80 81 20 	mtcrf   8,r12
   1082c:	82 81 00 20 	lwz     r20,32(r1)
   10830:	82 a1 00 24 	lwz     r21,36(r1)
   10834:	82 c1 00 28 	lwz     r22,40(r1)
   10838:	82 e1 00 2c 	lwz     r23,44(r1)
   1083c:	83 01 00 30 	lwz     r24,48(r1)
   10840:	83 21 00 34 	lwz     r25,52(r1)
   10844:	83 41 00 38 	lwz     r26,56(r1)
   10848:	83 61 00 3c 	lwz     r27,60(r1)
   1084c:	83 81 00 40 	lwz     r28,64(r1)
   10850:	83 a1 00 44 	lwz     r29,68(r1)
   10854:	83 c1 00 48 	lwz     r30,72(r1)
   10858:	83 e1 00 4c 	lwz     r31,76(r1)
   1085c:	38 21 00 50 	addi    r1,r1,80
   10860:	4e 80 00 20 	blr
   10864:	92 a1 00 08 	stw     r21,8(r1)
   10868:	4b ff fd c4 	b       1062c <_start+0xf4e0>
   1086c:	3b e0 00 00 	li      r31,0
   10870:	4b ff fd 80 	b       105f0 <_start+0xf4a4>
   10874:	94 21 ff 80 	stwu    r1,-128(r1)
   10878:	7d 80 00 26 	mfcr    r12
   1087c:	7c 08 02 a6 	mflr    r0
   10880:	93 81 00 60 	stw     r28,96(r1)
   10884:	7c 7c 1b 79 	mr.     r28,r3
   10888:	93 21 00 54 	stw     r25,84(r1)
   1088c:	7c b9 2b 78 	mr      r25,r5
   10890:	93 41 00 58 	stw     r26,88(r1)
   10894:	7c 9a 23 78 	mr      r26,r4
   10898:	93 a1 00 64 	stw     r29,100(r1)
   1089c:	7c dd 33 78 	mr      r29,r6
   108a0:	90 01 00 84 	stw     r0,132(r1)
   108a4:	db c1 00 70 	stfd    f30,112(r1)
   108a8:	db e1 00 78 	stfd    f31,120(r1)
   108ac:	92 01 00 30 	stw     r16,48(r1)
   108b0:	92 21 00 34 	stw     r17,52(r1)
   108b4:	92 41 00 38 	stw     r18,56(r1)
   108b8:	92 61 00 3c 	stw     r19,60(r1)
   108bc:	92 81 00 40 	stw     r20,64(r1)
   108c0:	92 a1 00 44 	stw     r21,68(r1)
   108c4:	92 c1 00 48 	stw     r22,72(r1)
   108c8:	92 e1 00 4c 	stw     r23,76(r1)
   108cc:	93 01 00 50 	stw     r24,80(r1)
   108d0:	93 61 00 5c 	stw     r27,92(r1)
   108d4:	93 c1 00 68 	stw     r30,104(r1)
   108d8:	93 e1 00 6c 	stw     r31,108(r1)
   108dc:	91 81 00 2c 	stw     r12,44(r1)
   108e0:	41 82 03 18 	beq     10bf8 <_start+0xfaac>
   108e4:	83 fc 00 00 	lwz     r31,0(r28)
   108e8:	82 df 00 14 	lwz     r22,20(r31)
   108ec:	3d 20 00 01 	lis     r9,1
   108f0:	80 1f 01 78 	lwz     r0,376(r31)
   108f4:	3a d6 ff fe 	addi    r22,r22,-2
   108f8:	c1 a9 76 38 	lfs     f13,30264(r9)
   108fc:	3d 20 00 01 	lis     r9,1
   10900:	7e d6 03 96 	divwu   r22,r22,r0
   10904:	c0 1f 05 b0 	lfs     f0,1456(r31)
   10908:	83 7f 05 a4 	lwz     r27,1444(r31)
   1090c:	ec 0d 00 32 	fmuls   f0,f13,f0
   10910:	c1 a9 64 c0 	lfs     f13,25792(r9)
   10914:	81 3f 00 18 	lwz     r9,24(r31)
   10918:	ff 80 68 00 	fcmpu   cr7,f0,f13
   1091c:	82 29 00 48 	lwz     r17,72(r9)
   10920:	82 49 00 8c 	lwz     r18,140(r9)
   10924:	82 09 00 f4 	lwz     r16,244(r9)
   10928:	4f dd f3 82 	cror    4*cr7+eq,4*cr7+gt,4*cr7+eq
   1092c:	56 d6 f8 7e 	srwi    r22,r22,1
   10930:	41 9e 02 ac 	beq     cr7,10bdc <_start+0xfa90>
   10934:	fc 00 00 1e 	fctiwz  f0,f0
   10938:	d8 01 00 08 	stfd    f0,8(r1)
   1093c:	80 01 00 0c 	lwz     r0,12(r1)
   10940:	90 09 00 f4 	stw     r0,244(r9)
   10944:	81 3f 00 18 	lwz     r9,24(r31)
   10948:	56 2b 07 b8 	rlwinm  r11,r17,0,30,28
   1094c:	56 40 02 0c 	rlwinm  r0,r18,0,8,6
   10950:	3e 60 00 02 	lis     r19,2
   10954:	3e 80 00 02 	lis     r20,2
   10958:	81 49 00 0c 	lwz     r10,12(r9)
   1095c:	65 4a 00 40 	oris    r10,r10,64
   10960:	91 49 00 0c 	stw     r10,12(r9)
   10964:	81 3f 00 18 	lwz     r9,24(r31)
   10968:	91 69 00 48 	stw     r11,72(r9)
   1096c:	81 3f 00 18 	lwz     r9,24(r31)
   10970:	81 69 00 0c 	lwz     r11,12(r9)
   10974:	61 6b 00 08 	ori     r11,r11,8
   10978:	91 69 00 0c 	stw     r11,12(r9)
   1097c:	81 3f 00 18 	lwz     r9,24(r31)
   10980:	90 09 00 8c 	stw     r0,140(r9)
   10984:	81 3f 00 18 	lwz     r9,24(r31)
   10988:	80 09 00 0c 	lwz     r0,12(r9)
   1098c:	60 00 02 00 	ori     r0,r0,512
   10990:	90 09 00 0c 	stw     r0,12(r9)
   10994:	38 00 00 00 	li      r0,0
   10998:	81 3f 00 18 	lwz     r9,24(r31)
   1099c:	90 09 00 0c 	stw     r0,12(r9)
   109a0:	81 33 03 74 	lwz     r9,884(r19)
   109a4:	80 74 03 70 	lwz     r3,880(r20)
   109a8:	80 09 00 3c 	lwz     r0,60(r9)
   109ac:	80 9f 00 18 	lwz     r4,24(r31)
   109b0:	7c 09 03 a6 	mtctr   r0
   109b4:	4e 80 04 21 	bctrl
   109b8:	80 7f 01 78 	lwz     r3,376(r31)
   109bc:	3d 20 00 01 	lis     r9,1
   109c0:	38 80 00 01 	li      r4,1
   109c4:	c0 1f 05 b0 	lfs     f0,1456(r31)
   109c8:	c3 e9 76 3c 	lfs     f31,30268(r9)
   109cc:	7c 76 19 d6 	mullw   r3,r22,r3
   109d0:	38 63 00 02 	addi    r3,r3,2
   109d4:	ef ff 00 32 	fmuls   f31,f31,f0
   109d8:	48 00 49 59 	bl      15330 <_start+0x141e4>
   109dc:	2f 99 00 00 	cmpwi   cr7,r25,0
   109e0:	7c 77 1b 78 	mr      r23,r3
   109e4:	41 9e 01 40 	beq     cr7,10b24 <_start+0xf9d8>
   109e8:	ff c0 f8 50 	fneg    f30,f31
   109ec:	2e 1a 00 01 	cmpwi   cr4,r26,1
   109f0:	2d 9a 00 02 	cmpwi   cr3,r26,2
   109f4:	3e a0 c0 00 	lis     r21,-16384
   109f8:	3a 73 03 74 	addi    r19,r19,884
   109fc:	3a 94 03 70 	addi    r20,r20,880
   10a00:	62 b5 35 00 	ori     r21,r21,13568
   10a04:	3b c0 00 00 	li      r30,0
   10a08:	7f 99 b0 40 	cmplw   cr7,r25,r22
   10a0c:	93 21 00 18 	stw     r25,24(r1)
   10a10:	40 9d 00 08 	ble     cr7,10a18 <_start+0xf8cc>
   10a14:	92 c1 00 18 	stw     r22,24(r1)
   10a18:	81 21 00 18 	lwz     r9,24(r1)
   10a1c:	80 1f 01 78 	lwz     r0,376(r31)
   10a20:	55 38 08 3c 	slwi    r24,r9,1
   10a24:	80 77 00 14 	lwz     r3,20(r23)
   10a28:	2f 89 00 00 	cmpwi   cr7,r9,0
   10a2c:	7f 18 01 d6 	mullw   r24,r24,r0
   10a30:	55 29 88 1c 	slwi    r9,r9,17
   10a34:	61 29 00 72 	ori     r9,r9,114
   10a38:	57 00 80 1e 	slwi    r0,r24,16
   10a3c:	91 23 00 04 	stw     r9,4(r3)
   10a40:	7c 00 ab 78 	or      r0,r0,r21
   10a44:	90 03 00 00 	stw     r0,0(r3)
   10a48:	38 63 00 04 	addi    r3,r3,4
   10a4c:	81 61 00 18 	lwz     r11,24(r1)
   10a50:	7f 2b c8 50 	subf    r25,r11,r25
   10a54:	41 9e 00 ac 	beq     cr7,10b00 <_start+0xf9b4>
   10a58:	38 63 00 04 	addi    r3,r3,4
   10a5c:	48 00 00 7c 	b       10ad8 <_start+0xf98c>
   10a60:	8b dd 00 00 	lbz     r30,0(r29)
   10a64:	3b bd 00 01 	addi    r29,r29,1
   10a68:	80 1f 05 9c 	lwz     r0,1436(r31)
   10a6c:	3d 20 00 01 	lis     r9,1
   10a70:	7f 85 e3 78 	mr      r5,r28
   10a74:	fc 40 f8 90 	fmr     f2,f31
   10a78:	80 9f 05 98 	lwz     r4,1432(r31)
   10a7c:	7f 66 db 78 	mr      r6,r27
   10a80:	7c 1e 01 d6 	mullw   r0,r30,r0
   10a84:	c0 29 76 40 	lfs     f1,30272(r9)
   10a88:	7c 84 02 14 	add     r4,r4,r0
   10a8c:	80 1f 05 ac 	lwz     r0,1452(r31)
   10a90:	7c 09 03 a6 	mtctr   r0
   10a94:	4e 80 04 21 	bctrl
   10a98:	81 3f 05 9c 	lwz     r9,1436(r31)
   10a9c:	7f 85 e3 78 	mr      r5,r28
   10aa0:	7f 66 db 78 	mr      r6,r27
   10aa4:	80 9f 05 98 	lwz     r4,1432(r31)
   10aa8:	fc 40 f0 90 	fmr     f2,f30
   10aac:	7d 3e 49 d6 	mullw   r9,r30,r9
   10ab0:	80 1f 05 ac 	lwz     r0,1452(r31)
   10ab4:	7c 84 4a 14 	add     r4,r4,r9
   10ab8:	3d 20 00 01 	lis     r9,1
   10abc:	7c 09 03 a6 	mtctr   r0
   10ac0:	c0 29 76 40 	lfs     f1,30272(r9)
   10ac4:	4e 80 04 21 	bctrl
   10ac8:	80 01 00 18 	lwz     r0,24(r1)
   10acc:	35 20 ff ff 	addic.  r9,r0,-1
   10ad0:	91 21 00 18 	stw     r9,24(r1)
   10ad4:	41 82 00 2c 	beq     10b00 <_start+0xf9b4>
   10ad8:	2b 9a 00 01 	cmplwi  cr7,r26,1
   10adc:	41 92 00 18 	beq     cr4,10af4 <_start+0xf9a8>
   10ae0:	41 bc ff 80 	blt     cr7,10a60 <_start+0xf914>
   10ae4:	40 8e ff 84 	bne     cr3,10a68 <_start+0xf91c>
   10ae8:	83 dd 00 00 	lwz     r30,0(r29)
   10aec:	3b bd 00 04 	addi    r29,r29,4
   10af0:	4b ff ff 78 	b       10a68 <_start+0xf91c>
   10af4:	a3 dd 00 00 	lhz     r30,0(r29)
   10af8:	3b bd 00 02 	addi    r29,r29,2
   10afc:	4b ff ff 6c 	b       10a68 <_start+0xf91c>
   10b00:	81 33 00 00 	lwz     r9,0(r19)
   10b04:	38 b8 00 02 	addi    r5,r24,2
   10b08:	80 74 00 00 	lwz     r3,0(r20)
   10b0c:	80 09 00 28 	lwz     r0,40(r9)
   10b10:	80 97 00 14 	lwz     r4,20(r23)
   10b14:	7c 09 03 a6 	mtctr   r0
   10b18:	4e 80 04 21 	bctrl
   10b1c:	2f 99 00 00 	cmpwi   cr7,r25,0
   10b20:	40 9e fe e8 	bne     cr7,10a08 <_start+0xf8bc>
   10b24:	7e e3 bb 78 	mr      r3,r23
   10b28:	48 00 48 6d 	bl      15394 <_start+0x14248>
   10b2c:	81 3f 00 18 	lwz     r9,24(r31)
   10b30:	38 60 00 00 	li      r3,0
   10b34:	92 09 00 f4 	stw     r16,244(r9)
   10b38:	81 3f 00 18 	lwz     r9,24(r31)
   10b3c:	80 09 00 0c 	lwz     r0,12(r9)
   10b40:	64 00 00 40 	oris    r0,r0,64
   10b44:	90 09 00 0c 	stw     r0,12(r9)
   10b48:	81 3f 00 18 	lwz     r9,24(r31)
   10b4c:	92 29 00 48 	stw     r17,72(r9)
   10b50:	81 3f 00 18 	lwz     r9,24(r31)
   10b54:	80 09 00 0c 	lwz     r0,12(r9)
   10b58:	60 00 00 08 	ori     r0,r0,8
   10b5c:	90 09 00 0c 	stw     r0,12(r9)
   10b60:	81 3f 00 18 	lwz     r9,24(r31)
   10b64:	92 49 00 8c 	stw     r18,140(r9)
   10b68:	81 3f 00 18 	lwz     r9,24(r31)
   10b6c:	80 09 00 0c 	lwz     r0,12(r9)
   10b70:	60 00 02 00 	ori     r0,r0,512
   10b74:	90 09 00 0c 	stw     r0,12(r9)
   10b78:	80 01 00 84 	lwz     r0,132(r1)
   10b7c:	81 81 00 2c 	lwz     r12,44(r1)
   10b80:	7c 08 03 a6 	mtlr    r0
   10b84:	82 01 00 30 	lwz     r16,48(r1)
   10b88:	82 21 00 34 	lwz     r17,52(r1)
   10b8c:	7d 81 01 20 	mtcrf   16,r12
   10b90:	7d 80 81 20 	mtcrf   8,r12
   10b94:	82 41 00 38 	lwz     r18,56(r1)
   10b98:	82 61 00 3c 	lwz     r19,60(r1)
   10b9c:	82 81 00 40 	lwz     r20,64(r1)
   10ba0:	82 a1 00 44 	lwz     r21,68(r1)
   10ba4:	82 c1 00 48 	lwz     r22,72(r1)
   10ba8:	82 e1 00 4c 	lwz     r23,76(r1)
   10bac:	83 01 00 50 	lwz     r24,80(r1)
   10bb0:	83 21 00 54 	lwz     r25,84(r1)
   10bb4:	83 41 00 58 	lwz     r26,88(r1)
   10bb8:	83 61 00 5c 	lwz     r27,92(r1)
   10bbc:	83 81 00 60 	lwz     r28,96(r1)
   10bc0:	83 a1 00 64 	lwz     r29,100(r1)
   10bc4:	83 c1 00 68 	lwz     r30,104(r1)
   10bc8:	83 e1 00 6c 	lwz     r31,108(r1)
   10bcc:	cb c1 00 70 	lfd     f30,112(r1)
   10bd0:	cb e1 00 78 	lfd     f31,120(r1)
   10bd4:	38 21 00 80 	addi    r1,r1,128
   10bd8:	4e 80 00 20 	blr
   10bdc:	fc 00 68 28 	fsub    f0,f0,f13
   10be0:	fc 00 00 1e 	fctiwz  f0,f0
   10be4:	d8 01 00 10 	stfd    f0,16(r1)
   10be8:	81 61 00 14 	lwz     r11,20(r1)
   10bec:	3c 0b 80 00 	addis   r0,r11,-32768
   10bf0:	90 09 00 f4 	stw     r0,244(r9)
   10bf4:	4b ff fd 50 	b       10944 <_start+0xf7f8>
   10bf8:	3b e0 00 00 	li      r31,0
   10bfc:	4b ff fc ec 	b       108e8 <_start+0xf79c>
   10c00:	94 21 ff b0 	stwu    r1,-80(r1)
   10c04:	7d 80 00 26 	mfcr    r12
   10c08:	7c 08 02 a6 	mflr    r0
   10c0c:	93 c1 00 48 	stw     r30,72(r1)
   10c10:	7c 7e 1b 79 	mr.     r30,r3
   10c14:	93 21 00 34 	stw     r25,52(r1)
   10c18:	7d 19 43 78 	mr      r25,r8
   10c1c:	93 61 00 3c 	stw     r27,60(r1)
   10c20:	7c fb 3b 78 	mr      r27,r7
   10c24:	93 81 00 40 	stw     r28,64(r1)
   10c28:	7c 9c 23 78 	mr      r28,r4
   10c2c:	93 a1 00 44 	stw     r29,68(r1)
   10c30:	7c dd 33 78 	mr      r29,r6
   10c34:	93 e1 00 4c 	stw     r31,76(r1)
   10c38:	7c bf 2b 78 	mr      r31,r5
   10c3c:	90 01 00 54 	stw     r0,84(r1)
   10c40:	92 41 00 18 	stw     r18,24(r1)
   10c44:	92 61 00 1c 	stw     r19,28(r1)
   10c48:	92 81 00 20 	stw     r20,32(r1)
   10c4c:	92 a1 00 24 	stw     r21,36(r1)
   10c50:	92 c1 00 28 	stw     r22,40(r1)
   10c54:	92 e1 00 2c 	stw     r23,44(r1)
   10c58:	93 01 00 30 	stw     r24,48(r1)
   10c5c:	93 41 00 38 	stw     r26,56(r1)
   10c60:	91 81 00 14 	stw     r12,20(r1)
   10c64:	41 82 01 c0 	beq     10e24 <_start+0xfcd8>
   10c68:	83 5e 00 00 	lwz     r26,0(r30)
   10c6c:	80 7a 01 78 	lwz     r3,376(r26)
   10c70:	38 80 00 01 	li      r4,1
   10c74:	83 1a 05 a4 	lwz     r24,1444(r26)
   10c78:	7c 7b 19 d6 	mullw   r3,r27,r3
   10c7c:	38 63 00 02 	addi    r3,r3,2
   10c80:	48 00 46 b1 	bl      15330 <_start+0x141e4>
   10c84:	2f 9d 00 00 	cmpwi   cr7,r29,0
   10c88:	7c 76 1b 78 	mr      r22,r3
   10c8c:	41 9e 01 2c 	beq     cr7,10db8 <_start+0xfc6c>
   10c90:	2e 1f 00 01 	cmpwi   cr4,r31,1
   10c94:	2d 9f 00 02 	cmpwi   cr3,r31,2
   10c98:	3e 60 00 02 	lis     r19,2
   10c9c:	3e 80 00 02 	lis     r20,2
   10ca0:	3e a0 c0 00 	lis     r21,-16384
   10ca4:	63 92 00 70 	ori     r18,r28,112
   10ca8:	3a 73 03 74 	addi    r19,r19,884
   10cac:	3a 94 03 70 	addi    r20,r20,880
   10cb0:	62 b5 35 00 	ori     r21,r21,13568
   10cb4:	3b 80 00 00 	li      r28,0
   10cb8:	7f 9d d8 40 	cmplw   cr7,r29,r27
   10cbc:	93 a1 00 08 	stw     r29,8(r1)
   10cc0:	40 9d 00 08 	ble     cr7,10cc8 <_start+0xfb7c>
   10cc4:	93 61 00 08 	stw     r27,8(r1)
   10cc8:	80 01 00 08 	lwz     r0,8(r1)
   10ccc:	82 fa 01 78 	lwz     r23,376(r26)
   10cd0:	2f 80 00 00 	cmpwi   cr7,r0,0
   10cd4:	81 61 00 08 	lwz     r11,8(r1)
   10cd8:	7e e0 b9 d6 	mullw   r23,r0,r23
   10cdc:	80 76 00 14 	lwz     r3,20(r22)
   10ce0:	55 69 80 1e 	slwi    r9,r11,16
   10ce4:	7f ab e8 50 	subf    r29,r11,r29
   10ce8:	56 e0 80 1e 	slwi    r0,r23,16
   10cec:	7d 29 93 78 	or      r9,r9,r18
   10cf0:	7c 00 ab 78 	or      r0,r0,r21
   10cf4:	91 23 00 04 	stw     r9,4(r3)
   10cf8:	90 03 00 00 	stw     r0,0(r3)
   10cfc:	38 63 00 04 	addi    r3,r3,4
   10d00:	41 9e 00 94 	beq     cr7,10d94 <_start+0xfc48>
   10d04:	38 63 00 04 	addi    r3,r3,4
   10d08:	48 00 00 40 	b       10d48 <_start+0xfbfc>
   10d0c:	8b 99 00 00 	lbz     r28,0(r25)
   10d10:	3b 39 00 01 	addi    r25,r25,1
   10d14:	80 1a 05 9c 	lwz     r0,1436(r26)
   10d18:	7f c5 f3 78 	mr      r5,r30
   10d1c:	7f 06 c3 78 	mr      r6,r24
   10d20:	80 9a 05 98 	lwz     r4,1432(r26)
   10d24:	7c 1c 01 d6 	mullw   r0,r28,r0
   10d28:	7c 84 02 14 	add     r4,r4,r0
   10d2c:	80 1a 05 94 	lwz     r0,1428(r26)
   10d30:	7c 09 03 a6 	mtctr   r0
   10d34:	4e 80 04 21 	bctrl
   10d38:	80 01 00 08 	lwz     r0,8(r1)
   10d3c:	35 20 ff ff 	addic.  r9,r0,-1
   10d40:	91 21 00 08 	stw     r9,8(r1)
   10d44:	41 82 00 50 	beq     10d94 <_start+0xfc48>
   10d48:	2b 9f 00 01 	cmplwi  cr7,r31,1
   10d4c:	41 92 00 cc 	beq     cr4,10e18 <_start+0xfccc>
   10d50:	41 bc ff bc 	blt     cr7,10d0c <_start+0xfbc0>
   10d54:	40 8e ff c0 	bne     cr3,10d14 <_start+0xfbc8>
   10d58:	83 99 00 00 	lwz     r28,0(r25)
   10d5c:	7f c5 f3 78 	mr      r5,r30
   10d60:	7f 06 c3 78 	mr      r6,r24
   10d64:	80 1a 05 9c 	lwz     r0,1436(r26)
   10d68:	3b 39 00 04 	addi    r25,r25,4
   10d6c:	80 9a 05 98 	lwz     r4,1432(r26)
   10d70:	7c 1c 01 d6 	mullw   r0,r28,r0
   10d74:	7c 84 02 14 	add     r4,r4,r0
   10d78:	80 1a 05 94 	lwz     r0,1428(r26)
   10d7c:	7c 09 03 a6 	mtctr   r0
   10d80:	4e 80 04 21 	bctrl
   10d84:	80 01 00 08 	lwz     r0,8(r1)
   10d88:	35 20 ff ff 	addic.  r9,r0,-1
   10d8c:	91 21 00 08 	stw     r9,8(r1)
   10d90:	40 82 ff b8 	bne     10d48 <_start+0xfbfc>
   10d94:	81 33 00 00 	lwz     r9,0(r19)
   10d98:	38 b7 00 02 	addi    r5,r23,2
   10d9c:	80 74 00 00 	lwz     r3,0(r20)
   10da0:	80 09 00 28 	lwz     r0,40(r9)
   10da4:	80 96 00 14 	lwz     r4,20(r22)
   10da8:	7c 09 03 a6 	mtctr   r0
   10dac:	4e 80 04 21 	bctrl
   10db0:	2f 9d 00 00 	cmpwi   cr7,r29,0
   10db4:	40 9e ff 04 	bne     cr7,10cb8 <_start+0xfb6c>
   10db8:	7e c3 b3 78 	mr      r3,r22
   10dbc:	48 00 45 d9 	bl      15394 <_start+0x14248>
   10dc0:	80 01 00 54 	lwz     r0,84(r1)
   10dc4:	38 60 00 00 	li      r3,0
   10dc8:	81 81 00 14 	lwz     r12,20(r1)
   10dcc:	7c 08 03 a6 	mtlr    r0
   10dd0:	82 41 00 18 	lwz     r18,24(r1)
   10dd4:	82 61 00 1c 	lwz     r19,28(r1)
   10dd8:	7d 81 01 20 	mtcrf   16,r12
   10ddc:	7d 80 81 20 	mtcrf   8,r12
   10de0:	82 81 00 20 	lwz     r20,32(r1)
   10de4:	82 a1 00 24 	lwz     r21,36(r1)
   10de8:	82 c1 00 28 	lwz     r22,40(r1)
   10dec:	82 e1 00 2c 	lwz     r23,44(r1)
   10df0:	83 01 00 30 	lwz     r24,48(r1)
   10df4:	83 21 00 34 	lwz     r25,52(r1)
   10df8:	83 41 00 38 	lwz     r26,56(r1)
   10dfc:	83 61 00 3c 	lwz     r27,60(r1)
   10e00:	83 81 00 40 	lwz     r28,64(r1)
   10e04:	83 a1 00 44 	lwz     r29,68(r1)
   10e08:	83 c1 00 48 	lwz     r30,72(r1)
   10e0c:	83 e1 00 4c 	lwz     r31,76(r1)
   10e10:	38 21 00 50 	addi    r1,r1,80
   10e14:	4e 80 00 20 	blr
   10e18:	a3 99 00 00 	lhz     r28,0(r25)
   10e1c:	3b 39 00 02 	addi    r25,r25,2
   10e20:	4b ff fe f4 	b       10d14 <_start+0xfbc8>
   10e24:	3b 40 00 00 	li      r26,0
   10e28:	4b ff fe 44 	b       10c6c <_start+0xfb20>
   10e2c:	80 04 00 00 	lwz     r0,0(r4)
   10e30:	7c 69 1b 78 	mr      r9,r3
   10e34:	39 63 00 04 	addi    r11,r3,4
   10e38:	90 03 00 00 	stw     r0,0(r3)
   10e3c:	38 6b 00 08 	addi    r3,r11,8
   10e40:	80 04 00 04 	lwz     r0,4(r4)
   10e44:	90 09 00 04 	stw     r0,4(r9)
   10e48:	80 04 00 08 	lwz     r0,8(r4)
   10e4c:	90 0b 00 04 	stw     r0,4(r11)
   10e50:	4e 80 00 20 	blr
   10e54:	80 04 00 00 	lwz     r0,0(r4)
   10e58:	7c 69 1b 78 	mr      r9,r3
   10e5c:	39 63 00 04 	addi    r11,r3,4
   10e60:	81 45 00 00 	lwz     r10,0(r5)
   10e64:	90 03 00 00 	stw     r0,0(r3)
   10e68:	38 6b 00 08 	addi    r3,r11,8
   10e6c:	80 04 00 04 	lwz     r0,4(r4)
   10e70:	90 09 00 04 	stw     r0,4(r9)
   10e74:	80 04 00 08 	lwz     r0,8(r4)
   10e78:	90 0b 00 04 	stw     r0,4(r11)
   10e7c:	80 05 00 1c 	lwz     r0,28(r5)
   10e80:	70 09 02 00 	andi.   r9,r0,512
   10e84:	41 82 00 6c 	beq     10ef0 <_start+0xfda4>
   10e88:	80 0a 05 a8 	lwz     r0,1448(r10)
   10e8c:	2f 80 00 00 	cmpwi   cr7,r0,0
   10e90:	4d 9e 00 20 	beqlr   cr7
   10e94:	1c 00 00 0c 	mulli   r0,r0,12
   10e98:	7c 69 1b 78 	mr      r9,r3
   10e9c:	39 60 00 00 	li      r11,0
   10ea0:	7d 04 5a 14 	add     r8,r4,r11
   10ea4:	c0 0a 05 cc 	lfs     f0,1484(r10)
   10ea8:	39 6b 00 0c 	addi    r11,r11,12
   10eac:	c1 8a 05 b4 	lfs     f12,1460(r10)
   10eb0:	7f 8b 00 00 	cmpw    cr7,r11,r0
   10eb4:	39 4a 00 04 	addi    r10,r10,4
   10eb8:	c1 68 00 0c 	lfs     f11,12(r8)
   10ebc:	c1 a8 00 10 	lfs     f13,16(r8)
   10ec0:	ed 8b 03 32 	fmuls   f12,f11,f12
   10ec4:	ed ad 00 32 	fmuls   f13,f13,f0
   10ec8:	c0 08 00 14 	lfs     f0,20(r8)
   10ecc:	ed 8c 00 32 	fmuls   f12,f12,f0
   10ed0:	d0 09 00 08 	stfs    f0,8(r9)
   10ed4:	ed ad 00 32 	fmuls   f13,f13,f0
   10ed8:	d1 89 00 00 	stfs    f12,0(r9)
   10edc:	d1 a9 00 04 	stfs    f13,4(r9)
   10ee0:	39 29 00 0c 	addi    r9,r9,12
   10ee4:	40 9e ff bc 	bne     cr7,10ea0 <_start+0xfd54>
   10ee8:	7c 63 5a 14 	add     r3,r3,r11
   10eec:	4e 80 00 20 	blr
   10ef0:	80 ea 05 a8 	lwz     r7,1448(r10)
   10ef4:	2f 87 00 00 	cmpwi   cr7,r7,0
   10ef8:	4d 9e 00 20 	beqlr   cr7
   10efc:	3d 20 00 01 	lis     r9,1
   10f00:	1c e7 00 0c 	mulli   r7,r7,12
   10f04:	39 60 00 00 	li      r11,0
   10f08:	80 09 67 b0 	lwz     r0,26544(r9)
   10f0c:	7c 69 1b 78 	mr      r9,r3
   10f10:	7d 04 5a 14 	add     r8,r4,r11
   10f14:	c1 aa 05 cc 	lfs     f13,1484(r10)
   10f18:	39 6b 00 0c 	addi    r11,r11,12
   10f1c:	c1 8a 05 b4 	lfs     f12,1460(r10)
   10f20:	7f 8b 38 00 	cmpw    cr7,r11,r7
   10f24:	39 4a 00 04 	addi    r10,r10,4
   10f28:	c1 68 00 10 	lfs     f11,16(r8)
   10f2c:	c0 08 00 0c 	lfs     f0,12(r8)
   10f30:	90 09 00 08 	stw     r0,8(r9)
   10f34:	ed ab 03 72 	fmuls   f13,f11,f13
   10f38:	ec 0c 00 32 	fmuls   f0,f12,f0
   10f3c:	d1 a9 00 04 	stfs    f13,4(r9)
   10f40:	d0 09 00 00 	stfs    f0,0(r9)
   10f44:	39 29 00 0c 	addi    r9,r9,12
   10f48:	40 9e ff c8 	bne     cr7,10f10 <_start+0xfdc4>
   10f4c:	7c 63 5a 14 	add     r3,r3,r11
   10f50:	4e 80 00 20 	blr
   10f54:	80 04 00 00 	lwz     r0,0(r4)
   10f58:	39 23 00 04 	addi    r9,r3,4
   10f5c:	39 69 00 04 	addi    r11,r9,4
   10f60:	90 03 00 00 	stw     r0,0(r3)
   10f64:	70 c0 00 04 	andi.   r0,r6,4
   10f68:	80 04 00 04 	lwz     r0,4(r4)
   10f6c:	90 03 00 04 	stw     r0,4(r3)
   10f70:	38 6b 00 04 	addi    r3,r11,4
   10f74:	80 04 00 08 	lwz     r0,8(r4)
   10f78:	90 09 00 04 	stw     r0,4(r9)
   10f7c:	4d 82 00 20 	beqlr
   10f80:	80 04 00 0c 	lwz     r0,12(r4)
   10f84:	39 23 00 04 	addi    r9,r3,4
   10f88:	90 0b 00 04 	stw     r0,4(r11)
   10f8c:	80 04 00 10 	lwz     r0,16(r4)
   10f90:	90 03 00 04 	stw     r0,4(r3)
   10f94:	38 69 00 08 	addi    r3,r9,8
   10f98:	80 04 00 14 	lwz     r0,20(r4)
   10f9c:	90 09 00 04 	stw     r0,4(r9)
   10fa0:	4e 80 00 20 	blr
   10fa4:	80 04 00 00 	lwz     r0,0(r4)
   10fa8:	39 63 00 04 	addi    r11,r3,4
   10fac:	81 25 00 00 	lwz     r9,0(r5)
   10fb0:	39 4b 00 04 	addi    r10,r11,4
   10fb4:	90 03 00 00 	stw     r0,0(r3)
   10fb8:	70 c0 00 04 	andi.   r0,r6,4
   10fbc:	80 04 00 04 	lwz     r0,4(r4)
   10fc0:	90 03 00 04 	stw     r0,4(r3)
   10fc4:	38 6a 00 04 	addi    r3,r10,4
   10fc8:	80 04 00 08 	lwz     r0,8(r4)
   10fcc:	90 0b 00 04 	stw     r0,4(r11)
   10fd0:	41 82 00 24 	beq     10ff4 <_start+0xfea8>
   10fd4:	80 04 00 0c 	lwz     r0,12(r4)
   10fd8:	39 63 00 04 	addi    r11,r3,4
   10fdc:	90 0a 00 04 	stw     r0,4(r10)
   10fe0:	80 04 00 10 	lwz     r0,16(r4)
   10fe4:	90 03 00 04 	stw     r0,4(r3)
   10fe8:	38 6b 00 08 	addi    r3,r11,8
   10fec:	80 04 00 14 	lwz     r0,20(r4)
   10ff0:	90 0b 00 04 	stw     r0,4(r11)
   10ff4:	80 05 00 1c 	lwz     r0,28(r5)
   10ff8:	70 0b 02 00 	andi.   r11,r0,512
   10ffc:	41 82 00 64 	beq     11060 <_start+0xff14>
   11000:	80 09 05 a8 	lwz     r0,1448(r9)
   11004:	2f 80 00 00 	cmpwi   cr7,r0,0
   11008:	4d 9e 00 20 	beqlr   cr7
   1100c:	1c 00 00 0c 	mulli   r0,r0,12
   11010:	7c 03 02 14 	add     r0,r3,r0
   11014:	c0 09 05 cc 	lfs     f0,1484(r9)
   11018:	c1 64 00 1c 	lfs     f11,28(r4)
   1101c:	c1 a4 00 20 	lfs     f13,32(r4)
   11020:	c1 89 05 b4 	lfs     f12,1460(r9)
   11024:	39 29 00 04 	addi    r9,r9,4
   11028:	ed ad 00 32 	fmuls   f13,f13,f0
   1102c:	c0 04 00 24 	lfs     f0,36(r4)
   11030:	38 84 00 0c 	addi    r4,r4,12
   11034:	ed 8b 03 32 	fmuls   f12,f11,f12
   11038:	ed ad 00 32 	fmuls   f13,f13,f0
   1103c:	d0 03 00 08 	stfs    f0,8(r3)
   11040:	ed 8c 00 32 	fmuls   f12,f12,f0
   11044:	d1 a3 00 04 	stfs    f13,4(r3)
   11048:	d1 83 00 00 	stfs    f12,0(r3)
   1104c:	38 63 00 0c 	addi    r3,r3,12
   11050:	7f 80 18 00 	cmpw    cr7,r0,r3
   11054:	40 9e ff c0 	bne     cr7,11014 <_start+0xfec8>
   11058:	7c 03 03 78 	mr      r3,r0
   1105c:	4e 80 00 20 	blr
   11060:	81 69 05 a8 	lwz     r11,1448(r9)
   11064:	2f 8b 00 00 	cmpwi   cr7,r11,0
   11068:	4d 9e 00 20 	beqlr   cr7
   1106c:	3d 40 00 01 	lis     r10,1
   11070:	7d 69 03 a6 	mtctr   r11
   11074:	7c 6b 1b 78 	mr      r11,r3
   11078:	80 0a 67 b0 	lwz     r0,26544(r10)
   1107c:	39 40 00 00 	li      r10,0
   11080:	c0 04 00 1c 	lfs     f0,28(r4)
   11084:	39 4a 00 01 	addi    r10,r10,1
   11088:	c1 64 00 20 	lfs     f11,32(r4)
   1108c:	38 84 00 0c 	addi    r4,r4,12
   11090:	c1 a9 05 cc 	lfs     f13,1484(r9)
   11094:	c1 89 05 b4 	lfs     f12,1460(r9)
   11098:	39 29 00 04 	addi    r9,r9,4
   1109c:	90 0b 00 08 	stw     r0,8(r11)
   110a0:	ed ab 03 72 	fmuls   f13,f11,f13
   110a4:	ec 0c 00 32 	fmuls   f0,f12,f0
   110a8:	d1 ab 00 04 	stfs    f13,4(r11)
   110ac:	d0 0b 00 00 	stfs    f0,0(r11)
   110b0:	39 6b 00 0c 	addi    r11,r11,12
   110b4:	42 00 ff cc 	bdnz    11080 <_start+0xff34>
   110b8:	1d 4a 00 0c 	mulli   r10,r10,12
   110bc:	7c 63 52 14 	add     r3,r3,r10
   110c0:	4e 80 00 20 	blr
   110c4:	80 04 00 00 	lwz     r0,0(r4)
   110c8:	39 23 00 04 	addi    r9,r3,4
   110cc:	39 69 00 04 	addi    r11,r9,4
   110d0:	90 03 00 00 	stw     r0,0(r3)
   110d4:	70 c0 00 04 	andi.   r0,r6,4
   110d8:	80 04 00 04 	lwz     r0,4(r4)
   110dc:	90 03 00 04 	stw     r0,4(r3)
   110e0:	38 6b 00 04 	addi    r3,r11,4
   110e4:	80 04 00 08 	lwz     r0,8(r4)
   110e8:	90 09 00 04 	stw     r0,4(r9)
   110ec:	4d 82 00 20 	beqlr
   110f0:	80 04 00 0c 	lwz     r0,12(r4)
   110f4:	38 63 00 04 	addi    r3,r3,4
   110f8:	90 0b 00 04 	stw     r0,4(r11)
   110fc:	4e 80 00 20 	blr
   11100:	80 04 00 00 	lwz     r0,0(r4)
   11104:	39 63 00 04 	addi    r11,r3,4
   11108:	81 25 00 00 	lwz     r9,0(r5)
   1110c:	39 4b 00 04 	addi    r10,r11,4
   11110:	90 03 00 00 	stw     r0,0(r3)
   11114:	70 c0 00 04 	andi.   r0,r6,4
   11118:	80 04 00 04 	lwz     r0,4(r4)
   1111c:	90 03 00 04 	stw     r0,4(r3)
   11120:	38 6a 00 04 	addi    r3,r10,4
   11124:	80 04 00 08 	lwz     r0,8(r4)
   11128:	90 0b 00 04 	stw     r0,4(r11)
   1112c:	41 82 00 10 	beq     1113c <_start+0xfff0>
   11130:	80 04 00 0c 	lwz     r0,12(r4)
   11134:	38 63 00 04 	addi    r3,r3,4
   11138:	90 0a 00 04 	stw     r0,4(r10)
   1113c:	80 05 00 1c 	lwz     r0,28(r5)
   11140:	70 0b 02 00 	andi.   r11,r0,512
   11144:	41 82 00 64 	beq     111a8 <_start+0x1005c>
   11148:	80 09 05 a8 	lwz     r0,1448(r9)
   1114c:	2f 80 00 00 	cmpwi   cr7,r0,0
   11150:	4d 9e 00 20 	beqlr   cr7
   11154:	1c 00 00 0c 	mulli   r0,r0,12
   11158:	7c 03 02 14 	add     r0,r3,r0
   1115c:	c0 09 05 cc 	lfs     f0,1484(r9)
   11160:	c1 64 00 10 	lfs     f11,16(r4)
   11164:	c1 a4 00 14 	lfs     f13,20(r4)
   11168:	c1 89 05 b4 	lfs     f12,1460(r9)
   1116c:	39 29 00 04 	addi    r9,r9,4
   11170:	ed ad 00 32 	fmuls   f13,f13,f0
   11174:	c0 04 00 18 	lfs     f0,24(r4)
   11178:	38 84 00 0c 	addi    r4,r4,12
   1117c:	ed 8b 03 32 	fmuls   f12,f11,f12
   11180:	ed ad 00 32 	fmuls   f13,f13,f0
   11184:	d0 03 00 08 	stfs    f0,8(r3)
   11188:	ed 8c 00 32 	fmuls   f12,f12,f0
   1118c:	d1 a3 00 04 	stfs    f13,4(r3)
   11190:	d1 83 00 00 	stfs    f12,0(r3)
   11194:	38 63 00 0c 	addi    r3,r3,12
   11198:	7f 80 18 00 	cmpw    cr7,r0,r3
   1119c:	40 9e ff c0 	bne     cr7,1115c <_start+0x10010>
   111a0:	7c 03 03 78 	mr      r3,r0
   111a4:	4e 80 00 20 	blr
   111a8:	81 69 05 a8 	lwz     r11,1448(r9)
   111ac:	2f 8b 00 00 	cmpwi   cr7,r11,0
   111b0:	4d 9e 00 20 	beqlr   cr7
   111b4:	3d 40 00 01 	lis     r10,1
   111b8:	7d 69 03 a6 	mtctr   r11
   111bc:	7c 6b 1b 78 	mr      r11,r3
   111c0:	80 0a 67 b0 	lwz     r0,26544(r10)
   111c4:	39 40 00 00 	li      r10,0
   111c8:	c0 04 00 10 	lfs     f0,16(r4)
   111cc:	39 4a 00 01 	addi    r10,r10,1
   111d0:	c1 64 00 14 	lfs     f11,20(r4)
   111d4:	38 84 00 0c 	addi    r4,r4,12
   111d8:	c1 a9 05 cc 	lfs     f13,1484(r9)
   111dc:	c1 89 05 b4 	lfs     f12,1460(r9)
   111e0:	39 29 00 04 	addi    r9,r9,4
   111e4:	90 0b 00 08 	stw     r0,8(r11)
   111e8:	ed ab 03 72 	fmuls   f13,f11,f13
   111ec:	ec 0c 00 32 	fmuls   f0,f12,f0
   111f0:	d1 ab 00 04 	stfs    f13,4(r11)
   111f4:	d0 0b 00 00 	stfs    f0,0(r11)
   111f8:	39 6b 00 0c 	addi    r11,r11,12
   111fc:	42 00 ff cc 	bdnz    111c8 <_start+0x1007c>
   11200:	1d 4a 00 0c 	mulli   r10,r10,12
   11204:	7c 63 52 14 	add     r3,r3,r10
   11208:	4e 80 00 20 	blr
   1120c:	80 04 00 00 	lwz     r0,0(r4)
   11210:	39 63 00 04 	addi    r11,r3,4
   11214:	94 21 ff f0 	stwu    r1,-16(r1)
   11218:	39 4b 00 04 	addi    r10,r11,4
   1121c:	81 25 00 00 	lwz     r9,0(r5)
   11220:	90 03 00 00 	stw     r0,0(r3)
   11224:	70 c0 00 02 	andi.   r0,r6,2
   11228:	80 04 00 04 	lwz     r0,4(r4)
   1122c:	90 03 00 04 	stw     r0,4(r3)
   11230:	38 6a 00 04 	addi    r3,r10,4
   11234:	80 04 00 08 	lwz     r0,8(r4)
   11238:	90 0b 00 04 	stw     r0,4(r11)
   1123c:	40 82 00 f0 	bne     1132c <_start+0x101e0>
   11240:	70 cb 00 04 	andi.   r11,r6,4
   11244:	41 82 00 10 	beq     11254 <_start+0x10108>
   11248:	80 04 00 1c 	lwz     r0,28(r4)
   1124c:	90 03 00 00 	stw     r0,0(r3)
   11250:	38 63 00 04 	addi    r3,r3,4
   11254:	80 05 00 1c 	lwz     r0,28(r5)
   11258:	70 0b 02 00 	andi.   r11,r0,512
   1125c:	41 82 00 68 	beq     112c4 <_start+0x10178>
   11260:	80 09 05 a8 	lwz     r0,1448(r9)
   11264:	2f 80 00 00 	cmpwi   cr7,r0,0
   11268:	41 9e 00 54 	beq     cr7,112bc <_start+0x10170>
   1126c:	1c 00 00 0c 	mulli   r0,r0,12
   11270:	7c 03 02 14 	add     r0,r3,r0
   11274:	c0 09 05 cc 	lfs     f0,1484(r9)
   11278:	c1 64 00 20 	lfs     f11,32(r4)
   1127c:	c1 a4 00 24 	lfs     f13,36(r4)
   11280:	c1 89 05 b4 	lfs     f12,1460(r9)
   11284:	39 29 00 04 	addi    r9,r9,4
   11288:	ed ad 00 32 	fmuls   f13,f13,f0
   1128c:	c0 04 00 28 	lfs     f0,40(r4)
   11290:	38 84 00 0c 	addi    r4,r4,12
   11294:	ed 8b 03 32 	fmuls   f12,f11,f12
   11298:	ed ad 00 32 	fmuls   f13,f13,f0
   1129c:	d0 03 00 08 	stfs    f0,8(r3)
   112a0:	ed 8c 00 32 	fmuls   f12,f12,f0
   112a4:	d1 a3 00 04 	stfs    f13,4(r3)
   112a8:	d1 83 00 00 	stfs    f12,0(r3)
   112ac:	38 63 00 0c 	addi    r3,r3,12
   112b0:	7f 80 18 00 	cmpw    cr7,r0,r3
   112b4:	40 9e ff c0 	bne     cr7,11274 <_start+0x10128>
   112b8:	7c 03 03 78 	mr      r3,r0
   112bc:	38 21 00 10 	addi    r1,r1,16
   112c0:	4e 80 00 20 	blr
   112c4:	81 69 05 a8 	lwz     r11,1448(r9)
   112c8:	2f 8b 00 00 	cmpwi   cr7,r11,0
   112cc:	41 be ff f0 	beq     cr7,112bc <_start+0x10170>
   112d0:	3d 40 00 01 	lis     r10,1
   112d4:	7d 69 03 a6 	mtctr   r11
   112d8:	7c 6b 1b 78 	mr      r11,r3
   112dc:	80 0a 67 b0 	lwz     r0,26544(r10)
   112e0:	39 40 00 00 	li      r10,0
   112e4:	c0 04 00 20 	lfs     f0,32(r4)
   112e8:	39 4a 00 01 	addi    r10,r10,1
   112ec:	c1 64 00 24 	lfs     f11,36(r4)
   112f0:	38 84 00 0c 	addi    r4,r4,12
   112f4:	c1 a9 05 cc 	lfs     f13,1484(r9)
   112f8:	c1 89 05 b4 	lfs     f12,1460(r9)
   112fc:	39 29 00 04 	addi    r9,r9,4
   11300:	90 0b 00 08 	stw     r0,8(r11)
   11304:	ed ab 03 72 	fmuls   f13,f11,f13
   11308:	ec 0c 00 32 	fmuls   f0,f12,f0
   1130c:	d1 ab 00 04 	stfs    f13,4(r11)
   11310:	d0 0b 00 00 	stfs    f0,0(r11)
   11314:	39 6b 00 0c 	addi    r11,r11,12
   11318:	42 00 ff cc 	bdnz    112e4 <_start+0x10198>
   1131c:	1d 4a 00 0c 	mulli   r10,r10,12
   11320:	38 21 00 10 	addi    r1,r1,16
   11324:	7c 63 52 14 	add     r3,r3,r10
   11328:	4e 80 00 20 	blr
   1132c:	3d 60 00 01 	lis     r11,1
   11330:	c1 44 00 10 	lfs     f10,16(r4)
   11334:	38 63 00 04 	addi    r3,r3,4
   11338:	c1 ab 63 9c 	lfs     f13,25500(r11)
   1133c:	3d 60 00 01 	lis     r11,1
   11340:	c0 0b 63 a0 	lfs     f0,25504(r11)
   11344:	c1 84 00 14 	lfs     f12,20(r4)
   11348:	c1 64 00 0c 	lfs     f11,12(r4)
   1134c:	ed 4d 02 ba 	fmadds  f10,f13,f10,f0
   11350:	ed 8d 03 3a 	fmadds  f12,f13,f12,f0
   11354:	ed 6d 02 fa 	fmadds  f11,f13,f11,f0
   11358:	d1 41 00 08 	stfs    f10,8(r1)
   1135c:	80 e1 00 08 	lwz     r7,8(r1)
   11360:	d1 81 00 08 	stfs    f12,8(r1)
   11364:	c1 84 00 18 	lfs     f12,24(r4)
   11368:	54 e7 44 2e 	rlwinm  r7,r7,8,16,23
   1136c:	80 01 00 08 	lwz     r0,8(r1)
   11370:	ed 8d 03 3a 	fmadds  f12,f13,f12,f0
   11374:	d1 61 00 08 	stfs    f11,8(r1)
   11378:	54 00 82 1e 	rlwinm  r0,r0,16,8,15
   1137c:	7c e0 03 78 	or      r0,r7,r0
   11380:	81 01 00 08 	lwz     r8,8(r1)
   11384:	d1 81 00 08 	stfs    f12,8(r1)
   11388:	55 08 06 3e 	clrlwi  r8,r8,24
   1138c:	7c 00 43 78 	or      r0,r0,r8
   11390:	81 61 00 08 	lwz     r11,8(r1)
   11394:	55 6b c0 0e 	slwi    r11,r11,24
   11398:	7c 00 5b 78 	or      r0,r0,r11
   1139c:	90 0a 00 04 	stw     r0,4(r10)
   113a0:	4b ff fe a0 	b       11240 <_start+0x100f4>
   113a4:	80 04 00 00 	lwz     r0,0(r4)
   113a8:	39 23 00 04 	addi    r9,r3,4
   113ac:	39 69 00 04 	addi    r11,r9,4
   113b0:	90 03 00 00 	stw     r0,0(r3)
   113b4:	70 c0 00 02 	andi.   r0,r6,2
   113b8:	80 04 00 04 	lwz     r0,4(r4)
   113bc:	90 03 00 04 	stw     r0,4(r3)
   113c0:	38 6b 00 04 	addi    r3,r11,4
   113c4:	80 04 00 08 	lwz     r0,8(r4)
   113c8:	90 09 00 04 	stw     r0,4(r9)
   113cc:	4d 82 00 20 	beqlr
   113d0:	80 04 00 0c 	lwz     r0,12(r4)
   113d4:	38 63 00 04 	addi    r3,r3,4
   113d8:	54 00 c0 3e 	rotlwi  r0,r0,24
   113dc:	90 0b 00 04 	stw     r0,4(r11)
   113e0:	4e 80 00 20 	blr
   113e4:	80 04 00 00 	lwz     r0,0(r4)
   113e8:	39 63 00 04 	addi    r11,r3,4
   113ec:	81 25 00 00 	lwz     r9,0(r5)
   113f0:	39 4b 00 04 	addi    r10,r11,4
   113f4:	90 03 00 00 	stw     r0,0(r3)
   113f8:	70 c0 00 02 	andi.   r0,r6,2
   113fc:	80 04 00 04 	lwz     r0,4(r4)
   11400:	90 03 00 04 	stw     r0,4(r3)
   11404:	38 6a 00 04 	addi    r3,r10,4
   11408:	80 04 00 08 	lwz     r0,8(r4)
   1140c:	90 0b 00 04 	stw     r0,4(r11)
   11410:	41 82 00 14 	beq     11424 <_start+0x102d8>
   11414:	80 04 00 0c 	lwz     r0,12(r4)
   11418:	38 63 00 04 	addi    r3,r3,4
   1141c:	54 00 c0 3e 	rotlwi  r0,r0,24
   11420:	90 0a 00 04 	stw     r0,4(r10)
   11424:	80 05 00 1c 	lwz     r0,28(r5)
   11428:	70 0b 02 00 	andi.   r11,r0,512
   1142c:	41 82 00 64 	beq     11490 <_start+0x10344>
   11430:	80 09 05 a8 	lwz     r0,1448(r9)
   11434:	2f 80 00 00 	cmpwi   cr7,r0,0
   11438:	4d 9e 00 20 	beqlr   cr7
   1143c:	1c 00 00 0c 	mulli   r0,r0,12
   11440:	7c 03 02 14 	add     r0,r3,r0
   11444:	c0 09 05 cc 	lfs     f0,1484(r9)
   11448:	c1 64 00 10 	lfs     f11,16(r4)
   1144c:	c1 a4 00 14 	lfs     f13,20(r4)
   11450:	c1 89 05 b4 	lfs     f12,1460(r9)
   11454:	39 29 00 04 	addi    r9,r9,4
   11458:	ed ad 00 32 	fmuls   f13,f13,f0
   1145c:	c0 04 00 18 	lfs     f0,24(r4)
   11460:	38 84 00 0c 	addi    r4,r4,12
   11464:	ed 8b 03 32 	fmuls   f12,f11,f12
   11468:	ed ad 00 32 	fmuls   f13,f13,f0
   1146c:	d0 03 00 08 	stfs    f0,8(r3)
   11470:	ed 8c 00 32 	fmuls   f12,f12,f0
   11474:	d1 a3 00 04 	stfs    f13,4(r3)
   11478:	d1 83 00 00 	stfs    f12,0(r3)
   1147c:	38 63 00 0c 	addi    r3,r3,12
   11480:	7f 80 18 00 	cmpw    cr7,r0,r3
   11484:	40 9e ff c0 	bne     cr7,11444 <_start+0x102f8>
   11488:	7c 03 03 78 	mr      r3,r0
   1148c:	4e 80 00 20 	blr
   11490:	81 69 05 a8 	lwz     r11,1448(r9)
   11494:	2f 8b 00 00 	cmpwi   cr7,r11,0
   11498:	4d 9e 00 20 	beqlr   cr7
   1149c:	3d 40 00 01 	lis     r10,1
   114a0:	7d 69 03 a6 	mtctr   r11
   114a4:	7c 6b 1b 78 	mr      r11,r3
   114a8:	80 0a 67 b0 	lwz     r0,26544(r10)
   114ac:	39 40 00 00 	li      r10,0
   114b0:	c0 04 00 10 	lfs     f0,16(r4)
   114b4:	39 4a 00 01 	addi    r10,r10,1
   114b8:	c1 64 00 14 	lfs     f11,20(r4)
   114bc:	38 84 00 0c 	addi    r4,r4,12
   114c0:	c1 a9 05 cc 	lfs     f13,1484(r9)
   114c4:	c1 89 05 b4 	lfs     f12,1460(r9)
   114c8:	39 29 00 04 	addi    r9,r9,4
   114cc:	90 0b 00 08 	stw     r0,8(r11)
   114d0:	ed ab 03 72 	fmuls   f13,f11,f13
   114d4:	ec 0c 00 32 	fmuls   f0,f12,f0
   114d8:	d1 ab 00 04 	stfs    f13,4(r11)
   114dc:	d0 0b 00 00 	stfs    f0,0(r11)
   114e0:	39 6b 00 0c 	addi    r11,r11,12
   114e4:	42 00 ff cc 	bdnz    114b0 <_start+0x10364>
   114e8:	1d 4a 00 0c 	mulli   r10,r10,12
   114ec:	7c 63 52 14 	add     r3,r3,r10
   114f0:	4e 80 00 20 	blr
   114f4:	80 04 00 00 	lwz     r0,0(r4)
   114f8:	39 23 00 04 	addi    r9,r3,4
   114fc:	39 69 00 04 	addi    r11,r9,4
   11500:	90 03 00 00 	stw     r0,0(r3)
   11504:	70 c0 00 02 	andi.   r0,r6,2
   11508:	80 04 00 04 	lwz     r0,4(r4)
   1150c:	90 03 00 04 	stw     r0,4(r3)
   11510:	38 6b 00 04 	addi    r3,r11,4
   11514:	80 04 00 08 	lwz     r0,8(r4)
   11518:	90 09 00 04 	stw     r0,4(r9)
   1151c:	41 82 00 14 	beq     11530 <_start+0x103e4>
   11520:	80 04 00 0c 	lwz     r0,12(r4)
   11524:	38 63 00 04 	addi    r3,r3,4
   11528:	54 00 c0 3e 	rotlwi  r0,r0,24
   1152c:	90 0b 00 04 	stw     r0,4(r11)
   11530:	70 c0 00 04 	andi.   r0,r6,4
   11534:	4d 82 00 20 	beqlr
   11538:	80 04 00 10 	lwz     r0,16(r4)
   1153c:	39 23 00 04 	addi    r9,r3,4
   11540:	90 03 00 00 	stw     r0,0(r3)
   11544:	80 04 00 14 	lwz     r0,20(r4)
   11548:	90 03 00 04 	stw     r0,4(r3)
   1154c:	38 69 00 08 	addi    r3,r9,8
   11550:	80 04 00 18 	lwz     r0,24(r4)
   11554:	90 09 00 04 	stw     r0,4(r9)
   11558:	4e 80 00 20 	blr
   1155c:	80 04 00 00 	lwz     r0,0(r4)
   11560:	39 63 00 04 	addi    r11,r3,4
   11564:	81 25 00 00 	lwz     r9,0(r5)
   11568:	39 4b 00 04 	addi    r10,r11,4
   1156c:	90 03 00 00 	stw     r0,0(r3)
   11570:	70 c0 00 02 	andi.   r0,r6,2
   11574:	80 04 00 04 	lwz     r0,4(r4)
   11578:	90 03 00 04 	stw     r0,4(r3)
   1157c:	38 6a 00 04 	addi    r3,r10,4
   11580:	80 04 00 08 	lwz     r0,8(r4)
   11584:	90 0b 00 04 	stw     r0,4(r11)
   11588:	41 82 00 14 	beq     1159c <_start+0x10450>
   1158c:	80 04 00 0c 	lwz     r0,12(r4)
   11590:	38 63 00 04 	addi    r3,r3,4
   11594:	54 00 c0 3e 	rotlwi  r0,r0,24
   11598:	90 0a 00 04 	stw     r0,4(r10)
   1159c:	70 cb 00 04 	andi.   r11,r6,4
   115a0:	41 82 00 24 	beq     115c4 <_start+0x10478>
   115a4:	80 04 00 10 	lwz     r0,16(r4)
   115a8:	39 63 00 04 	addi    r11,r3,4
   115ac:	90 03 00 00 	stw     r0,0(r3)
   115b0:	80 04 00 14 	lwz     r0,20(r4)
   115b4:	90 03 00 04 	stw     r0,4(r3)
   115b8:	38 6b 00 08 	addi    r3,r11,8
   115bc:	80 04 00 18 	lwz     r0,24(r4)
   115c0:	90 0b 00 04 	stw     r0,4(r11)
   115c4:	80 05 00 1c 	lwz     r0,28(r5)
   115c8:	70 0b 02 00 	andi.   r11,r0,512
   115cc:	41 82 00 64 	beq     11630 <_start+0x104e4>
   115d0:	80 09 05 a8 	lwz     r0,1448(r9)
   115d4:	2f 80 00 00 	cmpwi   cr7,r0,0
   115d8:	4d 9e 00 20 	beqlr   cr7
   115dc:	1c 00 00 0c 	mulli   r0,r0,12
   115e0:	7c 03 02 14 	add     r0,r3,r0
   115e4:	c0 09 05 cc 	lfs     f0,1484(r9)
   115e8:	c1 64 00 20 	lfs     f11,32(r4)
   115ec:	c1 a4 00 24 	lfs     f13,36(r4)
   115f0:	c1 89 05 b4 	lfs     f12,1460(r9)
   115f4:	39 29 00 04 	addi    r9,r9,4
   115f8:	ed ad 00 32 	fmuls   f13,f13,f0
   115fc:	c0 04 00 28 	lfs     f0,40(r4)
   11600:	38 84 00 0c 	addi    r4,r4,12
   11604:	ed 8b 03 32 	fmuls   f12,f11,f12
   11608:	ed ad 00 32 	fmuls   f13,f13,f0
   1160c:	d0 03 00 08 	stfs    f0,8(r3)
   11610:	ed 8c 00 32 	fmuls   f12,f12,f0
   11614:	d1 a3 00 04 	stfs    f13,4(r3)
   11618:	d1 83 00 00 	stfs    f12,0(r3)
   1161c:	38 63 00 0c 	addi    r3,r3,12
   11620:	7f 80 18 00 	cmpw    cr7,r0,r3
   11624:	40 9e ff c0 	bne     cr7,115e4 <_start+0x10498>
   11628:	7c 03 03 78 	mr      r3,r0
   1162c:	4e 80 00 20 	blr
   11630:	81 69 05 a8 	lwz     r11,1448(r9)
   11634:	2f 8b 00 00 	cmpwi   cr7,r11,0
   11638:	4d 9e 00 20 	beqlr   cr7
   1163c:	3d 40 00 01 	lis     r10,1
   11640:	7d 69 03 a6 	mtctr   r11
   11644:	7c 6b 1b 78 	mr      r11,r3
   11648:	80 0a 67 b0 	lwz     r0,26544(r10)
   1164c:	39 40 00 00 	li      r10,0
   11650:	c0 04 00 20 	lfs     f0,32(r4)
   11654:	39 4a 00 01 	addi    r10,r10,1
   11658:	c1 64 00 24 	lfs     f11,36(r4)
   1165c:	38 84 00 0c 	addi    r4,r4,12
   11660:	c1 a9 05 cc 	lfs     f13,1484(r9)
   11664:	c1 89 05 b4 	lfs     f12,1460(r9)
   11668:	39 29 00 04 	addi    r9,r9,4
   1166c:	90 0b 00 08 	stw     r0,8(r11)
   11670:	ed ab 03 72 	fmuls   f13,f11,f13
   11674:	ec 0c 00 32 	fmuls   f0,f12,f0
   11678:	d1 ab 00 04 	stfs    f13,4(r11)
   1167c:	d0 0b 00 00 	stfs    f0,0(r11)
   11680:	39 6b 00 0c 	addi    r11,r11,12
   11684:	42 00 ff cc 	bdnz    11650 <_start+0x10504>
   11688:	1d 4a 00 0c 	mulli   r10,r10,12
   1168c:	7c 63 52 14 	add     r3,r3,r10
   11690:	4e 80 00 20 	blr
   11694:	80 04 00 00 	lwz     r0,0(r4)
   11698:	39 23 00 04 	addi    r9,r3,4
   1169c:	39 69 00 04 	addi    r11,r9,4
   116a0:	90 03 00 00 	stw     r0,0(r3)
   116a4:	70 c0 00 02 	andi.   r0,r6,2
   116a8:	80 04 00 04 	lwz     r0,4(r4)
   116ac:	90 03 00 04 	stw     r0,4(r3)
   116b0:	38 6b 00 04 	addi    r3,r11,4
   116b4:	80 04 00 08 	lwz     r0,8(r4)
   116b8:	90 09 00 04 	stw     r0,4(r9)
   116bc:	41 82 00 14 	beq     116d0 <_start+0x10584>
   116c0:	80 04 00 0c 	lwz     r0,12(r4)
   116c4:	38 63 00 04 	addi    r3,r3,4
   116c8:	54 00 c0 3e 	rotlwi  r0,r0,24
   116cc:	90 0b 00 04 	stw     r0,4(r11)
   116d0:	70 c0 00 04 	andi.   r0,r6,4
   116d4:	4d 82 00 20 	beqlr
   116d8:	80 04 00 10 	lwz     r0,16(r4)
   116dc:	90 03 00 00 	stw     r0,0(r3)
   116e0:	38 63 00 04 	addi    r3,r3,4
   116e4:	4e 80 00 20 	blr
   116e8:	80 04 00 00 	lwz     r0,0(r4)
   116ec:	39 63 00 04 	addi    r11,r3,4
   116f0:	81 25 00 00 	lwz     r9,0(r5)
   116f4:	39 4b 00 04 	addi    r10,r11,4
   116f8:	90 03 00 00 	stw     r0,0(r3)
   116fc:	70 c0 00 02 	andi.   r0,r6,2
   11700:	80 04 00 04 	lwz     r0,4(r4)
   11704:	90 03 00 04 	stw     r0,4(r3)
   11708:	38 6a 00 04 	addi    r3,r10,4
   1170c:	80 04 00 08 	lwz     r0,8(r4)
   11710:	90 0b 00 04 	stw     r0,4(r11)
   11714:	41 82 00 14 	beq     11728 <_start+0x105dc>
   11718:	80 04 00 0c 	lwz     r0,12(r4)
   1171c:	38 63 00 04 	addi    r3,r3,4
   11720:	54 00 c0 3e 	rotlwi  r0,r0,24
   11724:	90 0a 00 04 	stw     r0,4(r10)
   11728:	70 cb 00 04 	andi.   r11,r6,4
   1172c:	41 82 00 10 	beq     1173c <_start+0x105f0>
   11730:	80 04 00 10 	lwz     r0,16(r4)
   11734:	90 03 00 00 	stw     r0,0(r3)
   11738:	38 63 00 04 	addi    r3,r3,4
   1173c:	80 05 00 1c 	lwz     r0,28(r5)
   11740:	70 0b 02 00 	andi.   r11,r0,512
   11744:	41 82 00 64 	beq     117a8 <_start+0x1065c>
   11748:	80 09 05 a8 	lwz     r0,1448(r9)
   1174c:	2f 80 00 00 	cmpwi   cr7,r0,0
   11750:	4d 9e 00 20 	beqlr   cr7
   11754:	1c 00 00 0c 	mulli   r0,r0,12
   11758:	7c 03 02 14 	add     r0,r3,r0
   1175c:	c0 09 05 cc 	lfs     f0,1484(r9)
   11760:	c1 64 00 14 	lfs     f11,20(r4)
   11764:	c1 a4 00 18 	lfs     f13,24(r4)
   11768:	c1 89 05 b4 	lfs     f12,1460(r9)
   1176c:	39 29 00 04 	addi    r9,r9,4
   11770:	ed ad 00 32 	fmuls   f13,f13,f0
   11774:	c0 04 00 1c 	lfs     f0,28(r4)
   11778:	38 84 00 0c 	addi    r4,r4,12
   1177c:	ed 8b 03 32 	fmuls   f12,f11,f12
   11780:	ed ad 00 32 	fmuls   f13,f13,f0
   11784:	d0 03 00 08 	stfs    f0,8(r3)
   11788:	ed 8c 00 32 	fmuls   f12,f12,f0
   1178c:	d1 a3 00 04 	stfs    f13,4(r3)
   11790:	d1 83 00 00 	stfs    f12,0(r3)
   11794:	38 63 00 0c 	addi    r3,r3,12
   11798:	7f 80 18 00 	cmpw    cr7,r0,r3
   1179c:	40 9e ff c0 	bne     cr7,1175c <_start+0x10610>
   117a0:	7c 03 03 78 	mr      r3,r0
   117a4:	4e 80 00 20 	blr
   117a8:	81 69 05 a8 	lwz     r11,1448(r9)
   117ac:	2f 8b 00 00 	cmpwi   cr7,r11,0
   117b0:	4d 9e 00 20 	beqlr   cr7
   117b4:	3d 40 00 01 	lis     r10,1
   117b8:	7d 69 03 a6 	mtctr   r11
   117bc:	7c 6b 1b 78 	mr      r11,r3
   117c0:	80 0a 67 b0 	lwz     r0,26544(r10)
   117c4:	39 40 00 00 	li      r10,0
   117c8:	c0 04 00 14 	lfs     f0,20(r4)
   117cc:	39 4a 00 01 	addi    r10,r10,1
   117d0:	c1 64 00 18 	lfs     f11,24(r4)
   117d4:	38 84 00 0c 	addi    r4,r4,12
   117d8:	c1 a9 05 cc 	lfs     f13,1484(r9)
   117dc:	c1 89 05 b4 	lfs     f12,1460(r9)
   117e0:	39 29 00 04 	addi    r9,r9,4
   117e4:	90 0b 00 08 	stw     r0,8(r11)
   117e8:	ed ab 03 72 	fmuls   f13,f11,f13
   117ec:	ec 0c 00 32 	fmuls   f0,f12,f0
   117f0:	d1 ab 00 04 	stfs    f13,4(r11)
   117f4:	d0 0b 00 00 	stfs    f0,0(r11)
   117f8:	39 6b 00 0c 	addi    r11,r11,12
   117fc:	42 00 ff cc 	bdnz    117c8 <_start+0x1067c>
   11800:	1d 4a 00 0c 	mulli   r10,r10,12
   11804:	7c 63 52 14 	add     r3,r3,r10
   11808:	4e 80 00 20 	blr
   1180c:	80 04 00 00 	lwz     r0,0(r4)
   11810:	39 23 00 04 	addi    r9,r3,4
   11814:	39 69 00 04 	addi    r11,r9,4
   11818:	90 03 00 00 	stw     r0,0(r3)
   1181c:	70 c0 00 01 	andi.   r0,r6,1
   11820:	80 04 00 04 	lwz     r0,4(r4)
   11824:	90 03 00 04 	stw     r0,4(r3)
   11828:	38 6b 00 04 	addi    r3,r11,4
   1182c:	80 04 00 08 	lwz     r0,8(r4)
   11830:	90 09 00 04 	stw     r0,4(r9)
   11834:	4d 82 00 20 	beqlr
   11838:	80 04 00 0c 	lwz     r0,12(r4)
   1183c:	38 63 00 04 	addi    r3,r3,4
   11840:	90 0b 00 04 	stw     r0,4(r11)
   11844:	4e 80 00 20 	blr
   11848:	80 04 00 00 	lwz     r0,0(r4)
   1184c:	39 63 00 04 	addi    r11,r3,4
   11850:	81 25 00 00 	lwz     r9,0(r5)
   11854:	39 4b 00 04 	addi    r10,r11,4
   11858:	90 03 00 00 	stw     r0,0(r3)
   1185c:	70 c0 00 01 	andi.   r0,r6,1
   11860:	80 04 00 04 	lwz     r0,4(r4)
   11864:	90 03 00 04 	stw     r0,4(r3)
   11868:	38 6a 00 04 	addi    r3,r10,4
   1186c:	80 04 00 08 	lwz     r0,8(r4)
   11870:	90 0b 00 04 	stw     r0,4(r11)
   11874:	41 82 00 10 	beq     11884 <_start+0x10738>
   11878:	80 04 00 0c 	lwz     r0,12(r4)
   1187c:	38 63 00 04 	addi    r3,r3,4
   11880:	90 0a 00 04 	stw     r0,4(r10)
   11884:	80 05 00 1c 	lwz     r0,28(r5)
   11888:	70 0b 02 00 	andi.   r11,r0,512
   1188c:	41 82 00 64 	beq     118f0 <_start+0x107a4>
   11890:	80 09 05 a8 	lwz     r0,1448(r9)
   11894:	2f 80 00 00 	cmpwi   cr7,r0,0
   11898:	4d 9e 00 20 	beqlr   cr7
   1189c:	1c 00 00 0c 	mulli   r0,r0,12
   118a0:	7c 03 02 14 	add     r0,r3,r0
   118a4:	c0 09 05 cc 	lfs     f0,1484(r9)
   118a8:	c1 64 00 10 	lfs     f11,16(r4)
   118ac:	c1 a4 00 14 	lfs     f13,20(r4)
   118b0:	c1 89 05 b4 	lfs     f12,1460(r9)
   118b4:	39 29 00 04 	addi    r9,r9,4
   118b8:	ed ad 00 32 	fmuls   f13,f13,f0
   118bc:	c0 04 00 18 	lfs     f0,24(r4)
   118c0:	38 84 00 0c 	addi    r4,r4,12
   118c4:	ed 8b 03 32 	fmuls   f12,f11,f12
   118c8:	ed ad 00 32 	fmuls   f13,f13,f0
   118cc:	d0 03 00 08 	stfs    f0,8(r3)
   118d0:	ed 8c 00 32 	fmuls   f12,f12,f0
   118d4:	d1 a3 00 04 	stfs    f13,4(r3)
   118d8:	d1 83 00 00 	stfs    f12,0(r3)
   118dc:	38 63 00 0c 	addi    r3,r3,12
   118e0:	7f 80 18 00 	cmpw    cr7,r0,r3
   118e4:	40 9e ff c0 	bne     cr7,118a4 <_start+0x10758>
   118e8:	7c 03 03 78 	mr      r3,r0
   118ec:	4e 80 00 20 	blr
   118f0:	81 69 05 a8 	lwz     r11,1448(r9)
   118f4:	2f 8b 00 00 	cmpwi   cr7,r11,0
   118f8:	4d 9e 00 20 	beqlr   cr7
   118fc:	3d 40 00 01 	lis     r10,1
   11900:	7d 69 03 a6 	mtctr   r11
   11904:	7c 6b 1b 78 	mr      r11,r3
   11908:	80 0a 67 b0 	lwz     r0,26544(r10)
   1190c:	39 40 00 00 	li      r10,0
   11910:	c0 04 00 10 	lfs     f0,16(r4)
   11914:	39 4a 00 01 	addi    r10,r10,1
   11918:	c1 64 00 14 	lfs     f11,20(r4)
   1191c:	38 84 00 0c 	addi    r4,r4,12
   11920:	c1 a9 05 cc 	lfs     f13,1484(r9)
   11924:	c1 89 05 b4 	lfs     f12,1460(r9)
   11928:	39 29 00 04 	addi    r9,r9,4
   1192c:	90 0b 00 08 	stw     r0,8(r11)
   11930:	ed ab 03 72 	fmuls   f13,f11,f13
   11934:	ec 0c 00 32 	fmuls   f0,f12,f0
   11938:	d1 ab 00 04 	stfs    f13,4(r11)
   1193c:	d0 0b 00 00 	stfs    f0,0(r11)
   11940:	39 6b 00 0c 	addi    r11,r11,12
   11944:	42 00 ff cc 	bdnz    11910 <_start+0x107c4>
   11948:	1d 4a 00 0c 	mulli   r10,r10,12
   1194c:	7c 63 52 14 	add     r3,r3,r10
   11950:	4e 80 00 20 	blr
   11954:	80 04 00 00 	lwz     r0,0(r4)
   11958:	39 23 00 04 	addi    r9,r3,4
   1195c:	39 69 00 04 	addi    r11,r9,4
   11960:	90 03 00 00 	stw     r0,0(r3)
   11964:	70 c0 00 01 	andi.   r0,r6,1
   11968:	80 04 00 04 	lwz     r0,4(r4)
   1196c:	90 03 00 04 	stw     r0,4(r3)
   11970:	38 6b 00 04 	addi    r3,r11,4
   11974:	80 04 00 08 	lwz     r0,8(r4)
   11978:	90 09 00 04 	stw     r0,4(r9)
   1197c:	41 82 00 10 	beq     1198c <_start+0x10840>
   11980:	80 04 00 0c 	lwz     r0,12(r4)
   11984:	38 63 00 04 	addi    r3,r3,4
   11988:	90 0b 00 04 	stw     r0,4(r11)
   1198c:	70 c0 00 04 	andi.   r0,r6,4
   11990:	4d 82 00 20 	beqlr
   11994:	80 04 00 10 	lwz     r0,16(r4)
   11998:	39 23 00 04 	addi    r9,r3,4
   1199c:	90 03 00 00 	stw     r0,0(r3)
   119a0:	80 04 00 14 	lwz     r0,20(r4)
   119a4:	90 03 00 04 	stw     r0,4(r3)
   119a8:	38 69 00 08 	addi    r3,r9,8
   119ac:	80 04 00 18 	lwz     r0,24(r4)
   119b0:	90 09 00 04 	stw     r0,4(r9)
   119b4:	4e 80 00 20 	blr
   119b8:	80 04 00 00 	lwz     r0,0(r4)
   119bc:	39 63 00 04 	addi    r11,r3,4
   119c0:	81 25 00 00 	lwz     r9,0(r5)
   119c4:	39 4b 00 04 	addi    r10,r11,4
   119c8:	90 03 00 00 	stw     r0,0(r3)
   119cc:	70 c0 00 01 	andi.   r0,r6,1
   119d0:	80 04 00 04 	lwz     r0,4(r4)
   119d4:	90 03 00 04 	stw     r0,4(r3)
   119d8:	38 6a 00 04 	addi    r3,r10,4
   119dc:	80 04 00 08 	lwz     r0,8(r4)
   119e0:	90 0b 00 04 	stw     r0,4(r11)
   119e4:	41 82 00 10 	beq     119f4 <_start+0x108a8>
   119e8:	80 04 00 0c 	lwz     r0,12(r4)
   119ec:	38 63 00 04 	addi    r3,r3,4
   119f0:	90 0a 00 04 	stw     r0,4(r10)
   119f4:	70 cb 00 04 	andi.   r11,r6,4
   119f8:	41 82 00 24 	beq     11a1c <_start+0x108d0>
   119fc:	80 04 00 10 	lwz     r0,16(r4)
   11a00:	39 63 00 04 	addi    r11,r3,4
   11a04:	90 03 00 00 	stw     r0,0(r3)
   11a08:	80 04 00 14 	lwz     r0,20(r4)
   11a0c:	90 03 00 04 	stw     r0,4(r3)
   11a10:	38 6b 00 08 	addi    r3,r11,8
   11a14:	80 04 00 18 	lwz     r0,24(r4)
   11a18:	90 0b 00 04 	stw     r0,4(r11)
   11a1c:	80 05 00 1c 	lwz     r0,28(r5)
   11a20:	70 0b 02 00 	andi.   r11,r0,512
   11a24:	41 82 00 64 	beq     11a88 <_start+0x1093c>
   11a28:	80 09 05 a8 	lwz     r0,1448(r9)
   11a2c:	2f 80 00 00 	cmpwi   cr7,r0,0
   11a30:	4d 9e 00 20 	beqlr   cr7
   11a34:	1c 00 00 0c 	mulli   r0,r0,12
   11a38:	7c 03 02 14 	add     r0,r3,r0
   11a3c:	c0 09 05 cc 	lfs     f0,1484(r9)
   11a40:	c1 64 00 20 	lfs     f11,32(r4)
   11a44:	c1 a4 00 24 	lfs     f13,36(r4)
   11a48:	c1 89 05 b4 	lfs     f12,1460(r9)
   11a4c:	39 29 00 04 	addi    r9,r9,4
   11a50:	ed ad 00 32 	fmuls   f13,f13,f0
   11a54:	c0 04 00 28 	lfs     f0,40(r4)
   11a58:	38 84 00 0c 	addi    r4,r4,12
   11a5c:	ed 8b 03 32 	fmuls   f12,f11,f12
   11a60:	ed ad 00 32 	fmuls   f13,f13,f0
   11a64:	d0 03 00 08 	stfs    f0,8(r3)
   11a68:	ed 8c 00 32 	fmuls   f12,f12,f0
   11a6c:	d1 a3 00 04 	stfs    f13,4(r3)
   11a70:	d1 83 00 00 	stfs    f12,0(r3)
   11a74:	38 63 00 0c 	addi    r3,r3,12
   11a78:	7f 80 18 00 	cmpw    cr7,r0,r3
   11a7c:	40 9e ff c0 	bne     cr7,11a3c <_start+0x108f0>
   11a80:	7c 03 03 78 	mr      r3,r0
   11a84:	4e 80 00 20 	blr
   11a88:	81 69 05 a8 	lwz     r11,1448(r9)
   11a8c:	2f 8b 00 00 	cmpwi   cr7,r11,0
   11a90:	4d 9e 00 20 	beqlr   cr7
   11a94:	3d 40 00 01 	lis     r10,1
   11a98:	7d 69 03 a6 	mtctr   r11
   11a9c:	7c 6b 1b 78 	mr      r11,r3
   11aa0:	80 0a 67 b0 	lwz     r0,26544(r10)
   11aa4:	39 40 00 00 	li      r10,0
   11aa8:	c0 04 00 20 	lfs     f0,32(r4)
   11aac:	39 4a 00 01 	addi    r10,r10,1
   11ab0:	c1 64 00 24 	lfs     f11,36(r4)
   11ab4:	38 84 00 0c 	addi    r4,r4,12
   11ab8:	c1 a9 05 cc 	lfs     f13,1484(r9)
   11abc:	c1 89 05 b4 	lfs     f12,1460(r9)
   11ac0:	39 29 00 04 	addi    r9,r9,4
   11ac4:	90 0b 00 08 	stw     r0,8(r11)
   11ac8:	ed ab 03 72 	fmuls   f13,f11,f13
   11acc:	ec 0c 00 32 	fmuls   f0,f12,f0
   11ad0:	d1 ab 00 04 	stfs    f13,4(r11)
   11ad4:	d0 0b 00 00 	stfs    f0,0(r11)
   11ad8:	39 6b 00 0c 	addi    r11,r11,12
   11adc:	42 00 ff cc 	bdnz    11aa8 <_start+0x1095c>
   11ae0:	1d 4a 00 0c 	mulli   r10,r10,12
   11ae4:	7c 63 52 14 	add     r3,r3,r10
   11ae8:	4e 80 00 20 	blr
   11aec:	80 04 00 00 	lwz     r0,0(r4)
   11af0:	39 23 00 04 	addi    r9,r3,4
   11af4:	39 69 00 04 	addi    r11,r9,4
   11af8:	90 03 00 00 	stw     r0,0(r3)
   11afc:	70 c0 00 01 	andi.   r0,r6,1
   11b00:	80 04 00 04 	lwz     r0,4(r4)
   11b04:	90 03 00 04 	stw     r0,4(r3)
   11b08:	38 6b 00 04 	addi    r3,r11,4
   11b0c:	80 04 00 08 	lwz     r0,8(r4)
   11b10:	90 09 00 04 	stw     r0,4(r9)
   11b14:	41 82 00 10 	beq     11b24 <_start+0x109d8>
   11b18:	80 04 00 0c 	lwz     r0,12(r4)
   11b1c:	38 63 00 04 	addi    r3,r3,4
   11b20:	90 0b 00 04 	stw     r0,4(r11)
   11b24:	70 c0 00 04 	andi.   r0,r6,4
   11b28:	4d 82 00 20 	beqlr
   11b2c:	80 04 00 10 	lwz     r0,16(r4)
   11b30:	90 03 00 00 	stw     r0,0(r3)
   11b34:	38 63 00 04 	addi    r3,r3,4
   11b38:	4e 80 00 20 	blr
   11b3c:	80 04 00 00 	lwz     r0,0(r4)
   11b40:	39 63 00 04 	addi    r11,r3,4
   11b44:	81 25 00 00 	lwz     r9,0(r5)
   11b48:	39 4b 00 04 	addi    r10,r11,4
   11b4c:	90 03 00 00 	stw     r0,0(r3)
   11b50:	70 c0 00 01 	andi.   r0,r6,1
   11b54:	80 04 00 04 	lwz     r0,4(r4)
   11b58:	90 03 00 04 	stw     r0,4(r3)
   11b5c:	38 6a 00 04 	addi    r3,r10,4
   11b60:	80 04 00 08 	lwz     r0,8(r4)
   11b64:	90 0b 00 04 	stw     r0,4(r11)
   11b68:	41 82 00 10 	beq     11b78 <_start+0x10a2c>
   11b6c:	80 04 00 0c 	lwz     r0,12(r4)
   11b70:	38 63 00 04 	addi    r3,r3,4
   11b74:	90 0a 00 04 	stw     r0,4(r10)
   11b78:	70 cb 00 04 	andi.   r11,r6,4
   11b7c:	41 82 00 10 	beq     11b8c <_start+0x10a40>
   11b80:	80 04 00 10 	lwz     r0,16(r4)
   11b84:	90 03 00 00 	stw     r0,0(r3)
   11b88:	38 63 00 04 	addi    r3,r3,4
   11b8c:	80 05 00 1c 	lwz     r0,28(r5)
   11b90:	70 0b 02 00 	andi.   r11,r0,512
   11b94:	41 82 00 64 	beq     11bf8 <_start+0x10aac>
   11b98:	80 09 05 a8 	lwz     r0,1448(r9)
   11b9c:	2f 80 00 00 	cmpwi   cr7,r0,0
   11ba0:	4d 9e 00 20 	beqlr   cr7
   11ba4:	1c 00 00 0c 	mulli   r0,r0,12
   11ba8:	7c 03 02 14 	add     r0,r3,r0
   11bac:	c0 09 05 cc 	lfs     f0,1484(r9)
   11bb0:	c1 64 00 14 	lfs     f11,20(r4)
   11bb4:	c1 a4 00 18 	lfs     f13,24(r4)
   11bb8:	c1 89 05 b4 	lfs     f12,1460(r9)
   11bbc:	39 29 00 04 	addi    r9,r9,4
   11bc0:	ed ad 00 32 	fmuls   f13,f13,f0
   11bc4:	c0 04 00 1c 	lfs     f0,28(r4)
   11bc8:	38 84 00 0c 	addi    r4,r4,12
   11bcc:	ed 8b 03 32 	fmuls   f12,f11,f12
   11bd0:	ed ad 00 32 	fmuls   f13,f13,f0
   11bd4:	d0 03 00 08 	stfs    f0,8(r3)
   11bd8:	ed 8c 00 32 	fmuls   f12,f12,f0
   11bdc:	d1 a3 00 04 	stfs    f13,4(r3)
   11be0:	d1 83 00 00 	stfs    f12,0(r3)
   11be4:	38 63 00 0c 	addi    r3,r3,12
   11be8:	7f 80 18 00 	cmpw    cr7,r0,r3
   11bec:	40 9e ff c0 	bne     cr7,11bac <_start+0x10a60>
   11bf0:	7c 03 03 78 	mr      r3,r0
   11bf4:	4e 80 00 20 	blr
   11bf8:	81 69 05 a8 	lwz     r11,1448(r9)
   11bfc:	2f 8b 00 00 	cmpwi   cr7,r11,0
   11c00:	4d 9e 00 20 	beqlr   cr7
   11c04:	3d 40 00 01 	lis     r10,1
   11c08:	7d 69 03 a6 	mtctr   r11
   11c0c:	7c 6b 1b 78 	mr      r11,r3
   11c10:	80 0a 67 b0 	lwz     r0,26544(r10)
   11c14:	39 40 00 00 	li      r10,0
   11c18:	c0 04 00 14 	lfs     f0,20(r4)
   11c1c:	39 4a 00 01 	addi    r10,r10,1
   11c20:	c1 64 00 18 	lfs     f11,24(r4)
   11c24:	38 84 00 0c 	addi    r4,r4,12
   11c28:	c1 a9 05 cc 	lfs     f13,1484(r9)
   11c2c:	c1 89 05 b4 	lfs     f12,1460(r9)
   11c30:	39 29 00 04 	addi    r9,r9,4
   11c34:	90 0b 00 08 	stw     r0,8(r11)
   11c38:	ed ab 03 72 	fmuls   f13,f11,f13
   11c3c:	ec 0c 00 32 	fmuls   f0,f12,f0
   11c40:	d1 ab 00 04 	stfs    f13,4(r11)
   11c44:	d0 0b 00 00 	stfs    f0,0(r11)
   11c48:	39 6b 00 0c 	addi    r11,r11,12
   11c4c:	42 00 ff cc 	bdnz    11c18 <_start+0x10acc>
   11c50:	1d 4a 00 0c 	mulli   r10,r10,12
   11c54:	7c 63 52 14 	add     r3,r3,r10
   11c58:	4e 80 00 20 	blr
   11c5c:	80 04 00 00 	lwz     r0,0(r4)
   11c60:	39 23 00 04 	addi    r9,r3,4
   11c64:	39 69 00 04 	addi    r11,r9,4
   11c68:	90 03 00 00 	stw     r0,0(r3)
   11c6c:	70 c0 00 01 	andi.   r0,r6,1
   11c70:	80 04 00 04 	lwz     r0,4(r4)
   11c74:	90 03 00 04 	stw     r0,4(r3)
   11c78:	38 6b 00 04 	addi    r3,r11,4
   11c7c:	80 04 00 08 	lwz     r0,8(r4)
   11c80:	90 09 00 04 	stw     r0,4(r9)
   11c84:	41 82 00 10 	beq     11c94 <_start+0x10b48>
   11c88:	80 04 00 0c 	lwz     r0,12(r4)
   11c8c:	38 63 00 04 	addi    r3,r3,4
   11c90:	90 0b 00 04 	stw     r0,4(r11)
   11c94:	70 c0 00 02 	andi.   r0,r6,2
   11c98:	4d 82 00 20 	beqlr
   11c9c:	80 04 00 10 	lwz     r0,16(r4)
   11ca0:	54 00 c0 3e 	rotlwi  r0,r0,24
   11ca4:	90 03 00 00 	stw     r0,0(r3)
   11ca8:	38 63 00 04 	addi    r3,r3,4
   11cac:	4e 80 00 20 	blr
   11cb0:	80 04 00 00 	lwz     r0,0(r4)
   11cb4:	39 63 00 04 	addi    r11,r3,4
   11cb8:	81 25 00 00 	lwz     r9,0(r5)
   11cbc:	39 4b 00 04 	addi    r10,r11,4
   11cc0:	90 03 00 00 	stw     r0,0(r3)
   11cc4:	70 c0 00 01 	andi.   r0,r6,1
   11cc8:	80 04 00 04 	lwz     r0,4(r4)
   11ccc:	90 03 00 04 	stw     r0,4(r3)
   11cd0:	38 6a 00 04 	addi    r3,r10,4
   11cd4:	80 04 00 08 	lwz     r0,8(r4)
   11cd8:	90 0b 00 04 	stw     r0,4(r11)
   11cdc:	41 82 00 10 	beq     11cec <_start+0x10ba0>
   11ce0:	80 04 00 0c 	lwz     r0,12(r4)
   11ce4:	38 63 00 04 	addi    r3,r3,4
   11ce8:	90 0a 00 04 	stw     r0,4(r10)
   11cec:	70 cb 00 02 	andi.   r11,r6,2
   11cf0:	41 82 00 14 	beq     11d04 <_start+0x10bb8>
   11cf4:	80 04 00 10 	lwz     r0,16(r4)
   11cf8:	54 00 c0 3e 	rotlwi  r0,r0,24
   11cfc:	90 03 00 00 	stw     r0,0(r3)
   11d00:	38 63 00 04 	addi    r3,r3,4
   11d04:	80 05 00 1c 	lwz     r0,28(r5)
   11d08:	70 0b 02 00 	andi.   r11,r0,512
   11d0c:	41 82 00 64 	beq     11d70 <_start+0x10c24>
   11d10:	80 09 05 a8 	lwz     r0,1448(r9)
   11d14:	2f 80 00 00 	cmpwi   cr7,r0,0
   11d18:	4d 9e 00 20 	beqlr   cr7
   11d1c:	1c 00 00 0c 	mulli   r0,r0,12
   11d20:	7c 03 02 14 	add     r0,r3,r0
   11d24:	c0 09 05 cc 	lfs     f0,1484(r9)
   11d28:	c1 64 00 14 	lfs     f11,20(r4)
   11d2c:	c1 a4 00 18 	lfs     f13,24(r4)
   11d30:	c1 89 05 b4 	lfs     f12,1460(r9)
   11d34:	39 29 00 04 	addi    r9,r9,4
   11d38:	ed ad 00 32 	fmuls   f13,f13,f0
   11d3c:	c0 04 00 1c 	lfs     f0,28(r4)
   11d40:	38 84 00 0c 	addi    r4,r4,12
   11d44:	ed 8b 03 32 	fmuls   f12,f11,f12
   11d48:	ed ad 00 32 	fmuls   f13,f13,f0
   11d4c:	d0 03 00 08 	stfs    f0,8(r3)
   11d50:	ed 8c 00 32 	fmuls   f12,f12,f0
   11d54:	d1 a3 00 04 	stfs    f13,4(r3)
   11d58:	d1 83 00 00 	stfs    f12,0(r3)
   11d5c:	38 63 00 0c 	addi    r3,r3,12
   11d60:	7f 80 18 00 	cmpw    cr7,r0,r3
   11d64:	40 9e ff c0 	bne     cr7,11d24 <_start+0x10bd8>
   11d68:	7c 03 03 78 	mr      r3,r0
   11d6c:	4e 80 00 20 	blr
   11d70:	81 69 05 a8 	lwz     r11,1448(r9)
   11d74:	2f 8b 00 00 	cmpwi   cr7,r11,0
   11d78:	4d 9e 00 20 	beqlr   cr7
   11d7c:	3d 40 00 01 	lis     r10,1
   11d80:	7d 69 03 a6 	mtctr   r11
   11d84:	7c 6b 1b 78 	mr      r11,r3
   11d88:	80 0a 67 b0 	lwz     r0,26544(r10)
   11d8c:	39 40 00 00 	li      r10,0
   11d90:	c0 04 00 14 	lfs     f0,20(r4)
   11d94:	39 4a 00 01 	addi    r10,r10,1
   11d98:	c1 64 00 18 	lfs     f11,24(r4)
   11d9c:	38 84 00 0c 	addi    r4,r4,12
   11da0:	c1 a9 05 cc 	lfs     f13,1484(r9)
   11da4:	c1 89 05 b4 	lfs     f12,1460(r9)
   11da8:	39 29 00 04 	addi    r9,r9,4
   11dac:	90 0b 00 08 	stw     r0,8(r11)
   11db0:	ed ab 03 72 	fmuls   f13,f11,f13
   11db4:	ec 0c 00 32 	fmuls   f0,f12,f0
   11db8:	d1 ab 00 04 	stfs    f13,4(r11)
   11dbc:	d0 0b 00 00 	stfs    f0,0(r11)
   11dc0:	39 6b 00 0c 	addi    r11,r11,12
   11dc4:	42 00 ff cc 	bdnz    11d90 <_start+0x10c44>
   11dc8:	1d 4a 00 0c 	mulli   r10,r10,12
   11dcc:	7c 63 52 14 	add     r3,r3,r10
   11dd0:	4e 80 00 20 	blr
   11dd4:	80 04 00 00 	lwz     r0,0(r4)
   11dd8:	39 23 00 04 	addi    r9,r3,4
   11ddc:	39 69 00 04 	addi    r11,r9,4
   11de0:	90 03 00 00 	stw     r0,0(r3)
   11de4:	70 c0 00 01 	andi.   r0,r6,1
   11de8:	80 04 00 04 	lwz     r0,4(r4)
   11dec:	90 03 00 04 	stw     r0,4(r3)
   11df0:	38 6b 00 04 	addi    r3,r11,4
   11df4:	80 04 00 08 	lwz     r0,8(r4)
   11df8:	90 09 00 04 	stw     r0,4(r9)
   11dfc:	41 82 00 10 	beq     11e0c <_start+0x10cc0>
   11e00:	80 04 00 0c 	lwz     r0,12(r4)
   11e04:	38 63 00 04 	addi    r3,r3,4
   11e08:	90 0b 00 04 	stw     r0,4(r11)
   11e0c:	70 c0 00 02 	andi.   r0,r6,2
   11e10:	41 82 00 14 	beq     11e24 <_start+0x10cd8>
   11e14:	80 04 00 10 	lwz     r0,16(r4)
   11e18:	54 00 c0 3e 	rotlwi  r0,r0,24
   11e1c:	90 03 00 00 	stw     r0,0(r3)
   11e20:	38 63 00 04 	addi    r3,r3,4
   11e24:	70 c0 00 04 	andi.   r0,r6,4
   11e28:	4d 82 00 20 	beqlr
   11e2c:	80 04 00 14 	lwz     r0,20(r4)
   11e30:	39 23 00 04 	addi    r9,r3,4
   11e34:	90 03 00 00 	stw     r0,0(r3)
   11e38:	80 04 00 18 	lwz     r0,24(r4)
   11e3c:	90 03 00 04 	stw     r0,4(r3)
   11e40:	38 69 00 08 	addi    r3,r9,8
   11e44:	80 04 00 1c 	lwz     r0,28(r4)
   11e48:	90 09 00 04 	stw     r0,4(r9)
   11e4c:	4e 80 00 20 	blr
   11e50:	80 04 00 00 	lwz     r0,0(r4)
   11e54:	39 63 00 04 	addi    r11,r3,4
   11e58:	81 25 00 00 	lwz     r9,0(r5)
   11e5c:	39 4b 00 04 	addi    r10,r11,4
   11e60:	90 03 00 00 	stw     r0,0(r3)
   11e64:	70 c0 00 01 	andi.   r0,r6,1
   11e68:	80 04 00 04 	lwz     r0,4(r4)
   11e6c:	90 03 00 04 	stw     r0,4(r3)
   11e70:	38 6a 00 04 	addi    r3,r10,4
   11e74:	80 04 00 08 	lwz     r0,8(r4)
   11e78:	90 0b 00 04 	stw     r0,4(r11)
   11e7c:	41 82 00 10 	beq     11e8c <_start+0x10d40>
   11e80:	80 04 00 0c 	lwz     r0,12(r4)
   11e84:	38 63 00 04 	addi    r3,r3,4
   11e88:	90 0a 00 04 	stw     r0,4(r10)
   11e8c:	70 cb 00 02 	andi.   r11,r6,2
   11e90:	41 82 00 14 	beq     11ea4 <_start+0x10d58>
   11e94:	80 04 00 10 	lwz     r0,16(r4)
   11e98:	54 00 c0 3e 	rotlwi  r0,r0,24
   11e9c:	90 03 00 00 	stw     r0,0(r3)
   11ea0:	38 63 00 04 	addi    r3,r3,4
   11ea4:	70 c0 00 04 	andi.   r0,r6,4
   11ea8:	41 82 00 24 	beq     11ecc <_start+0x10d80>
   11eac:	80 04 00 14 	lwz     r0,20(r4)
   11eb0:	39 63 00 04 	addi    r11,r3,4
   11eb4:	90 03 00 00 	stw     r0,0(r3)
   11eb8:	80 04 00 18 	lwz     r0,24(r4)
   11ebc:	90 03 00 04 	stw     r0,4(r3)
   11ec0:	38 6b 00 08 	addi    r3,r11,8
   11ec4:	80 04 00 1c 	lwz     r0,28(r4)
   11ec8:	90 0b 00 04 	stw     r0,4(r11)
   11ecc:	80 05 00 1c 	lwz     r0,28(r5)
   11ed0:	70 0b 02 00 	andi.   r11,r0,512
   11ed4:	41 82 00 64 	beq     11f38 <_start+0x10dec>
   11ed8:	80 09 05 a8 	lwz     r0,1448(r9)
   11edc:	2f 80 00 00 	cmpwi   cr7,r0,0
   11ee0:	4d 9e 00 20 	beqlr   cr7
   11ee4:	1c 00 00 0c 	mulli   r0,r0,12
   11ee8:	7c 03 02 14 	add     r0,r3,r0
   11eec:	c0 09 05 cc 	lfs     f0,1484(r9)
   11ef0:	c1 64 00 24 	lfs     f11,36(r4)
   11ef4:	c1 a4 00 28 	lfs     f13,40(r4)
   11ef8:	c1 89 05 b4 	lfs     f12,1460(r9)
   11efc:	39 29 00 04 	addi    r9,r9,4
   11f00:	ed ad 00 32 	fmuls   f13,f13,f0
   11f04:	c0 04 00 2c 	lfs     f0,44(r4)
   11f08:	38 84 00 0c 	addi    r4,r4,12
   11f0c:	ed 8b 03 32 	fmuls   f12,f11,f12
   11f10:	ed ad 00 32 	fmuls   f13,f13,f0
   11f14:	d0 03 00 08 	stfs    f0,8(r3)
   11f18:	ed 8c 00 32 	fmuls   f12,f12,f0
   11f1c:	d1 a3 00 04 	stfs    f13,4(r3)
   11f20:	d1 83 00 00 	stfs    f12,0(r3)
   11f24:	38 63 00 0c 	addi    r3,r3,12
   11f28:	7f 80 18 00 	cmpw    cr7,r0,r3
   11f2c:	40 9e ff c0 	bne     cr7,11eec <_start+0x10da0>
   11f30:	7c 03 03 78 	mr      r3,r0
   11f34:	4e 80 00 20 	blr
   11f38:	81 69 05 a8 	lwz     r11,1448(r9)
   11f3c:	2f 8b 00 00 	cmpwi   cr7,r11,0
   11f40:	4d 9e 00 20 	beqlr   cr7
   11f44:	3d 40 00 01 	lis     r10,1
   11f48:	7d 69 03 a6 	mtctr   r11
   11f4c:	7c 6b 1b 78 	mr      r11,r3
   11f50:	80 0a 67 b0 	lwz     r0,26544(r10)
   11f54:	39 40 00 00 	li      r10,0
   11f58:	c0 04 00 24 	lfs     f0,36(r4)
   11f5c:	39 4a 00 01 	addi    r10,r10,1
   11f60:	c1 64 00 28 	lfs     f11,40(r4)
   11f64:	38 84 00 0c 	addi    r4,r4,12
   11f68:	c1 a9 05 cc 	lfs     f13,1484(r9)
   11f6c:	c1 89 05 b4 	lfs     f12,1460(r9)
   11f70:	39 29 00 04 	addi    r9,r9,4
   11f74:	90 0b 00 08 	stw     r0,8(r11)
   11f78:	ed ab 03 72 	fmuls   f13,f11,f13
   11f7c:	ec 0c 00 32 	fmuls   f0,f12,f0
   11f80:	d1 ab 00 04 	stfs    f13,4(r11)
   11f84:	d0 0b 00 00 	stfs    f0,0(r11)
   11f88:	39 6b 00 0c 	addi    r11,r11,12
   11f8c:	42 00 ff cc 	bdnz    11f58 <_start+0x10e0c>
   11f90:	1d 4a 00 0c 	mulli   r10,r10,12
   11f94:	7c 63 52 14 	add     r3,r3,r10
   11f98:	4e 80 00 20 	blr
   11f9c:	80 04 00 00 	lwz     r0,0(r4)
   11fa0:	39 23 00 04 	addi    r9,r3,4
   11fa4:	39 69 00 04 	addi    r11,r9,4
   11fa8:	90 03 00 00 	stw     r0,0(r3)
   11fac:	70 c0 00 01 	andi.   r0,r6,1
   11fb0:	80 04 00 04 	lwz     r0,4(r4)
   11fb4:	90 03 00 04 	stw     r0,4(r3)
   11fb8:	38 6b 00 04 	addi    r3,r11,4
   11fbc:	80 04 00 08 	lwz     r0,8(r4)
   11fc0:	90 09 00 04 	stw     r0,4(r9)
   11fc4:	41 82 00 10 	beq     11fd4 <_start+0x10e88>
   11fc8:	80 04 00 0c 	lwz     r0,12(r4)
   11fcc:	38 63 00 04 	addi    r3,r3,4
   11fd0:	90 0b 00 04 	stw     r0,4(r11)
   11fd4:	70 c0 00 02 	andi.   r0,r6,2
   11fd8:	41 82 00 14 	beq     11fec <_start+0x10ea0>
   11fdc:	80 04 00 10 	lwz     r0,16(r4)
   11fe0:	54 00 c0 3e 	rotlwi  r0,r0,24
   11fe4:	90 03 00 00 	stw     r0,0(r3)
   11fe8:	38 63 00 04 	addi    r3,r3,4
   11fec:	70 c0 00 04 	andi.   r0,r6,4
   11ff0:	4d 82 00 20 	beqlr
   11ff4:	80 04 00 14 	lwz     r0,20(r4)
   11ff8:	90 03 00 00 	stw     r0,0(r3)
   11ffc:	38 63 00 04 	addi    r3,r3,4
   12000:	4e 80 00 20 	blr
   12004:	80 04 00 00 	lwz     r0,0(r4)
   12008:	39 63 00 04 	addi    r11,r3,4
   1200c:	81 25 00 00 	lwz     r9,0(r5)
   12010:	39 4b 00 04 	addi    r10,r11,4
   12014:	90 03 00 00 	stw     r0,0(r3)
   12018:	70 c0 00 01 	andi.   r0,r6,1
   1201c:	80 04 00 04 	lwz     r0,4(r4)
   12020:	90 03 00 04 	stw     r0,4(r3)
   12024:	38 6a 00 04 	addi    r3,r10,4
   12028:	80 04 00 08 	lwz     r0,8(r4)
   1202c:	90 0b 00 04 	stw     r0,4(r11)
   12030:	41 82 00 10 	beq     12040 <_start+0x10ef4>
   12034:	80 04 00 0c 	lwz     r0,12(r4)
   12038:	38 63 00 04 	addi    r3,r3,4
   1203c:	90 0a 00 04 	stw     r0,4(r10)
   12040:	70 cb 00 02 	andi.   r11,r6,2
   12044:	41 82 00 14 	beq     12058 <_start+0x10f0c>
   12048:	80 04 00 10 	lwz     r0,16(r4)
   1204c:	54 00 c0 3e 	rotlwi  r0,r0,24
   12050:	90 03 00 00 	stw     r0,0(r3)
   12054:	38 63 00 04 	addi    r3,r3,4
   12058:	70 c0 00 04 	andi.   r0,r6,4
   1205c:	41 82 00 10 	beq     1206c <_start+0x10f20>
   12060:	80 04 00 14 	lwz     r0,20(r4)
   12064:	90 03 00 00 	stw     r0,0(r3)
   12068:	38 63 00 04 	addi    r3,r3,4
   1206c:	80 05 00 1c 	lwz     r0,28(r5)
   12070:	70 0b 02 00 	andi.   r11,r0,512
   12074:	41 82 00 64 	beq     120d8 <_start+0x10f8c>
   12078:	80 09 05 a8 	lwz     r0,1448(r9)
   1207c:	2f 80 00 00 	cmpwi   cr7,r0,0
   12080:	4d 9e 00 20 	beqlr   cr7
   12084:	1c 00 00 0c 	mulli   r0,r0,12
   12088:	7c 03 02 14 	add     r0,r3,r0
   1208c:	c0 09 05 cc 	lfs     f0,1484(r9)
   12090:	c1 64 00 18 	lfs     f11,24(r4)
   12094:	c1 a4 00 1c 	lfs     f13,28(r4)
   12098:	c1 89 05 b4 	lfs     f12,1460(r9)
   1209c:	39 29 00 04 	addi    r9,r9,4
   120a0:	ed ad 00 32 	fmuls   f13,f13,f0
   120a4:	c0 04 00 20 	lfs     f0,32(r4)
   120a8:	38 84 00 0c 	addi    r4,r4,12
   120ac:	ed 8b 03 32 	fmuls   f12,f11,f12
   120b0:	ed ad 00 32 	fmuls   f13,f13,f0
   120b4:	d0 03 00 08 	stfs    f0,8(r3)
   120b8:	ed 8c 00 32 	fmuls   f12,f12,f0
   120bc:	d1 a3 00 04 	stfs    f13,4(r3)
   120c0:	d1 83 00 00 	stfs    f12,0(r3)
   120c4:	38 63 00 0c 	addi    r3,r3,12
   120c8:	7f 80 18 00 	cmpw    cr7,r0,r3
   120cc:	40 9e ff c0 	bne     cr7,1208c <_start+0x10f40>
   120d0:	7c 03 03 78 	mr      r3,r0
   120d4:	4e 80 00 20 	blr
   120d8:	81 69 05 a8 	lwz     r11,1448(r9)
   120dc:	2f 8b 00 00 	cmpwi   cr7,r11,0
   120e0:	4d 9e 00 20 	beqlr   cr7
   120e4:	3d 40 00 01 	lis     r10,1
   120e8:	7d 69 03 a6 	mtctr   r11
   120ec:	7c 6b 1b 78 	mr      r11,r3
   120f0:	80 0a 67 b0 	lwz     r0,26544(r10)
   120f4:	39 40 00 00 	li      r10,0
   120f8:	c0 04 00 18 	lfs     f0,24(r4)
   120fc:	39 4a 00 01 	addi    r10,r10,1
   12100:	c1 64 00 1c 	lfs     f11,28(r4)
   12104:	38 84 00 0c 	addi    r4,r4,12
   12108:	c1 a9 05 cc 	lfs     f13,1484(r9)
   1210c:	c1 89 05 b4 	lfs     f12,1460(r9)
   12110:	39 29 00 04 	addi    r9,r9,4
   12114:	90 0b 00 08 	stw     r0,8(r11)
   12118:	ed ab 03 72 	fmuls   f13,f11,f13
   1211c:	ec 0c 00 32 	fmuls   f0,f12,f0
   12120:	d1 ab 00 04 	stfs    f13,4(r11)
   12124:	d0 0b 00 00 	stfs    f0,0(r11)
   12128:	39 6b 00 0c 	addi    r11,r11,12
   1212c:	42 00 ff cc 	bdnz    120f8 <_start+0x10fac>
   12130:	1d 4a 00 0c 	mulli   r10,r10,12
   12134:	7c 63 52 14 	add     r3,r3,r10
   12138:	4e 80 00 20 	blr
   1213c:	70 60 07 e0 	andi.   r0,r3,2016
   12140:	54 63 07 3e 	clrlwi  r3,r3,28
   12144:	41 82 00 08 	beq     1214c <_start+0x11000>
   12148:	60 63 00 20 	ori     r3,r3,32
   1214c:	3d 20 00 01 	lis     r9,1
   12150:	54 63 10 3a 	slwi    r3,r3,2
   12154:	39 29 76 7c 	addi    r9,r9,30332
   12158:	7c 69 18 2e 	lwzx    r3,r9,r3
   1215c:	4e 80 00 20 	blr
   12160:	80 04 00 00 	lwz     r0,0(r4)
   12164:	39 23 00 04 	addi    r9,r3,4
   12168:	94 21 ff f0 	stwu    r1,-16(r1)
   1216c:	39 69 00 04 	addi    r11,r9,4
   12170:	90 03 00 00 	stw     r0,0(r3)
   12174:	70 c0 00 01 	andi.   r0,r6,1
   12178:	80 04 00 04 	lwz     r0,4(r4)
   1217c:	90 03 00 04 	stw     r0,4(r3)
   12180:	38 6b 00 04 	addi    r3,r11,4
   12184:	80 04 00 08 	lwz     r0,8(r4)
   12188:	90 09 00 04 	stw     r0,4(r9)
   1218c:	41 82 00 10 	beq     1219c <_start+0x11050>
   12190:	80 04 00 0c 	lwz     r0,12(r4)
   12194:	38 63 00 04 	addi    r3,r3,4
   12198:	90 0b 00 04 	stw     r0,4(r11)
   1219c:	70 c0 00 02 	andi.   r0,r6,2
   121a0:	41 a2 00 78 	beq     12218 <_start+0x110cc>
   121a4:	3d 20 00 01 	lis     r9,1
   121a8:	c1 24 00 14 	lfs     f9,20(r4)
   121ac:	c1 a9 63 9c 	lfs     f13,25500(r9)
   121b0:	3d 20 00 01 	lis     r9,1
   121b4:	c0 09 63 a0 	lfs     f0,25504(r9)
   121b8:	c1 44 00 18 	lfs     f10,24(r4)
   121bc:	c1 64 00 10 	lfs     f11,16(r4)
   121c0:	ed 2d 02 7a 	fmadds  f9,f13,f9,f0
   121c4:	c1 84 00 1c 	lfs     f12,28(r4)
   121c8:	ed 4d 02 ba 	fmadds  f10,f13,f10,f0
   121cc:	ed 6d 02 fa 	fmadds  f11,f13,f11,f0
   121d0:	d1 21 00 08 	stfs    f9,8(r1)
   121d4:	ed 8d 03 3a 	fmadds  f12,f13,f12,f0
   121d8:	81 41 00 08 	lwz     r10,8(r1)
   121dc:	d1 41 00 08 	stfs    f10,8(r1)
   121e0:	55 4a 44 2e 	rlwinm  r10,r10,8,16,23
   121e4:	80 01 00 08 	lwz     r0,8(r1)
   121e8:	d1 61 00 08 	stfs    f11,8(r1)
   121ec:	54 00 82 1e 	rlwinm  r0,r0,16,8,15
   121f0:	7d 40 03 78 	or      r0,r10,r0
   121f4:	81 61 00 08 	lwz     r11,8(r1)
   121f8:	d1 81 00 08 	stfs    f12,8(r1)
   121fc:	55 6b 06 3e 	clrlwi  r11,r11,24
   12200:	7c 00 5b 78 	or      r0,r0,r11
   12204:	81 21 00 08 	lwz     r9,8(r1)
   12208:	55 29 c0 0e 	slwi    r9,r9,24
   1220c:	7c 00 4b 78 	or      r0,r0,r9
   12210:	90 03 00 00 	stw     r0,0(r3)
   12214:	38 63 00 04 	addi    r3,r3,4
   12218:	38 21 00 10 	addi    r1,r1,16
   1221c:	4e 80 00 20 	blr
   12220:	80 04 00 00 	lwz     r0,0(r4)
   12224:	39 23 00 04 	addi    r9,r3,4
   12228:	94 21 ff f0 	stwu    r1,-16(r1)
   1222c:	39 69 00 04 	addi    r11,r9,4
   12230:	90 03 00 00 	stw     r0,0(r3)
   12234:	70 c0 00 02 	andi.   r0,r6,2
   12238:	80 04 00 04 	lwz     r0,4(r4)
   1223c:	90 03 00 04 	stw     r0,4(r3)
   12240:	38 6b 00 04 	addi    r3,r11,4
   12244:	80 04 00 08 	lwz     r0,8(r4)
   12248:	90 09 00 04 	stw     r0,4(r9)
   1224c:	41 a2 00 78 	beq     122c4 <_start+0x11178>
   12250:	3d 20 00 01 	lis     r9,1
   12254:	c1 24 00 10 	lfs     f9,16(r4)
   12258:	38 63 00 04 	addi    r3,r3,4
   1225c:	c1 a9 63 9c 	lfs     f13,25500(r9)
   12260:	3d 20 00 01 	lis     r9,1
   12264:	c0 09 63 a0 	lfs     f0,25504(r9)
   12268:	c1 44 00 14 	lfs     f10,20(r4)
   1226c:	c1 64 00 0c 	lfs     f11,12(r4)
   12270:	ed 2d 02 7a 	fmadds  f9,f13,f9,f0
   12274:	c1 84 00 18 	lfs     f12,24(r4)
   12278:	ed 4d 02 ba 	fmadds  f10,f13,f10,f0
   1227c:	ed 6d 02 fa 	fmadds  f11,f13,f11,f0
   12280:	d1 21 00 08 	stfs    f9,8(r1)
   12284:	ed 8d 03 3a 	fmadds  f12,f13,f12,f0
   12288:	81 01 00 08 	lwz     r8,8(r1)
   1228c:	d1 41 00 08 	stfs    f10,8(r1)
   12290:	55 08 44 2e 	rlwinm  r8,r8,8,16,23
   12294:	80 01 00 08 	lwz     r0,8(r1)
   12298:	d1 61 00 08 	stfs    f11,8(r1)
   1229c:	54 00 82 1e 	rlwinm  r0,r0,16,8,15
   122a0:	7d 00 03 78 	or      r0,r8,r0
   122a4:	81 41 00 08 	lwz     r10,8(r1)
   122a8:	d1 81 00 08 	stfs    f12,8(r1)
   122ac:	55 4a 06 3e 	clrlwi  r10,r10,24
   122b0:	7c 00 53 78 	or      r0,r0,r10
   122b4:	81 21 00 08 	lwz     r9,8(r1)
   122b8:	55 29 c0 0e 	slwi    r9,r9,24
   122bc:	7c 00 4b 78 	or      r0,r0,r9
   122c0:	90 0b 00 04 	stw     r0,4(r11)
   122c4:	38 21 00 10 	addi    r1,r1,16
   122c8:	4e 80 00 20 	blr
   122cc:	80 04 00 00 	lwz     r0,0(r4)
   122d0:	39 23 00 04 	addi    r9,r3,4
   122d4:	94 21 ff f0 	stwu    r1,-16(r1)
   122d8:	39 69 00 04 	addi    r11,r9,4
   122dc:	90 03 00 00 	stw     r0,0(r3)
   122e0:	70 c0 00 01 	andi.   r0,r6,1
   122e4:	80 04 00 04 	lwz     r0,4(r4)
   122e8:	90 03 00 04 	stw     r0,4(r3)
   122ec:	38 6b 00 04 	addi    r3,r11,4
   122f0:	80 04 00 08 	lwz     r0,8(r4)
   122f4:	90 09 00 04 	stw     r0,4(r9)
   122f8:	41 82 00 10 	beq     12308 <_start+0x111bc>
   122fc:	80 04 00 0c 	lwz     r0,12(r4)
   12300:	38 63 00 04 	addi    r3,r3,4
   12304:	90 0b 00 04 	stw     r0,4(r11)
   12308:	70 c0 00 02 	andi.   r0,r6,2
   1230c:	40 82 00 34 	bne     12340 <_start+0x111f4>
   12310:	70 c0 00 04 	andi.   r0,r6,4
   12314:	41 82 00 24 	beq     12338 <_start+0x111ec>
   12318:	80 04 00 20 	lwz     r0,32(r4)
   1231c:	39 23 00 04 	addi    r9,r3,4
   12320:	90 03 00 00 	stw     r0,0(r3)
   12324:	80 04 00 24 	lwz     r0,36(r4)
   12328:	90 03 00 04 	stw     r0,4(r3)
   1232c:	38 69 00 08 	addi    r3,r9,8
   12330:	80 04 00 28 	lwz     r0,40(r4)
   12334:	90 09 00 04 	stw     r0,4(r9)
   12338:	38 21 00 10 	addi    r1,r1,16
   1233c:	4e 80 00 20 	blr
   12340:	3d 20 00 01 	lis     r9,1
   12344:	c1 44 00 14 	lfs     f10,20(r4)
   12348:	c1 a9 63 9c 	lfs     f13,25500(r9)
   1234c:	3d 20 00 01 	lis     r9,1
   12350:	c0 09 63 a0 	lfs     f0,25504(r9)
   12354:	c1 84 00 18 	lfs     f12,24(r4)
   12358:	c1 64 00 10 	lfs     f11,16(r4)
   1235c:	ed 4d 02 ba 	fmadds  f10,f13,f10,f0
   12360:	ed 8d 03 3a 	fmadds  f12,f13,f12,f0
   12364:	ed 6d 02 fa 	fmadds  f11,f13,f11,f0
   12368:	d1 41 00 08 	stfs    f10,8(r1)
   1236c:	81 41 00 08 	lwz     r10,8(r1)
   12370:	d1 81 00 08 	stfs    f12,8(r1)
   12374:	c1 84 00 1c 	lfs     f12,28(r4)
   12378:	55 4a 44 2e 	rlwinm  r10,r10,8,16,23
   1237c:	80 01 00 08 	lwz     r0,8(r1)
   12380:	ed 8d 03 3a 	fmadds  f12,f13,f12,f0
   12384:	d1 61 00 08 	stfs    f11,8(r1)
   12388:	54 00 82 1e 	rlwinm  r0,r0,16,8,15
   1238c:	7d 40 03 78 	or      r0,r10,r0
   12390:	81 61 00 08 	lwz     r11,8(r1)
   12394:	d1 81 00 08 	stfs    f12,8(r1)
   12398:	55 6b 06 3e 	clrlwi  r11,r11,24
   1239c:	7c 00 5b 78 	or      r0,r0,r11
   123a0:	81 21 00 08 	lwz     r9,8(r1)
   123a4:	55 29 c0 0e 	slwi    r9,r9,24
   123a8:	7c 00 4b 78 	or      r0,r0,r9
   123ac:	90 03 00 00 	stw     r0,0(r3)
   123b0:	38 63 00 04 	addi    r3,r3,4
   123b4:	4b ff ff 5c 	b       12310 <_start+0x111c4>
   123b8:	80 04 00 00 	lwz     r0,0(r4)
   123bc:	39 63 00 04 	addi    r11,r3,4
   123c0:	94 21 ff f0 	stwu    r1,-16(r1)
   123c4:	39 4b 00 04 	addi    r10,r11,4
   123c8:	81 25 00 00 	lwz     r9,0(r5)
   123cc:	90 03 00 00 	stw     r0,0(r3)
   123d0:	70 c0 00 01 	andi.   r0,r6,1
   123d4:	80 04 00 04 	lwz     r0,4(r4)
   123d8:	90 03 00 04 	stw     r0,4(r3)
   123dc:	38 6a 00 04 	addi    r3,r10,4
   123e0:	80 04 00 08 	lwz     r0,8(r4)
   123e4:	90 0b 00 04 	stw     r0,4(r11)
   123e8:	41 82 00 10 	beq     123f8 <_start+0x112ac>
   123ec:	80 04 00 0c 	lwz     r0,12(r4)
   123f0:	38 63 00 04 	addi    r3,r3,4
   123f4:	90 0a 00 04 	stw     r0,4(r10)
   123f8:	70 cb 00 02 	andi.   r11,r6,2
   123fc:	40 82 01 04 	bne     12500 <_start+0x113b4>
   12400:	70 c0 00 04 	andi.   r0,r6,4
   12404:	41 82 00 24 	beq     12428 <_start+0x112dc>
   12408:	80 04 00 20 	lwz     r0,32(r4)
   1240c:	39 63 00 04 	addi    r11,r3,4
   12410:	90 03 00 00 	stw     r0,0(r3)
   12414:	80 04 00 24 	lwz     r0,36(r4)
   12418:	90 03 00 04 	stw     r0,4(r3)
   1241c:	38 6b 00 08 	addi    r3,r11,8
   12420:	80 04 00 28 	lwz     r0,40(r4)
   12424:	90 0b 00 04 	stw     r0,4(r11)
   12428:	80 05 00 1c 	lwz     r0,28(r5)
   1242c:	70 0b 02 00 	andi.   r11,r0,512
   12430:	41 82 00 68 	beq     12498 <_start+0x1134c>
   12434:	80 09 05 a8 	lwz     r0,1448(r9)
   12438:	2f 80 00 00 	cmpwi   cr7,r0,0
   1243c:	41 9e 00 54 	beq     cr7,12490 <_start+0x11344>
   12440:	1c 00 00 0c 	mulli   r0,r0,12
   12444:	7c 03 02 14 	add     r0,r3,r0
   12448:	c0 09 05 cc 	lfs     f0,1484(r9)
   1244c:	c1 64 00 30 	lfs     f11,48(r4)
   12450:	c1 a4 00 34 	lfs     f13,52(r4)
   12454:	c1 89 05 b4 	lfs     f12,1460(r9)
   12458:	39 29 00 04 	addi    r9,r9,4
   1245c:	ed ad 00 32 	fmuls   f13,f13,f0
   12460:	c0 04 00 38 	lfs     f0,56(r4)
   12464:	38 84 00 0c 	addi    r4,r4,12
   12468:	ed 8b 03 32 	fmuls   f12,f11,f12
   1246c:	ed ad 00 32 	fmuls   f13,f13,f0
   12470:	d0 03 00 08 	stfs    f0,8(r3)
   12474:	ed 8c 00 32 	fmuls   f12,f12,f0
   12478:	d1 a3 00 04 	stfs    f13,4(r3)
   1247c:	d1 83 00 00 	stfs    f12,0(r3)
   12480:	38 63 00 0c 	addi    r3,r3,12
   12484:	7f 80 18 00 	cmpw    cr7,r0,r3
   12488:	40 9e ff c0 	bne     cr7,12448 <_start+0x112fc>
   1248c:	7c 03 03 78 	mr      r3,r0
   12490:	38 21 00 10 	addi    r1,r1,16
   12494:	4e 80 00 20 	blr
   12498:	81 69 05 a8 	lwz     r11,1448(r9)
   1249c:	2f 8b 00 00 	cmpwi   cr7,r11,0
   124a0:	41 be ff f0 	beq     cr7,12490 <_start+0x11344>
   124a4:	3d 40 00 01 	lis     r10,1
   124a8:	7d 69 03 a6 	mtctr   r11
   124ac:	7c 6b 1b 78 	mr      r11,r3
   124b0:	80 0a 67 b0 	lwz     r0,26544(r10)
   124b4:	39 40 00 00 	li      r10,0
   124b8:	c0 04 00 30 	lfs     f0,48(r4)
   124bc:	39 4a 00 01 	addi    r10,r10,1
   124c0:	c1 64 00 34 	lfs     f11,52(r4)
   124c4:	38 84 00 0c 	addi    r4,r4,12
   124c8:	c1 a9 05 cc 	lfs     f13,1484(r9)
   124cc:	c1 89 05 b4 	lfs     f12,1460(r9)
   124d0:	39 29 00 04 	addi    r9,r9,4
   124d4:	90 0b 00 08 	stw     r0,8(r11)
   124d8:	ed ab 03 72 	fmuls   f13,f11,f13
   124dc:	ec 0c 00 32 	fmuls   f0,f12,f0
   124e0:	d1 ab 00 04 	stfs    f13,4(r11)
   124e4:	d0 0b 00 00 	stfs    f0,0(r11)
   124e8:	39 6b 00 0c 	addi    r11,r11,12
   124ec:	42 00 ff cc 	bdnz    124b8 <_start+0x1136c>
   124f0:	1d 4a 00 0c 	mulli   r10,r10,12
   124f4:	38 21 00 10 	addi    r1,r1,16
   124f8:	7c 63 52 14 	add     r3,r3,r10
   124fc:	4e 80 00 20 	blr
   12500:	3d 60 00 01 	lis     r11,1
   12504:	c1 44 00 14 	lfs     f10,20(r4)
   12508:	c1 ab 63 9c 	lfs     f13,25500(r11)
   1250c:	3d 60 00 01 	lis     r11,1
   12510:	c0 0b 63 a0 	lfs     f0,25504(r11)
   12514:	c1 84 00 18 	lfs     f12,24(r4)
   12518:	c1 64 00 10 	lfs     f11,16(r4)
   1251c:	ed 4d 02 ba 	fmadds  f10,f13,f10,f0
   12520:	ed 8d 03 3a 	fmadds  f12,f13,f12,f0
   12524:	ed 6d 02 fa 	fmadds  f11,f13,f11,f0
   12528:	d1 41 00 08 	stfs    f10,8(r1)
   1252c:	81 01 00 08 	lwz     r8,8(r1)
   12530:	d1 81 00 08 	stfs    f12,8(r1)
   12534:	c1 84 00 1c 	lfs     f12,28(r4)
   12538:	55 08 44 2e 	rlwinm  r8,r8,8,16,23
   1253c:	80 01 00 08 	lwz     r0,8(r1)
   12540:	ed 8d 03 3a 	fmadds  f12,f13,f12,f0
   12544:	d1 61 00 08 	stfs    f11,8(r1)
   12548:	54 00 82 1e 	rlwinm  r0,r0,16,8,15
   1254c:	7d 00 03 78 	or      r0,r8,r0
   12550:	81 41 00 08 	lwz     r10,8(r1)
   12554:	d1 81 00 08 	stfs    f12,8(r1)
   12558:	55 4a 06 3e 	clrlwi  r10,r10,24
   1255c:	7c 00 53 78 	or      r0,r0,r10
   12560:	81 61 00 08 	lwz     r11,8(r1)
   12564:	55 6b c0 0e 	slwi    r11,r11,24
   12568:	7c 00 5b 78 	or      r0,r0,r11
   1256c:	90 03 00 00 	stw     r0,0(r3)
   12570:	38 63 00 04 	addi    r3,r3,4
   12574:	4b ff fe 8c 	b       12400 <_start+0x112b4>
   12578:	80 04 00 00 	lwz     r0,0(r4)
   1257c:	39 63 00 04 	addi    r11,r3,4
   12580:	94 21 ff f0 	stwu    r1,-16(r1)
   12584:	39 4b 00 04 	addi    r10,r11,4
   12588:	81 25 00 00 	lwz     r9,0(r5)
   1258c:	90 03 00 00 	stw     r0,0(r3)
   12590:	70 c0 00 01 	andi.   r0,r6,1
   12594:	80 04 00 04 	lwz     r0,4(r4)
   12598:	90 03 00 04 	stw     r0,4(r3)
   1259c:	38 6a 00 04 	addi    r3,r10,4
   125a0:	80 04 00 08 	lwz     r0,8(r4)
   125a4:	90 0b 00 04 	stw     r0,4(r11)
   125a8:	41 82 00 10 	beq     125b8 <_start+0x1146c>
   125ac:	80 04 00 0c 	lwz     r0,12(r4)
   125b0:	38 63 00 04 	addi    r3,r3,4
   125b4:	90 0a 00 04 	stw     r0,4(r10)
   125b8:	70 cb 00 02 	andi.   r11,r6,2
   125bc:	40 82 00 dc 	bne     12698 <_start+0x1154c>
   125c0:	80 05 00 1c 	lwz     r0,28(r5)
   125c4:	70 0b 02 00 	andi.   r11,r0,512
   125c8:	41 82 00 68 	beq     12630 <_start+0x114e4>
   125cc:	80 09 05 a8 	lwz     r0,1448(r9)
   125d0:	2f 80 00 00 	cmpwi   cr7,r0,0
   125d4:	41 9e 00 54 	beq     cr7,12628 <_start+0x114dc>
   125d8:	1c 00 00 0c 	mulli   r0,r0,12
   125dc:	7c 03 02 14 	add     r0,r3,r0
   125e0:	c0 09 05 cc 	lfs     f0,1484(r9)
   125e4:	c1 64 00 20 	lfs     f11,32(r4)
   125e8:	c1 a4 00 24 	lfs     f13,36(r4)
   125ec:	c1 89 05 b4 	lfs     f12,1460(r9)
   125f0:	39 29 00 04 	addi    r9,r9,4
   125f4:	ed ad 00 32 	fmuls   f13,f13,f0
   125f8:	c0 04 00 28 	lfs     f0,40(r4)
   125fc:	38 84 00 0c 	addi    r4,r4,12
   12600:	ed 8b 03 32 	fmuls   f12,f11,f12
   12604:	ed ad 00 32 	fmuls   f13,f13,f0
   12608:	d0 03 00 08 	stfs    f0,8(r3)
   1260c:	ed 8c 00 32 	fmuls   f12,f12,f0
   12610:	d1 a3 00 04 	stfs    f13,4(r3)
   12614:	d1 83 00 00 	stfs    f12,0(r3)
   12618:	38 63 00 0c 	addi    r3,r3,12
   1261c:	7f 80 18 00 	cmpw    cr7,r0,r3
   12620:	40 9e ff c0 	bne     cr7,125e0 <_start+0x11494>
   12624:	7c 03 03 78 	mr      r3,r0
   12628:	38 21 00 10 	addi    r1,r1,16
   1262c:	4e 80 00 20 	blr
   12630:	81 69 05 a8 	lwz     r11,1448(r9)
   12634:	2f 8b 00 00 	cmpwi   cr7,r11,0
   12638:	41 be ff f0 	beq     cr7,12628 <_start+0x114dc>
   1263c:	3d 40 00 01 	lis     r10,1
   12640:	7d 69 03 a6 	mtctr   r11
   12644:	7c 6b 1b 78 	mr      r11,r3
   12648:	80 0a 67 b0 	lwz     r0,26544(r10)
   1264c:	39 40 00 00 	li      r10,0
   12650:	c0 04 00 20 	lfs     f0,32(r4)
   12654:	39 4a 00 01 	addi    r10,r10,1
   12658:	c1 64 00 24 	lfs     f11,36(r4)
   1265c:	38 84 00 0c 	addi    r4,r4,12
   12660:	c1 a9 05 cc 	lfs     f13,1484(r9)
   12664:	c1 89 05 b4 	lfs     f12,1460(r9)
   12668:	39 29 00 04 	addi    r9,r9,4
   1266c:	90 0b 00 08 	stw     r0,8(r11)
   12670:	ed ab 03 72 	fmuls   f13,f11,f13
   12674:	ec 0c 00 32 	fmuls   f0,f12,f0
   12678:	d1 ab 00 04 	stfs    f13,4(r11)
   1267c:	d0 0b 00 00 	stfs    f0,0(r11)
   12680:	39 6b 00 0c 	addi    r11,r11,12
   12684:	42 00 ff cc 	bdnz    12650 <_start+0x11504>
   12688:	1d 4a 00 0c 	mulli   r10,r10,12
   1268c:	38 21 00 10 	addi    r1,r1,16
   12690:	7c 63 52 14 	add     r3,r3,r10
   12694:	4e 80 00 20 	blr
   12698:	3d 60 00 01 	lis     r11,1
   1269c:	c1 44 00 14 	lfs     f10,20(r4)
   126a0:	c1 ab 63 9c 	lfs     f13,25500(r11)
   126a4:	3d 60 00 01 	lis     r11,1
   126a8:	c0 0b 63 a0 	lfs     f0,25504(r11)
   126ac:	c1 84 00 18 	lfs     f12,24(r4)
   126b0:	c1 64 00 10 	lfs     f11,16(r4)
   126b4:	ed 4d 02 ba 	fmadds  f10,f13,f10,f0
   126b8:	ed 8d 03 3a 	fmadds  f12,f13,f12,f0
   126bc:	ed 6d 02 fa 	fmadds  f11,f13,f11,f0
   126c0:	d1 41 00 08 	stfs    f10,8(r1)
   126c4:	81 01 00 08 	lwz     r8,8(r1)
   126c8:	d1 81 00 08 	stfs    f12,8(r1)
   126cc:	c1 84 00 1c 	lfs     f12,28(r4)
   126d0:	55 08 44 2e 	rlwinm  r8,r8,8,16,23
   126d4:	80 01 00 08 	lwz     r0,8(r1)
   126d8:	ed 8d 03 3a 	fmadds  f12,f13,f12,f0
   126dc:	d1 61 00 08 	stfs    f11,8(r1)
   126e0:	54 00 82 1e 	rlwinm  r0,r0,16,8,15
   126e4:	7d 00 03 78 	or      r0,r8,r0
   126e8:	81 41 00 08 	lwz     r10,8(r1)
   126ec:	d1 81 00 08 	stfs    f12,8(r1)
   126f0:	55 4a 06 3e 	clrlwi  r10,r10,24
   126f4:	7c 00 53 78 	or      r0,r0,r10
   126f8:	81 61 00 08 	lwz     r11,8(r1)
   126fc:	55 6b c0 0e 	slwi    r11,r11,24
   12700:	7c 00 5b 78 	or      r0,r0,r11
   12704:	90 03 00 00 	stw     r0,0(r3)
   12708:	38 63 00 04 	addi    r3,r3,4
   1270c:	4b ff fe b4 	b       125c0 <_start+0x11474>
   12710:	80 04 00 00 	lwz     r0,0(r4)
   12714:	39 63 00 04 	addi    r11,r3,4
   12718:	94 21 ff f0 	stwu    r1,-16(r1)
   1271c:	39 4b 00 04 	addi    r10,r11,4
   12720:	81 25 00 00 	lwz     r9,0(r5)
   12724:	90 03 00 00 	stw     r0,0(r3)
   12728:	70 c0 00 02 	andi.   r0,r6,2
   1272c:	80 04 00 04 	lwz     r0,4(r4)
   12730:	90 03 00 04 	stw     r0,4(r3)
   12734:	38 6a 00 04 	addi    r3,r10,4
   12738:	80 04 00 08 	lwz     r0,8(r4)
   1273c:	90 0b 00 04 	stw     r0,4(r11)
   12740:	40 82 00 dc 	bne     1281c <_start+0x116d0>
   12744:	80 05 00 1c 	lwz     r0,28(r5)
   12748:	70 0b 02 00 	andi.   r11,r0,512
   1274c:	41 82 00 68 	beq     127b4 <_start+0x11668>
   12750:	80 09 05 a8 	lwz     r0,1448(r9)
   12754:	2f 80 00 00 	cmpwi   cr7,r0,0
   12758:	41 9e 00 54 	beq     cr7,127ac <_start+0x11660>
   1275c:	1c 00 00 0c 	mulli   r0,r0,12
   12760:	7c 03 02 14 	add     r0,r3,r0
   12764:	c0 09 05 cc 	lfs     f0,1484(r9)
   12768:	c1 64 00 1c 	lfs     f11,28(r4)
   1276c:	c1 a4 00 20 	lfs     f13,32(r4)
   12770:	c1 89 05 b4 	lfs     f12,1460(r9)
   12774:	39 29 00 04 	addi    r9,r9,4
   12778:	ed ad 00 32 	fmuls   f13,f13,f0
   1277c:	c0 04 00 24 	lfs     f0,36(r4)
   12780:	38 84 00 0c 	addi    r4,r4,12
   12784:	ed 8b 03 32 	fmuls   f12,f11,f12
   12788:	ed ad 00 32 	fmuls   f13,f13,f0
   1278c:	d0 03 00 08 	stfs    f0,8(r3)
   12790:	ed 8c 00 32 	fmuls   f12,f12,f0
   12794:	d1 a3 00 04 	stfs    f13,4(r3)
   12798:	d1 83 00 00 	stfs    f12,0(r3)
   1279c:	38 63 00 0c 	addi    r3,r3,12
   127a0:	7f 80 18 00 	cmpw    cr7,r0,r3
   127a4:	40 9e ff c0 	bne     cr7,12764 <_start+0x11618>
   127a8:	7c 03 03 78 	mr      r3,r0
   127ac:	38 21 00 10 	addi    r1,r1,16
   127b0:	4e 80 00 20 	blr
   127b4:	81 69 05 a8 	lwz     r11,1448(r9)
   127b8:	2f 8b 00 00 	cmpwi   cr7,r11,0
   127bc:	41 be ff f0 	beq     cr7,127ac <_start+0x11660>
   127c0:	3d 40 00 01 	lis     r10,1
   127c4:	7d 69 03 a6 	mtctr   r11
   127c8:	7c 6b 1b 78 	mr      r11,r3
   127cc:	80 0a 67 b0 	lwz     r0,26544(r10)
   127d0:	39 40 00 00 	li      r10,0
   127d4:	c0 04 00 1c 	lfs     f0,28(r4)
   127d8:	39 4a 00 01 	addi    r10,r10,1
   127dc:	c1 64 00 20 	lfs     f11,32(r4)
   127e0:	38 84 00 0c 	addi    r4,r4,12
   127e4:	c1 a9 05 cc 	lfs     f13,1484(r9)
   127e8:	c1 89 05 b4 	lfs     f12,1460(r9)
   127ec:	39 29 00 04 	addi    r9,r9,4
   127f0:	90 0b 00 08 	stw     r0,8(r11)
   127f4:	ed ab 03 72 	fmuls   f13,f11,f13
   127f8:	ec 0c 00 32 	fmuls   f0,f12,f0
   127fc:	d1 ab 00 04 	stfs    f13,4(r11)
   12800:	d0 0b 00 00 	stfs    f0,0(r11)
   12804:	39 6b 00 0c 	addi    r11,r11,12
   12808:	42 00 ff cc 	bdnz    127d4 <_start+0x11688>
   1280c:	1d 4a 00 0c 	mulli   r10,r10,12
   12810:	38 21 00 10 	addi    r1,r1,16
   12814:	7c 63 52 14 	add     r3,r3,r10
   12818:	4e 80 00 20 	blr
   1281c:	3d 60 00 01 	lis     r11,1
   12820:	c1 44 00 10 	lfs     f10,16(r4)
   12824:	38 63 00 04 	addi    r3,r3,4
   12828:	c1 ab 63 9c 	lfs     f13,25500(r11)
   1282c:	3d 60 00 01 	lis     r11,1
   12830:	c0 0b 63 a0 	lfs     f0,25504(r11)
   12834:	c1 84 00 14 	lfs     f12,20(r4)
   12838:	c1 64 00 0c 	lfs     f11,12(r4)
   1283c:	ed 4d 02 ba 	fmadds  f10,f13,f10,f0
   12840:	ed 8d 03 3a 	fmadds  f12,f13,f12,f0
   12844:	ed 6d 02 fa 	fmadds  f11,f13,f11,f0
   12848:	d1 41 00 08 	stfs    f10,8(r1)
   1284c:	80 e1 00 08 	lwz     r7,8(r1)
   12850:	d1 81 00 08 	stfs    f12,8(r1)
   12854:	c1 84 00 18 	lfs     f12,24(r4)
   12858:	54 e7 44 2e 	rlwinm  r7,r7,8,16,23
   1285c:	80 01 00 08 	lwz     r0,8(r1)
   12860:	ed 8d 03 3a 	fmadds  f12,f13,f12,f0
   12864:	d1 61 00 08 	stfs    f11,8(r1)
   12868:	54 00 82 1e 	rlwinm  r0,r0,16,8,15
   1286c:	7c e0 03 78 	or      r0,r7,r0
   12870:	81 01 00 08 	lwz     r8,8(r1)
   12874:	d1 81 00 08 	stfs    f12,8(r1)
   12878:	55 08 06 3e 	clrlwi  r8,r8,24
   1287c:	7c 00 43 78 	or      r0,r0,r8
   12880:	81 61 00 08 	lwz     r11,8(r1)
   12884:	55 6b c0 0e 	slwi    r11,r11,24
   12888:	7c 00 5b 78 	or      r0,r0,r11
   1288c:	90 0a 00 04 	stw     r0,4(r10)
   12890:	4b ff fe b4 	b       12744 <_start+0x115f8>
   12894:	80 04 00 00 	lwz     r0,0(r4)
   12898:	39 23 00 04 	addi    r9,r3,4
   1289c:	94 21 ff f0 	stwu    r1,-16(r1)
   128a0:	39 69 00 04 	addi    r11,r9,4
   128a4:	90 03 00 00 	stw     r0,0(r3)
   128a8:	70 c0 00 01 	andi.   r0,r6,1
   128ac:	80 04 00 04 	lwz     r0,4(r4)
   128b0:	90 03 00 04 	stw     r0,4(r3)
   128b4:	38 6b 00 04 	addi    r3,r11,4
   128b8:	80 04 00 08 	lwz     r0,8(r4)
   128bc:	90 09 00 04 	stw     r0,4(r9)
   128c0:	41 82 00 10 	beq     128d0 <_start+0x11784>
   128c4:	80 04 00 0c 	lwz     r0,12(r4)
   128c8:	38 63 00 04 	addi    r3,r3,4
   128cc:	90 0b 00 04 	stw     r0,4(r11)
   128d0:	70 c0 00 02 	andi.   r0,r6,2
   128d4:	40 82 00 20 	bne     128f4 <_start+0x117a8>
   128d8:	70 c0 00 04 	andi.   r0,r6,4
   128dc:	41 82 00 10 	beq     128ec <_start+0x117a0>
   128e0:	80 04 00 20 	lwz     r0,32(r4)
   128e4:	90 03 00 00 	stw     r0,0(r3)
   128e8:	38 63 00 04 	addi    r3,r3,4
   128ec:	38 21 00 10 	addi    r1,r1,16
   128f0:	4e 80 00 20 	blr
   128f4:	3d 20 00 01 	lis     r9,1
   128f8:	c1 44 00 14 	lfs     f10,20(r4)
   128fc:	c1 a9 63 9c 	lfs     f13,25500(r9)
   12900:	3d 20 00 01 	lis     r9,1
   12904:	c0 09 63 a0 	lfs     f0,25504(r9)
   12908:	c1 84 00 18 	lfs     f12,24(r4)
   1290c:	c1 64 00 10 	lfs     f11,16(r4)
   12910:	ed 4d 02 ba 	fmadds  f10,f13,f10,f0
   12914:	ed 8d 03 3a 	fmadds  f12,f13,f12,f0
   12918:	ed 6d 02 fa 	fmadds  f11,f13,f11,f0
   1291c:	d1 41 00 08 	stfs    f10,8(r1)
   12920:	81 41 00 08 	lwz     r10,8(r1)
   12924:	d1 81 00 08 	stfs    f12,8(r1)
   12928:	c1 84 00 1c 	lfs     f12,28(r4)
   1292c:	55 4a 44 2e 	rlwinm  r10,r10,8,16,23
   12930:	80 01 00 08 	lwz     r0,8(r1)
   12934:	ed 8d 03 3a 	fmadds  f12,f13,f12,f0
   12938:	d1 61 00 08 	stfs    f11,8(r1)
   1293c:	54 00 82 1e 	rlwinm  r0,r0,16,8,15
   12940:	7d 40 03 78 	or      r0,r10,r0
   12944:	81 61 00 08 	lwz     r11,8(r1)
   12948:	d1 81 00 08 	stfs    f12,8(r1)
   1294c:	55 6b 06 3e 	clrlwi  r11,r11,24
   12950:	7c 00 5b 78 	or      r0,r0,r11
   12954:	81 21 00 08 	lwz     r9,8(r1)
   12958:	55 29 c0 0e 	slwi    r9,r9,24
   1295c:	7c 00 4b 78 	or      r0,r0,r9
   12960:	90 03 00 00 	stw     r0,0(r3)
   12964:	38 63 00 04 	addi    r3,r3,4
   12968:	4b ff ff 70 	b       128d8 <_start+0x1178c>
   1296c:	80 04 00 00 	lwz     r0,0(r4)
   12970:	39 63 00 04 	addi    r11,r3,4
   12974:	94 21 ff f0 	stwu    r1,-16(r1)
   12978:	39 4b 00 04 	addi    r10,r11,4
   1297c:	81 25 00 00 	lwz     r9,0(r5)
   12980:	90 03 00 00 	stw     r0,0(r3)
   12984:	70 c0 00 01 	andi.   r0,r6,1
   12988:	80 04 00 04 	lwz     r0,4(r4)
   1298c:	90 03 00 04 	stw     r0,4(r3)
   12990:	38 6a 00 04 	addi    r3,r10,4
   12994:	80 04 00 08 	lwz     r0,8(r4)
   12998:	90 0b 00 04 	stw     r0,4(r11)
   1299c:	41 82 00 10 	beq     129ac <_start+0x11860>
   129a0:	80 04 00 0c 	lwz     r0,12(r4)
   129a4:	38 63 00 04 	addi    r3,r3,4
   129a8:	90 0a 00 04 	stw     r0,4(r10)
   129ac:	70 cb 00 02 	andi.   r11,r6,2
   129b0:	40 82 00 f0 	bne     12aa0 <_start+0x11954>
   129b4:	70 c0 00 04 	andi.   r0,r6,4
   129b8:	41 82 00 10 	beq     129c8 <_start+0x1187c>
   129bc:	80 04 00 20 	lwz     r0,32(r4)
   129c0:	90 03 00 00 	stw     r0,0(r3)
   129c4:	38 63 00 04 	addi    r3,r3,4
   129c8:	80 05 00 1c 	lwz     r0,28(r5)
   129cc:	70 0b 02 00 	andi.   r11,r0,512
   129d0:	41 82 00 68 	beq     12a38 <_start+0x118ec>
   129d4:	80 09 05 a8 	lwz     r0,1448(r9)
   129d8:	2f 80 00 00 	cmpwi   cr7,r0,0
   129dc:	41 9e 00 54 	beq     cr7,12a30 <_start+0x118e4>
   129e0:	1c 00 00 0c 	mulli   r0,r0,12
   129e4:	7c 03 02 14 	add     r0,r3,r0
   129e8:	c0 09 05 cc 	lfs     f0,1484(r9)
   129ec:	c1 64 00 24 	lfs     f11,36(r4)
   129f0:	c1 a4 00 28 	lfs     f13,40(r4)
   129f4:	c1 89 05 b4 	lfs     f12,1460(r9)
   129f8:	39 29 00 04 	addi    r9,r9,4
   129fc:	ed ad 00 32 	fmuls   f13,f13,f0
   12a00:	c0 04 00 2c 	lfs     f0,44(r4)
   12a04:	38 84 00 0c 	addi    r4,r4,12
   12a08:	ed 8b 03 32 	fmuls   f12,f11,f12
   12a0c:	ed ad 00 32 	fmuls   f13,f13,f0
   12a10:	d0 03 00 08 	stfs    f0,8(r3)
   12a14:	ed 8c 00 32 	fmuls   f12,f12,f0
   12a18:	d1 a3 00 04 	stfs    f13,4(r3)
   12a1c:	d1 83 00 00 	stfs    f12,0(r3)
   12a20:	38 63 00 0c 	addi    r3,r3,12
   12a24:	7f 80 18 00 	cmpw    cr7,r0,r3
   12a28:	40 9e ff c0 	bne     cr7,129e8 <_start+0x1189c>
   12a2c:	7c 03 03 78 	mr      r3,r0
   12a30:	38 21 00 10 	addi    r1,r1,16
   12a34:	4e 80 00 20 	blr
   12a38:	81 69 05 a8 	lwz     r11,1448(r9)
   12a3c:	2f 8b 00 00 	cmpwi   cr7,r11,0
   12a40:	41 be ff f0 	beq     cr7,12a30 <_start+0x118e4>
   12a44:	3d 40 00 01 	lis     r10,1
   12a48:	7d 69 03 a6 	mtctr   r11
   12a4c:	7c 6b 1b 78 	mr      r11,r3
   12a50:	80 0a 67 b0 	lwz     r0,26544(r10)
   12a54:	39 40 00 00 	li      r10,0
   12a58:	c0 04 00 24 	lfs     f0,36(r4)
   12a5c:	39 4a 00 01 	addi    r10,r10,1
   12a60:	c1 64 00 28 	lfs     f11,40(r4)
   12a64:	38 84 00 0c 	addi    r4,r4,12
   12a68:	c1 a9 05 cc 	lfs     f13,1484(r9)
   12a6c:	c1 89 05 b4 	lfs     f12,1460(r9)
   12a70:	39 29 00 04 	addi    r9,r9,4
   12a74:	90 0b 00 08 	stw     r0,8(r11)
   12a78:	ed ab 03 72 	fmuls   f13,f11,f13
   12a7c:	ec 0c 00 32 	fmuls   f0,f12,f0
   12a80:	d1 ab 00 04 	stfs    f13,4(r11)
   12a84:	d0 0b 00 00 	stfs    f0,0(r11)
   12a88:	39 6b 00 0c 	addi    r11,r11,12
   12a8c:	42 00 ff cc 	bdnz    12a58 <_start+0x1190c>
   12a90:	1d 4a 00 0c 	mulli   r10,r10,12
   12a94:	38 21 00 10 	addi    r1,r1,16
   12a98:	7c 63 52 14 	add     r3,r3,r10
   12a9c:	4e 80 00 20 	blr
   12aa0:	3d 60 00 01 	lis     r11,1
   12aa4:	c1 44 00 14 	lfs     f10,20(r4)
   12aa8:	c1 ab 63 9c 	lfs     f13,25500(r11)
   12aac:	3d 60 00 01 	lis     r11,1
   12ab0:	c0 0b 63 a0 	lfs     f0,25504(r11)
   12ab4:	c1 84 00 18 	lfs     f12,24(r4)
   12ab8:	c1 64 00 10 	lfs     f11,16(r4)
   12abc:	ed 4d 02 ba 	fmadds  f10,f13,f10,f0
   12ac0:	ed 8d 03 3a 	fmadds  f12,f13,f12,f0
   12ac4:	ed 6d 02 fa 	fmadds  f11,f13,f11,f0
   12ac8:	d1 41 00 08 	stfs    f10,8(r1)
   12acc:	81 01 00 08 	lwz     r8,8(r1)
   12ad0:	d1 81 00 08 	stfs    f12,8(r1)
   12ad4:	c1 84 00 1c 	lfs     f12,28(r4)
   12ad8:	55 08 44 2e 	rlwinm  r8,r8,8,16,23
   12adc:	80 01 00 08 	lwz     r0,8(r1)
   12ae0:	ed 8d 03 3a 	fmadds  f12,f13,f12,f0
   12ae4:	d1 61 00 08 	stfs    f11,8(r1)
   12ae8:	54 00 82 1e 	rlwinm  r0,r0,16,8,15
   12aec:	7d 00 03 78 	or      r0,r8,r0
   12af0:	81 41 00 08 	lwz     r10,8(r1)
   12af4:	d1 81 00 08 	stfs    f12,8(r1)
   12af8:	55 4a 06 3e 	clrlwi  r10,r10,24
   12afc:	7c 00 53 78 	or      r0,r0,r10
   12b00:	81 61 00 08 	lwz     r11,8(r1)
   12b04:	55 6b c0 0e 	slwi    r11,r11,24
   12b08:	7c 00 5b 78 	or      r0,r0,r11
   12b0c:	90 03 00 00 	stw     r0,0(r3)
   12b10:	38 63 00 04 	addi    r3,r3,4
   12b14:	4b ff fe a0 	b       129b4 <_start+0x11868>
   12b18:	80 04 00 00 	lwz     r0,0(r4)
   12b1c:	39 23 00 04 	addi    r9,r3,4
   12b20:	94 21 ff f0 	stwu    r1,-16(r1)
   12b24:	39 69 00 04 	addi    r11,r9,4
   12b28:	90 03 00 00 	stw     r0,0(r3)
   12b2c:	70 c0 00 02 	andi.   r0,r6,2
   12b30:	80 04 00 04 	lwz     r0,4(r4)
   12b34:	90 03 00 04 	stw     r0,4(r3)
   12b38:	38 6b 00 04 	addi    r3,r11,4
   12b3c:	80 04 00 08 	lwz     r0,8(r4)
   12b40:	90 09 00 04 	stw     r0,4(r9)
   12b44:	40 82 00 34 	bne     12b78 <_start+0x11a2c>
   12b48:	70 c0 00 04 	andi.   r0,r6,4
   12b4c:	41 82 00 24 	beq     12b70 <_start+0x11a24>
   12b50:	80 04 00 1c 	lwz     r0,28(r4)
   12b54:	39 23 00 04 	addi    r9,r3,4
   12b58:	90 03 00 00 	stw     r0,0(r3)
   12b5c:	80 04 00 20 	lwz     r0,32(r4)
   12b60:	90 03 00 04 	stw     r0,4(r3)
   12b64:	38 69 00 08 	addi    r3,r9,8
   12b68:	80 04 00 24 	lwz     r0,36(r4)
   12b6c:	90 09 00 04 	stw     r0,4(r9)
   12b70:	38 21 00 10 	addi    r1,r1,16
   12b74:	4e 80 00 20 	blr
   12b78:	3d 20 00 01 	lis     r9,1
   12b7c:	c1 44 00 10 	lfs     f10,16(r4)
   12b80:	38 63 00 04 	addi    r3,r3,4
   12b84:	c1 a9 63 9c 	lfs     f13,25500(r9)
   12b88:	3d 20 00 01 	lis     r9,1
   12b8c:	c0 09 63 a0 	lfs     f0,25504(r9)
   12b90:	c1 84 00 14 	lfs     f12,20(r4)
   12b94:	c1 64 00 0c 	lfs     f11,12(r4)
   12b98:	ed 4d 02 ba 	fmadds  f10,f13,f10,f0
   12b9c:	ed 8d 03 3a 	fmadds  f12,f13,f12,f0
   12ba0:	ed 6d 02 fa 	fmadds  f11,f13,f11,f0
   12ba4:	d1 41 00 08 	stfs    f10,8(r1)
   12ba8:	81 01 00 08 	lwz     r8,8(r1)
   12bac:	d1 81 00 08 	stfs    f12,8(r1)
   12bb0:	c1 84 00 18 	lfs     f12,24(r4)
   12bb4:	55 08 44 2e 	rlwinm  r8,r8,8,16,23
   12bb8:	80 01 00 08 	lwz     r0,8(r1)
   12bbc:	ed 8d 03 3a 	fmadds  f12,f13,f12,f0
   12bc0:	d1 61 00 08 	stfs    f11,8(r1)
   12bc4:	54 00 82 1e 	rlwinm  r0,r0,16,8,15
   12bc8:	7d 00 03 78 	or      r0,r8,r0
   12bcc:	81 41 00 08 	lwz     r10,8(r1)
   12bd0:	d1 81 00 08 	stfs    f12,8(r1)
   12bd4:	55 4a 06 3e 	clrlwi  r10,r10,24
   12bd8:	7c 00 53 78 	or      r0,r0,r10
   12bdc:	81 21 00 08 	lwz     r9,8(r1)
   12be0:	55 29 c0 0e 	slwi    r9,r9,24
   12be4:	7c 00 4b 78 	or      r0,r0,r9
   12be8:	90 0b 00 04 	stw     r0,4(r11)
   12bec:	4b ff ff 5c 	b       12b48 <_start+0x119fc>
   12bf0:	80 04 00 00 	lwz     r0,0(r4)
   12bf4:	39 63 00 04 	addi    r11,r3,4
   12bf8:	94 21 ff f0 	stwu    r1,-16(r1)
   12bfc:	39 4b 00 04 	addi    r10,r11,4
   12c00:	81 25 00 00 	lwz     r9,0(r5)
   12c04:	90 03 00 00 	stw     r0,0(r3)
   12c08:	70 c0 00 02 	andi.   r0,r6,2
   12c0c:	80 04 00 04 	lwz     r0,4(r4)
   12c10:	90 03 00 04 	stw     r0,4(r3)
   12c14:	38 6a 00 04 	addi    r3,r10,4
   12c18:	80 04 00 08 	lwz     r0,8(r4)
   12c1c:	90 0b 00 04 	stw     r0,4(r11)
   12c20:	40 82 01 04 	bne     12d24 <_start+0x11bd8>
   12c24:	70 cb 00 04 	andi.   r11,r6,4
   12c28:	41 82 00 24 	beq     12c4c <_start+0x11b00>
   12c2c:	80 04 00 1c 	lwz     r0,28(r4)
   12c30:	39 63 00 04 	addi    r11,r3,4
   12c34:	90 03 00 00 	stw     r0,0(r3)
   12c38:	80 04 00 20 	lwz     r0,32(r4)
   12c3c:	90 03 00 04 	stw     r0,4(r3)
   12c40:	38 6b 00 08 	addi    r3,r11,8
   12c44:	80 04 00 24 	lwz     r0,36(r4)
   12c48:	90 0b 00 04 	stw     r0,4(r11)
   12c4c:	80 05 00 1c 	lwz     r0,28(r5)
   12c50:	70 0b 02 00 	andi.   r11,r0,512
   12c54:	41 82 00 68 	beq     12cbc <_start+0x11b70>
   12c58:	80 09 05 a8 	lwz     r0,1448(r9)
   12c5c:	2f 80 00 00 	cmpwi   cr7,r0,0
   12c60:	41 9e 00 54 	beq     cr7,12cb4 <_start+0x11b68>
   12c64:	1c 00 00 0c 	mulli   r0,r0,12
   12c68:	7c 03 02 14 	add     r0,r3,r0
   12c6c:	c0 09 05 cc 	lfs     f0,1484(r9)
   12c70:	c1 64 00 2c 	lfs     f11,44(r4)
   12c74:	c1 a4 00 30 	lfs     f13,48(r4)
   12c78:	c1 89 05 b4 	lfs     f12,1460(r9)
   12c7c:	39 29 00 04 	addi    r9,r9,4
   12c80:	ed ad 00 32 	fmuls   f13,f13,f0
   12c84:	c0 04 00 34 	lfs     f0,52(r4)
   12c88:	38 84 00 0c 	addi    r4,r4,12
   12c8c:	ed 8b 03 32 	fmuls   f12,f11,f12
   12c90:	ed ad 00 32 	fmuls   f13,f13,f0
   12c94:	d0 03 00 08 	stfs    f0,8(r3)
   12c98:	ed 8c 00 32 	fmuls   f12,f12,f0
   12c9c:	d1 a3 00 04 	stfs    f13,4(r3)
   12ca0:	d1 83 00 00 	stfs    f12,0(r3)
   12ca4:	38 63 00 0c 	addi    r3,r3,12
   12ca8:	7f 80 18 00 	cmpw    cr7,r0,r3
   12cac:	40 9e ff c0 	bne     cr7,12c6c <_start+0x11b20>
   12cb0:	7c 03 03 78 	mr      r3,r0
   12cb4:	38 21 00 10 	addi    r1,r1,16
   12cb8:	4e 80 00 20 	blr
   12cbc:	81 69 05 a8 	lwz     r11,1448(r9)
   12cc0:	2f 8b 00 00 	cmpwi   cr7,r11,0
   12cc4:	41 be ff f0 	beq     cr7,12cb4 <_start+0x11b68>
   12cc8:	3d 40 00 01 	lis     r10,1
   12ccc:	7d 69 03 a6 	mtctr   r11
   12cd0:	7c 6b 1b 78 	mr      r11,r3
   12cd4:	80 0a 67 b0 	lwz     r0,26544(r10)
   12cd8:	39 40 00 00 	li      r10,0
   12cdc:	c0 04 00 2c 	lfs     f0,44(r4)
   12ce0:	39 4a 00 01 	addi    r10,r10,1
   12ce4:	c1 64 00 30 	lfs     f11,48(r4)
   12ce8:	38 84 00 0c 	addi    r4,r4,12
   12cec:	c1 a9 05 cc 	lfs     f13,1484(r9)
   12cf0:	c1 89 05 b4 	lfs     f12,1460(r9)
   12cf4:	39 29 00 04 	addi    r9,r9,4
   12cf8:	90 0b 00 08 	stw     r0,8(r11)
   12cfc:	ed ab 03 72 	fmuls   f13,f11,f13
   12d00:	ec 0c 00 32 	fmuls   f0,f12,f0
   12d04:	d1 ab 00 04 	stfs    f13,4(r11)
   12d08:	d0 0b 00 00 	stfs    f0,0(r11)
   12d0c:	39 6b 00 0c 	addi    r11,r11,12
   12d10:	42 00 ff cc 	bdnz    12cdc <_start+0x11b90>
   12d14:	1d 4a 00 0c 	mulli   r10,r10,12
   12d18:	38 21 00 10 	addi    r1,r1,16
   12d1c:	7c 63 52 14 	add     r3,r3,r10
   12d20:	4e 80 00 20 	blr
   12d24:	3d 60 00 01 	lis     r11,1
   12d28:	c1 44 00 10 	lfs     f10,16(r4)
   12d2c:	38 63 00 04 	addi    r3,r3,4
   12d30:	c1 ab 63 9c 	lfs     f13,25500(r11)
   12d34:	3d 60 00 01 	lis     r11,1
   12d38:	c0 0b 63 a0 	lfs     f0,25504(r11)
   12d3c:	c1 84 00 14 	lfs     f12,20(r4)
   12d40:	c1 64 00 0c 	lfs     f11,12(r4)
   12d44:	ed 4d 02 ba 	fmadds  f10,f13,f10,f0
   12d48:	ed 8d 03 3a 	fmadds  f12,f13,f12,f0
   12d4c:	ed 6d 02 fa 	fmadds  f11,f13,f11,f0
   12d50:	d1 41 00 08 	stfs    f10,8(r1)
   12d54:	80 e1 00 08 	lwz     r7,8(r1)
   12d58:	d1 81 00 08 	stfs    f12,8(r1)
   12d5c:	c1 84 00 18 	lfs     f12,24(r4)
   12d60:	54 e7 44 2e 	rlwinm  r7,r7,8,16,23
   12d64:	80 01 00 08 	lwz     r0,8(r1)
   12d68:	ed 8d 03 3a 	fmadds  f12,f13,f12,f0
   12d6c:	d1 61 00 08 	stfs    f11,8(r1)
   12d70:	54 00 82 1e 	rlwinm  r0,r0,16,8,15
   12d74:	7c e0 03 78 	or      r0,r7,r0
   12d78:	81 01 00 08 	lwz     r8,8(r1)
   12d7c:	d1 81 00 08 	stfs    f12,8(r1)
   12d80:	55 08 06 3e 	clrlwi  r8,r8,24
   12d84:	7c 00 43 78 	or      r0,r0,r8
   12d88:	81 61 00 08 	lwz     r11,8(r1)
   12d8c:	55 6b c0 0e 	slwi    r11,r11,24
   12d90:	7c 00 5b 78 	or      r0,r0,r11
   12d94:	90 0a 00 04 	stw     r0,4(r10)
   12d98:	4b ff fe 8c 	b       12c24 <_start+0x11ad8>
   12d9c:	80 04 00 00 	lwz     r0,0(r4)
   12da0:	39 23 00 04 	addi    r9,r3,4
   12da4:	94 21 ff f0 	stwu    r1,-16(r1)
   12da8:	39 69 00 04 	addi    r11,r9,4
   12dac:	90 03 00 00 	stw     r0,0(r3)
   12db0:	70 c0 00 02 	andi.   r0,r6,2
   12db4:	80 04 00 04 	lwz     r0,4(r4)
   12db8:	90 03 00 04 	stw     r0,4(r3)
   12dbc:	38 6b 00 04 	addi    r3,r11,4
   12dc0:	80 04 00 08 	lwz     r0,8(r4)
   12dc4:	90 09 00 04 	stw     r0,4(r9)
   12dc8:	40 82 00 20 	bne     12de8 <_start+0x11c9c>
   12dcc:	70 c0 00 04 	andi.   r0,r6,4
   12dd0:	41 82 00 10 	beq     12de0 <_start+0x11c94>
   12dd4:	80 04 00 1c 	lwz     r0,28(r4)
   12dd8:	90 03 00 00 	stw     r0,0(r3)
   12ddc:	38 63 00 04 	addi    r3,r3,4
   12de0:	38 21 00 10 	addi    r1,r1,16
   12de4:	4e 80 00 20 	blr
   12de8:	3d 20 00 01 	lis     r9,1
   12dec:	c1 44 00 10 	lfs     f10,16(r4)
   12df0:	38 63 00 04 	addi    r3,r3,4
   12df4:	c1 a9 63 9c 	lfs     f13,25500(r9)
   12df8:	3d 20 00 01 	lis     r9,1
   12dfc:	c0 09 63 a0 	lfs     f0,25504(r9)
   12e00:	c1 84 00 14 	lfs     f12,20(r4)
   12e04:	c1 64 00 0c 	lfs     f11,12(r4)
   12e08:	ed 4d 02 ba 	fmadds  f10,f13,f10,f0
   12e0c:	ed 8d 03 3a 	fmadds  f12,f13,f12,f0
   12e10:	ed 6d 02 fa 	fmadds  f11,f13,f11,f0
   12e14:	d1 41 00 08 	stfs    f10,8(r1)
   12e18:	81 01 00 08 	lwz     r8,8(r1)
   12e1c:	d1 81 00 08 	stfs    f12,8(r1)
   12e20:	c1 84 00 18 	lfs     f12,24(r4)
   12e24:	55 08 44 2e 	rlwinm  r8,r8,8,16,23
   12e28:	80 01 00 08 	lwz     r0,8(r1)
   12e2c:	ed 8d 03 3a 	fmadds  f12,f13,f12,f0
   12e30:	d1 61 00 08 	stfs    f11,8(r1)
   12e34:	54 00 82 1e 	rlwinm  r0,r0,16,8,15
   12e38:	7d 00 03 78 	or      r0,r8,r0
   12e3c:	81 41 00 08 	lwz     r10,8(r1)
   12e40:	d1 81 00 08 	stfs    f12,8(r1)
   12e44:	55 4a 06 3e 	clrlwi  r10,r10,24
   12e48:	7c 00 53 78 	or      r0,r0,r10
   12e4c:	81 21 00 08 	lwz     r9,8(r1)
   12e50:	55 29 c0 0e 	slwi    r9,r9,24
   12e54:	7c 00 4b 78 	or      r0,r0,r9
   12e58:	90 0b 00 04 	stw     r0,4(r11)
   12e5c:	4b ff ff 70 	b       12dcc <_start+0x11c80>
   12e60:	4e 80 00 20 	blr
   12e64:	7c 00 04 ac 	hwsync
   12e68:	7c 00 06 ac 	eieio
   12e6c:	3d 20 00 02 	lis     r9,2
   12e70:	81 69 03 70 	lwz     r11,880(r9)
   12e74:	81 6b 00 10 	lwz     r11,16(r11)
   12e78:	80 0b 34 2c 	lwz     r0,13356(r11)
   12e7c:	60 00 00 0f 	ori     r0,r0,15
   12e80:	90 0b 34 2c 	stw     r0,13356(r11)
   12e84:	7c 00 04 ac 	hwsync
   12e88:	7c 00 06 ac 	eieio
   12e8c:	7c 00 04 ac 	hwsync
   12e90:	7c 00 06 ac 	eieio
   12e94:	81 29 03 70 	lwz     r9,880(r9)
   12e98:	81 29 00 10 	lwz     r9,16(r9)
   12e9c:	80 09 34 2c 	lwz     r0,13356(r9)
   12ea0:	39 29 34 2c 	addi    r9,r9,13356
   12ea4:	2f 80 00 00 	cmpwi   cr7,r0,0
   12ea8:	4c 9c 00 20 	bgelr   cr7
   12eac:	38 00 40 00 	li      r0,16384
   12eb0:	7c 09 03 a6 	mtctr   r0
   12eb4:	7c 00 04 ac 	hwsync
   12eb8:	7c 00 06 ac 	eieio
   12ebc:	80 09 00 00 	lwz     r0,0(r9)
   12ec0:	2f 80 00 00 	cmpwi   cr7,r0,0
   12ec4:	4c 9c 00 20 	bgelr   cr7
   12ec8:	42 00 ff ec 	bdnz    12eb4 <_start+0x11d68>
   12ecc:	4e 80 00 20 	blr
   12ed0:	7c 00 04 ac 	hwsync
   12ed4:	7c 00 06 ac 	eieio
   12ed8:	3d 20 00 02 	lis     r9,2
   12edc:	81 29 03 70 	lwz     r9,880(r9)
   12ee0:	81 29 00 10 	lwz     r9,16(r9)
   12ee4:	80 69 0e 40 	lwz     r3,3648(r9)
   12ee8:	54 63 06 7e 	clrlwi  r3,r3,25
   12eec:	20 63 00 3f 	subfic  r3,r3,63
   12ef0:	7c 63 19 10 	subfe   r3,r3,r3
   12ef4:	7c 63 00 d0 	neg     r3,r3
   12ef8:	4e 80 00 20 	blr
   12efc:	2c 04 00 00 	cmpwi   r4,0
   12f00:	7c 60 1b 78 	mr      r0,r3
   12f04:	41 82 00 0c 	beq     12f10 <_start+0x11dc4>
   12f08:	39 20 00 00 	li      r9,0
   12f0c:	b1 24 00 00 	sth     r9,0(r4)
   12f10:	2f 80 00 80 	cmpwi   cr7,r0,128
   12f14:	41 9e 00 54 	beq     cr7,12f68 <_start+0x11e1c>
   12f18:	2b 80 00 80 	cmplwi  cr7,r0,128
   12f1c:	40 9d 00 1c 	ble     cr7,12f38 <_start+0x11dec>
   12f20:	2f 80 08 00 	cmpwi   cr7,r0,2048
   12f24:	41 9e 00 4c 	beq     cr7,12f70 <_start+0x11e24>
   12f28:	2f 80 40 00 	cmpwi   cr7,r0,16384
   12f2c:	41 9e 00 34 	beq     cr7,12f60 <_start+0x11e14>
   12f30:	38 60 00 00 	li      r3,0
   12f34:	4e 80 00 20 	blr
   12f38:	2f 80 00 02 	cmpwi   cr7,r0,2
   12f3c:	38 60 0c 00 	li      r3,3072
   12f40:	4d 9e 00 20 	beqlr   cr7
   12f44:	2f 80 00 20 	cmpwi   cr7,r0,32
   12f48:	40 9e ff e8 	bne     cr7,12f30 <_start+0x11de4>
   12f4c:	41 82 00 1c 	beq     12f68 <_start+0x11e1c>
   12f50:	38 00 00 01 	li      r0,1
   12f54:	38 60 10 00 	li      r3,4096
   12f58:	b0 04 00 00 	sth     r0,0(r4)
   12f5c:	4e 80 00 20 	blr
   12f60:	38 60 18 00 	li      r3,6144
   12f64:	4e 80 00 20 	blr
   12f68:	38 60 10 00 	li      r3,4096
   12f6c:	4e 80 00 20 	blr
   12f70:	41 a2 ff f0 	beq     12f60 <_start+0x11e14>
   12f74:	38 00 00 01 	li      r0,1
   12f78:	38 60 18 00 	li      r3,6144
   12f7c:	b0 04 00 00 	sth     r0,0(r4)
   12f80:	4e 80 00 20 	blr
   12f84:	2f 83 00 80 	cmpwi   cr7,r3,128
   12f88:	41 9e 00 34 	beq     cr7,12fbc <_start+0x11e70>
   12f8c:	2b 83 00 80 	cmplwi  cr7,r3,128
   12f90:	40 9d 00 1c 	ble     cr7,12fac <_start+0x11e60>
   12f94:	2f 83 08 00 	cmpwi   cr7,r3,2048
   12f98:	41 9e 00 2c 	beq     cr7,12fc4 <_start+0x11e78>
   12f9c:	2f 83 40 00 	cmpwi   cr7,r3,16384
   12fa0:	41 9e 00 24 	beq     cr7,12fc4 <_start+0x11e78>
   12fa4:	38 60 00 00 	li      r3,0
   12fa8:	4e 80 00 20 	blr
   12fac:	2f 83 00 02 	cmpwi   cr7,r3,2
   12fb0:	41 9e 00 0c 	beq     cr7,12fbc <_start+0x11e70>
   12fb4:	2f 83 00 20 	cmpwi   cr7,r3,32
   12fb8:	40 9e ff ec 	bne     cr7,12fa4 <_start+0x11e58>
   12fbc:	38 60 00 02 	li      r3,2
   12fc0:	4e 80 00 20 	blr
   12fc4:	38 60 00 04 	li      r3,4
   12fc8:	4e 80 00 20 	blr
   12fcc:	2f 83 00 10 	cmpwi   cr7,r3,16
   12fd0:	7c 60 1b 78 	mr      r0,r3
   12fd4:	41 9e 00 54 	beq     cr7,13028 <_start+0x11edc>
   12fd8:	2b 83 00 10 	cmplwi  cr7,r3,16
   12fdc:	40 9d 00 28 	ble     cr7,13004 <_start+0x11eb8>
   12fe0:	2f 83 00 80 	cmpwi   cr7,r3,128
   12fe4:	41 9e 00 4c 	beq     cr7,13030 <_start+0x11ee4>
   12fe8:	2f 83 08 00 	cmpwi   cr7,r3,2048
   12fec:	38 60 00 06 	li      r3,6
   12ff0:	4d 9e 00 20 	beqlr   cr7
   12ff4:	2f 80 00 20 	cmpwi   cr7,r0,32
   12ff8:	41 9e 00 38 	beq     cr7,13030 <_start+0x11ee4>
   12ffc:	38 60 00 00 	li      r3,0
   13000:	4e 80 00 20 	blr
   13004:	2f 83 00 02 	cmpwi   cr7,r3,2
   13008:	41 9e 00 20 	beq     cr7,13028 <_start+0x11edc>
   1300c:	2f 83 00 04 	cmpwi   cr7,r3,4
   13010:	41 9e 00 18 	beq     cr7,13028 <_start+0x11edc>
   13014:	2f 83 00 01 	cmpwi   cr7,r3,1
   13018:	38 60 00 02 	li      r3,2
   1301c:	4d 9e 00 20 	beqlr   cr7
   13020:	38 60 00 00 	li      r3,0
   13024:	4e 80 00 20 	blr
   13028:	38 60 00 03 	li      r3,3
   1302c:	4e 80 00 20 	blr
   13030:	38 60 00 04 	li      r3,4
   13034:	4e 80 00 20 	blr
   13038:	38 03 ff ff 	addi    r0,r3,-1
   1303c:	38 60 00 00 	li      r3,0
   13040:	2b 80 00 0a 	cmplwi  cr7,r0,10
   13044:	4d 9d 00 20 	bgtlr   cr7
   13048:	3d 20 00 01 	lis     r9,1
   1304c:	54 00 10 3a 	slwi    r0,r0,2
   13050:	39 29 78 08 	addi    r9,r9,30728
   13054:	7c 69 00 2e 	lwzx    r3,r9,r0
   13058:	4e 80 00 20 	blr
   1305c:	2c 03 00 00 	cmpwi   r3,0
   13060:	39 20 00 00 	li      r9,0
   13064:	41 82 00 08 	beq     1306c <_start+0x11f20>
   13068:	81 23 00 00 	lwz     r9,0(r3)
   1306c:	81 69 00 18 	lwz     r11,24(r9)
   13070:	54 a0 80 1e 	slwi    r0,r5,16
   13074:	38 a5 ff ff 	addi    r5,r5,-1
   13078:	7c 00 23 78 	or      r0,r0,r4
   1307c:	7c a5 3a 14 	add     r5,r5,r7
   13080:	90 0b 00 64 	stw     r0,100(r11)
   13084:	38 84 ff ff 	addi    r4,r4,-1
   13088:	54 a5 80 1e 	slwi    r5,r5,16
   1308c:	7c c4 32 14 	add     r6,r4,r6
   13090:	7c a6 33 78 	or      r6,r5,r6
   13094:	81 69 00 18 	lwz     r11,24(r9)
   13098:	80 0b 00 0c 	lwz     r0,12(r11)
   1309c:	60 00 00 40 	ori     r0,r0,64
   130a0:	90 0b 00 0c 	stw     r0,12(r11)
   130a4:	81 69 00 18 	lwz     r11,24(r9)
   130a8:	90 cb 00 3c 	stw     r6,60(r11)
   130ac:	81 29 00 18 	lwz     r9,24(r9)
   130b0:	80 09 00 0c 	lwz     r0,12(r9)
   130b4:	60 00 00 08 	ori     r0,r0,8
   130b8:	90 09 00 0c 	stw     r0,12(r9)
   130bc:	4e 80 00 20 	blr
   130c0:	2c 03 00 00 	cmpwi   r3,0
   130c4:	94 21 ff e0 	stwu    r1,-32(r1)
   130c8:	39 20 00 00 	li      r9,0
   130cc:	41 82 00 08 	beq     130d4 <_start+0x11f88>
   130d0:	81 23 00 00 	lwz     r9,0(r3)
   130d4:	3d 60 00 01 	lis     r11,1
   130d8:	c0 0b 76 38 	lfs     f0,30264(r11)
   130dc:	3d 60 00 01 	lis     r11,1
   130e0:	ec 21 00 32 	fmuls   f1,f1,f0
   130e4:	c0 0b 64 c0 	lfs     f0,25792(r11)
   130e8:	ff 81 00 00 	fcmpu   cr7,f1,f0
   130ec:	4f dd f3 82 	cror    4*cr7+eq,4*cr7+gt,4*cr7+eq
   130f0:	41 9e 00 34 	beq     cr7,13124 <_start+0x11fd8>
   130f4:	fc 20 08 1e 	fctiwz  f1,f1
   130f8:	d8 21 00 08 	stfd    f1,8(r1)
   130fc:	81 61 00 0c 	lwz     r11,12(r1)
   13100:	38 21 00 20 	addi    r1,r1,32
   13104:	81 49 00 18 	lwz     r10,24(r9)
   13108:	65 6b 10 00 	oris    r11,r11,4096
   1310c:	91 6a 00 f4 	stw     r11,244(r10)
   13110:	81 29 00 18 	lwz     r9,24(r9)
   13114:	80 09 00 0c 	lwz     r0,12(r9)
   13118:	64 00 00 40 	oris    r0,r0,64
   1311c:	90 09 00 0c 	stw     r0,12(r9)
   13120:	4e 80 00 20 	blr
   13124:	fc 01 00 28 	fsub    f0,f1,f0
   13128:	fc 00 00 1e 	fctiwz  f0,f0
   1312c:	d8 01 00 10 	stfd    f0,16(r1)
   13130:	81 61 00 14 	lwz     r11,20(r1)
   13134:	38 21 00 20 	addi    r1,r1,32
   13138:	81 49 00 18 	lwz     r10,24(r9)
   1313c:	3d 6b 80 00 	addis   r11,r11,-32768
   13140:	65 6b 10 00 	oris    r11,r11,4096
   13144:	91 6a 00 f4 	stw     r11,244(r10)
   13148:	81 29 00 18 	lwz     r9,24(r9)
   1314c:	80 09 00 0c 	lwz     r0,12(r9)
   13150:	64 00 00 40 	oris    r0,r0,64
   13154:	90 09 00 0c 	stw     r0,12(r9)
   13158:	4e 80 00 20 	blr
   1315c:	4e 80 00 20 	blr
   13160:	3d 20 00 01 	lis     r9,1
   13164:	3d 40 00 02 	lis     r10,2
   13168:	94 21 ff e0 	stwu    r1,-32(r1)
   1316c:	c1 a9 64 c0 	lfs     f13,25792(r9)
   13170:	38 00 01 00 	li      r0,256
   13174:	3d 20 00 01 	lis     r9,1
   13178:	c1 89 64 bc 	lfs     f12,25788(r9)
   1317c:	39 4a 03 70 	addi    r10,r10,880
   13180:	39 20 00 00 	li      r9,0
   13184:	7c 09 03 a6 	mtctr   r0
   13188:	48 00 00 30 	b       131b8 <_start+0x1206c>
   1318c:	fc 00 00 1e 	fctiwz  f0,f0
   13190:	d8 01 00 08 	stfd    f0,8(r1)
   13194:	81 0a 00 00 	lwz     r8,0(r10)
   13198:	81 61 00 0c 	lwz     r11,12(r1)
   1319c:	81 08 00 10 	lwz     r8,16(r8)
   131a0:	91 68 1d 54 	stw     r11,7508(r8)
   131a4:	7c 00 04 ac 	hwsync
   131a8:	7c 00 06 ac 	eieio
   131ac:	39 29 00 01 	addi    r9,r9,1
   131b0:	38 63 00 04 	addi    r3,r3,4
   131b4:	42 40 00 60 	bdz     13214 <_start+0x120c8>
   131b8:	81 6a 00 00 	lwz     r11,0(r10)
   131bc:	81 6b 00 10 	lwz     r11,16(r11)
   131c0:	91 2b 1d 50 	stw     r9,7504(r11)
   131c4:	7c 00 04 ac 	hwsync
   131c8:	7c 00 06 ac 	eieio
   131cc:	c0 03 01 80 	lfs     f0,384(r3)
   131d0:	ec 0c 00 32 	fmuls   f0,f12,f0
   131d4:	ff 80 68 00 	fcmpu   cr7,f0,f13
   131d8:	4f dd f3 82 	cror    4*cr7+eq,4*cr7+gt,4*cr7+eq
   131dc:	40 9e ff b0 	bne     cr7,1318c <_start+0x12040>
   131e0:	fc 00 68 28 	fsub    f0,f0,f13
   131e4:	fc 00 00 1e 	fctiwz  f0,f0
   131e8:	d8 01 00 10 	stfd    f0,16(r1)
   131ec:	81 0a 00 00 	lwz     r8,0(r10)
   131f0:	81 61 00 14 	lwz     r11,20(r1)
   131f4:	81 08 00 10 	lwz     r8,16(r8)
   131f8:	3d 6b 80 00 	addis   r11,r11,-32768
   131fc:	91 68 1d 54 	stw     r11,7508(r8)
   13200:	7c 00 04 ac 	hwsync
   13204:	7c 00 06 ac 	eieio
   13208:	39 29 00 01 	addi    r9,r9,1
   1320c:	38 63 00 04 	addi    r3,r3,4
   13210:	42 00 ff a8 	bdnz    131b8 <_start+0x1206c>
   13214:	38 21 00 20 	addi    r1,r1,32
   13218:	4e 80 00 20 	blr
   1321c:	4e 80 00 20 	blr
   13220:	94 21 ff 60 	stwu    r1,-160(r1)
   13224:	7c 08 02 a6 	mflr    r0
   13228:	39 20 00 00 	li      r9,0
   1322c:	90 01 00 a4 	stw     r0,164(r1)
   13230:	38 00 07 32 	li      r0,1842
   13234:	38 81 00 08 	addi    r4,r1,8
   13238:	90 01 00 08 	stw     r0,8(r1)
   1323c:	38 00 00 00 	li      r0,0
   13240:	90 01 00 0c 	stw     r0,12(r1)
   13244:	3c 00 00 1f 	lis     r0,31
   13248:	60 00 87 33 	ori     r0,r0,34611
   1324c:	90 01 00 10 	stw     r0,16(r1)
   13250:	38 00 00 20 	li      r0,32
   13254:	7c 09 03 a6 	mtctr   r0
   13258:	7d 63 4a 14 	add     r11,r3,r9
   1325c:	80 0b 07 2c 	lwz     r0,1836(r11)
   13260:	7d 64 4a 14 	add     r11,r4,r9
   13264:	39 29 00 04 	addi    r9,r9,4
   13268:	90 0b 00 0c 	stw     r0,12(r11)
   1326c:	42 00 ff ec 	bdnz    13258 <_start+0x1210c>
   13270:	3d 20 00 02 	lis     r9,2
   13274:	38 a0 00 23 	li      r5,35
   13278:	81 29 03 74 	lwz     r9,884(r9)
   1327c:	80 09 00 28 	lwz     r0,40(r9)
   13280:	3d 20 00 02 	lis     r9,2
   13284:	80 69 03 70 	lwz     r3,880(r9)
   13288:	7c 09 03 a6 	mtctr   r0
   1328c:	4e 80 04 21 	bctrl
   13290:	80 01 00 a4 	lwz     r0,164(r1)
   13294:	38 21 00 a0 	addi    r1,r1,160
   13298:	7c 08 03 a6 	mtlr    r0
   1329c:	4e 80 00 20 	blr
   132a0:	81 23 00 18 	lwz     r9,24(r3)
   132a4:	54 8b 10 3a 	slwi    r11,r4,2
   132a8:	39 4b ff ff 	addi    r10,r11,-1
   132ac:	81 09 00 04 	lwz     r8,4(r9)
   132b0:	55 4a 80 1e 	slwi    r10,r10,16
   132b4:	80 09 00 0c 	lwz     r0,12(r9)
   132b8:	61 4a 0b c0 	ori     r10,r10,3008
   132bc:	39 08 00 01 	addi    r8,r8,1
   132c0:	90 89 00 10 	stw     r4,16(r9)
   132c4:	7d 68 5a 14 	add     r11,r8,r11
   132c8:	60 00 20 00 	ori     r0,r0,8192
   132cc:	91 49 01 7c 	stw     r10,380(r9)
   132d0:	91 69 00 00 	stw     r11,0(r9)
   132d4:	90 09 00 0c 	stw     r0,12(r9)
   132d8:	4e 80 00 20 	blr
   132dc:	81 23 00 18 	lwz     r9,24(r3)
   132e0:	38 84 00 18 	addi    r4,r4,24
   132e4:	54 84 20 36 	slwi    r4,r4,4
   132e8:	7c a9 21 2e 	stwx    r5,r9,r4
   132ec:	81 23 00 18 	lwz     r9,24(r3)
   132f0:	7d 29 22 14 	add     r9,r9,r4
   132f4:	90 c9 00 04 	stw     r6,4(r9)
   132f8:	81 23 00 18 	lwz     r9,24(r3)
   132fc:	7d 29 22 14 	add     r9,r9,r4
   13300:	90 e9 00 08 	stw     r7,8(r9)
   13304:	80 03 00 18 	lwz     r0,24(r3)
   13308:	7c 80 22 14 	add     r4,r0,r4
   1330c:	91 04 00 0c 	stw     r8,12(r4)
   13310:	81 23 00 18 	lwz     r9,24(r3)
   13314:	80 09 00 0c 	lwz     r0,12(r9)
   13318:	60 00 20 00 	ori     r0,r0,8192
   1331c:	90 09 00 0c 	stw     r0,12(r9)
   13320:	4e 80 00 20 	blr
   13324:	2b 85 00 04 	cmplwi  cr7,r5,4
   13328:	4d 9d 00 20 	bgtlr   cr7
   1332c:	3d 20 00 01 	lis     r9,1
   13330:	54 a5 10 3a 	slwi    r5,r5,2
   13334:	39 29 77 7c 	addi    r9,r9,30588
   13338:	7c 09 28 2e 	lwzx    r0,r9,r5
   1333c:	7d 20 4a 14 	add     r9,r0,r9
   13340:	7d 29 03 a6 	mtctr   r9
   13344:	4e 80 04 20 	bctr
   13348:	2b 84 00 05 	cmplwi  cr7,r4,5
   1334c:	4d 9d 00 20 	bgtlr   cr7
   13350:	3d 20 00 01 	lis     r9,1
   13354:	54 84 10 3a 	slwi    r4,r4,2
   13358:	39 29 77 90 	addi    r9,r9,30608
   1335c:	7c 09 20 2e 	lwzx    r0,r9,r4
   13360:	7d 20 4a 14 	add     r9,r0,r9
   13364:	7d 29 03 a6 	mtctr   r9
   13368:	4e 80 04 20 	bctr
   1336c:	2b 84 00 05 	cmplwi  cr7,r4,5
   13370:	4d 9d 00 20 	bgtlr   cr7
   13374:	3d 20 00 01 	lis     r9,1
   13378:	54 84 10 3a 	slwi    r4,r4,2
   1337c:	39 29 77 a8 	addi    r9,r9,30632
   13380:	7c 09 20 2e 	lwzx    r0,r9,r4
   13384:	7d 20 4a 14 	add     r9,r0,r9
   13388:	7d 29 03 a6 	mtctr   r9
   1338c:	4e 80 04 20 	bctr
   13390:	2b 84 00 05 	cmplwi  cr7,r4,5
   13394:	4d 9d 00 20 	bgtlr   cr7
   13398:	3d 20 00 01 	lis     r9,1
   1339c:	54 84 10 3a 	slwi    r4,r4,2
   133a0:	39 29 77 c0 	addi    r9,r9,30656
   133a4:	7c 09 20 2e 	lwzx    r0,r9,r4
   133a8:	7d 20 4a 14 	add     r9,r0,r9
   133ac:	7d 29 03 a6 	mtctr   r9
   133b0:	4e 80 04 20 	bctr
   133b4:	2b 84 00 05 	cmplwi  cr7,r4,5
   133b8:	4d 9d 00 20 	bgtlr   cr7
   133bc:	3d 20 00 01 	lis     r9,1
   133c0:	54 84 10 3a 	slwi    r4,r4,2
   133c4:	39 29 77 d8 	addi    r9,r9,30680
   133c8:	7c 09 20 2e 	lwzx    r0,r9,r4
   133cc:	7d 20 4a 14 	add     r9,r0,r9
   133d0:	7d 29 03 a6 	mtctr   r9
   133d4:	4e 80 04 20 	bctr
   133d8:	2b 84 00 05 	cmplwi  cr7,r4,5
   133dc:	4d 9d 00 20 	bgtlr   cr7
   133e0:	3d 20 00 01 	lis     r9,1
   133e4:	54 84 10 3a 	slwi    r4,r4,2
   133e8:	39 29 77 f0 	addi    r9,r9,30704
   133ec:	7c 09 20 2e 	lwzx    r0,r9,r4
   133f0:	7d 20 4a 14 	add     r9,r0,r9
   133f4:	7d 29 03 a6 	mtctr   r9
   133f8:	4e 80 04 20 	bctr
   133fc:	81 23 00 18 	lwz     r9,24(r3)
   13400:	90 c9 01 3c 	stw     r6,316(r9)
   13404:	81 23 00 18 	lwz     r9,24(r3)
   13408:	80 09 00 0c 	lwz     r0,12(r9)
   1340c:	64 00 10 00 	oris    r0,r0,4096
   13410:	90 09 00 0c 	stw     r0,12(r9)
   13414:	4e 80 00 20 	blr
   13418:	81 23 00 18 	lwz     r9,24(r3)
   1341c:	90 c9 01 34 	stw     r6,308(r9)
   13420:	81 23 00 18 	lwz     r9,24(r3)
   13424:	80 09 00 0c 	lwz     r0,12(r9)
   13428:	64 00 08 00 	oris    r0,r0,2048
   1342c:	90 09 00 0c 	stw     r0,12(r9)
   13430:	4e 80 00 20 	blr
   13434:	81 23 00 18 	lwz     r9,24(r3)
   13438:	90 c9 01 78 	stw     r6,376(r9)
   1343c:	81 23 00 18 	lwz     r9,24(r3)
   13440:	80 09 00 0c 	lwz     r0,12(r9)
   13444:	60 00 00 01 	ori     r0,r0,1
   13448:	90 09 00 0c 	stw     r0,12(r9)
   1344c:	4e 80 00 20 	blr
   13450:	81 23 00 18 	lwz     r9,24(r3)
   13454:	90 c9 00 9c 	stw     r6,156(r9)
   13458:	81 23 00 18 	lwz     r9,24(r3)
   1345c:	80 09 00 0c 	lwz     r0,12(r9)
   13460:	60 00 08 00 	ori     r0,r0,2048
   13464:	90 09 00 0c 	stw     r0,12(r9)
   13468:	4e 80 00 20 	blr
   1346c:	81 23 00 18 	lwz     r9,24(r3)
   13470:	90 c9 00 94 	stw     r6,148(r9)
   13474:	81 23 00 18 	lwz     r9,24(r3)
   13478:	80 09 00 0c 	lwz     r0,12(r9)
   1347c:	60 00 04 00 	ori     r0,r0,1024
   13480:	90 09 00 0c 	stw     r0,12(r9)
   13484:	4e 80 00 20 	blr
   13488:	81 23 00 18 	lwz     r9,24(r3)
   1348c:	90 c9 01 44 	stw     r6,324(r9)
   13490:	81 23 00 18 	lwz     r9,24(r3)
   13494:	80 09 00 0c 	lwz     r0,12(r9)
   13498:	64 00 20 00 	oris    r0,r0,8192
   1349c:	90 09 00 0c 	stw     r0,12(r9)
   134a0:	4e 80 00 20 	blr
   134a4:	81 23 00 18 	lwz     r9,24(r3)
   134a8:	90 c9 01 10 	stw     r6,272(r9)
   134ac:	81 23 00 18 	lwz     r9,24(r3)
   134b0:	80 09 00 0c 	lwz     r0,12(r9)
   134b4:	64 00 01 00 	oris    r0,r0,256
   134b8:	90 09 00 0c 	stw     r0,12(r9)
   134bc:	4e 80 00 20 	blr
   134c0:	81 23 00 18 	lwz     r9,24(r3)
   134c4:	90 c9 01 00 	stw     r6,256(r9)
   134c8:	81 23 00 18 	lwz     r9,24(r3)
   134cc:	80 09 00 0c 	lwz     r0,12(r9)
   134d0:	64 00 00 80 	oris    r0,r0,128
   134d4:	90 09 00 0c 	stw     r0,12(r9)
   134d8:	4e 80 00 20 	blr
   134dc:	81 23 00 18 	lwz     r9,24(r3)
   134e0:	90 c9 01 6c 	stw     r6,364(r9)
   134e4:	81 23 00 18 	lwz     r9,24(r3)
   134e8:	80 09 00 0c 	lwz     r0,12(r9)
   134ec:	64 00 80 00 	oris    r0,r0,32768
   134f0:	90 09 00 0c 	stw     r0,12(r9)
   134f4:	4e 80 00 20 	blr
   134f8:	81 23 00 18 	lwz     r9,24(r3)
   134fc:	90 c9 00 80 	stw     r6,128(r9)
   13500:	81 23 00 18 	lwz     r9,24(r3)
   13504:	80 09 00 0c 	lwz     r0,12(r9)
   13508:	60 00 01 00 	ori     r0,r0,256
   1350c:	90 09 00 0c 	stw     r0,12(r9)
   13510:	4e 80 00 20 	blr
   13514:	81 23 00 18 	lwz     r9,24(r3)
   13518:	90 c9 00 70 	stw     r6,112(r9)
   1351c:	81 23 00 18 	lwz     r9,24(r3)
   13520:	80 09 00 0c 	lwz     r0,12(r9)
   13524:	60 00 00 80 	ori     r0,r0,128
   13528:	90 09 00 0c 	stw     r0,12(r9)
   1352c:	4e 80 00 20 	blr
   13530:	81 23 00 18 	lwz     r9,24(r3)
   13534:	90 c9 01 20 	stw     r6,288(r9)
   13538:	81 23 00 18 	lwz     r9,24(r3)
   1353c:	80 09 00 0c 	lwz     r0,12(r9)
   13540:	64 00 02 00 	oris    r0,r0,512
   13544:	90 09 00 0c 	stw     r0,12(r9)
   13548:	4e 80 00 20 	blr
   1354c:	81 23 00 18 	lwz     r9,24(r3)
   13550:	90 c9 01 0c 	stw     r6,268(r9)
   13554:	81 23 00 18 	lwz     r9,24(r3)
   13558:	80 09 00 0c 	lwz     r0,12(r9)
   1355c:	64 00 01 00 	oris    r0,r0,256
   13560:	90 09 00 0c 	stw     r0,12(r9)
   13564:	4e 80 00 20 	blr
   13568:	81 23 00 18 	lwz     r9,24(r3)
   1356c:	90 c9 00 fc 	stw     r6,252(r9)
   13570:	81 23 00 18 	lwz     r9,24(r3)
   13574:	80 09 00 0c 	lwz     r0,12(r9)
   13578:	64 00 00 80 	oris    r0,r0,128
   1357c:	90 09 00 0c 	stw     r0,12(r9)
   13580:	4e 80 00 20 	blr
   13584:	81 23 00 18 	lwz     r9,24(r3)
   13588:	90 c9 01 68 	stw     r6,360(r9)
   1358c:	81 23 00 18 	lwz     r9,24(r3)
   13590:	80 09 00 0c 	lwz     r0,12(r9)
   13594:	64 00 80 00 	oris    r0,r0,32768
   13598:	90 09 00 0c 	stw     r0,12(r9)
   1359c:	4e 80 00 20 	blr
   135a0:	81 23 00 18 	lwz     r9,24(r3)
   135a4:	90 c9 00 7c 	stw     r6,124(r9)
   135a8:	81 23 00 18 	lwz     r9,24(r3)
   135ac:	80 09 00 0c 	lwz     r0,12(r9)
   135b0:	60 00 01 00 	ori     r0,r0,256
   135b4:	90 09 00 0c 	stw     r0,12(r9)
   135b8:	4e 80 00 20 	blr
   135bc:	81 23 00 18 	lwz     r9,24(r3)
   135c0:	90 c9 00 6c 	stw     r6,108(r9)
   135c4:	81 23 00 18 	lwz     r9,24(r3)
   135c8:	80 09 00 0c 	lwz     r0,12(r9)
   135cc:	60 00 00 80 	ori     r0,r0,128
   135d0:	90 09 00 0c 	stw     r0,12(r9)
   135d4:	4e 80 00 20 	blr
   135d8:	81 23 00 18 	lwz     r9,24(r3)
   135dc:	90 c9 01 1c 	stw     r6,284(r9)
   135e0:	81 23 00 18 	lwz     r9,24(r3)
   135e4:	80 09 00 0c 	lwz     r0,12(r9)
   135e8:	64 00 02 00 	oris    r0,r0,512
   135ec:	90 09 00 0c 	stw     r0,12(r9)
   135f0:	4e 80 00 20 	blr
   135f4:	81 23 00 18 	lwz     r9,24(r3)
   135f8:	90 c9 01 5c 	stw     r6,348(r9)
   135fc:	81 23 00 18 	lwz     r9,24(r3)
   13600:	80 09 00 0c 	lwz     r0,12(r9)
   13604:	64 00 40 00 	oris    r0,r0,16384
   13608:	90 09 00 0c 	stw     r0,12(r9)
   1360c:	4e 80 00 20 	blr
   13610:	81 23 00 18 	lwz     r9,24(r3)
   13614:	90 c9 01 58 	stw     r6,344(r9)
   13618:	81 23 00 18 	lwz     r9,24(r3)
   1361c:	80 09 00 0c 	lwz     r0,12(r9)
   13620:	64 00 40 00 	oris    r0,r0,16384
   13624:	90 09 00 0c 	stw     r0,12(r9)
   13628:	4e 80 00 20 	blr
   1362c:	81 23 00 18 	lwz     r9,24(r3)
   13630:	90 c9 01 54 	stw     r6,340(r9)
   13634:	81 23 00 18 	lwz     r9,24(r3)
   13638:	80 09 00 0c 	lwz     r0,12(r9)
   1363c:	64 00 40 00 	oris    r0,r0,16384
   13640:	90 09 00 0c 	stw     r0,12(r9)
   13644:	4e 80 00 20 	blr
   13648:	81 23 00 18 	lwz     r9,24(r3)
   1364c:	90 c9 01 50 	stw     r6,336(r9)
   13650:	81 23 00 18 	lwz     r9,24(r3)
   13654:	80 09 00 0c 	lwz     r0,12(r9)
   13658:	64 00 40 00 	oris    r0,r0,16384
   1365c:	90 09 00 0c 	stw     r0,12(r9)
   13660:	4e 80 00 20 	blr
   13664:	81 23 00 18 	lwz     r9,24(r3)
   13668:	90 c9 01 4c 	stw     r6,332(r9)
   1366c:	81 23 00 18 	lwz     r9,24(r3)
   13670:	80 09 00 0c 	lwz     r0,12(r9)
   13674:	64 00 40 00 	oris    r0,r0,16384
   13678:	90 09 00 0c 	stw     r0,12(r9)
   1367c:	4e 80 00 20 	blr
   13680:	81 23 00 18 	lwz     r9,24(r3)
   13684:	90 c9 01 60 	stw     r6,352(r9)
   13688:	81 23 00 18 	lwz     r9,24(r3)
   1368c:	80 09 00 0c 	lwz     r0,12(r9)
   13690:	64 00 40 00 	oris    r0,r0,16384
   13694:	90 09 00 0c 	stw     r0,12(r9)
   13698:	4e 80 00 20 	blr
   1369c:	81 23 00 18 	lwz     r9,24(r3)
   136a0:	90 c9 01 14 	stw     r6,276(r9)
   136a4:	81 23 00 18 	lwz     r9,24(r3)
   136a8:	80 09 00 0c 	lwz     r0,12(r9)
   136ac:	64 00 01 00 	oris    r0,r0,256
   136b0:	90 09 00 0c 	stw     r0,12(r9)
   136b4:	4e 80 00 20 	blr
   136b8:	81 23 00 18 	lwz     r9,24(r3)
   136bc:	90 c9 01 04 	stw     r6,260(r9)
   136c0:	81 23 00 18 	lwz     r9,24(r3)
   136c4:	80 09 00 0c 	lwz     r0,12(r9)
   136c8:	64 00 00 80 	oris    r0,r0,128
   136cc:	90 09 00 0c 	stw     r0,12(r9)
   136d0:	4e 80 00 20 	blr
   136d4:	81 23 00 18 	lwz     r9,24(r3)
   136d8:	90 c9 01 70 	stw     r6,368(r9)
   136dc:	81 23 00 18 	lwz     r9,24(r3)
   136e0:	80 09 00 0c 	lwz     r0,12(r9)
   136e4:	64 00 80 00 	oris    r0,r0,32768
   136e8:	90 09 00 0c 	stw     r0,12(r9)
   136ec:	4e 80 00 20 	blr
   136f0:	81 23 00 18 	lwz     r9,24(r3)
   136f4:	90 c9 00 84 	stw     r6,132(r9)
   136f8:	81 23 00 18 	lwz     r9,24(r3)
   136fc:	80 09 00 0c 	lwz     r0,12(r9)
   13700:	60 00 01 00 	ori     r0,r0,256
   13704:	90 09 00 0c 	stw     r0,12(r9)
   13708:	4e 80 00 20 	blr
   1370c:	81 23 00 18 	lwz     r9,24(r3)
   13710:	90 c9 00 74 	stw     r6,116(r9)
   13714:	81 23 00 18 	lwz     r9,24(r3)
   13718:	80 09 00 0c 	lwz     r0,12(r9)
   1371c:	60 00 00 80 	ori     r0,r0,128
   13720:	90 09 00 0c 	stw     r0,12(r9)
   13724:	4e 80 00 20 	blr
   13728:	81 23 00 18 	lwz     r9,24(r3)
   1372c:	90 c9 01 24 	stw     r6,292(r9)
   13730:	81 23 00 18 	lwz     r9,24(r3)
   13734:	80 09 00 0c 	lwz     r0,12(r9)
   13738:	64 00 02 00 	oris    r0,r0,512
   1373c:	90 09 00 0c 	stw     r0,12(r9)
   13740:	4e 80 00 20 	blr
   13744:	94 21 ff f0 	stwu    r1,-16(r1)
   13748:	7c 08 02 a6 	mflr    r0
   1374c:	3d 20 00 02 	lis     r9,2
   13750:	81 29 03 74 	lwz     r9,884(r9)
   13754:	93 e1 00 0c 	stw     r31,12(r1)
   13758:	3f e0 00 02 	lis     r31,2
   1375c:	90 01 00 14 	stw     r0,20(r1)
   13760:	80 7f 03 70 	lwz     r3,880(r31)
   13764:	80 09 00 1c 	lwz     r0,28(r9)
   13768:	7c 09 03 a6 	mtctr   r0
   1376c:	4e 80 04 21 	bctrl
   13770:	7c 00 04 ac 	hwsync
   13774:	7c 00 06 ac 	eieio
   13778:	81 3f 03 70 	lwz     r9,880(r31)
   1377c:	81 29 00 10 	lwz     r9,16(r9)
   13780:	80 09 34 2c 	lwz     r0,13356(r9)
   13784:	60 00 00 0f 	ori     r0,r0,15
   13788:	90 09 34 2c 	stw     r0,13356(r9)
   1378c:	7c 00 04 ac 	hwsync
   13790:	7c 00 06 ac 	eieio
   13794:	7c 00 04 ac 	hwsync
   13798:	7c 00 06 ac 	eieio
   1379c:	81 3f 03 70 	lwz     r9,880(r31)
   137a0:	81 29 00 10 	lwz     r9,16(r9)
   137a4:	80 09 34 2c 	lwz     r0,13356(r9)
   137a8:	39 29 34 2c 	addi    r9,r9,13356
   137ac:	2f 80 00 00 	cmpwi   cr7,r0,0
   137b0:	40 9c 00 28 	bge     cr7,137d8 <_start+0x1268c>
   137b4:	38 00 40 00 	li      r0,16384
   137b8:	7c 09 03 a6 	mtctr   r0
   137bc:	48 00 00 08 	b       137c4 <_start+0x12678>
   137c0:	42 40 00 18 	bdz     137d8 <_start+0x1268c>
   137c4:	7c 00 04 ac 	hwsync
   137c8:	7c 00 06 ac 	eieio
   137cc:	80 09 00 00 	lwz     r0,0(r9)
   137d0:	2f 80 00 00 	cmpwi   cr7,r0,0
   137d4:	41 9c ff ec 	blt     cr7,137c0 <_start+0x12674>
   137d8:	80 01 00 14 	lwz     r0,20(r1)
   137dc:	83 e1 00 0c 	lwz     r31,12(r1)
   137e0:	38 21 00 10 	addi    r1,r1,16
   137e4:	7c 08 03 a6 	mtlr    r0
   137e8:	4e 80 00 20 	blr
   137ec:	c0 04 00 00 	lfs     f0,0(r4)
   137f0:	7c 69 1b 78 	mr      r9,r3
   137f4:	39 63 00 04 	addi    r11,r3,4
   137f8:	38 6b 00 08 	addi    r3,r11,8
   137fc:	ec 00 08 2a 	fadds   f0,f0,f1
   13800:	d0 09 00 00 	stfs    f0,0(r9)
   13804:	c0 04 00 04 	lfs     f0,4(r4)
   13808:	ec 00 10 2a 	fadds   f0,f0,f2
   1380c:	d0 09 00 04 	stfs    f0,4(r9)
   13810:	80 04 00 08 	lwz     r0,8(r4)
   13814:	90 0b 00 04 	stw     r0,4(r11)
   13818:	4e 80 00 20 	blr
   1381c:	c0 04 00 00 	lfs     f0,0(r4)
   13820:	39 63 00 04 	addi    r11,r3,4
   13824:	81 25 00 00 	lwz     r9,0(r5)
   13828:	38 cb 00 08 	addi    r6,r11,8
   1382c:	ec 00 08 2a 	fadds   f0,f0,f1
   13830:	80 e9 05 a8 	lwz     r7,1448(r9)
   13834:	2f 87 00 00 	cmpwi   cr7,r7,0
   13838:	d0 03 00 00 	stfs    f0,0(r3)
   1383c:	c0 04 00 04 	lfs     f0,4(r4)
   13840:	ec 00 10 2a 	fadds   f0,f0,f2
   13844:	d0 03 00 04 	stfs    f0,4(r3)
   13848:	80 04 00 08 	lwz     r0,8(r4)
   1384c:	90 0b 00 04 	stw     r0,4(r11)
   13850:	41 9e 00 54 	beq     cr7,138a4 <_start+0x12758>
   13854:	1c e7 00 0c 	mulli   r7,r7,12
   13858:	7c cb 33 78 	mr      r11,r6
   1385c:	39 40 00 00 	li      r10,0
   13860:	7d 04 52 14 	add     r8,r4,r10
   13864:	c1 a9 05 cc 	lfs     f13,1484(r9)
   13868:	39 4a 00 0c 	addi    r10,r10,12
   1386c:	c1 89 05 b4 	lfs     f12,1460(r9)
   13870:	7f 8a 38 00 	cmpw    cr7,r10,r7
   13874:	39 29 00 04 	addi    r9,r9,4
   13878:	c0 08 00 0c 	lfs     f0,12(r8)
   1387c:	c1 68 00 10 	lfs     f11,16(r8)
   13880:	80 08 00 14 	lwz     r0,20(r8)
   13884:	ec 0c 00 32 	fmuls   f0,f12,f0
   13888:	ed ab 03 72 	fmuls   f13,f11,f13
   1388c:	90 0b 00 08 	stw     r0,8(r11)
   13890:	d0 0b 00 00 	stfs    f0,0(r11)
   13894:	d1 ab 00 04 	stfs    f13,4(r11)
   13898:	39 6b 00 0c 	addi    r11,r11,12
   1389c:	40 9e ff c4 	bne     cr7,13860 <_start+0x12714>
   138a0:	7c c6 52 14 	add     r6,r6,r10
   138a4:	7c c3 33 78 	mr      r3,r6
   138a8:	4e 80 00 20 	blr
   138ac:	c0 04 00 00 	lfs     f0,0(r4)
   138b0:	7c 69 1b 78 	mr      r9,r3
   138b4:	70 c0 00 04 	andi.   r0,r6,4
   138b8:	39 63 00 04 	addi    r11,r3,4
   138bc:	39 4b 00 04 	addi    r10,r11,4
   138c0:	ec 00 08 2a 	fadds   f0,f0,f1
   138c4:	d0 03 00 00 	stfs    f0,0(r3)
   138c8:	38 6a 00 04 	addi    r3,r10,4
   138cc:	c0 04 00 04 	lfs     f0,4(r4)
   138d0:	ec 00 10 2a 	fadds   f0,f0,f2
   138d4:	d0 09 00 04 	stfs    f0,4(r9)
   138d8:	80 04 00 08 	lwz     r0,8(r4)
   138dc:	90 0b 00 04 	stw     r0,4(r11)
   138e0:	4d 82 00 20 	beqlr
   138e4:	80 04 00 0c 	lwz     r0,12(r4)
   138e8:	39 23 00 04 	addi    r9,r3,4
   138ec:	90 0a 00 04 	stw     r0,4(r10)
   138f0:	80 04 00 10 	lwz     r0,16(r4)
   138f4:	90 03 00 04 	stw     r0,4(r3)
   138f8:	38 69 00 08 	addi    r3,r9,8
   138fc:	80 04 00 14 	lwz     r0,20(r4)
   13900:	90 09 00 04 	stw     r0,4(r9)
   13904:	4e 80 00 20 	blr
   13908:	c0 04 00 00 	lfs     f0,0(r4)
   1390c:	7c 6b 1b 78 	mr      r11,r3
   13910:	70 ca 00 04 	andi.   r10,r6,4
   13914:	81 25 00 00 	lwz     r9,0(r5)
   13918:	39 43 00 04 	addi    r10,r3,4
   1391c:	39 0a 00 04 	addi    r8,r10,4
   13920:	ec 00 08 2a 	fadds   f0,f0,f1
   13924:	80 09 05 a8 	lwz     r0,1448(r9)
   13928:	d0 03 00 00 	stfs    f0,0(r3)
   1392c:	38 68 00 04 	addi    r3,r8,4
   13930:	c0 04 00 04 	lfs     f0,4(r4)
   13934:	ec 00 10 2a 	fadds   f0,f0,f2
   13938:	d0 0b 00 04 	stfs    f0,4(r11)
   1393c:	81 64 00 08 	lwz     r11,8(r4)
   13940:	91 6a 00 04 	stw     r11,4(r10)
   13944:	41 82 00 24 	beq     13968 <_start+0x1281c>
   13948:	81 44 00 0c 	lwz     r10,12(r4)
   1394c:	39 63 00 04 	addi    r11,r3,4
   13950:	91 48 00 04 	stw     r10,4(r8)
   13954:	81 44 00 10 	lwz     r10,16(r4)
   13958:	91 43 00 04 	stw     r10,4(r3)
   1395c:	38 6b 00 08 	addi    r3,r11,8
   13960:	81 44 00 14 	lwz     r10,20(r4)
   13964:	91 4b 00 04 	stw     r10,4(r11)
   13968:	2f 80 00 00 	cmpwi   cr7,r0,0
   1396c:	4d 9e 00 20 	beqlr   cr7
   13970:	1c 00 00 0c 	mulli   r0,r0,12
   13974:	7c 03 02 14 	add     r0,r3,r0
   13978:	c0 04 00 1c 	lfs     f0,28(r4)
   1397c:	c1 64 00 20 	lfs     f11,32(r4)
   13980:	c1 a9 05 cc 	lfs     f13,1484(r9)
   13984:	c1 89 05 b4 	lfs     f12,1460(r9)
   13988:	39 29 00 04 	addi    r9,r9,4
   1398c:	81 64 00 24 	lwz     r11,36(r4)
   13990:	38 84 00 0c 	addi    r4,r4,12
   13994:	ed ab 03 72 	fmuls   f13,f11,f13
   13998:	ec 0c 00 32 	fmuls   f0,f12,f0
   1399c:	91 63 00 08 	stw     r11,8(r3)
   139a0:	d1 a3 00 04 	stfs    f13,4(r3)
   139a4:	d0 03 00 00 	stfs    f0,0(r3)
   139a8:	38 63 00 0c 	addi    r3,r3,12
   139ac:	7f 80 18 00 	cmpw    cr7,r0,r3
   139b0:	40 9e ff c8 	bne     cr7,13978 <_start+0x1282c>
   139b4:	7c 03 03 78 	mr      r3,r0
   139b8:	4e 80 00 20 	blr
   139bc:	c0 04 00 00 	lfs     f0,0(r4)
   139c0:	7c 69 1b 78 	mr      r9,r3
   139c4:	70 c0 00 04 	andi.   r0,r6,4
   139c8:	39 63 00 04 	addi    r11,r3,4
   139cc:	39 4b 00 04 	addi    r10,r11,4
   139d0:	ec 00 08 2a 	fadds   f0,f0,f1
   139d4:	d0 03 00 00 	stfs    f0,0(r3)
   139d8:	38 6a 00 04 	addi    r3,r10,4
   139dc:	c0 04 00 04 	lfs     f0,4(r4)
   139e0:	ec 00 10 2a 	fadds   f0,f0,f2
   139e4:	d0 09 00 04 	stfs    f0,4(r9)
   139e8:	80 04 00 08 	lwz     r0,8(r4)
   139ec:	90 0b 00 04 	stw     r0,4(r11)
   139f0:	4d 82 00 20 	beqlr
   139f4:	80 04 00 0c 	lwz     r0,12(r4)
   139f8:	38 63 00 04 	addi    r3,r3,4
   139fc:	90 0a 00 04 	stw     r0,4(r10)
   13a00:	4e 80 00 20 	blr
   13a04:	c0 04 00 00 	lfs     f0,0(r4)
   13a08:	7c 6b 1b 78 	mr      r11,r3
   13a0c:	70 ca 00 04 	andi.   r10,r6,4
   13a10:	81 25 00 00 	lwz     r9,0(r5)
   13a14:	39 43 00 04 	addi    r10,r3,4
   13a18:	39 0a 00 04 	addi    r8,r10,4
   13a1c:	ec 00 08 2a 	fadds   f0,f0,f1
   13a20:	80 09 05 a8 	lwz     r0,1448(r9)
   13a24:	d0 03 00 00 	stfs    f0,0(r3)
   13a28:	38 68 00 04 	addi    r3,r8,4
   13a2c:	c0 04 00 04 	lfs     f0,4(r4)
   13a30:	ec 00 10 2a 	fadds   f0,f0,f2
   13a34:	d0 0b 00 04 	stfs    f0,4(r11)
   13a38:	81 64 00 08 	lwz     r11,8(r4)
   13a3c:	91 6a 00 04 	stw     r11,4(r10)
   13a40:	41 82 00 10 	beq     13a50 <_start+0x12904>
   13a44:	81 64 00 0c 	lwz     r11,12(r4)
   13a48:	38 63 00 04 	addi    r3,r3,4
   13a4c:	91 68 00 04 	stw     r11,4(r8)
   13a50:	2f 80 00 00 	cmpwi   cr7,r0,0
   13a54:	4d 9e 00 20 	beqlr   cr7
   13a58:	1c 00 00 0c 	mulli   r0,r0,12
   13a5c:	7c 03 02 14 	add     r0,r3,r0
   13a60:	c0 04 00 10 	lfs     f0,16(r4)
   13a64:	c1 64 00 14 	lfs     f11,20(r4)
   13a68:	c1 a9 05 cc 	lfs     f13,1484(r9)
   13a6c:	c1 89 05 b4 	lfs     f12,1460(r9)
   13a70:	39 29 00 04 	addi    r9,r9,4
   13a74:	81 64 00 18 	lwz     r11,24(r4)
   13a78:	38 84 00 0c 	addi    r4,r4,12
   13a7c:	ed ab 03 72 	fmuls   f13,f11,f13
   13a80:	ec 0c 00 32 	fmuls   f0,f12,f0
   13a84:	91 63 00 08 	stw     r11,8(r3)
   13a88:	d1 a3 00 04 	stfs    f13,4(r3)
   13a8c:	d0 03 00 00 	stfs    f0,0(r3)
   13a90:	38 63 00 0c 	addi    r3,r3,12
   13a94:	7f 80 18 00 	cmpw    cr7,r0,r3
   13a98:	40 9e ff c8 	bne     cr7,13a60 <_start+0x12914>
   13a9c:	7c 03 03 78 	mr      r3,r0
   13aa0:	4e 80 00 20 	blr
   13aa4:	c0 04 00 00 	lfs     f0,0(r4)
   13aa8:	7c 6b 1b 78 	mr      r11,r3
   13aac:	70 ca 00 02 	andi.   r10,r6,2
   13ab0:	94 21 ff f0 	stwu    r1,-16(r1)
   13ab4:	39 43 00 04 	addi    r10,r3,4
   13ab8:	81 25 00 00 	lwz     r9,0(r5)
   13abc:	39 0a 00 04 	addi    r8,r10,4
   13ac0:	ec 00 08 2a 	fadds   f0,f0,f1
   13ac4:	80 09 05 a8 	lwz     r0,1448(r9)
   13ac8:	d0 03 00 00 	stfs    f0,0(r3)
   13acc:	38 68 00 04 	addi    r3,r8,4
   13ad0:	c0 04 00 04 	lfs     f0,4(r4)
   13ad4:	ec 00 10 2a 	fadds   f0,f0,f2
   13ad8:	d0 0b 00 04 	stfs    f0,4(r11)
   13adc:	81 64 00 08 	lwz     r11,8(r4)
   13ae0:	91 6a 00 04 	stw     r11,4(r10)
   13ae4:	40 82 00 5c 	bne     13b40 <_start+0x129f4>
   13ae8:	2f 80 00 00 	cmpwi   cr7,r0,0
   13aec:	41 9e 00 4c 	beq     cr7,13b38 <_start+0x129ec>
   13af0:	1c 00 00 0c 	mulli   r0,r0,12
   13af4:	7c 03 02 14 	add     r0,r3,r0
   13af8:	c0 04 00 1c 	lfs     f0,28(r4)
   13afc:	c1 64 00 20 	lfs     f11,32(r4)
   13b00:	c1 a9 05 cc 	lfs     f13,1484(r9)
   13b04:	c1 89 05 b4 	lfs     f12,1460(r9)
   13b08:	39 29 00 04 	addi    r9,r9,4
   13b0c:	81 64 00 24 	lwz     r11,36(r4)
   13b10:	38 84 00 0c 	addi    r4,r4,12
   13b14:	ed ab 03 72 	fmuls   f13,f11,f13
   13b18:	ec 0c 00 32 	fmuls   f0,f12,f0
   13b1c:	91 63 00 08 	stw     r11,8(r3)
   13b20:	d1 a3 00 04 	stfs    f13,4(r3)
   13b24:	d0 03 00 00 	stfs    f0,0(r3)
   13b28:	38 63 00 0c 	addi    r3,r3,12
   13b2c:	7f 80 18 00 	cmpw    cr7,r0,r3
   13b30:	40 9e ff c8 	bne     cr7,13af8 <_start+0x129ac>
   13b34:	7c 03 03 78 	mr      r3,r0
   13b38:	38 21 00 10 	addi    r1,r1,16
   13b3c:	4e 80 00 20 	blr
   13b40:	3d 60 00 01 	lis     r11,1
   13b44:	c1 44 00 10 	lfs     f10,16(r4)
   13b48:	38 63 00 04 	addi    r3,r3,4
   13b4c:	c1 ab 63 9c 	lfs     f13,25500(r11)
   13b50:	3d 60 00 01 	lis     r11,1
   13b54:	c0 0b 63 a0 	lfs     f0,25504(r11)
   13b58:	c1 84 00 14 	lfs     f12,20(r4)
   13b5c:	c1 64 00 0c 	lfs     f11,12(r4)
   13b60:	ed 4d 02 ba 	fmadds  f10,f13,f10,f0
   13b64:	ed 8d 03 3a 	fmadds  f12,f13,f12,f0
   13b68:	ed 6d 02 fa 	fmadds  f11,f13,f11,f0
   13b6c:	d1 41 00 08 	stfs    f10,8(r1)
   13b70:	80 c1 00 08 	lwz     r6,8(r1)
   13b74:	d1 81 00 08 	stfs    f12,8(r1)
   13b78:	c1 84 00 18 	lfs     f12,24(r4)
   13b7c:	54 c6 44 2e 	rlwinm  r6,r6,8,16,23
   13b80:	80 e1 00 08 	lwz     r7,8(r1)
   13b84:	ed 8d 03 3a 	fmadds  f12,f13,f12,f0
   13b88:	d1 61 00 08 	stfs    f11,8(r1)
   13b8c:	54 e7 82 1e 	rlwinm  r7,r7,16,8,15
   13b90:	7c c7 3b 78 	or      r7,r6,r7
   13b94:	81 41 00 08 	lwz     r10,8(r1)
   13b98:	d1 81 00 08 	stfs    f12,8(r1)
   13b9c:	55 4a 06 3e 	clrlwi  r10,r10,24
   13ba0:	7c ea 53 78 	or      r10,r7,r10
   13ba4:	81 61 00 08 	lwz     r11,8(r1)
   13ba8:	55 6b c0 0e 	slwi    r11,r11,24
   13bac:	7d 4b 5b 78 	or      r11,r10,r11
   13bb0:	91 68 00 04 	stw     r11,4(r8)
   13bb4:	4b ff ff 34 	b       13ae8 <_start+0x1299c>
   13bb8:	c0 04 00 00 	lfs     f0,0(r4)
   13bbc:	7c 69 1b 78 	mr      r9,r3
   13bc0:	70 c0 00 02 	andi.   r0,r6,2
   13bc4:	39 63 00 04 	addi    r11,r3,4
   13bc8:	39 4b 00 04 	addi    r10,r11,4
   13bcc:	ec 00 08 2a 	fadds   f0,f0,f1
   13bd0:	d0 03 00 00 	stfs    f0,0(r3)
   13bd4:	38 6a 00 04 	addi    r3,r10,4
   13bd8:	c0 04 00 04 	lfs     f0,4(r4)
   13bdc:	ec 00 10 2a 	fadds   f0,f0,f2
   13be0:	d0 09 00 04 	stfs    f0,4(r9)
   13be4:	80 04 00 08 	lwz     r0,8(r4)
   13be8:	90 0b 00 04 	stw     r0,4(r11)
   13bec:	4d 82 00 20 	beqlr
   13bf0:	80 04 00 0c 	lwz     r0,12(r4)
   13bf4:	38 63 00 04 	addi    r3,r3,4
   13bf8:	54 00 c0 3e 	rotlwi  r0,r0,24
   13bfc:	90 0a 00 04 	stw     r0,4(r10)
   13c00:	4e 80 00 20 	blr
   13c04:	c0 04 00 00 	lfs     f0,0(r4)
   13c08:	7c 6b 1b 78 	mr      r11,r3
   13c0c:	70 ca 00 02 	andi.   r10,r6,2
   13c10:	81 25 00 00 	lwz     r9,0(r5)
   13c14:	39 43 00 04 	addi    r10,r3,4
   13c18:	39 0a 00 04 	addi    r8,r10,4
   13c1c:	ec 00 08 2a 	fadds   f0,f0,f1
   13c20:	80 09 05 a8 	lwz     r0,1448(r9)
   13c24:	d0 03 00 00 	stfs    f0,0(r3)
   13c28:	38 68 00 04 	addi    r3,r8,4
   13c2c:	c0 04 00 04 	lfs     f0,4(r4)
   13c30:	ec 00 10 2a 	fadds   f0,f0,f2
   13c34:	d0 0b 00 04 	stfs    f0,4(r11)
   13c38:	81 64 00 08 	lwz     r11,8(r4)
   13c3c:	91 6a 00 04 	stw     r11,4(r10)
   13c40:	41 82 00 14 	beq     13c54 <_start+0x12b08>
   13c44:	81 64 00 0c 	lwz     r11,12(r4)
   13c48:	38 63 00 04 	addi    r3,r3,4
   13c4c:	55 6b c0 3e 	rotlwi  r11,r11,24
   13c50:	91 68 00 04 	stw     r11,4(r8)
   13c54:	2f 80 00 00 	cmpwi   cr7,r0,0
   13c58:	4d 9e 00 20 	beqlr   cr7
   13c5c:	1c 00 00 0c 	mulli   r0,r0,12
   13c60:	7c 03 02 14 	add     r0,r3,r0
   13c64:	c0 04 00 10 	lfs     f0,16(r4)
   13c68:	c1 64 00 14 	lfs     f11,20(r4)
   13c6c:	c1 a9 05 cc 	lfs     f13,1484(r9)
   13c70:	c1 89 05 b4 	lfs     f12,1460(r9)
   13c74:	39 29 00 04 	addi    r9,r9,4
   13c78:	81 64 00 18 	lwz     r11,24(r4)
   13c7c:	38 84 00 0c 	addi    r4,r4,12
   13c80:	ed ab 03 72 	fmuls   f13,f11,f13
   13c84:	ec 0c 00 32 	fmuls   f0,f12,f0
   13c88:	91 63 00 08 	stw     r11,8(r3)
   13c8c:	d1 a3 00 04 	stfs    f13,4(r3)
   13c90:	d0 03 00 00 	stfs    f0,0(r3)
   13c94:	38 63 00 0c 	addi    r3,r3,12
   13c98:	7f 80 18 00 	cmpw    cr7,r0,r3
   13c9c:	40 9e ff c8 	bne     cr7,13c64 <_start+0x12b18>
   13ca0:	7c 03 03 78 	mr      r3,r0
   13ca4:	4e 80 00 20 	blr
   13ca8:	c0 04 00 00 	lfs     f0,0(r4)
   13cac:	7c 69 1b 78 	mr      r9,r3
   13cb0:	70 c0 00 02 	andi.   r0,r6,2
   13cb4:	39 63 00 04 	addi    r11,r3,4
   13cb8:	39 4b 00 04 	addi    r10,r11,4
   13cbc:	ec 00 08 2a 	fadds   f0,f0,f1
   13cc0:	d0 03 00 00 	stfs    f0,0(r3)
   13cc4:	38 6a 00 04 	addi    r3,r10,4
   13cc8:	c0 04 00 04 	lfs     f0,4(r4)
   13ccc:	ec 00 10 2a 	fadds   f0,f0,f2
   13cd0:	d0 09 00 04 	stfs    f0,4(r9)
   13cd4:	80 04 00 08 	lwz     r0,8(r4)
   13cd8:	90 0b 00 04 	stw     r0,4(r11)
   13cdc:	41 82 00 14 	beq     13cf0 <_start+0x12ba4>
   13ce0:	80 04 00 0c 	lwz     r0,12(r4)
   13ce4:	38 63 00 04 	addi    r3,r3,4
   13ce8:	54 00 c0 3e 	rotlwi  r0,r0,24
   13cec:	90 0a 00 04 	stw     r0,4(r10)
   13cf0:	70 c0 00 04 	andi.   r0,r6,4
   13cf4:	4d 82 00 20 	beqlr
   13cf8:	80 04 00 10 	lwz     r0,16(r4)
   13cfc:	39 23 00 04 	addi    r9,r3,4
   13d00:	90 03 00 00 	stw     r0,0(r3)
   13d04:	80 04 00 14 	lwz     r0,20(r4)
   13d08:	90 03 00 04 	stw     r0,4(r3)
   13d0c:	38 69 00 08 	addi    r3,r9,8
   13d10:	80 04 00 18 	lwz     r0,24(r4)
   13d14:	90 09 00 04 	stw     r0,4(r9)
   13d18:	4e 80 00 20 	blr
   13d1c:	c0 04 00 00 	lfs     f0,0(r4)
   13d20:	7c 6b 1b 78 	mr      r11,r3
   13d24:	70 ca 00 02 	andi.   r10,r6,2
   13d28:	81 25 00 00 	lwz     r9,0(r5)
   13d2c:	39 43 00 04 	addi    r10,r3,4
   13d30:	39 0a 00 04 	addi    r8,r10,4
   13d34:	ec 00 08 2a 	fadds   f0,f0,f1
   13d38:	80 09 05 a8 	lwz     r0,1448(r9)
   13d3c:	d0 03 00 00 	stfs    f0,0(r3)
   13d40:	38 68 00 04 	addi    r3,r8,4
   13d44:	c0 04 00 04 	lfs     f0,4(r4)
   13d48:	ec 00 10 2a 	fadds   f0,f0,f2
   13d4c:	d0 0b 00 04 	stfs    f0,4(r11)
   13d50:	81 64 00 08 	lwz     r11,8(r4)
   13d54:	91 6a 00 04 	stw     r11,4(r10)
   13d58:	41 82 00 14 	beq     13d6c <_start+0x12c20>
   13d5c:	81 64 00 0c 	lwz     r11,12(r4)
   13d60:	38 63 00 04 	addi    r3,r3,4
   13d64:	55 6b c0 3e 	rotlwi  r11,r11,24
   13d68:	91 68 00 04 	stw     r11,4(r8)
   13d6c:	70 cb 00 04 	andi.   r11,r6,4
   13d70:	41 82 00 24 	beq     13d94 <_start+0x12c48>
   13d74:	81 44 00 10 	lwz     r10,16(r4)
   13d78:	39 63 00 04 	addi    r11,r3,4
   13d7c:	91 43 00 00 	stw     r10,0(r3)
   13d80:	81 44 00 14 	lwz     r10,20(r4)
   13d84:	91 43 00 04 	stw     r10,4(r3)
   13d88:	38 6b 00 08 	addi    r3,r11,8
   13d8c:	81 44 00 18 	lwz     r10,24(r4)
   13d90:	91 4b 00 04 	stw     r10,4(r11)
   13d94:	2f 80 00 00 	cmpwi   cr7,r0,0
   13d98:	4d 9e 00 20 	beqlr   cr7
   13d9c:	1c 00 00 0c 	mulli   r0,r0,12
   13da0:	7c 03 02 14 	add     r0,r3,r0
   13da4:	c0 04 00 20 	lfs     f0,32(r4)
   13da8:	c1 64 00 24 	lfs     f11,36(r4)
   13dac:	c1 a9 05 cc 	lfs     f13,1484(r9)
   13db0:	c1 89 05 b4 	lfs     f12,1460(r9)
   13db4:	39 29 00 04 	addi    r9,r9,4
   13db8:	81 64 00 28 	lwz     r11,40(r4)
   13dbc:	38 84 00 0c 	addi    r4,r4,12
   13dc0:	ed ab 03 72 	fmuls   f13,f11,f13
   13dc4:	ec 0c 00 32 	fmuls   f0,f12,f0
   13dc8:	91 63 00 08 	stw     r11,8(r3)
   13dcc:	d1 a3 00 04 	stfs    f13,4(r3)
   13dd0:	d0 03 00 00 	stfs    f0,0(r3)
   13dd4:	38 63 00 0c 	addi    r3,r3,12
   13dd8:	7f 80 18 00 	cmpw    cr7,r0,r3
   13ddc:	40 9e ff c8 	bne     cr7,13da4 <_start+0x12c58>
   13de0:	7c 03 03 78 	mr      r3,r0
   13de4:	4e 80 00 20 	blr
   13de8:	c0 04 00 00 	lfs     f0,0(r4)
   13dec:	7c 69 1b 78 	mr      r9,r3
   13df0:	70 c0 00 02 	andi.   r0,r6,2
   13df4:	39 63 00 04 	addi    r11,r3,4
   13df8:	39 4b 00 04 	addi    r10,r11,4
   13dfc:	ec 00 08 2a 	fadds   f0,f0,f1
   13e00:	d0 03 00 00 	stfs    f0,0(r3)
   13e04:	38 6a 00 04 	addi    r3,r10,4
   13e08:	c0 04 00 04 	lfs     f0,4(r4)
   13e0c:	ec 00 10 2a 	fadds   f0,f0,f2
   13e10:	d0 09 00 04 	stfs    f0,4(r9)
   13e14:	80 04 00 08 	lwz     r0,8(r4)
   13e18:	90 0b 00 04 	stw     r0,4(r11)
   13e1c:	41 82 00 14 	beq     13e30 <_start+0x12ce4>
   13e20:	80 04 00 0c 	lwz     r0,12(r4)
   13e24:	38 63 00 04 	addi    r3,r3,4
   13e28:	54 00 c0 3e 	rotlwi  r0,r0,24
   13e2c:	90 0a 00 04 	stw     r0,4(r10)
   13e30:	70 c0 00 04 	andi.   r0,r6,4
   13e34:	4d 82 00 20 	beqlr
   13e38:	80 04 00 10 	lwz     r0,16(r4)
   13e3c:	90 03 00 00 	stw     r0,0(r3)
   13e40:	38 63 00 04 	addi    r3,r3,4
   13e44:	4e 80 00 20 	blr
   13e48:	c0 04 00 00 	lfs     f0,0(r4)
   13e4c:	7c 6b 1b 78 	mr      r11,r3
   13e50:	70 ca 00 02 	andi.   r10,r6,2
   13e54:	81 25 00 00 	lwz     r9,0(r5)
   13e58:	39 43 00 04 	addi    r10,r3,4
   13e5c:	39 0a 00 04 	addi    r8,r10,4
   13e60:	ec 00 08 2a 	fadds   f0,f0,f1
   13e64:	80 09 05 a8 	lwz     r0,1448(r9)
   13e68:	d0 03 00 00 	stfs    f0,0(r3)
   13e6c:	38 68 00 04 	addi    r3,r8,4
   13e70:	c0 04 00 04 	lfs     f0,4(r4)
   13e74:	ec 00 10 2a 	fadds   f0,f0,f2
   13e78:	d0 0b 00 04 	stfs    f0,4(r11)
   13e7c:	81 64 00 08 	lwz     r11,8(r4)
   13e80:	91 6a 00 04 	stw     r11,4(r10)
   13e84:	41 82 00 14 	beq     13e98 <_start+0x12d4c>
   13e88:	81 64 00 0c 	lwz     r11,12(r4)
   13e8c:	38 63 00 04 	addi    r3,r3,4
   13e90:	55 6b c0 3e 	rotlwi  r11,r11,24
   13e94:	91 68 00 04 	stw     r11,4(r8)
   13e98:	70 cb 00 04 	andi.   r11,r6,4
   13e9c:	41 82 00 10 	beq     13eac <_start+0x12d60>
   13ea0:	81 64 00 10 	lwz     r11,16(r4)
   13ea4:	91 63 00 00 	stw     r11,0(r3)
   13ea8:	38 63 00 04 	addi    r3,r3,4
   13eac:	2f 80 00 00 	cmpwi   cr7,r0,0
   13eb0:	4d 9e 00 20 	beqlr   cr7
   13eb4:	1c 00 00 0c 	mulli   r0,r0,12
   13eb8:	7c 03 02 14 	add     r0,r3,r0
   13ebc:	c0 04 00 14 	lfs     f0,20(r4)
   13ec0:	c1 64 00 18 	lfs     f11,24(r4)
   13ec4:	c1 a9 05 cc 	lfs     f13,1484(r9)
   13ec8:	c1 89 05 b4 	lfs     f12,1460(r9)
   13ecc:	39 29 00 04 	addi    r9,r9,4
   13ed0:	81 64 00 1c 	lwz     r11,28(r4)
   13ed4:	38 84 00 0c 	addi    r4,r4,12
   13ed8:	ed ab 03 72 	fmuls   f13,f11,f13
   13edc:	ec 0c 00 32 	fmuls   f0,f12,f0
   13ee0:	91 63 00 08 	stw     r11,8(r3)
   13ee4:	d1 a3 00 04 	stfs    f13,4(r3)
   13ee8:	d0 03 00 00 	stfs    f0,0(r3)
   13eec:	38 63 00 0c 	addi    r3,r3,12
   13ef0:	7f 80 18 00 	cmpw    cr7,r0,r3
   13ef4:	40 9e ff c8 	bne     cr7,13ebc <_start+0x12d70>
   13ef8:	7c 03 03 78 	mr      r3,r0
   13efc:	4e 80 00 20 	blr
   13f00:	c0 04 00 00 	lfs     f0,0(r4)
   13f04:	7c 69 1b 78 	mr      r9,r3
   13f08:	70 c0 00 01 	andi.   r0,r6,1
   13f0c:	39 63 00 04 	addi    r11,r3,4
   13f10:	39 4b 00 04 	addi    r10,r11,4
   13f14:	ec 00 08 2a 	fadds   f0,f0,f1
   13f18:	d0 03 00 00 	stfs    f0,0(r3)
   13f1c:	38 6a 00 04 	addi    r3,r10,4
   13f20:	c0 04 00 04 	lfs     f0,4(r4)
   13f24:	ec 00 10 2a 	fadds   f0,f0,f2
   13f28:	d0 09 00 04 	stfs    f0,4(r9)
   13f2c:	80 04 00 08 	lwz     r0,8(r4)
   13f30:	90 0b 00 04 	stw     r0,4(r11)
   13f34:	4d 82 00 20 	beqlr
   13f38:	80 04 00 0c 	lwz     r0,12(r4)
   13f3c:	38 63 00 04 	addi    r3,r3,4
   13f40:	90 0a 00 04 	stw     r0,4(r10)
   13f44:	4e 80 00 20 	blr
   13f48:	c0 04 00 00 	lfs     f0,0(r4)
   13f4c:	7c 6b 1b 78 	mr      r11,r3
   13f50:	70 ca 00 01 	andi.   r10,r6,1
   13f54:	81 25 00 00 	lwz     r9,0(r5)
   13f58:	39 43 00 04 	addi    r10,r3,4
   13f5c:	39 0a 00 04 	addi    r8,r10,4
   13f60:	ec 00 08 2a 	fadds   f0,f0,f1
   13f64:	80 09 05 a8 	lwz     r0,1448(r9)
   13f68:	d0 03 00 00 	stfs    f0,0(r3)
   13f6c:	38 68 00 04 	addi    r3,r8,4
   13f70:	c0 04 00 04 	lfs     f0,4(r4)
   13f74:	ec 00 10 2a 	fadds   f0,f0,f2
   13f78:	d0 0b 00 04 	stfs    f0,4(r11)
   13f7c:	81 64 00 08 	lwz     r11,8(r4)
   13f80:	91 6a 00 04 	stw     r11,4(r10)
   13f84:	41 82 00 10 	beq     13f94 <_start+0x12e48>
   13f88:	81 64 00 0c 	lwz     r11,12(r4)
   13f8c:	38 63 00 04 	addi    r3,r3,4
   13f90:	91 68 00 04 	stw     r11,4(r8)
   13f94:	2f 80 00 00 	cmpwi   cr7,r0,0
   13f98:	4d 9e 00 20 	beqlr   cr7
   13f9c:	1c 00 00 0c 	mulli   r0,r0,12
   13fa0:	7c 03 02 14 	add     r0,r3,r0
   13fa4:	c0 04 00 10 	lfs     f0,16(r4)
   13fa8:	c1 64 00 14 	lfs     f11,20(r4)
   13fac:	c1 a9 05 cc 	lfs     f13,1484(r9)
   13fb0:	c1 89 05 b4 	lfs     f12,1460(r9)
   13fb4:	39 29 00 04 	addi    r9,r9,4
   13fb8:	81 64 00 18 	lwz     r11,24(r4)
   13fbc:	38 84 00 0c 	addi    r4,r4,12
   13fc0:	ed ab 03 72 	fmuls   f13,f11,f13
   13fc4:	ec 0c 00 32 	fmuls   f0,f12,f0
   13fc8:	91 63 00 08 	stw     r11,8(r3)
   13fcc:	d1 a3 00 04 	stfs    f13,4(r3)
   13fd0:	d0 03 00 00 	stfs    f0,0(r3)
   13fd4:	38 63 00 0c 	addi    r3,r3,12
   13fd8:	7f 80 18 00 	cmpw    cr7,r0,r3
   13fdc:	40 9e ff c8 	bne     cr7,13fa4 <_start+0x12e58>
   13fe0:	7c 03 03 78 	mr      r3,r0
   13fe4:	4e 80 00 20 	blr
   13fe8:	c0 04 00 00 	lfs     f0,0(r4)
   13fec:	7c 69 1b 78 	mr      r9,r3
   13ff0:	70 c0 00 01 	andi.   r0,r6,1
   13ff4:	39 63 00 04 	addi    r11,r3,4
   13ff8:	39 4b 00 04 	addi    r10,r11,4
   13ffc:	ec 00 08 2a 	fadds   f0,f0,f1
   14000:	d0 03 00 00 	stfs    f0,0(r3)
   14004:	38 6a 00 04 	addi    r3,r10,4
   14008:	c0 04 00 04 	lfs     f0,4(r4)
   1400c:	ec 00 10 2a 	fadds   f0,f0,f2
   14010:	d0 09 00 04 	stfs    f0,4(r9)
   14014:	80 04 00 08 	lwz     r0,8(r4)
   14018:	90 0b 00 04 	stw     r0,4(r11)
   1401c:	41 82 00 10 	beq     1402c <_start+0x12ee0>
   14020:	80 04 00 0c 	lwz     r0,12(r4)
   14024:	38 63 00 04 	addi    r3,r3,4
   14028:	90 0a 00 04 	stw     r0,4(r10)
   1402c:	70 c0 00 04 	andi.   r0,r6,4
   14030:	4d 82 00 20 	beqlr
   14034:	80 04 00 10 	lwz     r0,16(r4)
   14038:	39 23 00 04 	addi    r9,r3,4
   1403c:	90 03 00 00 	stw     r0,0(r3)
   14040:	80 04 00 14 	lwz     r0,20(r4)
   14044:	90 03 00 04 	stw     r0,4(r3)
   14048:	38 69 00 08 	addi    r3,r9,8
   1404c:	80 04 00 18 	lwz     r0,24(r4)
   14050:	90 09 00 04 	stw     r0,4(r9)
   14054:	4e 80 00 20 	blr
   14058:	c0 04 00 00 	lfs     f0,0(r4)
   1405c:	7c 6b 1b 78 	mr      r11,r3
   14060:	70 ca 00 01 	andi.   r10,r6,1
   14064:	81 25 00 00 	lwz     r9,0(r5)
   14068:	39 43 00 04 	addi    r10,r3,4
   1406c:	39 0a 00 04 	addi    r8,r10,4
   14070:	ec 00 08 2a 	fadds   f0,f0,f1
   14074:	80 09 05 a8 	lwz     r0,1448(r9)
   14078:	d0 03 00 00 	stfs    f0,0(r3)
   1407c:	38 68 00 04 	addi    r3,r8,4
   14080:	c0 04 00 04 	lfs     f0,4(r4)
   14084:	ec 00 10 2a 	fadds   f0,f0,f2
   14088:	d0 0b 00 04 	stfs    f0,4(r11)
   1408c:	81 64 00 08 	lwz     r11,8(r4)
   14090:	91 6a 00 04 	stw     r11,4(r10)
   14094:	41 82 00 10 	beq     140a4 <_start+0x12f58>
   14098:	81 64 00 0c 	lwz     r11,12(r4)
   1409c:	38 63 00 04 	addi    r3,r3,4
   140a0:	91 68 00 04 	stw     r11,4(r8)
   140a4:	70 cb 00 04 	andi.   r11,r6,4
   140a8:	41 82 00 24 	beq     140cc <_start+0x12f80>
   140ac:	81 44 00 10 	lwz     r10,16(r4)
   140b0:	39 63 00 04 	addi    r11,r3,4
   140b4:	91 43 00 00 	stw     r10,0(r3)
   140b8:	81 44 00 14 	lwz     r10,20(r4)
   140bc:	91 43 00 04 	stw     r10,4(r3)
   140c0:	38 6b 00 08 	addi    r3,r11,8
   140c4:	81 44 00 18 	lwz     r10,24(r4)
   140c8:	91 4b 00 04 	stw     r10,4(r11)
   140cc:	2f 80 00 00 	cmpwi   cr7,r0,0
   140d0:	4d 9e 00 20 	beqlr   cr7
   140d4:	1c 00 00 0c 	mulli   r0,r0,12
   140d8:	7c 03 02 14 	add     r0,r3,r0
   140dc:	c0 04 00 20 	lfs     f0,32(r4)
   140e0:	c1 64 00 24 	lfs     f11,36(r4)
   140e4:	c1 a9 05 cc 	lfs     f13,1484(r9)
   140e8:	c1 89 05 b4 	lfs     f12,1460(r9)
   140ec:	39 29 00 04 	addi    r9,r9,4
   140f0:	81 64 00 28 	lwz     r11,40(r4)
   140f4:	38 84 00 0c 	addi    r4,r4,12
   140f8:	ed ab 03 72 	fmuls   f13,f11,f13
   140fc:	ec 0c 00 32 	fmuls   f0,f12,f0
   14100:	91 63 00 08 	stw     r11,8(r3)
   14104:	d1 a3 00 04 	stfs    f13,4(r3)
   14108:	d0 03 00 00 	stfs    f0,0(r3)
   1410c:	38 63 00 0c 	addi    r3,r3,12
   14110:	7f 80 18 00 	cmpw    cr7,r0,r3
   14114:	40 9e ff c8 	bne     cr7,140dc <_start+0x12f90>
   14118:	7c 03 03 78 	mr      r3,r0
   1411c:	4e 80 00 20 	blr
   14120:	c0 04 00 00 	lfs     f0,0(r4)
   14124:	7c 69 1b 78 	mr      r9,r3
   14128:	70 c0 00 01 	andi.   r0,r6,1
   1412c:	39 63 00 04 	addi    r11,r3,4
   14130:	39 4b 00 04 	addi    r10,r11,4
   14134:	ec 00 08 2a 	fadds   f0,f0,f1
   14138:	d0 03 00 00 	stfs    f0,0(r3)
   1413c:	38 6a 00 04 	addi    r3,r10,4
   14140:	c0 04 00 04 	lfs     f0,4(r4)
   14144:	ec 00 10 2a 	fadds   f0,f0,f2
   14148:	d0 09 00 04 	stfs    f0,4(r9)
   1414c:	80 04 00 08 	lwz     r0,8(r4)
   14150:	90 0b 00 04 	stw     r0,4(r11)
   14154:	41 82 00 10 	beq     14164 <_start+0x13018>
   14158:	80 04 00 0c 	lwz     r0,12(r4)
   1415c:	38 63 00 04 	addi    r3,r3,4
   14160:	90 0a 00 04 	stw     r0,4(r10)
   14164:	70 c0 00 04 	andi.   r0,r6,4
   14168:	4d 82 00 20 	beqlr
   1416c:	80 04 00 10 	lwz     r0,16(r4)
   14170:	90 03 00 00 	stw     r0,0(r3)
   14174:	38 63 00 04 	addi    r3,r3,4
   14178:	4e 80 00 20 	blr
   1417c:	c0 04 00 00 	lfs     f0,0(r4)
   14180:	7c 6b 1b 78 	mr      r11,r3
   14184:	70 ca 00 01 	andi.   r10,r6,1
   14188:	81 25 00 00 	lwz     r9,0(r5)
   1418c:	39 43 00 04 	addi    r10,r3,4
   14190:	39 0a 00 04 	addi    r8,r10,4
   14194:	ec 00 08 2a 	fadds   f0,f0,f1
   14198:	80 09 05 a8 	lwz     r0,1448(r9)
   1419c:	d0 03 00 00 	stfs    f0,0(r3)
   141a0:	38 68 00 04 	addi    r3,r8,4
   141a4:	c0 04 00 04 	lfs     f0,4(r4)
   141a8:	ec 00 10 2a 	fadds   f0,f0,f2
   141ac:	d0 0b 00 04 	stfs    f0,4(r11)
   141b0:	81 64 00 08 	lwz     r11,8(r4)
   141b4:	91 6a 00 04 	stw     r11,4(r10)
   141b8:	41 82 00 10 	beq     141c8 <_start+0x1307c>
   141bc:	81 64 00 0c 	lwz     r11,12(r4)
   141c0:	38 63 00 04 	addi    r3,r3,4
   141c4:	91 68 00 04 	stw     r11,4(r8)
   141c8:	70 cb 00 04 	andi.   r11,r6,4
   141cc:	41 82 00 10 	beq     141dc <_start+0x13090>
   141d0:	81 64 00 10 	lwz     r11,16(r4)
   141d4:	91 63 00 00 	stw     r11,0(r3)
   141d8:	38 63 00 04 	addi    r3,r3,4
   141dc:	2f 80 00 00 	cmpwi   cr7,r0,0
   141e0:	4d 9e 00 20 	beqlr   cr7
   141e4:	1c 00 00 0c 	mulli   r0,r0,12
   141e8:	7c 03 02 14 	add     r0,r3,r0
   141ec:	c0 04 00 14 	lfs     f0,20(r4)
   141f0:	c1 64 00 18 	lfs     f11,24(r4)
   141f4:	c1 a9 05 cc 	lfs     f13,1484(r9)
   141f8:	c1 89 05 b4 	lfs     f12,1460(r9)
   141fc:	39 29 00 04 	addi    r9,r9,4
   14200:	81 64 00 1c 	lwz     r11,28(r4)
   14204:	38 84 00 0c 	addi    r4,r4,12
   14208:	ed ab 03 72 	fmuls   f13,f11,f13
   1420c:	ec 0c 00 32 	fmuls   f0,f12,f0
   14210:	91 63 00 08 	stw     r11,8(r3)
   14214:	d1 a3 00 04 	stfs    f13,4(r3)
   14218:	d0 03 00 00 	stfs    f0,0(r3)
   1421c:	38 63 00 0c 	addi    r3,r3,12
   14220:	7f 80 18 00 	cmpw    cr7,r0,r3
   14224:	40 9e ff c8 	bne     cr7,141ec <_start+0x130a0>
   14228:	7c 03 03 78 	mr      r3,r0
   1422c:	4e 80 00 20 	blr
   14230:	c0 04 00 00 	lfs     f0,0(r4)
   14234:	7c 69 1b 78 	mr      r9,r3
   14238:	70 c0 00 01 	andi.   r0,r6,1
   1423c:	39 63 00 04 	addi    r11,r3,4
   14240:	39 4b 00 04 	addi    r10,r11,4
   14244:	ec 00 08 2a 	fadds   f0,f0,f1
   14248:	d0 03 00 00 	stfs    f0,0(r3)
   1424c:	38 6a 00 04 	addi    r3,r10,4
   14250:	c0 04 00 04 	lfs     f0,4(r4)
   14254:	ec 00 10 2a 	fadds   f0,f0,f2
   14258:	d0 09 00 04 	stfs    f0,4(r9)
   1425c:	80 04 00 08 	lwz     r0,8(r4)
   14260:	90 0b 00 04 	stw     r0,4(r11)
   14264:	41 82 00 10 	beq     14274 <_start+0x13128>
   14268:	80 04 00 0c 	lwz     r0,12(r4)
   1426c:	38 63 00 04 	addi    r3,r3,4
   14270:	90 0a 00 04 	stw     r0,4(r10)
   14274:	70 c0 00 02 	andi.   r0,r6,2
   14278:	4d 82 00 20 	beqlr
   1427c:	80 04 00 10 	lwz     r0,16(r4)
   14280:	54 00 c0 3e 	rotlwi  r0,r0,24
   14284:	90 03 00 00 	stw     r0,0(r3)
   14288:	38 63 00 04 	addi    r3,r3,4
   1428c:	4e 80 00 20 	blr
   14290:	c0 04 00 00 	lfs     f0,0(r4)
   14294:	7c 6b 1b 78 	mr      r11,r3
   14298:	70 ca 00 01 	andi.   r10,r6,1
   1429c:	81 25 00 00 	lwz     r9,0(r5)
   142a0:	39 43 00 04 	addi    r10,r3,4
   142a4:	39 0a 00 04 	addi    r8,r10,4
   142a8:	ec 00 08 2a 	fadds   f0,f0,f1
   142ac:	80 09 05 a8 	lwz     r0,1448(r9)
   142b0:	d0 03 00 00 	stfs    f0,0(r3)
   142b4:	38 68 00 04 	addi    r3,r8,4
   142b8:	c0 04 00 04 	lfs     f0,4(r4)
   142bc:	ec 00 10 2a 	fadds   f0,f0,f2
   142c0:	d0 0b 00 04 	stfs    f0,4(r11)
   142c4:	81 64 00 08 	lwz     r11,8(r4)
   142c8:	91 6a 00 04 	stw     r11,4(r10)
   142cc:	41 82 00 10 	beq     142dc <_start+0x13190>
   142d0:	81 64 00 0c 	lwz     r11,12(r4)
   142d4:	38 63 00 04 	addi    r3,r3,4
   142d8:	91 68 00 04 	stw     r11,4(r8)
   142dc:	70 cb 00 02 	andi.   r11,r6,2
   142e0:	41 82 00 14 	beq     142f4 <_start+0x131a8>
   142e4:	81 64 00 10 	lwz     r11,16(r4)
   142e8:	55 6b c0 3e 	rotlwi  r11,r11,24
   142ec:	91 63 00 00 	stw     r11,0(r3)
   142f0:	38 63 00 04 	addi    r3,r3,4
   142f4:	2f 80 00 00 	cmpwi   cr7,r0,0
   142f8:	4d 9e 00 20 	beqlr   cr7
   142fc:	1c 00 00 0c 	mulli   r0,r0,12
   14300:	7c 03 02 14 	add     r0,r3,r0
   14304:	c0 04 00 14 	lfs     f0,20(r4)
   14308:	c1 64 00 18 	lfs     f11,24(r4)
   1430c:	c1 a9 05 cc 	lfs     f13,1484(r9)
   14310:	c1 89 05 b4 	lfs     f12,1460(r9)
   14314:	39 29 00 04 	addi    r9,r9,4
   14318:	81 64 00 1c 	lwz     r11,28(r4)
   1431c:	38 84 00 0c 	addi    r4,r4,12
   14320:	ed ab 03 72 	fmuls   f13,f11,f13
   14324:	ec 0c 00 32 	fmuls   f0,f12,f0
   14328:	91 63 00 08 	stw     r11,8(r3)
   1432c:	d1 a3 00 04 	stfs    f13,4(r3)
   14330:	d0 03 00 00 	stfs    f0,0(r3)
   14334:	38 63 00 0c 	addi    r3,r3,12
   14338:	7f 80 18 00 	cmpw    cr7,r0,r3
   1433c:	40 9e ff c8 	bne     cr7,14304 <_start+0x131b8>
   14340:	7c 03 03 78 	mr      r3,r0
   14344:	4e 80 00 20 	blr
   14348:	c0 04 00 00 	lfs     f0,0(r4)
   1434c:	7c 69 1b 78 	mr      r9,r3
   14350:	70 c0 00 01 	andi.   r0,r6,1
   14354:	39 63 00 04 	addi    r11,r3,4
   14358:	39 4b 00 04 	addi    r10,r11,4
   1435c:	ec 00 08 2a 	fadds   f0,f0,f1
   14360:	d0 03 00 00 	stfs    f0,0(r3)
   14364:	38 6a 00 04 	addi    r3,r10,4
   14368:	c0 04 00 04 	lfs     f0,4(r4)
   1436c:	ec 00 10 2a 	fadds   f0,f0,f2
   14370:	d0 09 00 04 	stfs    f0,4(r9)
   14374:	80 04 00 08 	lwz     r0,8(r4)
   14378:	90 0b 00 04 	stw     r0,4(r11)
   1437c:	41 82 00 10 	beq     1438c <_start+0x13240>
   14380:	80 04 00 0c 	lwz     r0,12(r4)
   14384:	38 63 00 04 	addi    r3,r3,4
   14388:	90 0a 00 04 	stw     r0,4(r10)
   1438c:	70 c0 00 02 	andi.   r0,r6,2
   14390:	41 82 00 14 	beq     143a4 <_start+0x13258>
   14394:	80 04 00 10 	lwz     r0,16(r4)
   14398:	54 00 c0 3e 	rotlwi  r0,r0,24
   1439c:	90 03 00 00 	stw     r0,0(r3)
   143a0:	38 63 00 04 	addi    r3,r3,4
   143a4:	70 c0 00 04 	andi.   r0,r6,4
   143a8:	4d 82 00 20 	beqlr
   143ac:	80 04 00 14 	lwz     r0,20(r4)
   143b0:	39 23 00 04 	addi    r9,r3,4
   143b4:	90 03 00 00 	stw     r0,0(r3)
   143b8:	80 04 00 18 	lwz     r0,24(r4)
   143bc:	90 03 00 04 	stw     r0,4(r3)
   143c0:	38 69 00 08 	addi    r3,r9,8
   143c4:	80 04 00 1c 	lwz     r0,28(r4)
   143c8:	90 09 00 04 	stw     r0,4(r9)
   143cc:	4e 80 00 20 	blr
   143d0:	c0 04 00 00 	lfs     f0,0(r4)
   143d4:	7c 6b 1b 78 	mr      r11,r3
   143d8:	70 ca 00 01 	andi.   r10,r6,1
   143dc:	81 25 00 00 	lwz     r9,0(r5)
   143e0:	39 43 00 04 	addi    r10,r3,4
   143e4:	39 0a 00 04 	addi    r8,r10,4
   143e8:	ec 00 08 2a 	fadds   f0,f0,f1
   143ec:	80 09 05 a8 	lwz     r0,1448(r9)
   143f0:	d0 03 00 00 	stfs    f0,0(r3)
   143f4:	38 68 00 04 	addi    r3,r8,4
   143f8:	c0 04 00 04 	lfs     f0,4(r4)
   143fc:	ec 00 10 2a 	fadds   f0,f0,f2
   14400:	d0 0b 00 04 	stfs    f0,4(r11)
   14404:	81 64 00 08 	lwz     r11,8(r4)
   14408:	91 6a 00 04 	stw     r11,4(r10)
   1440c:	41 82 00 10 	beq     1441c <_start+0x132d0>
   14410:	81 64 00 0c 	lwz     r11,12(r4)
   14414:	38 63 00 04 	addi    r3,r3,4
   14418:	91 68 00 04 	stw     r11,4(r8)
   1441c:	70 cb 00 02 	andi.   r11,r6,2
   14420:	41 82 00 14 	beq     14434 <_start+0x132e8>
   14424:	81 64 00 10 	lwz     r11,16(r4)
   14428:	55 6b c0 3e 	rotlwi  r11,r11,24
   1442c:	91 63 00 00 	stw     r11,0(r3)
   14430:	38 63 00 04 	addi    r3,r3,4
   14434:	70 ca 00 04 	andi.   r10,r6,4
   14438:	41 82 00 24 	beq     1445c <_start+0x13310>
   1443c:	81 44 00 14 	lwz     r10,20(r4)
   14440:	39 63 00 04 	addi    r11,r3,4
   14444:	91 43 00 00 	stw     r10,0(r3)
   14448:	81 44 00 18 	lwz     r10,24(r4)
   1444c:	91 43 00 04 	stw     r10,4(r3)
   14450:	38 6b 00 08 	addi    r3,r11,8
   14454:	81 44 00 1c 	lwz     r10,28(r4)
   14458:	91 4b 00 04 	stw     r10,4(r11)
   1445c:	2f 80 00 00 	cmpwi   cr7,r0,0
   14460:	4d 9e 00 20 	beqlr   cr7
   14464:	1c 00 00 0c 	mulli   r0,r0,12
   14468:	7c 03 02 14 	add     r0,r3,r0
   1446c:	c0 04 00 24 	lfs     f0,36(r4)
   14470:	c1 64 00 28 	lfs     f11,40(r4)
   14474:	c1 a9 05 cc 	lfs     f13,1484(r9)
   14478:	c1 89 05 b4 	lfs     f12,1460(r9)
   1447c:	39 29 00 04 	addi    r9,r9,4
   14480:	81 64 00 2c 	lwz     r11,44(r4)
   14484:	38 84 00 0c 	addi    r4,r4,12
   14488:	ed ab 03 72 	fmuls   f13,f11,f13
   1448c:	ec 0c 00 32 	fmuls   f0,f12,f0
   14490:	91 63 00 08 	stw     r11,8(r3)
   14494:	d1 a3 00 04 	stfs    f13,4(r3)
   14498:	d0 03 00 00 	stfs    f0,0(r3)
   1449c:	38 63 00 0c 	addi    r3,r3,12
   144a0:	7f 80 18 00 	cmpw    cr7,r0,r3
   144a4:	40 9e ff c8 	bne     cr7,1446c <_start+0x13320>
   144a8:	7c 03 03 78 	mr      r3,r0
   144ac:	4e 80 00 20 	blr
   144b0:	c0 04 00 00 	lfs     f0,0(r4)
   144b4:	7c 69 1b 78 	mr      r9,r3
   144b8:	70 c0 00 01 	andi.   r0,r6,1
   144bc:	39 63 00 04 	addi    r11,r3,4
   144c0:	39 4b 00 04 	addi    r10,r11,4
   144c4:	ec 00 08 2a 	fadds   f0,f0,f1
   144c8:	d0 03 00 00 	stfs    f0,0(r3)
   144cc:	38 6a 00 04 	addi    r3,r10,4
   144d0:	c0 04 00 04 	lfs     f0,4(r4)
   144d4:	ec 00 10 2a 	fadds   f0,f0,f2
   144d8:	d0 09 00 04 	stfs    f0,4(r9)
   144dc:	80 04 00 08 	lwz     r0,8(r4)
   144e0:	90 0b 00 04 	stw     r0,4(r11)
   144e4:	41 82 00 10 	beq     144f4 <_start+0x133a8>
   144e8:	80 04 00 0c 	lwz     r0,12(r4)
   144ec:	38 63 00 04 	addi    r3,r3,4
   144f0:	90 0a 00 04 	stw     r0,4(r10)
   144f4:	70 c0 00 02 	andi.   r0,r6,2
   144f8:	41 82 00 14 	beq     1450c <_start+0x133c0>
   144fc:	80 04 00 10 	lwz     r0,16(r4)
   14500:	54 00 c0 3e 	rotlwi  r0,r0,24
   14504:	90 03 00 00 	stw     r0,0(r3)
   14508:	38 63 00 04 	addi    r3,r3,4
   1450c:	70 c0 00 04 	andi.   r0,r6,4
   14510:	4d 82 00 20 	beqlr
   14514:	80 04 00 14 	lwz     r0,20(r4)
   14518:	90 03 00 00 	stw     r0,0(r3)
   1451c:	38 63 00 04 	addi    r3,r3,4
   14520:	4e 80 00 20 	blr
   14524:	c0 04 00 00 	lfs     f0,0(r4)
   14528:	7c 6b 1b 78 	mr      r11,r3
   1452c:	70 ca 00 01 	andi.   r10,r6,1
   14530:	81 25 00 00 	lwz     r9,0(r5)
   14534:	39 43 00 04 	addi    r10,r3,4
   14538:	39 0a 00 04 	addi    r8,r10,4
   1453c:	ec 00 08 2a 	fadds   f0,f0,f1
   14540:	80 09 05 a8 	lwz     r0,1448(r9)
   14544:	d0 03 00 00 	stfs    f0,0(r3)
   14548:	38 68 00 04 	addi    r3,r8,4
   1454c:	c0 04 00 04 	lfs     f0,4(r4)
   14550:	ec 00 10 2a 	fadds   f0,f0,f2
   14554:	d0 0b 00 04 	stfs    f0,4(r11)
   14558:	81 64 00 08 	lwz     r11,8(r4)
   1455c:	91 6a 00 04 	stw     r11,4(r10)
   14560:	41 82 00 10 	beq     14570 <_start+0x13424>
   14564:	81 64 00 0c 	lwz     r11,12(r4)
   14568:	38 63 00 04 	addi    r3,r3,4
   1456c:	91 68 00 04 	stw     r11,4(r8)
   14570:	70 cb 00 02 	andi.   r11,r6,2
   14574:	41 82 00 14 	beq     14588 <_start+0x1343c>
   14578:	81 64 00 10 	lwz     r11,16(r4)
   1457c:	55 6b c0 3e 	rotlwi  r11,r11,24
   14580:	91 63 00 00 	stw     r11,0(r3)
   14584:	38 63 00 04 	addi    r3,r3,4
   14588:	70 ca 00 04 	andi.   r10,r6,4
   1458c:	41 82 00 10 	beq     1459c <_start+0x13450>
   14590:	81 64 00 14 	lwz     r11,20(r4)
   14594:	91 63 00 00 	stw     r11,0(r3)
   14598:	38 63 00 04 	addi    r3,r3,4
   1459c:	2f 80 00 00 	cmpwi   cr7,r0,0
   145a0:	4d 9e 00 20 	beqlr   cr7
   145a4:	1c 00 00 0c 	mulli   r0,r0,12
   145a8:	7c 03 02 14 	add     r0,r3,r0
   145ac:	c0 04 00 18 	lfs     f0,24(r4)
   145b0:	c1 64 00 1c 	lfs     f11,28(r4)
   145b4:	c1 a9 05 cc 	lfs     f13,1484(r9)
   145b8:	c1 89 05 b4 	lfs     f12,1460(r9)
   145bc:	39 29 00 04 	addi    r9,r9,4
   145c0:	81 64 00 20 	lwz     r11,32(r4)
   145c4:	38 84 00 0c 	addi    r4,r4,12
   145c8:	ed ab 03 72 	fmuls   f13,f11,f13
   145cc:	ec 0c 00 32 	fmuls   f0,f12,f0
   145d0:	91 63 00 08 	stw     r11,8(r3)
   145d4:	d1 a3 00 04 	stfs    f13,4(r3)
   145d8:	d0 03 00 00 	stfs    f0,0(r3)
   145dc:	38 63 00 0c 	addi    r3,r3,12
   145e0:	7f 80 18 00 	cmpw    cr7,r0,r3
   145e4:	40 9e ff c8 	bne     cr7,145ac <_start+0x13460>
   145e8:	7c 03 03 78 	mr      r3,r0
   145ec:	4e 80 00 20 	blr
   145f0:	70 60 07 e0 	andi.   r0,r3,2016
   145f4:	54 63 07 3e 	clrlwi  r3,r3,28
   145f8:	41 82 00 08 	beq     14600 <_start+0x134b4>
   145fc:	60 63 00 20 	ori     r3,r3,32
   14600:	3d 20 00 01 	lis     r9,1
   14604:	54 63 10 3a 	slwi    r3,r3,2
   14608:	39 29 78 34 	addi    r9,r9,30772
   1460c:	7c 69 18 2e 	lwzx    r3,r9,r3
   14610:	4e 80 00 20 	blr
   14614:	c0 04 00 00 	lfs     f0,0(r4)
   14618:	7c 69 1b 78 	mr      r9,r3
   1461c:	70 c0 00 01 	andi.   r0,r6,1
   14620:	94 21 ff f0 	stwu    r1,-16(r1)
   14624:	39 63 00 04 	addi    r11,r3,4
   14628:	39 4b 00 04 	addi    r10,r11,4
   1462c:	ec 00 08 2a 	fadds   f0,f0,f1
   14630:	d0 03 00 00 	stfs    f0,0(r3)
   14634:	38 6a 00 04 	addi    r3,r10,4
   14638:	c0 04 00 04 	lfs     f0,4(r4)
   1463c:	ec 00 10 2a 	fadds   f0,f0,f2
   14640:	d0 09 00 04 	stfs    f0,4(r9)
   14644:	80 04 00 08 	lwz     r0,8(r4)
   14648:	90 0b 00 04 	stw     r0,4(r11)
   1464c:	41 82 00 10 	beq     1465c <_start+0x13510>
   14650:	80 04 00 0c 	lwz     r0,12(r4)
   14654:	38 63 00 04 	addi    r3,r3,4
   14658:	90 0a 00 04 	stw     r0,4(r10)
   1465c:	70 c0 00 02 	andi.   r0,r6,2
   14660:	41 a2 00 78 	beq     146d8 <_start+0x1358c>
   14664:	3d 20 00 01 	lis     r9,1
   14668:	c1 24 00 14 	lfs     f9,20(r4)
   1466c:	c1 a9 63 9c 	lfs     f13,25500(r9)
   14670:	3d 20 00 01 	lis     r9,1
   14674:	c0 09 63 a0 	lfs     f0,25504(r9)
   14678:	c1 44 00 18 	lfs     f10,24(r4)
   1467c:	c1 64 00 10 	lfs     f11,16(r4)
   14680:	ed 2d 02 7a 	fmadds  f9,f13,f9,f0
   14684:	c1 84 00 1c 	lfs     f12,28(r4)
   14688:	ed 4d 02 ba 	fmadds  f10,f13,f10,f0
   1468c:	ed 6d 02 fa 	fmadds  f11,f13,f11,f0
   14690:	d1 21 00 08 	stfs    f9,8(r1)
   14694:	ed 8d 03 3a 	fmadds  f12,f13,f12,f0
   14698:	81 41 00 08 	lwz     r10,8(r1)
   1469c:	d1 41 00 08 	stfs    f10,8(r1)
   146a0:	55 4a 44 2e 	rlwinm  r10,r10,8,16,23
   146a4:	80 01 00 08 	lwz     r0,8(r1)
   146a8:	d1 61 00 08 	stfs    f11,8(r1)
   146ac:	54 00 82 1e 	rlwinm  r0,r0,16,8,15
   146b0:	7d 40 03 78 	or      r0,r10,r0
   146b4:	81 61 00 08 	lwz     r11,8(r1)
   146b8:	d1 81 00 08 	stfs    f12,8(r1)
   146bc:	55 6b 06 3e 	clrlwi  r11,r11,24
   146c0:	7c 00 5b 78 	or      r0,r0,r11
   146c4:	81 21 00 08 	lwz     r9,8(r1)
   146c8:	55 29 c0 0e 	slwi    r9,r9,24
   146cc:	7c 00 4b 78 	or      r0,r0,r9
   146d0:	90 03 00 00 	stw     r0,0(r3)
   146d4:	38 63 00 04 	addi    r3,r3,4
   146d8:	38 21 00 10 	addi    r1,r1,16
   146dc:	4e 80 00 20 	blr
   146e0:	c0 04 00 00 	lfs     f0,0(r4)
   146e4:	7c 69 1b 78 	mr      r9,r3
   146e8:	70 c0 00 02 	andi.   r0,r6,2
   146ec:	94 21 ff f0 	stwu    r1,-16(r1)
   146f0:	39 63 00 04 	addi    r11,r3,4
   146f4:	39 4b 00 04 	addi    r10,r11,4
   146f8:	ec 00 08 2a 	fadds   f0,f0,f1
   146fc:	d0 03 00 00 	stfs    f0,0(r3)
   14700:	38 6a 00 04 	addi    r3,r10,4
   14704:	c0 04 00 04 	lfs     f0,4(r4)
   14708:	ec 00 10 2a 	fadds   f0,f0,f2
   1470c:	d0 09 00 04 	stfs    f0,4(r9)
   14710:	80 04 00 08 	lwz     r0,8(r4)
   14714:	90 0b 00 04 	stw     r0,4(r11)
   14718:	41 a2 00 78 	beq     14790 <_start+0x13644>
   1471c:	3d 20 00 01 	lis     r9,1
   14720:	c1 24 00 10 	lfs     f9,16(r4)
   14724:	38 63 00 04 	addi    r3,r3,4
   14728:	c1 a9 63 9c 	lfs     f13,25500(r9)
   1472c:	3d 20 00 01 	lis     r9,1
   14730:	c0 09 63 a0 	lfs     f0,25504(r9)
   14734:	c1 44 00 14 	lfs     f10,20(r4)
   14738:	c1 64 00 0c 	lfs     f11,12(r4)
   1473c:	ed 2d 02 7a 	fmadds  f9,f13,f9,f0
   14740:	c1 84 00 18 	lfs     f12,24(r4)
   14744:	ed 4d 02 ba 	fmadds  f10,f13,f10,f0
   14748:	ed 6d 02 fa 	fmadds  f11,f13,f11,f0
   1474c:	d1 21 00 08 	stfs    f9,8(r1)
   14750:	ed 8d 03 3a 	fmadds  f12,f13,f12,f0
   14754:	81 01 00 08 	lwz     r8,8(r1)
   14758:	d1 41 00 08 	stfs    f10,8(r1)
   1475c:	55 08 44 2e 	rlwinm  r8,r8,8,16,23
   14760:	80 01 00 08 	lwz     r0,8(r1)
   14764:	d1 61 00 08 	stfs    f11,8(r1)
   14768:	54 00 82 1e 	rlwinm  r0,r0,16,8,15
   1476c:	7d 00 03 78 	or      r0,r8,r0
   14770:	81 61 00 08 	lwz     r11,8(r1)
   14774:	d1 81 00 08 	stfs    f12,8(r1)
   14778:	55 6b 06 3e 	clrlwi  r11,r11,24
   1477c:	7c 00 5b 78 	or      r0,r0,r11
   14780:	81 21 00 08 	lwz     r9,8(r1)
   14784:	55 29 c0 0e 	slwi    r9,r9,24
   14788:	7c 00 4b 78 	or      r0,r0,r9
   1478c:	90 0a 00 04 	stw     r0,4(r10)
   14790:	38 21 00 10 	addi    r1,r1,16
   14794:	4e 80 00 20 	blr
   14798:	c0 04 00 00 	lfs     f0,0(r4)
   1479c:	7c 69 1b 78 	mr      r9,r3
   147a0:	70 c0 00 01 	andi.   r0,r6,1
   147a4:	94 21 ff f0 	stwu    r1,-16(r1)
   147a8:	39 63 00 04 	addi    r11,r3,4
   147ac:	39 4b 00 04 	addi    r10,r11,4
   147b0:	ec 00 08 2a 	fadds   f0,f0,f1
   147b4:	d0 03 00 00 	stfs    f0,0(r3)
   147b8:	38 6a 00 04 	addi    r3,r10,4
   147bc:	c0 04 00 04 	lfs     f0,4(r4)
   147c0:	ec 00 10 2a 	fadds   f0,f0,f2
   147c4:	d0 09 00 04 	stfs    f0,4(r9)
   147c8:	80 04 00 08 	lwz     r0,8(r4)
   147cc:	90 0b 00 04 	stw     r0,4(r11)
   147d0:	41 82 00 10 	beq     147e0 <_start+0x13694>
   147d4:	80 04 00 0c 	lwz     r0,12(r4)
   147d8:	38 63 00 04 	addi    r3,r3,4
   147dc:	90 0a 00 04 	stw     r0,4(r10)
   147e0:	70 c0 00 02 	andi.   r0,r6,2
   147e4:	40 82 00 34 	bne     14818 <_start+0x136cc>
   147e8:	70 c0 00 04 	andi.   r0,r6,4
   147ec:	41 82 00 24 	beq     14810 <_start+0x136c4>
   147f0:	80 04 00 20 	lwz     r0,32(r4)
   147f4:	39 23 00 04 	addi    r9,r3,4
   147f8:	90 03 00 00 	stw     r0,0(r3)
   147fc:	80 04 00 24 	lwz     r0,36(r4)
   14800:	90 03 00 04 	stw     r0,4(r3)
   14804:	38 69 00 08 	addi    r3,r9,8
   14808:	80 04 00 28 	lwz     r0,40(r4)
   1480c:	90 09 00 04 	stw     r0,4(r9)
   14810:	38 21 00 10 	addi    r1,r1,16
   14814:	4e 80 00 20 	blr
   14818:	3d 20 00 01 	lis     r9,1
   1481c:	c1 44 00 14 	lfs     f10,20(r4)
   14820:	c1 a9 63 9c 	lfs     f13,25500(r9)
   14824:	3d 20 00 01 	lis     r9,1
   14828:	c0 09 63 a0 	lfs     f0,25504(r9)
   1482c:	c1 84 00 18 	lfs     f12,24(r4)
   14830:	c1 64 00 10 	lfs     f11,16(r4)
   14834:	ed 4d 02 ba 	fmadds  f10,f13,f10,f0
   14838:	ed 8d 03 3a 	fmadds  f12,f13,f12,f0
   1483c:	ed 6d 02 fa 	fmadds  f11,f13,f11,f0
   14840:	d1 41 00 08 	stfs    f10,8(r1)
   14844:	81 41 00 08 	lwz     r10,8(r1)
   14848:	d1 81 00 08 	stfs    f12,8(r1)
   1484c:	c1 84 00 1c 	lfs     f12,28(r4)
   14850:	55 4a 44 2e 	rlwinm  r10,r10,8,16,23
   14854:	80 01 00 08 	lwz     r0,8(r1)
   14858:	ed 8d 03 3a 	fmadds  f12,f13,f12,f0
   1485c:	d1 61 00 08 	stfs    f11,8(r1)
   14860:	54 00 82 1e 	rlwinm  r0,r0,16,8,15
   14864:	7d 40 03 78 	or      r0,r10,r0
   14868:	81 61 00 08 	lwz     r11,8(r1)
   1486c:	d1 81 00 08 	stfs    f12,8(r1)
   14870:	55 6b 06 3e 	clrlwi  r11,r11,24
   14874:	7c 00 5b 78 	or      r0,r0,r11
   14878:	81 21 00 08 	lwz     r9,8(r1)
   1487c:	55 29 c0 0e 	slwi    r9,r9,24
   14880:	7c 00 4b 78 	or      r0,r0,r9
   14884:	90 03 00 00 	stw     r0,0(r3)
   14888:	38 63 00 04 	addi    r3,r3,4
   1488c:	4b ff ff 5c 	b       147e8 <_start+0x1369c>
   14890:	c0 04 00 00 	lfs     f0,0(r4)
   14894:	7c 69 1b 78 	mr      r9,r3
   14898:	70 c0 00 01 	andi.   r0,r6,1
   1489c:	94 21 ff f0 	stwu    r1,-16(r1)
   148a0:	39 63 00 04 	addi    r11,r3,4
   148a4:	39 4b 00 04 	addi    r10,r11,4
   148a8:	ec 00 08 2a 	fadds   f0,f0,f1
   148ac:	d0 03 00 00 	stfs    f0,0(r3)
   148b0:	38 6a 00 04 	addi    r3,r10,4
   148b4:	c0 04 00 04 	lfs     f0,4(r4)
   148b8:	ec 00 10 2a 	fadds   f0,f0,f2
   148bc:	d0 09 00 04 	stfs    f0,4(r9)
   148c0:	80 04 00 08 	lwz     r0,8(r4)
   148c4:	90 0b 00 04 	stw     r0,4(r11)
   148c8:	41 82 00 10 	beq     148d8 <_start+0x1378c>
   148cc:	80 04 00 0c 	lwz     r0,12(r4)
   148d0:	38 63 00 04 	addi    r3,r3,4
   148d4:	90 0a 00 04 	stw     r0,4(r10)
   148d8:	70 c0 00 02 	andi.   r0,r6,2
   148dc:	40 82 00 20 	bne     148fc <_start+0x137b0>
   148e0:	70 c0 00 04 	andi.   r0,r6,4
   148e4:	41 82 00 10 	beq     148f4 <_start+0x137a8>
   148e8:	80 04 00 20 	lwz     r0,32(r4)
   148ec:	90 03 00 00 	stw     r0,0(r3)
   148f0:	38 63 00 04 	addi    r3,r3,4
   148f4:	38 21 00 10 	addi    r1,r1,16
   148f8:	4e 80 00 20 	blr
   148fc:	3d 20 00 01 	lis     r9,1
   14900:	c1 44 00 14 	lfs     f10,20(r4)
   14904:	c1 a9 63 9c 	lfs     f13,25500(r9)
   14908:	3d 20 00 01 	lis     r9,1
   1490c:	c0 09 63 a0 	lfs     f0,25504(r9)
   14910:	c1 84 00 18 	lfs     f12,24(r4)
   14914:	c1 64 00 10 	lfs     f11,16(r4)
   14918:	ed 4d 02 ba 	fmadds  f10,f13,f10,f0
   1491c:	ed 8d 03 3a 	fmadds  f12,f13,f12,f0
   14920:	ed 6d 02 fa 	fmadds  f11,f13,f11,f0
   14924:	d1 41 00 08 	stfs    f10,8(r1)
   14928:	81 41 00 08 	lwz     r10,8(r1)
   1492c:	d1 81 00 08 	stfs    f12,8(r1)
   14930:	c1 84 00 1c 	lfs     f12,28(r4)
   14934:	55 4a 44 2e 	rlwinm  r10,r10,8,16,23
   14938:	80 01 00 08 	lwz     r0,8(r1)
   1493c:	ed 8d 03 3a 	fmadds  f12,f13,f12,f0
   14940:	d1 61 00 08 	stfs    f11,8(r1)
   14944:	54 00 82 1e 	rlwinm  r0,r0,16,8,15
   14948:	7d 40 03 78 	or      r0,r10,r0
   1494c:	81 61 00 08 	lwz     r11,8(r1)
   14950:	d1 81 00 08 	stfs    f12,8(r1)
   14954:	55 6b 06 3e 	clrlwi  r11,r11,24
   14958:	7c 00 5b 78 	or      r0,r0,r11
   1495c:	81 21 00 08 	lwz     r9,8(r1)
   14960:	55 29 c0 0e 	slwi    r9,r9,24
   14964:	7c 00 4b 78 	or      r0,r0,r9
   14968:	90 03 00 00 	stw     r0,0(r3)
   1496c:	38 63 00 04 	addi    r3,r3,4
   14970:	4b ff ff 70 	b       148e0 <_start+0x13794>
   14974:	c0 04 00 00 	lfs     f0,0(r4)
   14978:	7c 69 1b 78 	mr      r9,r3
   1497c:	70 c0 00 02 	andi.   r0,r6,2
   14980:	94 21 ff f0 	stwu    r1,-16(r1)
   14984:	39 63 00 04 	addi    r11,r3,4
   14988:	39 4b 00 04 	addi    r10,r11,4
   1498c:	ec 00 08 2a 	fadds   f0,f0,f1
   14990:	d0 03 00 00 	stfs    f0,0(r3)
   14994:	38 6a 00 04 	addi    r3,r10,4
   14998:	c0 04 00 04 	lfs     f0,4(r4)
   1499c:	ec 00 10 2a 	fadds   f0,f0,f2
   149a0:	d0 09 00 04 	stfs    f0,4(r9)
   149a4:	80 04 00 08 	lwz     r0,8(r4)
   149a8:	90 0b 00 04 	stw     r0,4(r11)
   149ac:	40 82 00 34 	bne     149e0 <_start+0x13894>
   149b0:	70 c0 00 04 	andi.   r0,r6,4
   149b4:	41 82 00 24 	beq     149d8 <_start+0x1388c>
   149b8:	80 04 00 1c 	lwz     r0,28(r4)
   149bc:	39 23 00 04 	addi    r9,r3,4
   149c0:	90 03 00 00 	stw     r0,0(r3)
   149c4:	80 04 00 20 	lwz     r0,32(r4)
   149c8:	90 03 00 04 	stw     r0,4(r3)
   149cc:	38 69 00 08 	addi    r3,r9,8
   149d0:	80 04 00 24 	lwz     r0,36(r4)
   149d4:	90 09 00 04 	stw     r0,4(r9)
   149d8:	38 21 00 10 	addi    r1,r1,16
   149dc:	4e 80 00 20 	blr
   149e0:	3d 20 00 01 	lis     r9,1
   149e4:	c1 44 00 10 	lfs     f10,16(r4)
   149e8:	38 63 00 04 	addi    r3,r3,4
   149ec:	c1 a9 63 9c 	lfs     f13,25500(r9)
   149f0:	3d 20 00 01 	lis     r9,1
   149f4:	c0 09 63 a0 	lfs     f0,25504(r9)
   149f8:	c1 84 00 14 	lfs     f12,20(r4)
   149fc:	c1 64 00 0c 	lfs     f11,12(r4)
   14a00:	ed 4d 02 ba 	fmadds  f10,f13,f10,f0
   14a04:	ed 8d 03 3a 	fmadds  f12,f13,f12,f0
   14a08:	ed 6d 02 fa 	fmadds  f11,f13,f11,f0
   14a0c:	d1 41 00 08 	stfs    f10,8(r1)
   14a10:	81 01 00 08 	lwz     r8,8(r1)
   14a14:	d1 81 00 08 	stfs    f12,8(r1)
   14a18:	c1 84 00 18 	lfs     f12,24(r4)
   14a1c:	55 08 44 2e 	rlwinm  r8,r8,8,16,23
   14a20:	80 01 00 08 	lwz     r0,8(r1)
   14a24:	ed 8d 03 3a 	fmadds  f12,f13,f12,f0
   14a28:	d1 61 00 08 	stfs    f11,8(r1)
   14a2c:	54 00 82 1e 	rlwinm  r0,r0,16,8,15
   14a30:	7d 00 03 78 	or      r0,r8,r0
   14a34:	81 61 00 08 	lwz     r11,8(r1)
   14a38:	d1 81 00 08 	stfs    f12,8(r1)
   14a3c:	55 6b 06 3e 	clrlwi  r11,r11,24
   14a40:	7c 00 5b 78 	or      r0,r0,r11
   14a44:	81 21 00 08 	lwz     r9,8(r1)
   14a48:	55 29 c0 0e 	slwi    r9,r9,24
   14a4c:	7c 00 4b 78 	or      r0,r0,r9
   14a50:	90 0a 00 04 	stw     r0,4(r10)
   14a54:	4b ff ff 5c 	b       149b0 <_start+0x13864>
   14a58:	c0 04 00 00 	lfs     f0,0(r4)
   14a5c:	7c 69 1b 78 	mr      r9,r3
   14a60:	70 c0 00 02 	andi.   r0,r6,2
   14a64:	94 21 ff f0 	stwu    r1,-16(r1)
   14a68:	39 63 00 04 	addi    r11,r3,4
   14a6c:	39 4b 00 04 	addi    r10,r11,4
   14a70:	ec 00 08 2a 	fadds   f0,f0,f1
   14a74:	d0 03 00 00 	stfs    f0,0(r3)
   14a78:	38 6a 00 04 	addi    r3,r10,4
   14a7c:	c0 04 00 04 	lfs     f0,4(r4)
   14a80:	ec 00 10 2a 	fadds   f0,f0,f2
   14a84:	d0 09 00 04 	stfs    f0,4(r9)
   14a88:	80 04 00 08 	lwz     r0,8(r4)
   14a8c:	90 0b 00 04 	stw     r0,4(r11)
   14a90:	40 82 00 20 	bne     14ab0 <_start+0x13964>
   14a94:	70 c0 00 04 	andi.   r0,r6,4
   14a98:	41 82 00 10 	beq     14aa8 <_start+0x1395c>
   14a9c:	80 04 00 1c 	lwz     r0,28(r4)
   14aa0:	90 03 00 00 	stw     r0,0(r3)
   14aa4:	38 63 00 04 	addi    r3,r3,4
   14aa8:	38 21 00 10 	addi    r1,r1,16
   14aac:	4e 80 00 20 	blr
   14ab0:	3d 20 00 01 	lis     r9,1
   14ab4:	c1 44 00 10 	lfs     f10,16(r4)
   14ab8:	38 63 00 04 	addi    r3,r3,4
   14abc:	c1 a9 63 9c 	lfs     f13,25500(r9)
   14ac0:	3d 20 00 01 	lis     r9,1
   14ac4:	c0 09 63 a0 	lfs     f0,25504(r9)
   14ac8:	c1 84 00 14 	lfs     f12,20(r4)
   14acc:	c1 64 00 0c 	lfs     f11,12(r4)
   14ad0:	ed 4d 02 ba 	fmadds  f10,f13,f10,f0
   14ad4:	ed 8d 03 3a 	fmadds  f12,f13,f12,f0
   14ad8:	ed 6d 02 fa 	fmadds  f11,f13,f11,f0
   14adc:	d1 41 00 08 	stfs    f10,8(r1)
   14ae0:	81 01 00 08 	lwz     r8,8(r1)
   14ae4:	d1 81 00 08 	stfs    f12,8(r1)
   14ae8:	c1 84 00 18 	lfs     f12,24(r4)
   14aec:	55 08 44 2e 	rlwinm  r8,r8,8,16,23
   14af0:	80 01 00 08 	lwz     r0,8(r1)
   14af4:	ed 8d 03 3a 	fmadds  f12,f13,f12,f0
   14af8:	d1 61 00 08 	stfs    f11,8(r1)
   14afc:	54 00 82 1e 	rlwinm  r0,r0,16,8,15
   14b00:	7d 00 03 78 	or      r0,r8,r0
   14b04:	81 61 00 08 	lwz     r11,8(r1)
   14b08:	d1 81 00 08 	stfs    f12,8(r1)
   14b0c:	55 6b 06 3e 	clrlwi  r11,r11,24
   14b10:	7c 00 5b 78 	or      r0,r0,r11
   14b14:	81 21 00 08 	lwz     r9,8(r1)
   14b18:	55 29 c0 0e 	slwi    r9,r9,24
   14b1c:	7c 00 4b 78 	or      r0,r0,r9
   14b20:	90 0a 00 04 	stw     r0,4(r10)
   14b24:	4b ff ff 70 	b       14a94 <_start+0x13948>
   14b28:	c0 04 00 00 	lfs     f0,0(r4)
   14b2c:	7c 6b 1b 78 	mr      r11,r3
   14b30:	70 ca 00 02 	andi.   r10,r6,2
   14b34:	94 21 ff f0 	stwu    r1,-16(r1)
   14b38:	39 43 00 04 	addi    r10,r3,4
   14b3c:	39 0a 00 04 	addi    r8,r10,4
   14b40:	ec 00 08 2a 	fadds   f0,f0,f1
   14b44:	81 25 00 00 	lwz     r9,0(r5)
   14b48:	80 09 05 a8 	lwz     r0,1448(r9)
   14b4c:	d0 03 00 00 	stfs    f0,0(r3)
   14b50:	38 68 00 04 	addi    r3,r8,4
   14b54:	c0 04 00 04 	lfs     f0,4(r4)
   14b58:	ec 00 10 2a 	fadds   f0,f0,f2
   14b5c:	d0 0b 00 04 	stfs    f0,4(r11)
   14b60:	81 64 00 08 	lwz     r11,8(r4)
   14b64:	91 6a 00 04 	stw     r11,4(r10)
   14b68:	40 82 00 84 	bne     14bec <_start+0x13aa0>
   14b6c:	70 cb 00 04 	andi.   r11,r6,4
   14b70:	41 82 00 24 	beq     14b94 <_start+0x13a48>
   14b74:	81 44 00 1c 	lwz     r10,28(r4)
   14b78:	39 63 00 04 	addi    r11,r3,4
   14b7c:	91 43 00 00 	stw     r10,0(r3)
   14b80:	81 44 00 20 	lwz     r10,32(r4)
   14b84:	91 43 00 04 	stw     r10,4(r3)
   14b88:	38 6b 00 08 	addi    r3,r11,8
   14b8c:	81 44 00 24 	lwz     r10,36(r4)
   14b90:	91 4b 00 04 	stw     r10,4(r11)
   14b94:	2f 80 00 00 	cmpwi   cr7,r0,0
   14b98:	41 9e 00 4c 	beq     cr7,14be4 <_start+0x13a98>
   14b9c:	1c 00 00 0c 	mulli   r0,r0,12
   14ba0:	7c 03 02 14 	add     r0,r3,r0
   14ba4:	c0 04 00 2c 	lfs     f0,44(r4)
   14ba8:	c1 64 00 30 	lfs     f11,48(r4)
   14bac:	c1 a9 05 cc 	lfs     f13,1484(r9)
   14bb0:	c1 89 05 b4 	lfs     f12,1460(r9)
   14bb4:	39 29 00 04 	addi    r9,r9,4
   14bb8:	81 64 00 34 	lwz     r11,52(r4)
   14bbc:	38 84 00 0c 	addi    r4,r4,12
   14bc0:	ed ab 03 72 	fmuls   f13,f11,f13
   14bc4:	ec 0c 00 32 	fmuls   f0,f12,f0
   14bc8:	91 63 00 08 	stw     r11,8(r3)
   14bcc:	d1 a3 00 04 	stfs    f13,4(r3)
   14bd0:	d0 03 00 00 	stfs    f0,0(r3)
   14bd4:	38 63 00 0c 	addi    r3,r3,12
   14bd8:	7f 80 18 00 	cmpw    cr7,r0,r3
   14bdc:	40 9e ff c8 	bne     cr7,14ba4 <_start+0x13a58>
   14be0:	7c 03 03 78 	mr      r3,r0
   14be4:	38 21 00 10 	addi    r1,r1,16
   14be8:	4e 80 00 20 	blr
   14bec:	3d 60 00 01 	lis     r11,1
   14bf0:	c1 44 00 10 	lfs     f10,16(r4)
   14bf4:	38 63 00 04 	addi    r3,r3,4
   14bf8:	c1 ab 63 9c 	lfs     f13,25500(r11)
   14bfc:	3d 60 00 01 	lis     r11,1
   14c00:	c0 0b 63 a0 	lfs     f0,25504(r11)
   14c04:	c1 84 00 14 	lfs     f12,20(r4)
   14c08:	c1 64 00 0c 	lfs     f11,12(r4)
   14c0c:	ed 4d 02 ba 	fmadds  f10,f13,f10,f0
   14c10:	ed 8d 03 3a 	fmadds  f12,f13,f12,f0
   14c14:	ed 6d 02 fa 	fmadds  f11,f13,f11,f0
   14c18:	d1 41 00 08 	stfs    f10,8(r1)
   14c1c:	80 a1 00 08 	lwz     r5,8(r1)
   14c20:	d1 81 00 08 	stfs    f12,8(r1)
   14c24:	c1 84 00 18 	lfs     f12,24(r4)
   14c28:	54 a5 44 2e 	rlwinm  r5,r5,8,16,23
   14c2c:	80 e1 00 08 	lwz     r7,8(r1)
   14c30:	ed 8d 03 3a 	fmadds  f12,f13,f12,f0
   14c34:	d1 61 00 08 	stfs    f11,8(r1)
   14c38:	54 e7 82 1e 	rlwinm  r7,r7,16,8,15
   14c3c:	7c a7 3b 78 	or      r7,r5,r7
   14c40:	81 41 00 08 	lwz     r10,8(r1)
   14c44:	d1 81 00 08 	stfs    f12,8(r1)
   14c48:	55 4a 06 3e 	clrlwi  r10,r10,24
   14c4c:	7c ea 53 78 	or      r10,r7,r10
   14c50:	81 61 00 08 	lwz     r11,8(r1)
   14c54:	55 6b c0 0e 	slwi    r11,r11,24
   14c58:	7d 4b 5b 78 	or      r11,r10,r11
   14c5c:	91 68 00 04 	stw     r11,4(r8)
   14c60:	4b ff ff 0c 	b       14b6c <_start+0x13a20>
   14c64:	c0 04 00 00 	lfs     f0,0(r4)
   14c68:	7c 6b 1b 78 	mr      r11,r3
   14c6c:	70 ca 00 02 	andi.   r10,r6,2
   14c70:	94 21 ff f0 	stwu    r1,-16(r1)
   14c74:	39 43 00 04 	addi    r10,r3,4
   14c78:	39 0a 00 04 	addi    r8,r10,4
   14c7c:	ec 00 08 2a 	fadds   f0,f0,f1
   14c80:	81 25 00 00 	lwz     r9,0(r5)
   14c84:	80 09 05 a8 	lwz     r0,1448(r9)
   14c88:	d0 03 00 00 	stfs    f0,0(r3)
   14c8c:	38 68 00 04 	addi    r3,r8,4
   14c90:	c0 04 00 04 	lfs     f0,4(r4)
   14c94:	ec 00 10 2a 	fadds   f0,f0,f2
   14c98:	d0 0b 00 04 	stfs    f0,4(r11)
   14c9c:	81 64 00 08 	lwz     r11,8(r4)
   14ca0:	91 6a 00 04 	stw     r11,4(r10)
   14ca4:	40 82 00 70 	bne     14d14 <_start+0x13bc8>
   14ca8:	70 cb 00 04 	andi.   r11,r6,4
   14cac:	41 82 00 10 	beq     14cbc <_start+0x13b70>
   14cb0:	81 64 00 1c 	lwz     r11,28(r4)
   14cb4:	91 63 00 00 	stw     r11,0(r3)
   14cb8:	38 63 00 04 	addi    r3,r3,4
   14cbc:	2f 80 00 00 	cmpwi   cr7,r0,0
   14cc0:	41 9e 00 4c 	beq     cr7,14d0c <_start+0x13bc0>
   14cc4:	1c 00 00 0c 	mulli   r0,r0,12
   14cc8:	7c 03 02 14 	add     r0,r3,r0
   14ccc:	c0 04 00 20 	lfs     f0,32(r4)
   14cd0:	c1 64 00 24 	lfs     f11,36(r4)
   14cd4:	c1 a9 05 cc 	lfs     f13,1484(r9)
   14cd8:	c1 89 05 b4 	lfs     f12,1460(r9)
   14cdc:	39 29 00 04 	addi    r9,r9,4
   14ce0:	81 64 00 28 	lwz     r11,40(r4)
   14ce4:	38 84 00 0c 	addi    r4,r4,12
   14ce8:	ed ab 03 72 	fmuls   f13,f11,f13
   14cec:	ec 0c 00 32 	fmuls   f0,f12,f0
   14cf0:	91 63 00 08 	stw     r11,8(r3)
   14cf4:	d1 a3 00 04 	stfs    f13,4(r3)
   14cf8:	d0 03 00 00 	stfs    f0,0(r3)
   14cfc:	38 63 00 0c 	addi    r3,r3,12
   14d00:	7f 80 18 00 	cmpw    cr7,r0,r3
   14d04:	40 9e ff c8 	bne     cr7,14ccc <_start+0x13b80>
   14d08:	7c 03 03 78 	mr      r3,r0
   14d0c:	38 21 00 10 	addi    r1,r1,16
   14d10:	4e 80 00 20 	blr
   14d14:	3d 60 00 01 	lis     r11,1
   14d18:	c1 44 00 10 	lfs     f10,16(r4)
   14d1c:	38 63 00 04 	addi    r3,r3,4
   14d20:	c1 ab 63 9c 	lfs     f13,25500(r11)
   14d24:	3d 60 00 01 	lis     r11,1
   14d28:	c0 0b 63 a0 	lfs     f0,25504(r11)
   14d2c:	c1 84 00 14 	lfs     f12,20(r4)
   14d30:	c1 64 00 0c 	lfs     f11,12(r4)
   14d34:	ed 4d 02 ba 	fmadds  f10,f13,f10,f0
   14d38:	ed 8d 03 3a 	fmadds  f12,f13,f12,f0
   14d3c:	ed 6d 02 fa 	fmadds  f11,f13,f11,f0
   14d40:	d1 41 00 08 	stfs    f10,8(r1)
   14d44:	80 a1 00 08 	lwz     r5,8(r1)
   14d48:	d1 81 00 08 	stfs    f12,8(r1)
   14d4c:	c1 84 00 18 	lfs     f12,24(r4)
   14d50:	54 a5 44 2e 	rlwinm  r5,r5,8,16,23
   14d54:	80 e1 00 08 	lwz     r7,8(r1)
   14d58:	ed 8d 03 3a 	fmadds  f12,f13,f12,f0
   14d5c:	d1 61 00 08 	stfs    f11,8(r1)
   14d60:	54 e7 82 1e 	rlwinm  r7,r7,16,8,15
   14d64:	7c a7 3b 78 	or      r7,r5,r7
   14d68:	81 41 00 08 	lwz     r10,8(r1)
   14d6c:	d1 81 00 08 	stfs    f12,8(r1)
   14d70:	55 4a 06 3e 	clrlwi  r10,r10,24
   14d74:	7c ea 53 78 	or      r10,r7,r10
   14d78:	81 61 00 08 	lwz     r11,8(r1)
   14d7c:	55 6b c0 0e 	slwi    r11,r11,24
   14d80:	7d 4b 5b 78 	or      r11,r10,r11
   14d84:	91 68 00 04 	stw     r11,4(r8)
   14d88:	4b ff ff 20 	b       14ca8 <_start+0x13b5c>
   14d8c:	c0 04 00 00 	lfs     f0,0(r4)
   14d90:	7c 6b 1b 78 	mr      r11,r3
   14d94:	70 ca 00 01 	andi.   r10,r6,1
   14d98:	94 21 ff f0 	stwu    r1,-16(r1)
   14d9c:	39 43 00 04 	addi    r10,r3,4
   14da0:	81 25 00 00 	lwz     r9,0(r5)
   14da4:	39 0a 00 04 	addi    r8,r10,4
   14da8:	ec 00 08 2a 	fadds   f0,f0,f1
   14dac:	80 09 05 a8 	lwz     r0,1448(r9)
   14db0:	d0 03 00 00 	stfs    f0,0(r3)
   14db4:	38 68 00 04 	addi    r3,r8,4
   14db8:	c0 04 00 04 	lfs     f0,4(r4)
   14dbc:	ec 00 10 2a 	fadds   f0,f0,f2
   14dc0:	d0 0b 00 04 	stfs    f0,4(r11)
   14dc4:	81 64 00 08 	lwz     r11,8(r4)
   14dc8:	91 6a 00 04 	stw     r11,4(r10)
   14dcc:	41 82 00 10 	beq     14ddc <_start+0x13c90>
   14dd0:	81 64 00 0c 	lwz     r11,12(r4)
   14dd4:	38 63 00 04 	addi    r3,r3,4
   14dd8:	91 68 00 04 	stw     r11,4(r8)
   14ddc:	70 cb 00 02 	andi.   r11,r6,2
   14de0:	40 82 00 84 	bne     14e64 <_start+0x13d18>
   14de4:	70 ca 00 04 	andi.   r10,r6,4
   14de8:	41 82 00 24 	beq     14e0c <_start+0x13cc0>
   14dec:	81 44 00 20 	lwz     r10,32(r4)
   14df0:	39 63 00 04 	addi    r11,r3,4
   14df4:	91 43 00 00 	stw     r10,0(r3)
   14df8:	81 44 00 24 	lwz     r10,36(r4)
   14dfc:	91 43 00 04 	stw     r10,4(r3)
   14e00:	38 6b 00 08 	addi    r3,r11,8
   14e04:	81 44 00 28 	lwz     r10,40(r4)
   14e08:	91 4b 00 04 	stw     r10,4(r11)
   14e0c:	2f 80 00 00 	cmpwi   cr7,r0,0
   14e10:	41 9e 00 4c 	beq     cr7,14e5c <_start+0x13d10>
   14e14:	1c 00 00 0c 	mulli   r0,r0,12
   14e18:	7c 03 02 14 	add     r0,r3,r0
   14e1c:	c0 04 00 30 	lfs     f0,48(r4)
   14e20:	c1 64 00 34 	lfs     f11,52(r4)
   14e24:	c1 a9 05 cc 	lfs     f13,1484(r9)
   14e28:	c1 89 05 b4 	lfs     f12,1460(r9)
   14e2c:	39 29 00 04 	addi    r9,r9,4
   14e30:	81 64 00 38 	lwz     r11,56(r4)
   14e34:	38 84 00 0c 	addi    r4,r4,12
   14e38:	ed ab 03 72 	fmuls   f13,f11,f13
   14e3c:	ec 0c 00 32 	fmuls   f0,f12,f0
   14e40:	91 63 00 08 	stw     r11,8(r3)
   14e44:	d1 a3 00 04 	stfs    f13,4(r3)
   14e48:	d0 03 00 00 	stfs    f0,0(r3)
   14e4c:	38 63 00 0c 	addi    r3,r3,12
   14e50:	7f 80 18 00 	cmpw    cr7,r0,r3
   14e54:	40 9e ff c8 	bne     cr7,14e1c <_start+0x13cd0>
   14e58:	7c 03 03 78 	mr      r3,r0
   14e5c:	38 21 00 10 	addi    r1,r1,16
   14e60:	4e 80 00 20 	blr
   14e64:	3d 60 00 01 	lis     r11,1
   14e68:	c1 44 00 14 	lfs     f10,20(r4)
   14e6c:	c1 ab 63 9c 	lfs     f13,25500(r11)
   14e70:	3d 60 00 01 	lis     r11,1
   14e74:	c0 0b 63 a0 	lfs     f0,25504(r11)
   14e78:	c1 84 00 18 	lfs     f12,24(r4)
   14e7c:	c1 64 00 10 	lfs     f11,16(r4)
   14e80:	ed 4d 02 ba 	fmadds  f10,f13,f10,f0
   14e84:	ed 8d 03 3a 	fmadds  f12,f13,f12,f0
   14e88:	ed 6d 02 fa 	fmadds  f11,f13,f11,f0
   14e8c:	d1 41 00 08 	stfs    f10,8(r1)
   14e90:	80 e1 00 08 	lwz     r7,8(r1)
   14e94:	d1 81 00 08 	stfs    f12,8(r1)
   14e98:	c1 84 00 1c 	lfs     f12,28(r4)
   14e9c:	54 e7 44 2e 	rlwinm  r7,r7,8,16,23
   14ea0:	81 01 00 08 	lwz     r8,8(r1)
   14ea4:	ed 8d 03 3a 	fmadds  f12,f13,f12,f0
   14ea8:	d1 61 00 08 	stfs    f11,8(r1)
   14eac:	55 08 82 1e 	rlwinm  r8,r8,16,8,15
   14eb0:	7c e8 43 78 	or      r8,r7,r8
   14eb4:	81 41 00 08 	lwz     r10,8(r1)
   14eb8:	d1 81 00 08 	stfs    f12,8(r1)
   14ebc:	55 4a 06 3e 	clrlwi  r10,r10,24
   14ec0:	7d 0a 53 78 	or      r10,r8,r10
   14ec4:	81 61 00 08 	lwz     r11,8(r1)
   14ec8:	55 6b c0 0e 	slwi    r11,r11,24
   14ecc:	7d 4b 5b 78 	or      r11,r10,r11
   14ed0:	91 63 00 00 	stw     r11,0(r3)
   14ed4:	38 63 00 04 	addi    r3,r3,4
   14ed8:	4b ff ff 0c 	b       14de4 <_start+0x13c98>
   14edc:	c0 04 00 00 	lfs     f0,0(r4)
   14ee0:	7c 6b 1b 78 	mr      r11,r3
   14ee4:	70 ca 00 01 	andi.   r10,r6,1
   14ee8:	94 21 ff f0 	stwu    r1,-16(r1)
   14eec:	39 43 00 04 	addi    r10,r3,4
   14ef0:	81 25 00 00 	lwz     r9,0(r5)
   14ef4:	39 0a 00 04 	addi    r8,r10,4
   14ef8:	ec 00 08 2a 	fadds   f0,f0,f1
   14efc:	80 09 05 a8 	lwz     r0,1448(r9)
   14f00:	d0 03 00 00 	stfs    f0,0(r3)
   14f04:	38 68 00 04 	addi    r3,r8,4
   14f08:	c0 04 00 04 	lfs     f0,4(r4)
   14f0c:	ec 00 10 2a 	fadds   f0,f0,f2
   14f10:	d0 0b 00 04 	stfs    f0,4(r11)
   14f14:	81 64 00 08 	lwz     r11,8(r4)
   14f18:	91 6a 00 04 	stw     r11,4(r10)
   14f1c:	41 82 00 10 	beq     14f2c <_start+0x13de0>
   14f20:	81 64 00 0c 	lwz     r11,12(r4)
   14f24:	38 63 00 04 	addi    r3,r3,4
   14f28:	91 68 00 04 	stw     r11,4(r8)
   14f2c:	70 cb 00 02 	andi.   r11,r6,2
   14f30:	40 82 00 70 	bne     14fa0 <_start+0x13e54>
   14f34:	70 ca 00 04 	andi.   r10,r6,4
   14f38:	41 82 00 10 	beq     14f48 <_start+0x13dfc>
   14f3c:	81 64 00 20 	lwz     r11,32(r4)
   14f40:	91 63 00 00 	stw     r11,0(r3)
   14f44:	38 63 00 04 	addi    r3,r3,4
   14f48:	2f 80 00 00 	cmpwi   cr7,r0,0
   14f4c:	41 9e 00 4c 	beq     cr7,14f98 <_start+0x13e4c>
   14f50:	1c 00 00 0c 	mulli   r0,r0,12
   14f54:	7c 03 02 14 	add     r0,r3,r0
   14f58:	c0 04 00 24 	lfs     f0,36(r4)
   14f5c:	c1 64 00 28 	lfs     f11,40(r4)
   14f60:	c1 a9 05 cc 	lfs     f13,1484(r9)
   14f64:	c1 89 05 b4 	lfs     f12,1460(r9)
   14f68:	39 29 00 04 	addi    r9,r9,4
   14f6c:	81 64 00 2c 	lwz     r11,44(r4)
   14f70:	38 84 00 0c 	addi    r4,r4,12
   14f74:	ed ab 03 72 	fmuls   f13,f11,f13
   14f78:	ec 0c 00 32 	fmuls   f0,f12,f0
   14f7c:	91 63 00 08 	stw     r11,8(r3)
   14f80:	d1 a3 00 04 	stfs    f13,4(r3)
   14f84:	d0 03 00 00 	stfs    f0,0(r3)
   14f88:	38 63 00 0c 	addi    r3,r3,12
   14f8c:	7f 80 18 00 	cmpw    cr7,r0,r3
   14f90:	40 9e ff c8 	bne     cr7,14f58 <_start+0x13e0c>
   14f94:	7c 03 03 78 	mr      r3,r0
   14f98:	38 21 00 10 	addi    r1,r1,16
   14f9c:	4e 80 00 20 	blr
   14fa0:	3d 60 00 01 	lis     r11,1
   14fa4:	c1 44 00 14 	lfs     f10,20(r4)
   14fa8:	c1 ab 63 9c 	lfs     f13,25500(r11)
   14fac:	3d 60 00 01 	lis     r11,1
   14fb0:	c0 0b 63 a0 	lfs     f0,25504(r11)
   14fb4:	c1 84 00 18 	lfs     f12,24(r4)
   14fb8:	c1 64 00 10 	lfs     f11,16(r4)
   14fbc:	ed 4d 02 ba 	fmadds  f10,f13,f10,f0
   14fc0:	ed 8d 03 3a 	fmadds  f12,f13,f12,f0
   14fc4:	ed 6d 02 fa 	fmadds  f11,f13,f11,f0
   14fc8:	d1 41 00 08 	stfs    f10,8(r1)
   14fcc:	80 e1 00 08 	lwz     r7,8(r1)
   14fd0:	d1 81 00 08 	stfs    f12,8(r1)
   14fd4:	c1 84 00 1c 	lfs     f12,28(r4)
   14fd8:	54 e7 44 2e 	rlwinm  r7,r7,8,16,23
   14fdc:	81 01 00 08 	lwz     r8,8(r1)
   14fe0:	ed 8d 03 3a 	fmadds  f12,f13,f12,f0
   14fe4:	d1 61 00 08 	stfs    f11,8(r1)
   14fe8:	55 08 82 1e 	rlwinm  r8,r8,16,8,15
   14fec:	7c e8 43 78 	or      r8,r7,r8
   14ff0:	81 41 00 08 	lwz     r10,8(r1)
   14ff4:	d1 81 00 08 	stfs    f12,8(r1)
   14ff8:	55 4a 06 3e 	clrlwi  r10,r10,24
   14ffc:	7d 0a 53 78 	or      r10,r8,r10
   15000:	81 61 00 08 	lwz     r11,8(r1)
   15004:	55 6b c0 0e 	slwi    r11,r11,24
   15008:	7d 4b 5b 78 	or      r11,r10,r11
   1500c:	91 63 00 00 	stw     r11,0(r3)
   15010:	38 63 00 04 	addi    r3,r3,4
   15014:	4b ff ff 20 	b       14f34 <_start+0x13de8>
   15018:	c0 04 00 00 	lfs     f0,0(r4)
   1501c:	7c 6b 1b 78 	mr      r11,r3
   15020:	70 ca 00 01 	andi.   r10,r6,1
   15024:	94 21 ff f0 	stwu    r1,-16(r1)
   15028:	39 43 00 04 	addi    r10,r3,4
   1502c:	81 25 00 00 	lwz     r9,0(r5)
   15030:	39 0a 00 04 	addi    r8,r10,4
   15034:	ec 00 08 2a 	fadds   f0,f0,f1
   15038:	80 09 05 a8 	lwz     r0,1448(r9)
   1503c:	d0 03 00 00 	stfs    f0,0(r3)
   15040:	38 68 00 04 	addi    r3,r8,4
   15044:	c0 04 00 04 	lfs     f0,4(r4)
   15048:	ec 00 10 2a 	fadds   f0,f0,f2
   1504c:	d0 0b 00 04 	stfs    f0,4(r11)
   15050:	81 64 00 08 	lwz     r11,8(r4)
   15054:	91 6a 00 04 	stw     r11,4(r10)
   15058:	41 82 00 10 	beq     15068 <_start+0x13f1c>
   1505c:	81 64 00 0c 	lwz     r11,12(r4)
   15060:	38 63 00 04 	addi    r3,r3,4
   15064:	91 68 00 04 	stw     r11,4(r8)
   15068:	70 cb 00 02 	andi.   r11,r6,2
   1506c:	40 82 00 5c 	bne     150c8 <_start+0x13f7c>
   15070:	2f 80 00 00 	cmpwi   cr7,r0,0
   15074:	41 9e 00 4c 	beq     cr7,150c0 <_start+0x13f74>
   15078:	1c 00 00 0c 	mulli   r0,r0,12
   1507c:	7c 03 02 14 	add     r0,r3,r0
   15080:	c0 04 00 20 	lfs     f0,32(r4)
   15084:	c1 64 00 24 	lfs     f11,36(r4)
   15088:	c1 a9 05 cc 	lfs     f13,1484(r9)
   1508c:	c1 89 05 b4 	lfs     f12,1460(r9)
   15090:	39 29 00 04 	addi    r9,r9,4
   15094:	81 64 00 28 	lwz     r11,40(r4)
   15098:	38 84 00 0c 	addi    r4,r4,12
   1509c:	ed ab 03 72 	fmuls   f13,f11,f13
   150a0:	ec 0c 00 32 	fmuls   f0,f12,f0
   150a4:	91 63 00 08 	stw     r11,8(r3)
   150a8:	d1 a3 00 04 	stfs    f13,4(r3)
   150ac:	d0 03 00 00 	stfs    f0,0(r3)
   150b0:	38 63 00 0c 	addi    r3,r3,12
   150b4:	7f 80 18 00 	cmpw    cr7,r0,r3
   150b8:	40 9e ff c8 	bne     cr7,15080 <_start+0x13f34>
   150bc:	7c 03 03 78 	mr      r3,r0
   150c0:	38 21 00 10 	addi    r1,r1,16
   150c4:	4e 80 00 20 	blr
   150c8:	3d 60 00 01 	lis     r11,1
   150cc:	c1 44 00 14 	lfs     f10,20(r4)
   150d0:	c1 ab 63 9c 	lfs     f13,25500(r11)
   150d4:	3d 60 00 01 	lis     r11,1
   150d8:	c0 0b 63 a0 	lfs     f0,25504(r11)
   150dc:	c1 84 00 18 	lfs     f12,24(r4)
   150e0:	c1 64 00 10 	lfs     f11,16(r4)
   150e4:	ed 4d 02 ba 	fmadds  f10,f13,f10,f0
   150e8:	ed 8d 03 3a 	fmadds  f12,f13,f12,f0
   150ec:	ed 6d 02 fa 	fmadds  f11,f13,f11,f0
   150f0:	d1 41 00 08 	stfs    f10,8(r1)
   150f4:	80 e1 00 08 	lwz     r7,8(r1)
   150f8:	d1 81 00 08 	stfs    f12,8(r1)
   150fc:	c1 84 00 1c 	lfs     f12,28(r4)
   15100:	54 e7 44 2e 	rlwinm  r7,r7,8,16,23
   15104:	81 01 00 08 	lwz     r8,8(r1)
   15108:	ed 8d 03 3a 	fmadds  f12,f13,f12,f0
   1510c:	d1 61 00 08 	stfs    f11,8(r1)
   15110:	55 08 82 1e 	rlwinm  r8,r8,16,8,15
   15114:	7c e8 43 78 	or      r8,r7,r8
   15118:	81 41 00 08 	lwz     r10,8(r1)
   1511c:	d1 81 00 08 	stfs    f12,8(r1)
   15120:	55 4a 06 3e 	clrlwi  r10,r10,24
   15124:	7d 0a 53 78 	or      r10,r8,r10
   15128:	81 61 00 08 	lwz     r11,8(r1)
   1512c:	55 6b c0 0e 	slwi    r11,r11,24
   15130:	7d 4b 5b 78 	or      r11,r10,r11
   15134:	91 63 00 00 	stw     r11,0(r3)
   15138:	38 63 00 04 	addi    r3,r3,4
   1513c:	4b ff ff 34 	b       15070 <_start+0x13f24>
   15140:	2c 03 00 00 	cmpwi   r3,0
   15144:	39 20 00 00 	li      r9,0
   15148:	41 82 00 08 	beq     15150 <_start+0x14004>
   1514c:	81 23 00 00 	lwz     r9,0(r3)
   15150:	80 09 05 90 	lwz     r0,1424(r9)
   15154:	81 69 00 18 	lwz     r11,24(r9)
   15158:	54 00 02 3e 	clrlwi  r0,r0,8
   1515c:	64 00 08 00 	oris    r0,r0,2048
   15160:	90 0b 00 1c 	stw     r0,28(r11)
   15164:	81 29 00 18 	lwz     r9,24(r9)
   15168:	80 09 00 0c 	lwz     r0,12(r9)
   1516c:	60 00 00 02 	ori     r0,r0,2
   15170:	90 09 00 0c 	stw     r0,12(r9)
   15174:	4e 80 00 20 	blr
   15178:	4e 80 00 20 	blr
   1517c:	4e 80 00 20 	blr
   15180:	4e 80 00 20 	blr
   15184:	94 21 ff c0 	stwu    r1,-64(r1)
   15188:	7c 08 02 a6 	mflr    r0
   1518c:	93 a1 00 34 	stw     r29,52(r1)
   15190:	3f a0 00 02 	lis     r29,2
   15194:	93 c1 00 38 	stw     r30,56(r1)
   15198:	3f c0 00 02 	lis     r30,2
   1519c:	3b bd 03 78 	addi    r29,r29,888
   151a0:	93 e1 00 3c 	stw     r31,60(r1)
   151a4:	7f a4 eb 78 	mr      r4,r29
   151a8:	3b e0 00 01 	li      r31,1
   151ac:	90 01 00 44 	stw     r0,68(r1)
   151b0:	81 3e 03 48 	lwz     r9,840(r30)
   151b4:	80 09 02 d4 	lwz     r0,724(r9)
   151b8:	7d 23 4b 78 	mr      r3,r9
   151bc:	7c 09 03 a6 	mtctr   r0
   151c0:	4e 80 04 21 	bctrl
   151c4:	3d 20 80 00 	lis     r9,-32768
   151c8:	38 00 00 00 	li      r0,0
   151cc:	93 e1 00 14 	stw     r31,20(r1)
   151d0:	61 29 00 01 	ori     r9,r9,1
   151d4:	90 01 00 20 	stw     r0,32(r1)
   151d8:	3c 80 00 01 	lis     r4,1
   151dc:	91 21 00 08 	stw     r9,8(r1)
   151e0:	39 20 10 00 	li      r9,4096
   151e4:	60 84 86 a0 	ori     r4,r4,34464
   151e8:	91 21 00 0c 	stw     r9,12(r1)
   151ec:	3d 20 80 00 	lis     r9,-32768
   151f0:	61 29 00 03 	ori     r9,r9,3
   151f4:	90 01 00 1c 	stw     r0,28(r1)
   151f8:	91 21 00 10 	stw     r9,16(r1)
   151fc:	3d 20 80 00 	lis     r9,-32768
   15200:	61 29 00 06 	ori     r9,r9,6
   15204:	91 21 00 18 	stw     r9,24(r1)
   15208:	81 3e 03 48 	lwz     r9,840(r30)
   1520c:	80 09 03 a8 	lwz     r0,936(r9)
   15210:	7d 23 4b 78 	mr      r3,r9
   15214:	7c 09 03 a6 	mtctr   r0
   15218:	4e 80 04 21 	bctrl
   1521c:	7c 65 1b 79 	mr.     r5,r3
   15220:	38 60 00 00 	li      r3,0
   15224:	41 82 00 44 	beq     15268 <_start+0x1411c>
   15228:	3d 20 00 01 	lis     r9,1
   1522c:	38 05 00 24 	addi    r0,r5,36
   15230:	93 e5 00 1c 	stw     r31,28(r5)
   15234:	61 29 86 7c 	ori     r9,r9,34428
   15238:	90 05 00 18 	stw     r0,24(r5)
   1523c:	7f a4 eb 78 	mr      r4,r29
   15240:	91 25 00 10 	stw     r9,16(r5)
   15244:	90 05 00 14 	stw     r0,20(r5)
   15248:	93 e5 00 20 	stw     r31,32(r5)
   1524c:	81 3e 03 48 	lwz     r9,840(r30)
   15250:	80 09 00 4c 	lwz     r0,76(r9)
   15254:	7d 23 4b 78 	mr      r3,r9
   15258:	7c 09 03 a6 	mtctr   r0
   1525c:	4e 80 04 21 	bctrl
   15260:	b3 fd 00 0e 	sth     r31,14(r29)
   15264:	38 60 00 01 	li      r3,1
   15268:	80 01 00 44 	lwz     r0,68(r1)
   1526c:	83 a1 00 34 	lwz     r29,52(r1)
   15270:	7c 08 03 a6 	mtlr    r0
   15274:	83 c1 00 38 	lwz     r30,56(r1)
   15278:	83 e1 00 3c 	lwz     r31,60(r1)
   1527c:	38 21 00 40 	addi    r1,r1,64
   15280:	4e 80 00 20 	blr
   15284:	94 21 ff f0 	stwu    r1,-16(r1)
   15288:	7c 08 02 a6 	mflr    r0
   1528c:	3c 80 00 02 	lis     r4,2
   15290:	38 84 03 78 	addi    r4,r4,888
   15294:	90 01 00 14 	stw     r0,20(r1)
   15298:	93 c1 00 08 	stw     r30,8(r1)
   1529c:	93 e1 00 0c 	stw     r31,12(r1)
   152a0:	a8 04 00 0e 	lha     r0,14(r4)
   152a4:	2f 80 00 01 	cmpwi   cr7,r0,1
   152a8:	41 9e 00 1c 	beq     cr7,152c4 <_start+0x14178>
   152ac:	80 01 00 14 	lwz     r0,20(r1)
   152b0:	83 c1 00 08 	lwz     r30,8(r1)
   152b4:	7c 08 03 a6 	mtlr    r0
   152b8:	83 e1 00 0c 	lwz     r31,12(r1)
   152bc:	38 21 00 10 	addi    r1,r1,16
   152c0:	4e 80 00 20 	blr
   152c4:	3f e0 00 02 	lis     r31,2
   152c8:	81 3f 03 48 	lwz     r9,840(r31)
   152cc:	80 09 03 28 	lwz     r0,808(r9)
   152d0:	7d 23 4b 78 	mr      r3,r9
   152d4:	7c 09 03 a6 	mtctr   r0
   152d8:	4e 80 04 21 	bctrl
   152dc:	81 3f 03 48 	lwz     r9,840(r31)
   152e0:	3c a0 00 01 	lis     r5,1
   152e4:	7c 7e 1b 78 	mr      r30,r3
   152e8:	60 a5 86 a0 	ori     r5,r5,34464
   152ec:	80 09 02 90 	lwz     r0,656(r9)
   152f0:	7d 23 4b 78 	mr      r3,r9
   152f4:	7f c4 f3 78 	mr      r4,r30
   152f8:	7c 09 03 a6 	mtctr   r0
   152fc:	4e 80 04 21 	bctrl
   15300:	81 3f 03 48 	lwz     r9,840(r31)
   15304:	7f c4 f3 78 	mr      r4,r30
   15308:	80 09 00 ac 	lwz     r0,172(r9)
   1530c:	7d 23 4b 78 	mr      r3,r9
   15310:	7c 09 03 a6 	mtctr   r0
   15314:	4e 80 04 21 	bctrl
   15318:	80 01 00 14 	lwz     r0,20(r1)
   1531c:	83 c1 00 08 	lwz     r30,8(r1)
   15320:	7c 08 03 a6 	mtlr    r0
   15324:	83 e1 00 0c 	lwz     r31,12(r1)
   15328:	38 21 00 10 	addi    r1,r1,16
   1532c:	4e 80 00 20 	blr
   15330:	94 21 ff f0 	stwu    r1,-16(r1)
   15334:	7c 08 02 a6 	mflr    r0
   15338:	3d 20 00 02 	lis     r9,2
   1533c:	3c 80 00 02 	lis     r4,2
   15340:	81 29 03 48 	lwz     r9,840(r9)
   15344:	38 84 03 78 	addi    r4,r4,888
   15348:	90 01 00 14 	stw     r0,20(r1)
   1534c:	7d 23 4b 78 	mr      r3,r9
   15350:	80 09 03 28 	lwz     r0,808(r9)
   15354:	7c 09 03 a6 	mtctr   r0
   15358:	4e 80 04 21 	bctrl
   1535c:	80 03 00 20 	lwz     r0,32(r3)
   15360:	70 09 00 01 	andi.   r9,r0,1
   15364:	41 82 00 1c 	beq     15380 <_start+0x14234>
   15368:	54 00 00 3c 	clrrwi  r0,r0,1
   1536c:	90 03 00 20 	stw     r0,32(r3)
   15370:	80 01 00 14 	lwz     r0,20(r1)
   15374:	38 21 00 10 	addi    r1,r1,16
   15378:	7c 08 03 a6 	mtlr    r0
   1537c:	4e 80 00 20 	blr
   15380:	80 01 00 14 	lwz     r0,20(r1)
   15384:	38 60 00 00 	li      r3,0
   15388:	38 21 00 10 	addi    r1,r1,16
   1538c:	7c 08 03 a6 	mtlr    r0
   15390:	4e 80 00 20 	blr
   15394:	80 03 00 20 	lwz     r0,32(r3)
   15398:	60 00 00 01 	ori     r0,r0,1
   1539c:	90 03 00 20 	stw     r0,32(r3)
   153a0:	4e 80 00 20 	blr
   153a4:	39 80 0b 20 	li      r12,2848
   153a8:	48 00 00 2c 	b       153d4 <_start+0x14288>
   153ac:	39 80 05 68 	li      r12,1384
   153b0:	48 00 00 24 	b       153d4 <_start+0x14288>
   153b4:	39 80 08 08 	li      r12,2056
   153b8:	48 00 00 1c 	b       153d4 <_start+0x14288>
   153bc:	39 80 06 ac 	li      r12,1708
   153c0:	48 00 00 14 	b       153d4 <_start+0x14288>
   153c4:	39 80 06 b8 	li      r12,1720
   153c8:	48 00 00 0c 	b       153d4 <_start+0x14288>
   153cc:	39 80 06 c0 	li      r12,1728
   153d0:	48 00 00 04 	b       153d4 <_start+0x14288>
   153d4:	3d 60 00 02 	lis     r11,2
   153d8:	80 0b 03 50 	lwz     r0,848(r11)
   153dc:	7d 6c 00 2e 	lwzx    r11,r12,r0
   153e0:	7d 69 03 a6 	mtctr   r11
   153e4:	4e 80 04 20 	bctr
